sequence	groupe	res59	res113	res115	triade_stricte	triade_compatible
A0A7K1UJH6_9MICC/49-178	Actinomycetota	E	C	H	oui	oui
A0A917RSG9_9NOCA/26-147	Actinomycetota	E	C	H	oui	oui
A0A9Q7A5V8_9BACT/14-146	autre/inconnu	E	C	H	oui	oui
A0A1M5EAK2_9GAMM/31-164	Pseudomonadota	E	C	H	oui	oui
A0A021VM06_9CELL/53-176	autre/inconnu	E	C	H	oui	oui
A0A6N7KT50_9ACTN/31-152	Actinomycetota	E	C	H	oui	oui
A0A934M6H8_9CORY/25-146	Actinomycetota	E	C	H	oui	oui
A0A4Y9MG64_9ACTN/27-148	Actinomycetota	E	C	H	oui	oui
A0A853CGD0_9ACTN/29-150	Actinomycetota	E	C	H	oui	oui
A0A1F1UX71_9CORY/25-146	Actinomycetota	E	C	H	oui	oui
K0ZEQ0_9ACTO/28-156	autre/inconnu	E	C	H	oui	oui
H6RSI9_BLASD/27-148	autre/inconnu	E	C	H	oui	oui
Q9X0G7_THEMA/24-151	autre/inconnu	E	C	H	oui	oui
A0A1H3F6Q6_9ACTN/36-157	Actinomycetota	E	C	H	oui	oui
A0A0M4QWT3_9MICC/45-174	Actinomycetota	E	C	H	oui	oui
A0A086ZP27_9BIFI/53-181	autre/inconnu	E	C	H	oui	oui
A0A2G1XJ26_STRCJ/35-156	Actinomycetota	E	C	H	oui	oui
A0A4Y4DWM9_GLUUR/39-168	autre/inconnu	E	C	H	oui	oui
A0A7Y9ZBH1_9MICO/25-148	Actinomycetota	E	C	H	oui	oui
A0A5A9ZPU3_9ACTN/29-150	Actinomycetota	E	C	H	oui	oui
A0A918BES8_9ACTN/35-156	Actinomycetota	E	C	H	oui	oui
A0A646KHS6_STRJU/35-156	Actinomycetota	E	C	H	oui	oui
A0A512HWL2_9ACTN/24-147	Actinomycetota	E	C	H	oui	oui
A0A4Y3ULH9_9MICO/31-154	Actinomycetota	E	C	H	oui	oui
A0A5Q0GRF9_SACSY/26-147	autre/inconnu	E	C	H	oui	oui
C4LHL9_CORK4/31-152	Actinomycetota	E	C	H	oui	oui
A0A917BF79_9MICO/35-158	Actinomycetota	E	C	H	oui	oui
A0A1G6REJ4_9PSEU/28-149	Actinomycetota	E	C	H	oui	oui
A0A4Y9NH11_9ACTN/27-148	Actinomycetota	E	C	H	oui	oui
A0A1G4VLY7_9MICO/26-148	Actinomycetota	E	C	H	oui	oui
A0A2P9F7T1_9ACTN/35-156	Actinomycetota	E	C	H	oui	oui
D2PPA4_KRIFD/25-148	autre/inconnu	E	C	H	oui	oui
D9QSW9_ACEAZ/27-167	autre/inconnu	E	C	H	oui	oui
A0A371NXX4_9MICO/15-137	Actinomycetota	E	C	H	oui	oui
A0A6G8PYT8_9ACTN/31-96	Actinomycetota	E	-	-	non	non
A0A1I4IBH4_9MICO/31-154	Actinomycetota	E	C	H	oui	oui
A0A4R4WE79_9ACTN/25-148	Actinomycetota	E	C	H	oui	oui
A0A1L7CZ60_9CORY/25-146	Actinomycetota	E	C	H	oui	oui
A0A5B8JKN4_9MICC/30-159	Actinomycetota	E	C	H	oui	oui
A0A850J5U4_9ACTN/24-151	Actinomycetota	E	C	H	oui	oui
A0A5J6FDF8_9ACTN/35-156	Actinomycetota	E	C	H	oui	oui
A0A6N7Z5W2_9PSEU/33-154	Actinomycetota	E	C	H	oui	oui
A0A6V8KR93_9ACTN/1-47	Actinomycetota	E	-	-	non	non
A0A6C0U467_9GAMM/25-158	Pseudomonadota	E	C	H	oui	oui
I3WHD7_BIFBI/49-177	Actinomycetota	E	C	H	oui	oui
A0A1X1TCA5_9MYCO/24-145	autre/inconnu	E	C	H	oui	oui
A0A0S4KPJ4_BODSA/39-180	autre/inconnu	E	C	H	oui	oui
A0A3M6VAT6_9STRA/44-119	autre/inconnu	E	-	-	non	non
A0A1H3MCL6_9ACTN/44-167	Actinomycetota	E	C	H	oui	oui
A0A1V9A607_SACPI/38-159	autre/inconnu	E	C	H	oui	oui
A0A1Y3FDV0_CLAMM/31-154	autre/inconnu	E	C	H	oui	oui
A0AAD2CGX9_9STRA/76-225	autre/inconnu	E	C	H	oui	oui
A0A917XLM9_9ACTN/35-156	Actinomycetota	E	C	H	oui	oui
A0A3A4B0Z8_9ACTN/71-198	Actinomycetota	E	C	H	oui	oui
A0A364V428_9CORY/25-146	Actinomycetota	E	C	H	oui	oui
A0A263D8R8_9PSEU/34-155	Actinomycetota	E	C	H	oui	oui
A0A9W6G7R2_9ACTN/71-194	Actinomycetota	E	C	H	oui	oui
A0A1H4SQC4_9MICC/38-167	Actinomycetota	E	C	H	oui	oui
A0A2M9IEH0_9ACTN/35-156	Actinomycetota	E	C	H	oui	oui
A0A8H9IQI5_9PSEU/32-153	Actinomycetota	E	C	H	oui	oui
A0A3N6WS43_9ACTN/4-127	Actinomycetota	E	C	H	oui	oui
A0A7W3JRW0_9MICO/30-153	Actinomycetota	E	C	H	oui	oui
A0A2R2W6N5_9MICO/31-154	Actinomycetota	E	C	H	oui	oui
A0A7I7Z2B3_9MYCO/24-145	autre/inconnu	E	C	H	oui	oui
A0A919N8R5_9ACTN/26-149	Actinomycetota	E	C	H	oui	oui
A0A1H3EN29_9PSEU/50-171	Actinomycetota	E	C	H	oui	oui
A0A7W9HTA4_9PSEU/25-146	Actinomycetota	E	C	H	oui	oui
A0A1I5D143_9ACTN/24-151	Actinomycetota	E	C	H	oui	oui
A0A239IB12_9ACTN/33-156	Actinomycetota	E	C	H	oui	oui
A0A2N6TYQ2_9MICO/39-162	Actinomycetota	E	C	H	oui	oui
A0A6M6JDY3_9PSEU/35-156	Actinomycetota	E	C	H	oui	oui
A0A5B7R762_9ACTN/24-147	Actinomycetota	E	C	H	oui	oui
A0A8J3VLE7_9ACTN/36-159	Actinomycetota	E	C	H	oui	oui
A0A934QTY4_9PSEU/31-152	Actinomycetota	E	C	H	oui	oui
A0A916X0S8_9MICO/1-112	Actinomycetota	E	C	H	oui	oui
I0IID3_PHYMF/32-169	autre/inconnu	E	C	H	oui	oui
M5EA70_9FIRM/21-158	autre/inconnu	E	C	H	oui	oui
A0A9W6W7Z2_9ACTN/25-148	Actinomycetota	E	C	H	oui	oui
A0A2N5XE93_9ACTN/20-141	Actinomycetota	E	C	H	oui	oui
A0A2T7TE88_9ACTN/35-156	Actinomycetota	E	C	H	oui	oui
A0A221P1D4_9ACTN/35-156	Actinomycetota	E	C	H	oui	oui
A0A975RH05_9PSEU/32-153	Actinomycetota	E	C	H	oui	oui
A0A448K982_9ACTO/27-150	autre/inconnu	E	C	H	oui	oui
A0A495IIS1_9MICO/31-154	Actinomycetota	E	C	H	oui	oui
A0A4Q7NPV6_9ACTN/27-150	Actinomycetota	E	C	H	oui	oui
A0A1X0PAX3_9TRYP/29-173	autre/inconnu	E	C	H	oui	oui
A0A6I4P4Q7_9MICO/31-154	Actinomycetota	E	C	H	oui	oui
P96375_MYCTU/16-137	Actinomycetota	E	C	H	oui	oui
L7LN51_9ACTN/25-146	Actinomycetota	E	C	H	oui	oui
A0A1A8TQU0_9GAMM/51-184	Pseudomonadota	E	C	H	oui	oui
A0A2N6T2H6_9CORY/29-149	Actinomycetota	E	C	H	oui	oui
A0A7G9R7N6_9ACTN/24-147	Actinomycetota	E	C	H	oui	oui
B2HDI3_MYCMM/24-145	Actinomycetota	E	C	H	oui	oui
D0NKV2_PHYIT/47-194	autre/inconnu	E	C	H	oui	oui
A0A250VIA1_STROL/35-156	Actinomycetota	E	C	H	oui	oui
A0A4D9CR71_9STRA/4-102	autre/inconnu	-	C	H	non	non
A0A2H6K7W2_9APIC/470-536	autre/inconnu	E	-	-	non	non
A0A5C5UE11_9CORY/27-148	Actinomycetota	E	C	H	oui	oui
A0A0J6YMC3_MYCCU/24-145	Actinomycetota	E	C	H	oui	oui
A0A939QK26_9MICO/31-154	Actinomycetota	E	C	H	oui	oui
A0A7K1FHM4_9ACTN/45-166	Actinomycetota	E	C	H	oui	oui
A0A3P3VUD2_9MICO/34-157	Actinomycetota	E	C	H	oui	oui
A0A1H4U0U2_9ACTN/35-156	Actinomycetota	E	C	H	oui	oui
A0A944KJN4_9MICO/31-153	Actinomycetota	E	C	H	oui	oui
W5TQ70_9NOCA/45-166	Actinomycetota	E	C	H	oui	oui
A0A6A9UVD9_9ACTN/23-146	Actinomycetota	E	C	H	oui	oui
A0A495XZ40_9MICO/45-168	Actinomycetota	E	C	H	oui	oui
K5BAQ9_MYCHD/1-111	Actinomycetota	E	C	H	oui	oui
A0A7J9VRK3_9ACTN/32-155	Actinomycetota	E	C	H	oui	oui
A0A126ZYQ5_9MICC/34-163	Actinomycetota	E	C	H	oui	oui
A0A344U6Y9_9ACTN/35-156	Actinomycetota	E	C	H	oui	oui
W2QG84_PHYN3/48-194	autre/inconnu	E	C	H	oui	oui
A0A2W2ESJ2_9ACTN/23-150	Actinomycetota	E	C	H	oui	oui
A0A081FYI1_9GAMM/25-158	Pseudomonadota	E	C	H	oui	oui
A0A3G8JJG7_9ACTN/25-146	Actinomycetota	E	C	H	oui	oui
A0A261F568_9BIFI/44-172	autre/inconnu	E	C	H	oui	oui
A0A3M8LH21_9MICO/31-154	Actinomycetota	E	C	H	oui	oui
A0LW69_ACIC1/30-151	autre/inconnu	E	C	H	oui	oui
A0AA41U820_9MICO/23-145	Actinomycetota	E	C	H	oui	oui
A0A6F8YLL0_9ACTN/27-150	Actinomycetota	E	C	H	oui	oui
A0A087DZL9_9BIFI/41-169	autre/inconnu	E	C	H	oui	oui
A0A191WE70_9MICO/31-154	Actinomycetota	E	C	H	oui	oui
A0A8J3X174_9ACTN/37-160	Actinomycetota	E	C	H	oui	oui
A0A316TB42_9ACTN/21-149	Actinomycetota	E	C	H	oui	oui
A0A846ZA10_9ACTN/24-151	Actinomycetota	E	C	H	oui	oui
Q4DED9_TRYCC/29-173	autre/inconnu	E	C	H	oui	oui
A0A3N2JZ29_9CELL/36-159	autre/inconnu	E	C	H	oui	oui
A0A3A1U1X3_9MICO/26-149	Actinomycetota	E	C	H	oui	oui
K0Z0T0_9ACTO/33-156	autre/inconnu	E	C	H	oui	oui
A0A1A3BRY3_9MYCO/24-145	autre/inconnu	E	C	H	oui	oui
A0A2T0GS89_ACTMO/36-157	Actinomycetota	E	C	H	oui	oui
A0A919MP69_9ACTN/26-149	Actinomycetota	E	C	H	oui	oui
A0A931I984_9NOCA/26-147	Actinomycetota	E	C	H	oui	oui
A0A3S5EH62_9ACTO/36-159	autre/inconnu	E	C	H	oui	oui
A0A561E891_9MICO/31-154	Actinomycetota	E	C	H	oui	oui
A0A917V8D9_9NOCA/26-147	Actinomycetota	E	C	H	oui	oui
A0A926PYX8_9ACTN/31-152	Actinomycetota	E	C	H	oui	oui
F4GYM1_CELFA/28-151	autre/inconnu	E	C	H	oui	oui
A0A2T0TM02_9PSEU/25-146	Actinomycetota	E	C	H	oui	oui
E5XTF3_SEGRC/24-151	autre/inconnu	E	C	H	oui	oui
A0A562IBK5_MICOL/47-170	Actinomycetota	E	C	H	oui	oui
A0A1C6RNY0_9ACTN/47-170	Actinomycetota	E	C	H	oui	oui
W2ZRI4_PHYNI/48-194	autre/inconnu	E	C	H	oui	oui
S3A3N9_9CORY/34-155	Actinomycetota	E	C	H	oui	oui
A0A6A5CBS0_NAEFO/58-170	autre/inconnu	E	-	-	non	non
A0AA37VSJ9_9MYCO/24-145	autre/inconnu	E	C	H	oui	oui
A0A3N1A4T4_9ACTN/35-158	Actinomycetota	E	C	H	oui	oui
A0A840EUN4_9ACTN/25-146	Actinomycetota	E	C	H	oui	oui
L0K6I3_HALHC/25-165	autre/inconnu	E	C	H	oui	oui
A0A2T0M048_9PSEU/39-160	Actinomycetota	E	C	H	oui	oui
A0A5C8IH44_9MICO/31-152	Actinomycetota	E	C	H	oui	oui
A0A919TXP5_9CELL/31-154	autre/inconnu	E	C	H	oui	oui
A0A285IWS7_9ACTN/22-145	Actinomycetota	E	C	H	oui	oui
A0A161RC15_9MICO/31-154	Actinomycetota	E	C	H	oui	oui
A0A3P1XXP3_9BACT/45-179	autre/inconnu	E	C	H	oui	oui
A0A841ALH0_9MICO/31-153	Actinomycetota	E	C	H	oui	oui
A0A6G6WLN0_9ACTN/68-191	Actinomycetota	E	C	H	oui	oui
A0A6B3ASQ3_9ACTN/35-156	Actinomycetota	E	C	H	oui	oui
A0A222VVS7_9PSEU/32-153	Actinomycetota	E	C	H	oui	oui
A0A918F1K6_9ACTN/35-156	Actinomycetota	E	C	H	oui	oui
A0A1G8RZB1_9GAMM/31-164	Pseudomonadota	E	C	H	oui	oui
A0A7X6KS22_9CELL/46-168	autre/inconnu	E	C	H	oui	oui
A0A0X3S1L1_9ACTN/34-155	Actinomycetota	E	C	H	oui	oui
A0A919JW72_9ACTN/26-149	Actinomycetota	E	C	H	oui	oui
M4BYE9_HYAAE/46-189	autre/inconnu	E	C	H	oui	oui
A0A7Z0D2V5_9MICO/27-156	Actinomycetota	E	C	H	oui	oui
A0A2A8D5Q1_9MICC/46-175	Actinomycetota	E	C	H	oui	oui
A0A0P7CLF3_9ACTN/15-136	Actinomycetota	E	C	H	oui	oui
A0A1X1BPA5_9APIC/387-485	autre/inconnu	E	-	-	non	non
A0A6A3MUS4_9STRA/57-203	autre/inconnu	E	C	H	oui	oui
A0A0G3H4G9_9CORY/28-149	Actinomycetota	E	C	H	oui	oui
A0A494V2Q1_9ACTN/35-156	Actinomycetota	E	C	H	oui	oui
A0A5P8K5N2_9ACTN/35-156	Actinomycetota	E	C	H	oui	oui
A0A4R1BG77_9ACTN/20-86	Actinomycetota	E	-	-	non	non
A0A7W2ADI2_9GAMM/33-167	Pseudomonadota	E	C	H	oui	oui
A0A3N2FFM5_9CELL/34-157	autre/inconnu	E	C	H	oui	oui
K9B2R6_9MICO/27-156	Actinomycetota	E	C	H	oui	oui
Q4UEC6_THEAN/381-444	autre/inconnu	E	-	-	non	non
A0A4P7IBZ4_9ACTN/26-154	Actinomycetota	E	C	H	oui	oui
A0A3N2PAW6_9ACTN/46-169	Actinomycetota	E	C	H	oui	oui
A0A852WXU9_9MICO/35-158	Actinomycetota	E	C	H	oui	oui
A0A917GF19_9MICC/57-186	Actinomycetota	E	C	H	oui	oui
A0A8J2SN08_9STRA/58-167	autre/inconnu	E	-	-	non	non
A0A0Q4US42_9MICO/31-153	Actinomycetota	E	C	H	oui	oui
G9PHS0_9ACTO/27-150	autre/inconnu	E	C	H	oui	oui
S4XDM5_9CORY/25-146	Actinomycetota	E	C	H	oui	oui
A0A0Q6FVW0_9ACTN/23-146	Actinomycetota	E	C	H	oui	oui
A0A368VJZ6_9ACTN/32-153	Actinomycetota	E	C	H	oui	oui
C7MC80_BRAFD/35-158	autre/inconnu	E	C	H	oui	oui
U5VUN2_9ACTN/26-149	Actinomycetota	E	C	H	oui	oui
A0A944L810_9MICC/36-165	Actinomycetota	E	C	H	oui	oui
A0R3B7_MYCS2/250-371	Actinomycetota	E	C	H	oui	oui
A0A2N7UN51_9GAMM/31-164	Pseudomonadota	E	C	H	oui	oui
F4CTX7_PSEUX/30-151	Actinomycetota	E	C	H	oui	oui
A0A7G2C5F5_9TRYP/33-176	autre/inconnu	E	C	H	oui	oui
A0A418Q9G6_9CORY/41-162	Actinomycetota	E	C	H	oui	oui
A0A941I131_9MICO/32-155	Actinomycetota	E	C	H	oui	oui
A0A0F0H394_LENAE/30-151	autre/inconnu	E	C	H	oui	oui
A0A3P1XPW5_9MICO/31-154	Actinomycetota	E	C	H	oui	oui
A0A6A3G7T8_9STRA/18-93	autre/inconnu	-	C	-	non	non
A0A2W1U549_9MICO/31-153	Actinomycetota	E	C	H	oui	oui
A0A5N8X165_9ACTN/35-156	Actinomycetota	E	C	H	oui	oui
A0A1I6LZU6_9MICO/31-154	Actinomycetota	E	C	H	oui	oui
A0AA37W838_9GAMM/29-163	Pseudomonadota	E	C	H	oui	oui
R7XV88_9ACTN/24-152	Actinomycetota	E	C	H	oui	oui
A0A1S6JBW2_9ACTN/35-156	Actinomycetota	E	C	H	oui	oui
A0A9W6USX0_9ACTN/28-155	Actinomycetota	E	C	H	oui	oui
A0A1S2K709_9ACTN/35-156	Actinomycetota	E	C	H	oui	oui
A0A2V4NZV8_9ACTN/30-151	Actinomycetota	E	C	H	oui	oui
A0A5P9QFK4_9MICO/28-157	Actinomycetota	E	C	H	oui	oui
A0A9W4H0C0_9ACTN/33-154	Actinomycetota	E	C	H	oui	oui
A0A239AP79_9ACTN/35-156	Actinomycetota	E	C	H	oui	oui
A0A4R2L3P0_9GAMM/29-162	Pseudomonadota	E	C	H	oui	oui
A0A2I0SNE9_9ACTN/35-156	Actinomycetota	E	C	H	oui	oui
A0A221VYQ2_9PSEU/35-156	Actinomycetota	E	C	H	oui	oui
A0A562CDV3_9ACTN/25-153	Actinomycetota	E	C	H	oui	oui
R7WIE6_9NOCA/43-164	Actinomycetota	E	C	H	oui	oui
D9Q9H1_CORP2/25-146	Actinomycetota	E	C	H	oui	oui
A0A0M2HJT8_9MICO/31-154	Actinomycetota	E	C	H	oui	oui
A0A839VCU5_9GAMM/31-164	Pseudomonadota	E	C	H	oui	oui
A0A075JGS1_9MICO/29-152	Actinomycetota	E	C	H	oui	oui
A0A543BPQ7_9MICO/31-154	Actinomycetota	E	C	H	oui	oui
A0A2H5B4R0_9ACTN/32-153	Actinomycetota	E	C	H	oui	oui
A0A164PWT7_9NOCA/30-151	Actinomycetota	E	C	H	oui	oui
A0A9W6KCL6_9ACTN/29-152	Actinomycetota	E	C	H	oui	oui
A0A366II26_9MICO/27-156	Actinomycetota	E	C	H	oui	oui
E3DQ82_HALPG/21-158	autre/inconnu	E	C	H	oui	oui
A0A553ZL09_9ACTN/35-156	Actinomycetota	E	C	H	oui	oui
B1VFL2_CORU7/25-146	Actinomycetota	E	C	H	oui	oui
A0A510TFI4_9ACTN/35-156	Actinomycetota	E	C	H	oui	oui
A0A3M8AD82_9MICO/31-154	Actinomycetota	E	C	H	oui	oui
A0A9K3PP58_9STRA/176-305	autre/inconnu	E	-	-	non	non
K6WJV1_9MICO/37-160	Actinomycetota	E	C	H	oui	oui
A0A7G6WIX2_9MICC/37-166	Actinomycetota	E	C	H	oui	oui
A0A5P2BCH3_STRVZ/35-156	Actinomycetota	E	C	H	oui	oui
A0A085LHD2_9MICO/32-155	Actinomycetota	E	C	H	oui	oui
A0A3E0VJZ4_9MICO/31-154	Actinomycetota	E	C	H	oui	oui
A0A346Y2C2_9ACTN/57-177	Actinomycetota	E	C	H	oui	oui
A0A0C5FXE2_9ACTN/35-156	Actinomycetota	E	C	H	oui	oui
A0A652L1T7_9ACTN/35-156	Actinomycetota	E	C	H	oui	oui
A0A5P1RF57_9GAMM/19-152	Pseudomonadota	E	C	H	oui	oui
A0A937EG36_9ACTN/35-156	Actinomycetota	E	C	H	oui	oui
G4ZX89_PHYSP/53-198	autre/inconnu	E	C	H	oui	oui
A0A2W2A451_9MICO/31-153	Actinomycetota	E	C	H	oui	oui
Q4Q2H2_LEIMA/36-178	autre/inconnu	E	C	H	oui	oui
E3JCN6_PSEI1/59-181	Pseudomonadota	E	C	H	oui	oui
A0A1H0RYS4_9PSEU/28-149	Actinomycetota	E	C	H	oui	oui
A0A223S338_9ACTN/35-162	Actinomycetota	E	C	H	oui	oui
A0A2A3H485_9ACTN/35-156	Actinomycetota	E	C	H	oui	oui
A0A3L7AMP8_9MICO/31-154	Actinomycetota	E	C	H	oui	oui
A0A0T1SQ38_9ACTN/35-156	Actinomycetota	E	C	H	oui	oui
A0A4R2IVI0_9ACTN/23-146	Actinomycetota	E	C	H	oui	oui
C0VZM2_9ACTO/1-97	autre/inconnu	E	C	H	oui	oui
A0A930VCK8_9ACTN/24-147	Actinomycetota	E	C	H	oui	oui
G8SIN4_ACTS5/26-149	Actinomycetota	E	C	H	oui	oui
A0A0M5KXQ6_9MICC/36-165	Actinomycetota	E	C	H	oui	oui
A0A5Q2RQ01_9ACTN/35-154	Actinomycetota	E	C	H	oui	oui
A0A7I9XYM9_9MYCO/24-145	autre/inconnu	E	C	H	oui	oui
A0A1Y1V0F2_9FUNG/41-164	autre/inconnu	E	C	H	oui	oui
A0A0S9RAH4_9ACTN/26-149	Actinomycetota	E	C	H	oui	oui
A0A4P7GJL6_9ACTN/28-156	Actinomycetota	E	C	H	oui	oui
A0A1C0APZ8_9ACTN/29-152	Actinomycetota	E	C	H	oui	oui
A0A640UTQ1_9ACTN/35-156	Actinomycetota	E	C	H	oui	oui
A0A7Y9E8P3_9ACTN/27-150	Actinomycetota	E	C	H	oui	oui
A0A7R6PJN1_9GAMM/25-159	Pseudomonadota	E	C	H	oui	oui
A0A2A9D3C2_9MICO/64-187	Actinomycetota	E	C	H	oui	oui
A0A097IER7_9CORY/25-146	Actinomycetota	E	C	H	oui	oui
A0A918NT49_9ACTN/35-156	Actinomycetota	E	C	H	oui	oui
A0A918FV03_9ACTN/35-156	Actinomycetota	E	C	H	oui	oui
A0A0W1KJK1_9ACTO/44-167	autre/inconnu	E	C	H	oui	oui
A0A6I2FN89_9NOCA/32-153	Actinomycetota	E	C	H	oui	oui
A0A0K2SQJ2_LIMPI/34-171	autre/inconnu	E	C	H	oui	oui
A0A4P6UDQ9_9NOCA/28-149	Actinomycetota	E	C	H	oui	oui
A0A1M6F9J8_9ACTN/26-149	Actinomycetota	E	C	H	oui	oui
A0A0N9HWM0_9PSEU/28-149	Actinomycetota	E	C	H	oui	oui
A0A2A9EGZ9_9MICO/46-169	Actinomycetota	E	C	H	oui	oui
A0A087CRI0_9BIFI/43-171	autre/inconnu	E	C	H	oui	oui
A0A2T3GDM9_9BIFI/4-132	autre/inconnu	E	C	H	oui	oui
A0A238W622_9ACTN/27-148	Actinomycetota	E	C	H	oui	oui
A0A848DD05_9PSEU/34-155	Actinomycetota	E	C	H	oui	oui
A0A1Q5PJT6_9ACTO/27-150	autre/inconnu	E	C	H	oui	oui
A0A1B1BKY5_9MICO/31-154	Actinomycetota	E	C	H	oui	oui
W7Q3H2_9GAMM/31-164	Pseudomonadota	E	C	H	oui	oui
Q6NI59_CORDI/25-146	Actinomycetota	E	C	H	oui	oui
A0A263DYP3_9PSEU/29-150	Actinomycetota	E	C	H	oui	oui
A0A0X3XW82_9ACTN/35-156	Actinomycetota	E	C	H	oui	oui
A0A291PBK3_9GAMM/31-164	Pseudomonadota	E	C	H	oui	oui
A0A417Y576_9ACTN/21-149	Actinomycetota	E	C	H	oui	oui
A0A6I5VJS2_9ACTN/27-153	Actinomycetota	E	C	H	oui	oui
A0A1C6SE93_9ACTN/47-170	Actinomycetota	E	C	H	oui	oui
D6ZKJ5_MOBCV/27-159	autre/inconnu	E	C	H	oui	oui
A0A0D0H4I0_9MICO/31-154	Actinomycetota	E	C	H	oui	oui
A0A0J6XK95_9ACTN/35-156	Actinomycetota	E	C	H	oui	oui
A0A3G2JH20_9ACTN/35-156	Actinomycetota	E	C	H	oui	oui
A0A3G9IG74_9ACTN/25-148	Actinomycetota	E	C	H	oui	oui
A0A8J3FFX6_9ACTN/36-159	Actinomycetota	E	C	H	oui	oui
A0A1M7F4Z2_9ACTN/33-154	Actinomycetota	E	C	H	oui	oui
A0A376CJ72_9CORY/25-146	Actinomycetota	E	C	H	oui	oui
A0A7G5ZNA4_9MICO/31-154	Actinomycetota	E	C	H	oui	oui
L8TRK8_9MICC/37-166	Actinomycetota	E	C	H	oui	oui
A0A0D8FW52_9ACTN/34-105	Actinomycetota	E	-	-	non	non
A0A0N0DX18_LEPPY/35-177	autre/inconnu	E	C	H	oui	oui
A0A3Q9G5R7_9ACTO/25-148	autre/inconnu	E	C	H	oui	oui
A0A1V4D1X4_9ACTN/35-156	Actinomycetota	E	C	H	oui	oui
A0A852WPY7_9MICO/27-150	Actinomycetota	E	C	H	oui	oui
A0AB38R9N0_RHOSG/33-154	Actinomycetota	E	C	H	oui	oui
A0A1R4FGJ2_9ACTO/78-201	autre/inconnu	E	C	H	oui	oui
A0A2V4ALT6_9PSEU/32-153	Actinomycetota	E	C	H	oui	oui
F5XTP3_MICPN/28-156	Actinomycetota	E	C	H	oui	oui
A0A172YCV0_9GAMM/31-164	Pseudomonadota	E	C	H	oui	oui
A0A974UTW9_9PSEU/58-179	Actinomycetota	E	C	H	oui	oui
A0A1T1HGB5_OCELI/31-164	autre/inconnu	E	C	H	oui	oui
A0A8A4ZKJ9_9MICO/37-160	Actinomycetota	E	C	H	oui	oui
A5U168_MYCTA/16-137	Actinomycetota	E	C	H	oui	oui
A0A086ZG13_9BIFI/70-198	autre/inconnu	E	C	H	oui	oui
Q0RCH0_FRAAA/47-168	autre/inconnu	E	C	H	oui	oui
A0A1X0DLQ0_9MYCO/24-145	autre/inconnu	E	C	H	oui	oui
A0A2T9XVV0_9CELL/23-146	autre/inconnu	E	C	H	oui	oui
A0A2M9CDH0_9CELL/31-154	autre/inconnu	E	C	H	oui	oui
A0A6V8KX20_9ACTN/34-157	Actinomycetota	E	C	H	oui	oui
A0A371Q9V8_STRIH/35-156	Actinomycetota	E	C	H	oui	oui
A0A939C0C4_9ACTN/23-144	Actinomycetota	E	C	H	oui	oui
Q8FQS4_COREF/25-146	Actinomycetota	E	C	H	oui	oui
A0A853C0E2_9ACTN/27-155	Actinomycetota	E	C	H	oui	oui
A0A8J3AMB2_9BIFI/37-164	autre/inconnu	E	C	H	oui	oui
A0A9P1DTS0_9DINO/67-210	autre/inconnu	E	C	H	oui	oui
G4CYF5_9ACTN/27-156	Actinomycetota	E	C	H	oui	oui
A0A0Q5EGT7_9MICO/31-154	Actinomycetota	E	C	H	oui	oui
A0A367APU2_9ACTN/27-148	Actinomycetota	E	C	H	oui	oui
A0A5Q0NXV0_9ACTN/24-147	Actinomycetota	E	C	H	oui	oui
A0A7W5YR61_9ACTN/23-150	Actinomycetota	E	C	H	oui	oui
A0AA88KMG9_NAELO/131-247	autre/inconnu	E	-	-	non	non
A0A7W5AKR6_9ACTN/26-149	Actinomycetota	E	C	H	oui	oui
A0A1J1H6W7_PLARL/693-770	autre/inconnu	E	-	-	non	non
Q4N569_THEPA/337-442	autre/inconnu	E	-	-	non	non
A0A840WDS2_9ACTN/39-166	Actinomycetota	E	C	H	oui	oui
A0A1H7FLF4_STRJI/32-153	Actinomycetota	E	C	H	oui	oui
A0A895Y935_9ACTN/27-150	Actinomycetota	E	C	H	oui	oui
A0A0A0JRW2_9MICO/32-155	Actinomycetota	E	C	H	oui	oui
A0A0H4CAD1_9ACTN/35-156	Actinomycetota	E	C	H	oui	oui
L1L7T3_9ACTN/35-156	Actinomycetota	E	C	H	oui	oui
A0A7R7GSU3_9MYCO/4-125	autre/inconnu	E	C	H	oui	oui
A0A4V5LZZ7_9MICC/30-159	Actinomycetota	E	C	H	oui	oui
A0A917B6R0_9MICO/31-154	Actinomycetota	E	C	H	oui	oui
A0A0Q4F627_9MICO/31-154	Actinomycetota	E	C	H	oui	oui
A0A197STB4_9ACTN/35-156	Actinomycetota	E	C	H	oui	oui
A0A941E944_9ACTN/31-157	Actinomycetota	E	C	H	oui	oui
A0A9W7CHG9_9STRA/197-347	autre/inconnu	E	C	H	oui	oui
A0A370IBN4_9NOCA/30-151	Actinomycetota	E	C	H	oui	oui
A0A853BKT3_9ACTN/34-161	Actinomycetota	E	C	H	oui	oui
A0A7X0FRK2_9MICO/31-154	Actinomycetota	E	C	H	oui	oui
A0A967B1D2_9MICO/37-160	Actinomycetota	E	C	H	oui	oui
A0A8J3ZJI6_9ACTN/35-158	Actinomycetota	E	C	H	oui	oui
A0A399H2Z6_9ACTN/35-156	Actinomycetota	E	C	H	oui	oui
A0A841CJM7_9PSEU/25-146	Actinomycetota	E	C	H	oui	oui
A0A0Q8P0L4_9ACTN/29-150	Actinomycetota	E	C	H	oui	oui
A0A1V0TSC2_9ACTN/35-156	Actinomycetota	E	C	H	oui	oui
H6MRL3_GORPV/25-146	autre/inconnu	E	C	H	oui	oui
A0A4V1VGN7_9MICO/30-153	Actinomycetota	E	C	H	oui	oui
A0A4R8MGG3_9BACT/47-184	autre/inconnu	E	C	H	oui	oui
A0A249LGW1_9ACTN/34-158	Actinomycetota	E	C	H	oui	oui
A0A087DHX5_9BIFI/46-174	autre/inconnu	E	C	H	oui	oui
F9EJ58_9ACTO/47-170	autre/inconnu	E	C	H	oui	oui
A0A177HVB8_9ACTN/35-156	Actinomycetota	E	C	H	oui	oui
A0A5N8VGJ4_9ACTN/35-156	Actinomycetota	E	C	H	oui	oui
A0A1H2CKJ7_9ACTN/26-149	Actinomycetota	E	C	H	oui	oui
A0A9W6HFB1_9MICO/30-153	Actinomycetota	E	C	H	oui	oui
A0A542SNV5_9MICO/73-196	Actinomycetota	E	C	H	oui	oui
A0A4R4NQF4_9ACTN/23-150	Actinomycetota	E	C	H	oui	oui
A0A1A0M728_9MYCO/24-145	autre/inconnu	E	C	H	oui	oui
A0A7W7FI82_9MICO/31-154	Actinomycetota	E	C	H	oui	oui
B5GZP0_STRCL/35-156	Actinomycetota	E	C	H	oui	oui
A0A1B2I9H9_9BACT/14-152	autre/inconnu	E	C	H	oui	oui
A0A2M8LUP2_9ACTN/35-156	Actinomycetota	E	C	H	oui	oui
A0A839RZS5_9PSEU/31-152	Actinomycetota	E	C	H	oui	oui
A0A101TTN8_9ACTN/31-152	Actinomycetota	E	C	H	oui	oui
A0A073BD38_9PSEU/33-154	Actinomycetota	E	C	H	oui	oui
A0A372JE71_9ACTN/24-151	Actinomycetota	E	C	H	oui	oui
A0A1G9GV53_9ACTN/35-156	Actinomycetota	E	C	H	oui	oui
D2V3D0_NAEGR/256-334	autre/inconnu	-	C	H	non	non
U2RT21_9ACTN/29-152	Actinomycetota	E	C	H	oui	oui
A0A4R5ADN4_9ACTN/18-145	Actinomycetota	E	C	H	oui	oui
A0A0B5EKZ6_STRA4/69-190	Actinomycetota	E	C	H	oui	oui
A0A0Q5VG57_9ACTN/33-154	Actinomycetota	E	C	H	oui	oui
A0A7X0HF89_9ACTN/35-156	Actinomycetota	E	C	H	oui	oui
F5YTW7_MYCSD/24-145	Actinomycetota	E	C	H	oui	oui
A0A133ZE41_9CORY/32-153	Actinomycetota	E	C	H	oui	oui
A0A2A9DQJ7_9CORY/28-149	Actinomycetota	E	C	H	oui	oui
A0A110A987_9CORY/25-146	Actinomycetota	E	C	H	oui	oui
I4BNM7_MYCCN/24-145	Actinomycetota	E	C	H	oui	oui
A0A1M5KT45_STRHI/40-161	Actinomycetota	E	C	H	oui	oui
A0A7G1I884_MYCKA/24-145	Actinomycetota	E	C	H	oui	oui
A0A2S5X5T8_9MICO/15-138	Actinomycetota	E	C	H	oui	oui
A0A1M4RXG8_9ACTO/25-148	autre/inconnu	E	C	H	oui	oui
G9PR45_9ACTO/43-166	autre/inconnu	E	C	H	oui	oui
A0A3A9HJ27_9BACT/42-177	autre/inconnu	E	C	H	oui	oui
A0A1V9Z5R7_ACHHY/64-210	autre/inconnu	E	C	H	oui	oui
A0A6G4WVS9_9ACTN/35-156	Actinomycetota	E	C	H	oui	oui
A0A239JHU4_9ACTN/1-117	Actinomycetota	E	C	H	oui	oui
A0A923E6Y8_9ACTO/31-154	autre/inconnu	E	C	H	oui	oui
A0A7I9UVX3_9ACTN/25-146	Actinomycetota	E	C	H	oui	oui
A0A7Y3TX94_9GAMM/31-164	Pseudomonadota	E	C	H	oui	oui
A0A2N3YKY2_9MICO/32-155	Actinomycetota	E	C	H	oui	oui
A0A150HCH6_9MICO/27-156	Actinomycetota	E	C	H	oui	oui
A0A6G7YBS7_9ACTN/39-162	Actinomycetota	E	C	H	oui	oui
A0A1L7CKY8_CORFL/25-146	Actinomycetota	E	C	H	oui	oui
A0A563ENC8_9PSEU/33-154	Actinomycetota	E	C	H	oui	oui
A0A430FM82_9BIFI/46-174	autre/inconnu	E	C	H	oui	oui
A0A1H6D2N6_9GAMM/25-158	Pseudomonadota	E	C	H	oui	oui
A0A6G4VGH5_9ACTN/35-156	Actinomycetota	E	C	H	oui	oui
I1D678_9PSEU/38-159	Actinomycetota	E	C	H	oui	oui
A0A6I3L0X8_9NOCA/30-151	Actinomycetota	E	C	H	oui	oui
I4BUK1_ACEMN/34-171	autre/inconnu	E	C	H	oui	oui
A0A1H1L022_9ACTN/39-162	Actinomycetota	E	C	H	oui	oui
A0A6H9WFA3_9MICO/53-176	Actinomycetota	E	C	H	oui	oui
A0AA41PZY7_9ACTN/23-144	Actinomycetota	E	C	H	oui	oui
A0A4R8WLW9_9MICO/31-154	Actinomycetota	E	C	H	oui	oui
A0A2U3CAJ5_9ACTN/35-156	Actinomycetota	E	C	H	oui	oui
A0A9W6QN61_9PSEU/28-149	Actinomycetota	E	C	H	oui	oui
A0A2S8WPK9_9MICC/40-169	Actinomycetota	E	C	H	oui	oui
S3XYM7_9MICO/36-159	Actinomycetota	E	C	H	oui	oui
A0A917TBE5_9ACTN/29-152	Actinomycetota	E	C	H	oui	oui
A0A0Q5QVJ9_9NOCA/31-152	Actinomycetota	E	C	H	oui	oui
A0A5B7UUJ9_9ACTN/35-156	Actinomycetota	E	C	H	oui	oui
A0A1C5JVF4_9ACTN/47-170	Actinomycetota	E	C	H	oui	oui
A0A4S8PR67_9ACTN/35-158	Actinomycetota	E	C	H	oui	oui
E4RJG7_HALHG/23-160	autre/inconnu	E	C	H	oui	oui
Q2J621_FRACC/29-150	autre/inconnu	E	C	H	oui	oui
A0A0A0BMF0_9CELL/33-156	autre/inconnu	E	C	H	oui	oui
X7E3J0_9GAMM/27-160	Pseudomonadota	E	C	H	oui	oui
E6SCQ4_INTC7/37-160	autre/inconnu	E	C	H	oui	oui
A0A662WIP8_NOTX5/60-210	autre/inconnu	E	C	H	oui	oui
A0A2Z3S480_9MICO/30-153	Actinomycetota	E	C	H	oui	oui
A0A542XEP0_9MICO/38-161	Actinomycetota	E	C	H	oui	oui
A0A1Q5MR32_9ACTN/35-156	Actinomycetota	E	C	H	oui	oui
A0A542ZTY7_RARFA/63-186	autre/inconnu	E	C	H	oui	oui
A0A2C9STR9_9MYCO/24-145	autre/inconnu	E	C	H	oui	oui
A0A5S9QHK0_9GAMM/60-193	Pseudomonadota	E	C	H	oui	oui
A0A929BA89_9PSEU/35-156	Actinomycetota	E	C	H	oui	oui
A0A2A7MUP6_MYCAG/24-145	Actinomycetota	E	C	H	oui	oui
A0A1G9YQH6_ALLAB/32-153	autre/inconnu	E	C	H	oui	oui
A0A9X1LPJ3_9MICO/31-154	Actinomycetota	E	C	H	oui	oui
A0A2A9E0Q7_9MICO/31-154	Actinomycetota	E	C	H	oui	oui
A0A061J860_TRYRA/29-175	autre/inconnu	E	C	H	oui	oui
A0AAD8Y711_9STRA/12-138	autre/inconnu	E	C	H	oui	oui
A0A3P1SDZ7_9ACTO/30-153	autre/inconnu	E	C	H	oui	oui
S3BP36_9ACTN/35-156	Actinomycetota	E	C	H	oui	oui
A0A3L8P641_9ACTN/21-144	Actinomycetota	E	C	H	oui	oui
A0A939B9B7_9BIFI/39-167	autre/inconnu	E	C	H	oui	oui
A0A366DRV0_9NOCA/26-147	Actinomycetota	E	C	H	oui	oui
A0A328IRF5_9BACT/25-155	autre/inconnu	E	C	H	oui	oui
A0A1E7JMF8_9ACTN/35-156	Actinomycetota	E	C	H	oui	oui
A0A099PCX6_9GAMM/25-158	Pseudomonadota	E	C	H	oui	oui
A0A3S9WB99_9MICO/31-153	Actinomycetota	E	C	H	oui	oui
A0A1Q2CZ41_9ACTN/27-150	Actinomycetota	E	C	H	oui	oui
A0A927IPY2_9CELL/31-154	autre/inconnu	E	C	H	oui	oui
A0A3N2BAP0_9MICO/34-162	Actinomycetota	E	C	H	oui	oui
A0A430JU94_9ACTO/30-153	autre/inconnu	E	C	H	oui	oui
A0A6I1Z7T2_9ACTN/35-156	Actinomycetota	E	C	H	oui	oui
A0A0L0KBI0_9ACTN/35-156	Actinomycetota	E	C	H	oui	oui
A0A066YPS3_9ACTN/36-157	Actinomycetota	E	C	H	oui	oui
U3GTM6_9CORY/29-150	Actinomycetota	E	C	H	oui	oui
A0A4V3Z5U2_9MICC/42-171	Actinomycetota	E	C	H	oui	oui
A0A6I4MK97_9ACTN/64-191	Actinomycetota	E	C	H	oui	oui
A0A931DI29_9ACTN/29-156	Actinomycetota	E	C	H	oui	oui
A0A0C5BDK0_9MICO/31-154	Actinomycetota	E	C	H	oui	oui
A0A7W7QQP7_9ACTN/24-151	Actinomycetota	E	C	H	oui	oui
A0A369WEN4_9GAMM/24-161	Pseudomonadota	E	C	H	oui	oui
A0A7K3DNZ0_9ACTN/35-156	Actinomycetota	E	C	H	oui	oui
I0KWX7_9ACTN/44-167	Actinomycetota	E	C	H	oui	oui
D7WEC7_9CORY/22-143	Actinomycetota	E	C	H	oui	oui
A0A1K0GTS2_9ACTN/26-149	Actinomycetota	E	C	H	oui	oui
M7NLP0_9MICC/40-169	Actinomycetota	E	C	H	oui	oui
Q83FF9_TROWT/43-164	autre/inconnu	E	C	H	oui	oui
A0A9W7F214_9STRA/221-369	autre/inconnu	E	C	H	oui	oui
W5XZI9_9CORY/25-146	Actinomycetota	E	C	H	oui	oui
A0A1C4LLH9_9ACTN/35-156	Actinomycetota	E	C	H	oui	oui
A0A4Y3QVI0_STRCI/35-156	Actinomycetota	E	C	H	oui	oui
B2GLQ3_KOCRD/31-160	autre/inconnu	E	C	H	oui	oui
A0A6I4N355_9ACTN/35-156	Actinomycetota	E	C	H	oui	oui
A0A4Q2S7U0_9ACTN/59-187	Actinomycetota	E	C	H	oui	oui
A0A6I6DUL5_9MICO/31-154	Actinomycetota	E	C	H	oui	oui
A0A4T0UT99_9ACTN/44-172	Actinomycetota	E	C	H	oui	oui
A0A7Y0P7K7_9ACTN/35-156	Actinomycetota	E	C	H	oui	oui
A0A344UW11_9ACTN/29-158	Actinomycetota	E	C	H	oui	oui
A0A5S4UTD6_9MICO/30-153	Actinomycetota	E	C	H	oui	oui
A0AA41ZNC5_9GAMM/31-164	Pseudomonadota	E	C	H	oui	oui
A0A0F4QZX5_9GAMM/26-159	Pseudomonadota	E	C	H	oui	oui
A0A3S4WUZ0_9ACTN/29-158	Actinomycetota	E	C	H	oui	oui
U1F748_9ACTN/28-157	Actinomycetota	E	C	H	oui	oui
A0A2M9HE79_9BIFI/64-192	autre/inconnu	E	C	H	oui	oui
A0A7Y6ID04_9ACTN/35-163	Actinomycetota	E	C	H	oui	oui
C5C095_BEUC1/75-198	autre/inconnu	E	C	H	oui	oui
A0A7H1BAP3_9ACTN/35-156	Actinomycetota	E	C	H	oui	oui
A0A852TTX3_9ACTN/35-162	Actinomycetota	E	C	H	oui	oui
A0A6L7ESP1_9ACTN/24-147	Actinomycetota	E	C	H	oui	oui
A0A0F0GSY7_9ACTN/35-156	Actinomycetota	E	C	H	oui	oui
A0A6I2FDZ4_9MICO/31-154	Actinomycetota	E	C	H	oui	oui
A0A1M7RJL8_9ACTN/25-148	Actinomycetota	E	C	H	oui	oui
A0A918M3H1_9ACTN/35-156	Actinomycetota	E	C	H	oui	oui
J0X160_9BIFI/156-228	autre/inconnu	-	C	H	non	non
A0A7W9MHE8_9ACTN/24-151	Actinomycetota	E	C	H	oui	oui
A0A1P8UCA8_9MICO/15-138	Actinomycetota	E	C	H	oui	oui
A0A024TNQ5_9STRA/68-214	autre/inconnu	E	C	H	oui	oui
A0A2W2C0J1_9ACTN/44-167	Actinomycetota	E	C	H	oui	oui
A0A2R4T305_9ACTN/35-156	Actinomycetota	E	C	H	oui	oui
A0A841E7W1_9ACTN/31-154	Actinomycetota	E	C	H	oui	oui
D1BXQ3_XYLCX/38-160	autre/inconnu	E	C	H	oui	oui
A0A1H9XVZ4_9MICO/31-154	Actinomycetota	E	C	H	oui	oui
A0A4R4YTE9_9PSEU/30-151	Actinomycetota	E	C	H	oui	oui
D2NP98_ROTMD/49-178	autre/inconnu	E	C	H	oui	oui
A0A3R7L3I4_9TRYP/29-173	autre/inconnu	E	C	H	oui	oui
A0A944Q2X7_9ACTN/35-156	Actinomycetota	E	C	H	oui	oui
A0A930YMP0_9ACTN/24-147	Actinomycetota	E	C	H	oui	oui
A0A3N1CN75_9ACTN/23-150	Actinomycetota	E	C	H	oui	oui
A0A117MPP9_9ACTN/35-156	Actinomycetota	E	C	H	oui	oui
A0A840X4N8_9MICO/31-154	Actinomycetota	E	C	H	oui	oui
A0A367Y817_9MICO/31-154	Actinomycetota	E	C	H	oui	oui
A0A5J6V238_9MICO/35-158	Actinomycetota	E	C	H	oui	oui
A0A3N4ZK92_9MICO/27-150	Actinomycetota	E	C	H	oui	oui
A0A7Y4L6J2_9ACTN/25-148	Actinomycetota	E	C	H	oui	oui
B5HJI3_STRE2/68-189	Actinomycetota	E	C	H	oui	oui
A0A1H8RGJ5_9PSEU/58-179	Actinomycetota	E	C	H	oui	oui
A0A5B8SRG7_9GAMM/32-164	Pseudomonadota	E	C	H	oui	oui
A0A6I3LBF5_9MICO/31-154	Actinomycetota	E	C	H	oui	oui
A0A0Q6VJI9_9ACTN/25-148	Actinomycetota	E	C	H	oui	oui
A0A6N9YJQ8_9ACTN/28-151	Actinomycetota	E	C	H	oui	oui
A0A6B2V2A6_9ACTN/35-156	Actinomycetota	E	C	H	oui	oui
A0A0M9VKD0_9MICO/31-153	Actinomycetota	E	C	H	oui	oui
A0A1B9NJ22_9MICO/31-154	Actinomycetota	E	C	H	oui	oui
A0A6H0CN90_9ACTN/35-156	Actinomycetota	E	C	H	oui	oui
F0VAI8_NEOCL/374-457	autre/inconnu	-	C	H	non	non
H6QZN9_NOCCG/26-147	Actinomycetota	E	C	H	oui	oui
A0A4S2TC39_9ACTN/35-156	Actinomycetota	E	C	H	oui	oui
A0A255GQM5_9ACTN/23-146	Actinomycetota	E	C	H	oui	oui
A0A1Y1WPY2_9FUNG/57-180	autre/inconnu	E	C	H	oui	oui
A4F806_SACEN/42-163	autre/inconnu	E	C	H	oui	oui
A0A7M4DJ26_9MICO/36-159	Actinomycetota	E	C	H	oui	oui
A0A7X3KQY9_9GAMM/31-168	Pseudomonadota	E	C	H	oui	oui
A0A919G9U6_9ACTN/35-156	Actinomycetota	E	C	H	oui	oui
A0A974N8L9_9ACTO/40-163	autre/inconnu	E	C	H	oui	oui
A0A368LC62_9MICO/31-154	Actinomycetota	E	C	H	oui	oui
A0A150HE73_9MICO/15-138	Actinomycetota	E	C	H	oui	oui
A0A1W2FQ37_9PSEU/30-151	Actinomycetota	E	C	H	oui	oui
A0A1V1RI09_9ACTN/223-347	Actinomycetota	E	C	H	oui	oui
D3PZ22_STANL/26-149	autre/inconnu	E	C	H	oui	oui
M0QMC3_9ACTN/25-146	Actinomycetota	E	C	H	oui	oui
A0A2T0V4P3_9MICO/31-152	Actinomycetota	E	C	H	oui	oui
A0A1I1P179_9ACTN/24-147	Actinomycetota	E	C	H	oui	oui
F8JW97_STREN/35-156	Actinomycetota	E	C	H	oui	oui
A0A7X0BY36_9ACTN/64-191	Actinomycetota	E	C	H	oui	oui
A0A4Z0GJG8_9ACTN/35-156	Actinomycetota	E	C	H	oui	oui
A0A4S5EHP3_9ACTN/33-154	Actinomycetota	E	C	H	oui	oui
A0A509ALH6_PLABA/937-1023	autre/inconnu	E	-	-	non	non
D1A7N5_THECD/37-164	autre/inconnu	E	C	H	oui	oui
C7R006_JONDD/46-169	autre/inconnu	E	C	H	oui	oui
U1R7H6_9BIFI/44-172	autre/inconnu	E	C	H	oui	oui
A0AAE4CCL8_9ACTN/35-158	Actinomycetota	E	C	H	oui	oui
A0A2M8WTF4_9MICO/28-150	Actinomycetota	E	C	H	oui	oui
A0A6L5F494_9ACTN/28-155	Actinomycetota	E	C	H	oui	oui
A0A7W5JYB8_9ACTN/30-159	Actinomycetota	E	C	H	oui	oui
N1UX13_9MICC/30-159	Actinomycetota	E	C	H	oui	oui
A0A0D3JLZ0_EMIH1/81-263	autre/inconnu	E	C	H	oui	oui
A0A7S8MV55_9MICO/31-154	Actinomycetota	E	C	H	oui	oui
A0A7Y9RZ85_9ACTN/36-164	Actinomycetota	E	C	H	oui	oui
A0A1E7FHM1_9STRA/151-337	autre/inconnu	E	C	H	oui	oui
A0A2U2Z1L3_9ACTN/35-156	Actinomycetota	E	C	H	oui	oui
K6WJH9_9ACTN/25-146	Actinomycetota	E	C	H	oui	oui
A0A9N8DX47_9STRA/58-207	autre/inconnu	E	C	H	oui	oui
A0A0P7DFG4_9GAMM/31-166	Pseudomonadota	E	C	H	oui	oui
A0A7I7KXN6_9MYCO/3-124	autre/inconnu	E	C	H	oui	oui
A0A7W5TU52_9MICC/32-161	Actinomycetota	E	C	H	oui	oui
A0A1F1IHG0_9MICC/30-159	Actinomycetota	E	C	H	oui	oui
A0A918LWZ6_9ACTN/35-156	Actinomycetota	E	C	H	oui	oui
A0A6C7EA97_ILUCY/21-140	autre/inconnu	E	C	H	oui	oui
A0A919UKT5_9ACTN/24-151	Actinomycetota	E	C	H	oui	oui
A0A7M1SVT4_9MICO/35-158	Actinomycetota	E	C	H	oui	oui
A0A8J7GUY8_9ACTN/24-147	Actinomycetota	E	C	H	oui	oui
A0A1Z1WC58_9ACTN/35-156	Actinomycetota	E	C	H	oui	oui
A0A023X277_RUBRA/22-85	autre/inconnu	E	-	-	non	non
A0A8J2S7V2_9STRA/58-196	autre/inconnu	E	C	H	oui	oui
A0A9X1NJQ1_9ACTN/37-160	Actinomycetota	E	C	H	oui	oui
U5E9I5_NOCAS/4-125	Actinomycetota	E	C	H	oui	oui
A0A931G5C4_9MICC/37-166	Actinomycetota	E	C	H	oui	oui
A0A023X277_RUBRA/74-127	autre/inconnu	-	C	H	non	non
A0A087EFG1_9BIFI/4-132	autre/inconnu	E	C	H	oui	oui
A0A0G3V1B8_9ACTN/32-151	Actinomycetota	E	C	H	oui	oui
K9EGJ3_9ACTO/47-170	autre/inconnu	E	C	H	oui	oui
A0A061D8J0_BABBI/481-548	autre/inconnu	E	-	-	non	non
A0A2N5WYL1_9GAMM/32-165	Pseudomonadota	E	C	H	oui	oui
A0A6N7G9Y3_9ACTN/27-150	Actinomycetota	E	C	H	oui	oui
A0A286E309_9ACTN/26-147	Actinomycetota	E	C	H	oui	oui
A0A841IPW4_9ACTN/38-165	Actinomycetota	E	C	H	oui	oui
A0A1I2HG77_9MICO/28-151	Actinomycetota	E	C	H	oui	oui
A0A974VN93_9MICC/42-171	Actinomycetota	E	C	H	oui	oui
A0A1Q5LI36_STRX0/35-156	Actinomycetota	E	C	H	oui	oui
A0A8J3HJV6_9ACTN/36-159	Actinomycetota	E	C	H	oui	oui
A0A4R7V974_9PSEU/25-146	Actinomycetota	E	C	H	oui	oui
A0A7I7MKG8_9MYCO/24-145	autre/inconnu	E	C	H	oui	oui
A0A940Z3L2_9ACTN/35-156	Actinomycetota	E	C	H	oui	oui
A0A367HJP1_9ACTN/35-156	Actinomycetota	E	C	H	oui	oui
F2K0F9_MARM1/27-160	autre/inconnu	E	C	H	oui	oui
A0AA97LWS7_9ACTN/34-161	Actinomycetota	E	C	H	oui	oui
A0A497XNY9_9AQUI/2-144	autre/inconnu	E	C	H	oui	oui
A0A0Q6G296_9MICO/37-160	Actinomycetota	E	C	H	oui	oui
A0A318LBK8_9PSEU/31-152	Actinomycetota	E	C	H	oui	oui
A0A261EYK0_9BIFI/65-194	autre/inconnu	E	C	H	oui	oui
A0A0Q5LUN9_9MICO/31-154	Actinomycetota	E	C	H	oui	oui
A0A1H1M6W5_9CORY/33-154	Actinomycetota	E	C	H	oui	oui
Z9JQ42_9MICO/35-158	Actinomycetota	E	C	H	oui	oui
Q580D1_TRYB2/23-168	autre/inconnu	E	C	H	oui	oui
A0A4U3CE08_9ACTN/25-146	Actinomycetota	E	C	H	oui	oui
A0A934MAX2_9MICO/35-158	Actinomycetota	E	C	H	oui	oui
A0A6G8Q7E4_9ACTN/73-129	Actinomycetota	-	C	H	non	non
A0A8J3BBV7_9ACTN/36-159	Actinomycetota	E	C	H	oui	oui
A0A511F981_9CELL/47-170	autre/inconnu	E	C	H	oui	oui
A7ANF9_BABBO/416-511	autre/inconnu	E	-	-	non	non
C0QPI3_PERMH/6-142	autre/inconnu	E	C	H	oui	oui
A0A976FR31_BRELC/50-196	autre/inconnu	E	C	H	oui	oui
A0A7K3ABY3_9ACTN/35-156	Actinomycetota	E	C	H	oui	oui
A0A5N0TA74_9MICO/15-138	Actinomycetota	E	C	H	oui	oui
A0A4R6PVV2_NOCIG/26-147	Actinomycetota	E	C	H	oui	oui
A4A442_9GAMM/32-165	Pseudomonadota	E	C	H	oui	oui
D4YQW9_9MICO/27-156	Actinomycetota	E	C	H	oui	oui
A0A1J4PTF5_9ACTN/35-156	Actinomycetota	E	C	H	oui	oui
A0A3M0BK66_9AQUI/7-136	autre/inconnu	E	C	H	oui	oui
A0A0D8HWP9_RHOSX/33-154	Actinomycetota	E	C	H	oui	oui
A0A9W6HTK2_9MICO/31-154	Actinomycetota	E	C	H	oui	oui
A0A366KAU1_9BIFI/77-205	autre/inconnu	E	C	H	oui	oui
A0A248YJA3_9ACTN/37-160	Actinomycetota	E	C	H	oui	oui
A0A9E8SAD7_9MICO/31-154	Actinomycetota	E	C	H	oui	oui
A0A2S9AF51_9MICO/31-154	Actinomycetota	E	C	H	oui	oui
A0A6G8PYT8_9ACTN/84-139	Actinomycetota	-	C	H	non	non
A0A0X8HEW0_9GAMM/31-164	Pseudomonadota	E	C	H	oui	oui
A0A495X9Y6_9PSEU/25-146	Actinomycetota	E	C	H	oui	oui
A0A3N6FIH9_9ACTN/35-156	Actinomycetota	E	C	H	oui	oui
A0A840DQ82_9MICO/31-154	Actinomycetota	E	C	H	oui	oui
G7GNZ2_9ACTN/25-146	Actinomycetota	E	C	H	oui	oui
A0A5C4U6U6_9CORY/25-146	Actinomycetota	E	C	H	oui	oui
A0A3A3ZML8_9ACTN/15-138	Actinomycetota	E	C	H	oui	oui
A0A7W7QDQ6_9PSEU/36-157	Actinomycetota	E	C	H	oui	oui
A0A317NBE1_9GAMM/31-164	Pseudomonadota	E	C	H	oui	oui
A0A2S2BZ51_9NOCA/33-154	Actinomycetota	E	C	H	oui	oui
A0A1Q5DHB8_9ACTN/35-156	Actinomycetota	E	C	H	oui	oui
A0A7K3GGS9_9ACTN/35-156	Actinomycetota	E	C	H	oui	oui
V5XGD4_MYCNE/24-145	Actinomycetota	E	C	H	oui	oui
A0A1A2ZGM3_9MYCO/24-145	autre/inconnu	E	C	H	oui	oui
A0A143QMJ1_RHOFA/28-149	Actinomycetota	E	C	H	oui	oui
A0A0Q5N1U5_9MICO/31-154	Actinomycetota	E	C	H	oui	oui
W9G1B0_9MICO/51-174	Actinomycetota	E	C	H	oui	oui
A0A081XJB0_STRTO/35-156	Actinomycetota	E	C	H	oui	oui
A0A3N9UGG6_9GAMM/31-164	Pseudomonadota	E	C	H	oui	oui
A0A934U4I1_9NOCA/28-149	Actinomycetota	E	C	H	oui	oui
A0A2G5ITE0_9ACTN/35-156	Actinomycetota	E	C	H	oui	oui
A0A0K9XLR9_9ACTN/35-156	Actinomycetota	E	C	H	oui	oui
A0A9W5T8J3_BABOV/504-619	autre/inconnu	-	C	H	non	non
A0A132T2V4_9MYCO/24-145	autre/inconnu	E	C	H	oui	oui
A0A420WXX2_9GAMM/31-164	Pseudomonadota	E	C	H	oui	oui
A0A919SQ75_9ACTN/26-149	Actinomycetota	E	C	H	oui	oui
A0A1I7HJA0_9GAMM/31-164	Pseudomonadota	E	C	H	oui	oui
A0A5B2WYZ5_9PSEU/28-149	Actinomycetota	E	C	H	oui	oui
C7MYV6_SACVD/31-152	autre/inconnu	E	C	H	oui	oui
A0A7H0SN06_9CORY/25-146	Actinomycetota	E	C	H	oui	oui
A0A076NKT6_9CORY/28-153	Actinomycetota	E	C	H	oui	oui
S2L2B8_LITA3/30-163	autre/inconnu	E	C	H	oui	oui
A0A3G6J4Y4_9CORY/35-156	Actinomycetota	E	C	H	oui	oui
A0A7G7BNJ8_9ACTN/35-156	Actinomycetota	E	C	H	oui	oui
A0A1V2QDP9_9PSEU/25-146	Actinomycetota	E	C	H	oui	oui
U7L6X5_9CORY/25-146	Actinomycetota	E	C	H	oui	oui
A0A1C4Z1C9_9ACTN/44-167	Actinomycetota	E	C	H	oui	oui
A0A917NSG1_9ACTN/48-169	Actinomycetota	E	C	H	oui	oui
A0A6L7GV49_9ACTN/25-146	Actinomycetota	E	C	H	oui	oui
A0A087C0Z2_9BIFI/48-176	autre/inconnu	E	C	H	oui	oui
A0A6I6N164_9ACTN/35-156	Actinomycetota	E	C	H	oui	oui
A0A1H1QVY7_9ACTN/27-155	Actinomycetota	E	C	H	oui	oui
A0A285L7H5_9NOCA/26-147	Actinomycetota	E	C	H	oui	oui
A0A1S2QME7_9ACTN/35-156	Actinomycetota	E	C	H	oui	oui
A0A7G9XNB2_9MICO/31-152	Actinomycetota	E	C	H	oui	oui
A0A563DT92_9MICO/29-152	Actinomycetota	E	C	H	oui	oui
A0A6H9WR48_9MICO/15-138	Actinomycetota	E	C	H	oui	oui
A0A3B0BFJ1_9ACTN/35-156	Actinomycetota	E	C	H	oui	oui
A0A7Z0WNB6_9PSEU/28-149	Actinomycetota	E	C	H	oui	oui
A0A7W8Z4I9_9ACTN/26-153	Actinomycetota	E	C	H	oui	oui
A0A839NA53_9MICO/31-154	Actinomycetota	E	C	H	oui	oui
A0A7I7QZA4_9MYCO/24-145	autre/inconnu	E	C	H	oui	oui
A0A5B7WR05_9MICC/39-168	Actinomycetota	E	C	H	oui	oui
A0A1H4D1N5_9MICO/31-154	Actinomycetota	E	C	H	oui	oui
E4NG28_KITSK/36-157	autre/inconnu	E	C	H	oui	oui
A0A848L0I5_9ACTN/25-146	Actinomycetota	E	C	H	oui	oui
A0A1T4SG54_9GAMM/31-164	Pseudomonadota	E	C	H	oui	oui
A0A1H9RS84_9ACTN/35-156	Actinomycetota	E	C	H	oui	oui
A0A2X0VDN0_9ACTO/31-154	autre/inconnu	E	C	H	oui	oui
A0A3M2IRZ4_9CELL/33-156	autre/inconnu	E	C	H	oui	oui
A0A1I0KTK6_9ACTN/23-150	Actinomycetota	E	C	H	oui	oui
A0A1H5N5B5_9MICO/28-151	Actinomycetota	E	C	H	oui	oui
W6KI44_9TRYP/1-117	autre/inconnu	E	C	H	oui	oui
A0A7Z7IP79_9MYCO/24-145	autre/inconnu	E	C	H	oui	oui
A0A2U1T033_9MICO/31-152	Actinomycetota	E	C	H	oui	oui
A0A6G3SDY0_9ACTN/35-156	Actinomycetota	E	C	H	oui	oui
A0A944EHZ2_9ACTN/35-156	Actinomycetota	E	C	H	oui	oui
A0A518C063_9BACT/24-163	autre/inconnu	E	C	H	oui	oui
A0A8J3CJ77_9PSEU/36-157	Actinomycetota	E	C	H	oui	oui
A0A1L3MIE3_9MICO/35-158	Actinomycetota	E	C	H	oui	oui
V6KJH3_9ACTN/35-156	Actinomycetota	E	C	H	oui	oui
A0A5Q3QAV8_9PSEU/29-150	Actinomycetota	E	C	H	oui	oui
A0A5B8NV85_9CORY/25-146	Actinomycetota	E	C	H	oui	oui
A0A2S6ISL8_9ACTN/38-161	Actinomycetota	E	C	H	oui	oui
A0A430F9U5_9BIFI/46-174	autre/inconnu	E	C	H	oui	oui
D5EGE8_AMICL/45-182	autre/inconnu	E	C	H	oui	oui
A0A931HR11_9NOCA/27-148	Actinomycetota	E	C	H	oui	oui
A0A6G8Q7E4_9ACTN/24-94	Actinomycetota	E	-	-	non	non
A0A3T0Y350_9MICC/45-174	Actinomycetota	E	C	H	oui	oui
A0A940MEE8_9ACTN/36-157	Actinomycetota	E	C	H	oui	oui
A0A7K0DIL9_9NOCA/32-153	Actinomycetota	E	C	H	oui	oui
W7IZX9_9PSEU/24-145	Actinomycetota	E	C	H	oui	oui
A0A2T7TIR0_9MICC/31-160	Actinomycetota	E	C	H	oui	oui
A0A0M8VI24_9ACTN/35-156	Actinomycetota	E	C	H	oui	oui
A0A810NC67_9ACTN/36-159	Actinomycetota	E	C	H	oui	oui
A0A919FL14_9ACTN/40-161	Actinomycetota	E	C	H	oui	oui
A0A1H7MR17_9NOCA/35-156	Actinomycetota	E	C	H	oui	oui
A0A372J6Y8_9ACTN/35-156	Actinomycetota	E	C	H	oui	oui
A0A542ZC83_9ACTN/30-153	Actinomycetota	E	C	H	oui	oui
A0A1B6AMP2_9ACTN/35-156	Actinomycetota	E	C	H	oui	oui
A0A511D680_9PSEU/29-150	Actinomycetota	E	C	H	oui	oui
A0A7I7YK53_9MYCO/4-125	autre/inconnu	E	C	H	oui	oui
A0A1W7CZW5_9ACTN/26-147	Actinomycetota	E	C	H	oui	oui
A0A7W3IST6_9ACTN/26-155	Actinomycetota	E	C	H	oui	oui
A0A7X0MAS9_9ACTN/24-151	Actinomycetota	E	C	H	oui	oui
A0A1Y1RLS5_9MICC/40-169	Actinomycetota	E	C	H	oui	oui
A0A1A9IX85_9ACTN/35-156	Actinomycetota	E	C	H	oui	oui
D4BNM7_BIFBR/43-171	Actinomycetota	E	C	H	oui	oui
A0A2T0UJS2_9MICO/36-159	Actinomycetota	E	C	H	oui	oui
A0A0H5CTN7_9PSEU/28-149	Actinomycetota	E	C	H	oui	oui
A0A0D0X768_9ACTN/44-167	Actinomycetota	E	C	H	oui	oui
C9YY39_STRSW/35-156	Actinomycetota	E	C	H	oui	oui
A0A1H1QIP0_9CELL/41-164	autre/inconnu	E	C	H	oui	oui
A0A3N1QNX1_9MICO/31-154	Actinomycetota	E	C	H	oui	oui
A0A1I5G4P8_PSUAM/39-162	autre/inconnu	E	C	H	oui	oui
A0A918H310_9ACTN/35-156	Actinomycetota	E	C	H	oui	oui
S2W0J9_9ACTN/29-158	Actinomycetota	E	C	H	oui	oui
A0A2N8NSX7_STREU/35-156	Actinomycetota	E	C	H	oui	oui
A0A919U5J0_9ACTN/30-153	Actinomycetota	E	C	H	oui	oui
A0A7W9PV91_9ACTN/35-156	Actinomycetota	E	C	H	oui	oui
A0A927N3F5_9ACTN/34-157	Actinomycetota	E	C	H	oui	oui
A0A1I1YI38_9ACTN/23-144	Actinomycetota	E	C	H	oui	oui
A0A939HDT5_9MICC/41-170	Actinomycetota	E	C	H	oui	oui
Q7RJV4_PLAYO/887-962	autre/inconnu	E	-	-	non	non
N0E338_9MICO/46-169	Actinomycetota	E	C	H	oui	oui
A0A918VID6_9ACTN/35-156	Actinomycetota	E	C	H	oui	oui
A0A3L6ZNM8_9MICO/31-154	Actinomycetota	E	C	H	oui	oui
A0A3N6FN50_9ACTN/35-156	Actinomycetota	E	C	H	oui	oui
A0A5C8NEZ6_9ACTN/25-148	Actinomycetota	E	C	H	oui	oui
A0A7Y9I577_9ACTN/37-160	Actinomycetota	E	C	H	oui	oui
A0A5P9NJF7_9GAMM/28-161	Pseudomonadota	E	C	H	oui	oui
A0A329RZZ6_9STRA/51-197	autre/inconnu	E	C	H	oui	oui
A0A2T0S3U0_9ACTN/26-149	Actinomycetota	E	C	H	oui	oui
A0A501WN62_9GAMM/26-159	Pseudomonadota	E	C	H	oui	oui
A0A1G8XIW1_9MICO/31-154	Actinomycetota	E	C	H	oui	oui
A0A5A7NSK1_9MICC/43-172	Actinomycetota	E	C	H	oui	oui
A0A926K6J0_9MICO/33-156	Actinomycetota	E	C	H	oui	oui
A0A178XDP7_9PSEU/61-182	Actinomycetota	E	C	H	oui	oui
A0A067CIQ7_SAPPC/65-211	autre/inconnu	E	C	H	oui	oui
A0A7L5SV88_9ACTN/35-156	Actinomycetota	E	C	H	oui	oui
A0AAE9YH79_9ACTN/25-144	Actinomycetota	E	C	H	oui	oui
A0A919CJD1_9ACTN/38-165	Actinomycetota	E	C	H	oui	oui
A0A1C5DY32_9ACTN/35-156	Actinomycetota	E	C	H	oui	oui
M1MW91_9CORY/25-145	Actinomycetota	E	C	H	oui	oui
A8F588_PSELT/26-152	Pseudomonadota	E	C	H	oui	oui
A0A4R7TGD8_9ACTN/28-151	Actinomycetota	E	C	H	oui	oui
A0A101UH98_9ACTN/35-156	Actinomycetota	E	C	H	oui	oui
C5C989_MICLC/35-164	Actinomycetota	E	C	H	oui	oui
A0A4Q6ILD0_9ACTN/34-155	Actinomycetota	E	C	H	oui	oui
A0A917NML2_9ACTN/35-156	Actinomycetota	E	C	H	oui	oui
A0A4R8XXD9_9MICO/31-154	Actinomycetota	E	C	H	oui	oui
A0A1Q4XHD1_9PSEU/25-146	Actinomycetota	E	C	H	oui	oui
A0A2M9CHS6_9MICO/31-152	Actinomycetota	E	C	H	oui	oui
A0A543HY60_9MICO/31-154	Actinomycetota	E	C	H	oui	oui
D7BXA7_STRBB/35-156	Actinomycetota	E	C	H	oui	oui
A0A495JPF2_9ACTN/44-167	Actinomycetota	E	C	H	oui	oui
A0AAD2GC12_9STRA/48-218	autre/inconnu	E	C	H	oui	oui
A0A1X9LKQ4_9MICO/30-152	Actinomycetota	E	C	H	oui	oui
A0A0W7WA94_9MICO/31-154	Actinomycetota	E	C	H	oui	oui
A0A4S4G0M2_9MICO/31-154	Actinomycetota	E	C	H	oui	oui
A0A1R4JX72_9ACTN/29-152	Actinomycetota	E	C	H	oui	oui
A0A4R4PMM3_9ACTN/26-147	Actinomycetota	E	C	H	oui	oui
A0A514JUU8_9ACTN/35-156	Actinomycetota	E	C	H	oui	oui
A0A2T5X6C6_9MICO/28-151	Actinomycetota	E	C	H	oui	oui
A0A1E8FP69_9MICC/57-186	Actinomycetota	E	C	H	oui	oui
A0A543AFH6_9MICC/29-158	Actinomycetota	E	C	H	oui	oui
A0A3P5XIZ9_9MICC/37-166	Actinomycetota	E	C	H	oui	oui
A0A7Z0GJG5_9MICC/31-160	Actinomycetota	E	C	H	oui	oui
A0A2S0KK33_9ACTN/25-146	Actinomycetota	E	C	H	oui	oui
A0A161SJQ1_9MICO/28-151	Actinomycetota	E	C	H	oui	oui
A0A1V4A244_9ACTN/35-156	Actinomycetota	E	C	H	oui	oui
A0A8J3UX92_9ACTN/24-151	Actinomycetota	E	C	H	oui	oui
A0A117P2V9_9ACTN/35-156	Actinomycetota	E	C	H	oui	oui
A0A6A5CBS0_NAEFO/181-254	autre/inconnu	-	C	H	non	non
A0A1T4SYI4_9ACTN/35-162	Actinomycetota	E	C	H	oui	oui
A0A840PZW5_9PSEU/32-153	Actinomycetota	E	C	H	oui	oui
A0A545AGS8_9ACTN/40-163	Actinomycetota	E	C	H	oui	oui
A0A4R9EY81_9ACTN/35-156	Actinomycetota	E	C	H	oui	oui
A0A2P8E5Q4_9ACTN/28-151	Actinomycetota	E	C	H	oui	oui
A0A2U1T6U8_9CORY/25-145	Actinomycetota	E	C	H	oui	oui
A0A919D0A1_9ACTN/35-156	Actinomycetota	E	C	H	oui	oui
A0A5Q0LR22_9ACTN/35-156	Actinomycetota	E	C	H	oui	oui
A0A934JVW0_9GAMM/27-160	Pseudomonadota	E	C	H	oui	oui
A0AAD8Y377_9STRA/251-410	autre/inconnu	E	C	H	oui	oui
A0A2L2BPD4_9MICO/28-151	Actinomycetota	E	C	H	oui	oui
A0A6P0H9K4_9ACTN/30-151	Actinomycetota	E	C	H	oui	oui
A0A942JTD5_9FIRM/30-154	autre/inconnu	E	C	H	oui	oui
A0A8J6C647_DIALT/35-187	autre/inconnu	E	C	H	oui	oui
A0A9W6LWS4_9MICO/31-154	Actinomycetota	E	C	H	oui	oui
A0A4V3I9R3_9MICO/31-154	Actinomycetota	E	C	H	oui	oui
A0A1A5NZT7_9ACTN/35-156	Actinomycetota	E	C	H	oui	oui
A0A511AHQ8_9MICO/31-153	Actinomycetota	E	C	H	oui	oui
A0A4R1BG77_9ACTN/70-125	Actinomycetota	-	C	H	non	non
A0A0D0NW09_KITGR/30-151	autre/inconnu	E	C	H	oui	oui
A0A246RRK1_9ACTN/44-167	Actinomycetota	E	C	H	oui	oui
A0A1W2EZC7_KIBAR/28-149	autre/inconnu	E	C	H	oui	oui
A0A7X0G865_9ACTN/24-151	Actinomycetota	E	C	H	oui	oui
A0A1D2IC70_9ACTN/35-156	Actinomycetota	E	C	H	oui	oui
A0A1I7MMB9_9MICC/34-163	Actinomycetota	E	C	H	oui	oui
A0A506XTM0_9MICO/31-153	Actinomycetota	E	C	H	oui	oui
Q6ADR9_LEIXX/31-154	autre/inconnu	E	C	H	oui	oui
A0A2H1L6Q2_9MICO/27-156	Actinomycetota	E	C	H	oui	oui
A0A323VI60_9ACTN/38-159	Actinomycetota	E	C	H	oui	oui
A0A9P3Q979_9MYCO/24-145	autre/inconnu	E	C	H	oui	oui
A0A4Y3RRC2_9ACTN/35-156	Actinomycetota	E	C	H	oui	oui
A0A1I1GQS5_9ACTN/35-156	Actinomycetota	E	C	H	oui	oui
A0A1B1NBG3_9MICO/35-158	Actinomycetota	E	C	H	oui	oui
A0A9K3KWR1_9STRA/348-446	autre/inconnu	-	C	H	non	non
A0A4V4RDE1_9MICO/31-154	Actinomycetota	E	C	H	oui	oui
A0A0B2AG55_9MICC/29-158	Actinomycetota	E	C	H	oui	oui
A0A0Q8CM32_9MICO/31-154	Actinomycetota	E	C	H	oui	oui
A0A3N3ZPE9_9MICC/42-171	Actinomycetota	E	C	H	oui	oui
A0A1H4IP40_9MICO/31-154	Actinomycetota	E	C	H	oui	oui
A0A7Y0BBS9_9ACTN/35-156	Actinomycetota	E	C	H	oui	oui
D7BKN3_ARCHD/43-166	autre/inconnu	E	C	H	oui	oui
A0A0D3KZC9_EMIH1/81-263	autre/inconnu	E	C	H	oui	oui
A0A1G5KVS8_9ACTN/35-156	Actinomycetota	E	C	H	oui	oui
A0A1H8R0S6_9ACTN/40-161	Actinomycetota	E	C	H	oui	oui
V9FNE8_PHYNI/48-194	autre/inconnu	E	C	H	oui	oui
A0A1H3SAZ0_9MICO/31-153	Actinomycetota	E	C	H	oui	oui
A0A1Q9TU34_9ACTN/50-177	Actinomycetota	E	C	H	oui	oui
A0A318HHD6_9MYCO/29-150	autre/inconnu	E	C	H	oui	oui
A0A0A0BQG0_9CELL/23-146	autre/inconnu	E	C	H	oui	oui
C7M0H6_ACIFD/84-134	autre/inconnu	-	C	H	non	non
A0A6I6A1B8_9CELL/70-193	autre/inconnu	E	C	H	oui	oui
A0A0M8V9P4_9ACTN/35-156	Actinomycetota	E	C	H	oui	oui
A0A1E7L6T4_9ACTN/35-156	Actinomycetota	E	C	H	oui	oui
A0AAD9DHG2_9STRA/66-237	autre/inconnu	E	C	H	oui	oui
I4ESR4_9ACTN/33-154	Actinomycetota	E	C	H	oui	oui
A0A1H6AE17_9ACTN/40-167	Actinomycetota	E	C	H	oui	oui
G7V8B1_THELD/46-180	autre/inconnu	E	C	H	oui	oui
A0A9J6RHT7_9GAMM/25-158	Pseudomonadota	E	C	H	oui	oui
A0A6L9Y0Y8_9MICO/31-154	Actinomycetota	E	C	H	oui	oui
A0AAF0LB79_9MICO/31-153	Actinomycetota	E	C	H	oui	oui
D2V3D0_NAEGR/135-245	autre/inconnu	E	-	-	non	non
A0A917ICG8_9MICO/32-155	Actinomycetota	E	C	H	oui	oui
A0A0Q5CEU0_9MICO/31-154	Actinomycetota	E	C	H	oui	oui
A0A7Y0EPU1_9BIFI/46-174	autre/inconnu	E	C	H	oui	oui
A0A9X2IDP9_9ACTN/27-155	Actinomycetota	E	C	H	oui	oui
A0AAD3DF44_9STRA/19-164	autre/inconnu	E	C	H	oui	oui
F0YD16_AURAN/65-208	autre/inconnu	E	C	H	oui	oui
D2S941_GEOOG/27-148	autre/inconnu	E	C	H	oui	oui
L0AWN1_THEEQ/316-390	autre/inconnu	E	-	-	non	non
A0A0T1W2X7_9MYCO/24-145	autre/inconnu	E	C	H	oui	oui
A0AAD8Y1T9_9STRA/144-328	autre/inconnu	E	C	H	oui	oui
A0A918G1M1_9PSEU/24-145	Actinomycetota	E	C	H	oui	oui
A0AAD3CV09_9STRA/112-296	autre/inconnu	E	C	H	oui	oui
A0A7W7M2L4_9ACTN/54-175	Actinomycetota	E	C	H	oui	oui
A0A4P6Q560_9ACTN/35-162	Actinomycetota	E	C	H	oui	oui
A0A849A3W1_9ACTN/23-144	Actinomycetota	E	C	H	oui	oui
A0A429B7D9_9ACTN/23-150	Actinomycetota	E	C	H	oui	oui
A0A835Z2A9_9STRA/23-87	autre/inconnu	E	-	-	non	non
A0A3M9MEI8_9MICO/31-154	Actinomycetota	E	C	H	oui	oui
A0A0S9Q943_9ACTN/24-151	Actinomycetota	E	C	H	oui	oui
A0A938YPK2_9ACTN/26-147	Actinomycetota	E	C	H	oui	oui
A0A1Q5AGN7_9ACTN/44-167	Actinomycetota	E	C	H	oui	oui
A0A1J7BZD8_9ACTN/30-151	Actinomycetota	E	C	H	oui	oui
A0AAD2PVL0_9STRA/134-333	autre/inconnu	E	C	H	oui	oui
A0A7W9QH75_9ACTN/35-156	Actinomycetota	E	C	H	oui	oui
A0A940WU58_9ACTN/24-151	Actinomycetota	E	C	H	oui	oui
A0A0M8X8B3_9ACTN/35-156	Actinomycetota	E	C	H	oui	oui
A0AA88KMG9_NAELO/251-328	autre/inconnu	-	C	H	non	non
A0A0B9A4I7_BRELN/27-156	autre/inconnu	E	C	H	oui	oui
A0A095YZ23_9ACTO/26-149	autre/inconnu	E	C	H	oui	oui
A0A7Y9H0F9_9ACTN/28-156	Actinomycetota	E	C	H	oui	oui
A0A1I2S6F7_9CORY/42-163	Actinomycetota	E	C	H	oui	oui
A0A0G3HBJ5_9CORY/25-146	Actinomycetota	E	C	H	oui	oui
A0A4V6S6F7_9ACTN/27-155	Actinomycetota	E	C	H	oui	oui
A0A2U2RMJ1_9MICO/15-138	Actinomycetota	E	C	H	oui	oui
Q82HH7_STRAW/35-156	Actinomycetota	E	C	H	oui	oui
A0A345NQK0_9MICO/35-158	Actinomycetota	E	C	H	oui	oui
A0A5C1YKX0_9MICO/31-154	Actinomycetota	E	C	H	oui	oui
A0A225VD34_9STRA/48-193	autre/inconnu	E	C	H	oui	oui
A0A4Y4F7C4_9GAMM/31-164	Pseudomonadota	E	C	H	oui	oui
A0A3N0E0T6_9ACTN/25-153	Actinomycetota	E	C	H	oui	oui
A0A031FTJ9_9MICO/15-138	Actinomycetota	E	C	H	oui	oui
A0A1E3R3T0_9MYCO/24-145	autre/inconnu	E	C	H	oui	oui
A0A0L6CK64_9MICO/34-157	Actinomycetota	E	C	H	oui	oui
A0A934Q6U0_9MICO/31-154	Actinomycetota	E	C	H	oui	oui
C1N6P5_MICPC/11-105	Actinomycetota	-	C	H	non	non
A0A543AUH7_9ACTN/26-149	Actinomycetota	E	C	H	oui	oui
A0A4P6FIE3_9MICO/15-138	Actinomycetota	E	C	H	oui	oui
A0A2P2GKE1_STREW/35-156	Actinomycetota	E	C	H	oui	oui
A0A939QHL0_9MICO/31-154	Actinomycetota	E	C	H	oui	oui
C5CDG9_KOSOT/25-155	autre/inconnu	E	C	H	oui	oui
A0A6I5WKC7_9ACTN/44-167	Actinomycetota	E	C	H	oui	oui
Q4JU53_CORJK/32-153	Actinomycetota	E	C	H	oui	oui
A0A0I9UTJ7_9MYCO/24-145	autre/inconnu	E	C	H	oui	oui
A0A841D2W9_PLAVE/24-151	autre/inconnu	E	C	H	oui	oui
A0A9N8EKR1_9STRA/67-257	autre/inconnu	E	C	H	oui	oui
A0A4Y9PVM0_9MICO/15-138	Actinomycetota	E	C	H	oui	oui
A0A1E7F370_9STRA/16-194	autre/inconnu	E	C	H	oui	oui
A0A7X6R1Q4_9NOCA/26-147	Actinomycetota	E	C	H	oui	oui
A0A1G7S5Z6_PSEOR/27-148	Pseudomonadota	E	C	H	oui	oui
A0A1E8CQW5_9MICO/41-164	Actinomycetota	E	C	H	oui	oui
A0A0M5KZG1_9ACTN/30-151	Actinomycetota	E	C	H	oui	oui
A0A0L8LAI6_9ACTN/35-156	Actinomycetota	E	C	H	oui	oui
A0A2T1A031_9ACTN/33-154	Actinomycetota	E	C	H	oui	oui
A0A930V2X3_9ACTN/27-155	Actinomycetota	E	C	H	oui	oui
A0A944J8L5_9ACTN/35-156	Actinomycetota	E	C	H	oui	oui
A0A3P1WHT2_9ACTN/25-148	Actinomycetota	E	C	H	oui	oui
A0A6B3HHK6_9ACTN/1-73	Actinomycetota	-	C	H	non	non
A0A5A7WK59_9MYCO/24-145	autre/inconnu	E	C	H	oui	oui
A0A261FA27_9BIFI/83-183	autre/inconnu	E	-	-	non	non
A0A367EIJ6_9ACTN/35-156	Actinomycetota	E	C	H	oui	oui
A0A0U3T4E2_9ACTN/26-149	Actinomycetota	E	C	H	oui	oui
D9XFF5_STRVT/35-156	Actinomycetota	E	C	H	oui	oui
A0A0W8IKL2_9MICC/28-157	Actinomycetota	E	C	H	oui	oui
A0A7C9TPE7_9MICO/31-152	Actinomycetota	E	C	H	oui	oui
A0A6G2BBT3_9ACTN/35-156	Actinomycetota	E	C	H	oui	oui
A0A934Q9T0_9MICO/31-154	Actinomycetota	E	C	H	oui	oui
A0A4P8HC84_9MICO/27-156	Actinomycetota	E	C	H	oui	oui
A0A6H1A6E2_9ACTN/24-152	Actinomycetota	E	C	H	oui	oui
A0A6L9S3Z6_9ACTN/1-123	Actinomycetota	E	C	H	oui	oui
D7B6X1_NOCDD/41-168	Actinomycetota	E	C	H	oui	oui
A0A1Z5K273_FISSO/57-217	autre/inconnu	E	C	H	oui	oui
A0A2A4KMN4_9ACTN/35-156	Actinomycetota	E	C	H	oui	oui
A0A089XCB9_STRGA/35-156	Actinomycetota	E	C	H	oui	oui
U1MSR6_9MICO/32-154	Actinomycetota	E	C	H	oui	oui
A0A087BKT3_9BIFI/40-168	autre/inconnu	E	C	H	oui	oui
A0A7Y9LVW7_9MICC/34-163	Actinomycetota	E	C	H	oui	oui
A0A0X3WFQ1_9ACTN/35-156	Actinomycetota	E	C	H	oui	oui
A0A4Q2EHL0_9ACTN/29-152	Actinomycetota	E	C	H	oui	oui
A0A3P1SP96_9GAMM/25-159	Pseudomonadota	E	C	H	oui	oui
A0A4R2R9J7_9PSEU/16-137	Actinomycetota	E	C	H	oui	oui
A0A2V5IX13_9MICC/43-172	Actinomycetota	E	C	H	oui	oui
A0A1H0S751_9MICO/34-157	Actinomycetota	E	C	H	oui	oui
A0A1H5ZIN2_9ACTN/32-153	Actinomycetota	E	C	H	oui	oui
A0A841BRQ7_9ACTN/36-159	Actinomycetota	E	C	H	oui	oui
A0A4R4L1D1_9ACTN/44-167	Actinomycetota	E	C	H	oui	oui
A0A095X7T0_9ACTO/46-169	autre/inconnu	E	C	H	oui	oui
A0A552WKF8_9MICO/27-150	Actinomycetota	E	C	H	oui	oui
A0A7X6D0M8_9ACTN/35-156	Actinomycetota	E	C	H	oui	oui
A0A0Q5L1A9_9MICO/31-154	Actinomycetota	E	C	H	oui	oui
A0A0X3VCX6_9ACTN/35-156	Actinomycetota	E	C	H	oui	oui
A0A1G7ZY85_9NOCA/29-150	Actinomycetota	E	C	H	oui	oui
W6K3M1_9MICO/32-155	Actinomycetota	E	C	H	oui	oui
A0A917VE55_9ACTN/39-166	Actinomycetota	E	C	H	oui	oui
A0A0K1R982_9CORY/25-150	Actinomycetota	E	C	H	oui	oui
A0A1J0VY91_9NOCA/26-147	Actinomycetota	E	C	H	oui	oui
A0A177YID7_9NOCA/27-148	Actinomycetota	E	C	H	oui	oui
A0A6B3FW97_9ACTN/7-128	Actinomycetota	E	C	H	oui	oui
A0A0B2A5X1_9MICO/31-153	Actinomycetota	E	C	H	oui	oui
A0A5Q2VWN6_9CELL/25-148	autre/inconnu	E	C	H	oui	oui
A0A9W6M6F4_9MICO/31-154	Actinomycetota	E	C	H	oui	oui
A0A0D8FW52_9ACTN/90-147	Actinomycetota	-	C	H	non	non
A0A5B1LGD6_9ACTN/24-152	Actinomycetota	E	C	H	oui	oui
A0A1M4VPZ3_9ACTN/33-151	Actinomycetota	E	C	H	oui	oui
F1TK08_RHOHA/28-149	Actinomycetota	E	C	H	oui	oui
A0A917P8H5_9MICO/31-154	Actinomycetota	E	C	H	oui	oui
A0A1G8VQZ6_ACTMZ/34-155	Actinomycetota	E	C	H	oui	oui
A0A919G0X6_9MICO/30-153	Actinomycetota	E	C	H	oui	oui
A0A3N2IED0_9MICO/31-154	Actinomycetota	E	C	H	oui	oui
A0A939RTC9_9MICO/31-154	Actinomycetota	E	C	H	oui	oui
A0A0L0D0V5_PLAFA/48-131	autre/inconnu	E	-	-	non	non
A0A101AHI6_9MYCO/24-145	autre/inconnu	E	C	H	oui	oui
A0A553K1Y0_9ACTN/120-243	Actinomycetota	E	C	H	oui	oui
A0A8J3C2P9_9ACTN/27-150	Actinomycetota	E	C	H	oui	oui
A0A7T0KM32_9ACTO/37-160	autre/inconnu	E	C	H	oui	oui
A0A7T0LL30_9ACTO/50-173	autre/inconnu	E	C	H	oui	oui
A0A4Q7M2X0_9MICO/66-188	Actinomycetota	E	C	H	oui	oui
A0A0F0KL14_9MICO/31-153	Actinomycetota	E	C	H	oui	oui
A0A939FKL9_9ACTN/35-156	Actinomycetota	E	C	H	oui	oui
A0A4V3AMG0_9MICC/31-160	Actinomycetota	E	C	H	oui	oui
A0A099JQC8_9MICO/31-154	Actinomycetota	E	C	H	oui	oui
A0A9P2WS93_THEFU/34-161	autre/inconnu	E	C	H	oui	oui
A0A1C5H7Z4_9ACTN/47-170	Actinomycetota	E	C	H	oui	oui
A0A511JAD4_9CELL/28-151	autre/inconnu	E	C	H	oui	oui
A0A938YB95_9ACTN/27-155	Actinomycetota	E	C	H	oui	oui
A0A1C4SCW8_9ACTN/35-156	Actinomycetota	E	C	H	oui	oui
A0A560WD89_9MICO/36-159	Actinomycetota	E	C	H	oui	oui
A0A1A8TMW0_9GAMM/27-160	Pseudomonadota	E	C	H	oui	oui
A0A1E7K0H0_9ACTN/35-156	Actinomycetota	E	C	H	oui	oui
A0A7J5X045_9ACTN/25-146	Actinomycetota	E	C	H	oui	oui
A0A5J6ZBU9_9CORY/25-146	Actinomycetota	E	C	H	oui	oui
A0A1A1Y620_9MYCO/24-145	autre/inconnu	E	C	H	oui	oui
A0A5C8HPJ4_9MICO/31-154	Actinomycetota	E	C	H	oui	oui
A0A941INV3_9ACTN/116-152	Actinomycetota	-	C	H	non	non
A0A916WT61_9ACTN/29-150	Actinomycetota	E	C	H	oui	oui
U6N5L6_9EIME/302-409	autre/inconnu	E	-	-	non	non
A0A0H3DGR1_AMYMU/34-155	autre/inconnu	E	C	H	oui	oui
H0QHC4_ARTG1/37-166	autre/inconnu	E	C	H	oui	oui
A0A3Q9HSD0_9FIRM/29-168	autre/inconnu	E	C	H	oui	oui
A0A419HF78_9PSEU/34-155	Actinomycetota	E	C	H	oui	oui
A0A919BKX0_STRFL/35-156	Actinomycetota	E	C	H	oui	oui
A0A6M4FQR3_9GAMM/31-164	Pseudomonadota	E	C	H	oui	oui
A0A919AG43_9ACTN/35-156	Actinomycetota	E	C	H	oui	oui
A0A372GH34_9ACTN/24-151	Actinomycetota	E	C	H	oui	oui
A0A5N8WHG6_9ACTN/35-156	Actinomycetota	E	C	H	oui	oui
A0A401MJ97_9ACTN/54-175	Actinomycetota	E	C	H	oui	oui
A0A1H9RH22_9ACTN/40-163	Actinomycetota	E	C	H	oui	oui
B7IFP6_THEAB/27-159	autre/inconnu	E	C	H	oui	oui
A0A8J5M6Y4_9STRA/51-197	autre/inconnu	E	C	H	oui	oui
A0JU23_ARTS2/29-158	autre/inconnu	E	C	H	oui	oui
A0A378Y891_9NOCA/28-149	Actinomycetota	E	C	H	oui	oui
A0A0W8I8T0_9MICO/35-158	Actinomycetota	E	C	H	oui	oui
A0A9W6MF22_9ACTN/24-151	Actinomycetota	E	C	H	oui	oui
A0A378TIM5_9MYCO/24-145	autre/inconnu	E	C	H	oui	oui
A0A4V1CP88_9MICC/37-166	Actinomycetota	E	C	H	oui	oui
L7ETM5_9ACTN/35-156	Actinomycetota	E	C	H	oui	oui
A0A285EH76_9ACTN/27-148	Actinomycetota	E	C	H	oui	oui
A0A0N0XW21_9ACTN/35-156	Actinomycetota	E	C	H	oui	oui
A0A810KUP0_9ACTN/37-160	Actinomycetota	E	C	H	oui	oui
A0A516Q3D4_9ACTN/27-155	Actinomycetota	E	C	H	oui	oui
S3X035_9ACTN/31-159	Actinomycetota	E	C	H	oui	oui
A0A7R6SUY1_9GAMM/25-158	Pseudomonadota	E	C	H	oui	oui
A0A428X9T1_9ACTN/26-149	Actinomycetota	E	C	H	oui	oui
A0A1D8G1E8_9ACTN/35-156	Actinomycetota	E	C	H	oui	oui
A0A8J2S4W0_9STRA/79-228	autre/inconnu	E	C	H	oui	oui
A0A4V0YDJ3_9MICO/31-154	Actinomycetota	E	C	H	oui	oui
A0A1H1CX13_9ACTN/27-151	Actinomycetota	E	C	H	oui	oui
A0A6P2BL32_9ACTN/24-151	Actinomycetota	E	C	H	oui	oui
B8KXK2_9GAMM/32-165	Pseudomonadota	E	C	H	oui	oui
A0A7K3WGF5_9ACTN/38-159	Actinomycetota	E	C	H	oui	oui
A0A561VQ49_ACTTI/26-149	Actinomycetota	E	C	H	oui	oui
A0A4R4T8D2_9ACTN/107-143	Actinomycetota	-	C	H	non	non
A0A927G991_9MICO/32-155	Actinomycetota	E	C	H	oui	oui
A0A365YZT8_9ACTN/111-147	Actinomycetota	-	C	H	non	non
A0A2S3ZA47_9MICO/31-154	Actinomycetota	E	C	H	oui	oui
A0A6M4PPJ9_9ACTN/35-156	Actinomycetota	E	C	H	oui	oui
A0A7L5ZK27_9ACTN/4-127	Actinomycetota	E	C	H	oui	oui
A0A2S9Z4W4_9CORY/25-146	Actinomycetota	E	C	H	oui	oui
A0A5D0NQD0_9ACTN/54-181	Actinomycetota	E	C	H	oui	oui
H0J162_9GAMM/31-164	Pseudomonadota	E	C	H	oui	oui
A0A7Y9GNV4_9MICO/31-154	Actinomycetota	E	C	H	oui	oui
A0A7K0D1Z0_9NOCA/28-149	Actinomycetota	E	C	H	oui	oui
A0A2T0QD94_9ACTN/33-160	Actinomycetota	E	C	H	oui	oui
A0A1I0X3B4_9CELL/60-183	autre/inconnu	E	C	H	oui	oui
A0A7Y0KER1_9PSEU/27-148	Actinomycetota	E	C	H	oui	oui
A0A853AE56_9PSEU/31-152	Actinomycetota	E	C	H	oui	oui
A0A944PGE5_9ACTN/35-156	Actinomycetota	E	C	H	oui	oui
A0A931DVP7_9MICO/31-153	Actinomycetota	E	C	H	oui	oui
G7CCD2_MYCT3/24-145	Actinomycetota	E	C	H	oui	oui
A0A7W7MTH4_9ACTN/26-149	Actinomycetota	E	C	H	oui	oui
A0A3R8D3Y1_APHAT/148-194	autre/inconnu	-	C	H	non	non
A0A8J4E1G9_9ACTN/35-158	Actinomycetota	E	C	H	oui	oui
A0A7K1L6D2_9ACTN/40-167	Actinomycetota	E	C	H	oui	oui
A0A0J6YSW4_9MYCO/24-145	autre/inconnu	E	C	H	oui	oui
A0A7G6ZA56_9MICO/31-153	Actinomycetota	E	C	H	oui	oui
A0A231H0S7_9NOCA/43-164	Actinomycetota	E	C	H	oui	oui
A0A8J5XFE8_DIALT/100-242	autre/inconnu	E	C	H	oui	oui
A0A6N9H927_9MICO/27-156	Actinomycetota	E	C	H	oui	oui
A0A0N0APJ7_9ACTN/49-176	Actinomycetota	E	C	H	oui	oui
A0A2P8ASE6_9ACTN/53-176	Actinomycetota	E	C	H	oui	oui
A0A5C4XW75_9ACTN/35-162	Actinomycetota	E	C	H	oui	oui
A0A940PU18_9MICO/31-154	Actinomycetota	E	C	H	oui	oui
A0A853B3X7_9PSEU/34-155	Actinomycetota	E	C	H	oui	oui
C7M0H6_ACIFD/24-102	autre/inconnu	E	-	-	non	non
A0A2M9BG15_9ACTN/46-169	Actinomycetota	E	C	H	oui	oui
A0A0A0JK80_9MICO/34-157	Actinomycetota	E	C	H	oui	oui
A0A1F1K3L3_9MICO/35-158	Actinomycetota	E	C	H	oui	oui
A0A2N8PNT2_STRNR/35-156	Actinomycetota	E	C	H	oui	oui
Q5YQ32_NOCFA/26-147	Actinomycetota	E	C	H	oui	oui
A0A662XNH5_NOTX5/88-241	autre/inconnu	E	C	H	oui	oui
A0A426JRL3_9PSEU/23-144	Actinomycetota	E	C	H	oui	oui
A0A4R8R6P2_9MYCO/24-145	autre/inconnu	E	C	H	oui	oui
A0A3M0I746_9ACTN/35-156	Actinomycetota	E	C	H	oui	oui
A0A919Q0A6_9MICO/28-151	Actinomycetota	E	C	H	oui	oui
A0A160KRK5_9MICO/31-154	Actinomycetota	E	C	H	oui	oui
A0A0M2HKD6_MICTR/31-154	Actinomycetota	E	C	H	oui	oui
A0A366ZEP1_9ACTN/15-136	Actinomycetota	E	C	H	oui	oui
A0A2S0WUB1_9MICO/31-154	Actinomycetota	E	C	H	oui	oui
A0A0P7FDM3_9MICC/30-159	Actinomycetota	E	C	H	oui	oui
A0A3R9UA89_9ACTN/35-156	Actinomycetota	E	C	H	oui	oui
A0A944KGN4_9ACTN/35-156	Actinomycetota	E	C	H	oui	oui
A0A4Q7J8G2_9PSEU/31-152	Actinomycetota	E	C	H	oui	oui
A0A438MGI0_9ACTN/23-150	Actinomycetota	E	C	H	oui	oui
A0A077MF73_9MICO/44-173	Actinomycetota	E	C	H	oui	oui
A0A4Q7WX87_9ACTN/35-156	Actinomycetota	E	C	H	oui	oui
A0A8I0KP44_9ACTO/33-161	autre/inconnu	E	C	H	oui	oui
A0A2N0WMG8_9GAMM/28-161	Pseudomonadota	E	C	H	oui	oui
A0A087AQN5_9BIFI/45-173	autre/inconnu	E	C	H	oui	oui
A0A101RQZ5_9ACTN/35-156	Actinomycetota	E	C	H	oui	oui
A0A0F5W2I0_9ACTN/35-156	Actinomycetota	E	C	H	oui	oui
A0A383S857_9ACTN/29-152	Actinomycetota	E	C	H	oui	oui
A0A1Q4WK25_9ACTN/31-152	Actinomycetota	E	C	H	oui	oui
A0A0D1LDS0_9MYCO/24-145	autre/inconnu	E	C	H	oui	oui
A0A9X1TY29_9CORY/25-146	Actinomycetota	E	C	H	oui	oui
A0A151C1H6_9MICO/25-148	Actinomycetota	E	C	H	oui	oui
W2EH85_9ACTN/24-151	Actinomycetota	E	C	H	oui	oui
A0A2K8PHW4_STRLA/35-156	Actinomycetota	E	C	H	oui	oui
A0A931C6P9_9ACTN/24-147	Actinomycetota	E	C	H	oui	oui
A0A6I1G4R8_9MICO/37-160	Actinomycetota	E	C	H	oui	oui
A0A5C1Y688_9MICO/31-152	Actinomycetota	E	C	H	oui	oui
A0A7W4VUA7_9ACTN/24-147	Actinomycetota	E	C	H	oui	oui
A0A0Q8APS4_9MICO/31-154	Actinomycetota	E	C	H	oui	oui
A0A1T5IZC4_9MICO/31-154	Actinomycetota	E	C	H	oui	oui
A0A512SX88_9MICO/36-159	Actinomycetota	E	C	H	oui	oui
A0A852ZVR2_9ACTN/41-162	Actinomycetota	E	C	H	oui	oui
A0A6I5CG22_9ACTN/35-156	Actinomycetota	E	C	H	oui	oui
A0A4S2TTL3_9ACTN/35-156	Actinomycetota	E	C	H	oui	oui
A0A426Q6V5_9CORY/25-146	Actinomycetota	E	C	H	oui	oui
A0A1R1L8R6_9MICC/29-158	Actinomycetota	E	C	H	oui	oui
A0A2V3DVK4_9MICC/36-165	Actinomycetota	E	C	H	oui	oui
A0A1Q5LGQ4_9ACTN/35-156	Actinomycetota	E	C	H	oui	oui
A0A1L7CF24_9CORY/25-145	Actinomycetota	E	C	H	oui	oui
B8CC62_THAPS/279-441	autre/inconnu	E	C	H	oui	oui
A0A7Y7IJM1_9MICC/70-199	Actinomycetota	E	C	H	oui	oui
A0A4R1AMD7_9ACTN/26-149	Actinomycetota	E	C	H	oui	oui
A0A937RFD0_9ACTN/33-154	Actinomycetota	E	C	H	oui	oui
A0A3N0CDD9_9ACTN/24-152	Actinomycetota	E	C	H	oui	oui
A0A261FGG2_9BIFI/43-171	autre/inconnu	E	C	H	oui	oui
A0A9W5UQV2_9ACTN/44-167	Actinomycetota	E	C	H	oui	oui
A0A1H1SWQ0_9ACTN/25-148	Actinomycetota	E	C	H	oui	oui
A0A4S8NMK0_9ACTN/26-154	Actinomycetota	E	C	H	oui	oui
A0A1I2FV70_9ACTN/35-156	Actinomycetota	E	C	H	oui	oui
A0A7V8NBY0_9ACTN/35-156	Actinomycetota	E	C	H	oui	oui
A0A4S8QCI3_9ACTN/35-158	Actinomycetota	E	C	H	oui	oui
A0A261FUJ3_9BIFI/47-175	autre/inconnu	E	C	H	oui	oui
A0A1Q5G6F7_9ACTN/35-156	Actinomycetota	E	C	H	oui	oui
A0A7W8A8Y9_9ACTN/23-150	Actinomycetota	E	C	H	oui	oui
A0A1G9JVY6_9ACTN/25-148	Actinomycetota	E	C	H	oui	oui
A0A2N6PE86_9MICO/27-156	Actinomycetota	E	C	H	oui	oui
A0A917WPQ3_9ACTN/44-167	Actinomycetota	E	C	H	oui	oui
A0A1A9GJA1_9ACTN/30-158	Actinomycetota	E	C	H	oui	oui
A0A942QK73_9ACTN/1-114	Actinomycetota	E	C	H	oui	oui
A0A1G6VSF5_9ACTN/24-152	Actinomycetota	E	C	H	oui	oui
A0A1H6U5J5_9GAMM/31-164	Pseudomonadota	E	C	H	oui	oui
A0A7K3M9B2_9ACTN/95-218	Actinomycetota	E	C	H	oui	oui
A0A7K2JJV3_9ACTN/35-156	Actinomycetota	E	C	H	oui	oui
A0A2C8ZGI2_9MICO/30-152	Actinomycetota	E	C	H	oui	oui
A0A7M2TEA2_STRCW/35-156	Actinomycetota	E	C	H	oui	oui
Q1AXJ6_RUBXD/72-125	autre/inconnu	-	C	H	non	non
A0A1I1BFV9_9PSEU/34-155	Actinomycetota	E	C	H	oui	oui
A0A7I7XLE6_9MYCO/24-145	autre/inconnu	E	C	H	oui	oui
A0A1H6EMI6_9ACTN/23-150	Actinomycetota	E	C	H	oui	oui
A0A542YVI4_9MICO/38-161	Actinomycetota	E	C	H	oui	oui
A0A5B8JHZ0_9ACTN/35-156	Actinomycetota	E	C	H	oui	oui
S2YH70_9ACTN/35-156	Actinomycetota	E	C	H	oui	oui
A0A4R1CDI6_9ACTN/25-153	Actinomycetota	E	C	H	oui	oui
A0A0N6W6Q8_9MICO/31-153	Actinomycetota	E	C	H	oui	oui
A0A3S9PHU9_STRLT/35-156	Actinomycetota	E	C	H	oui	oui
A0A8J3WSB7_9ACTN/27-154	Actinomycetota	E	C	H	oui	oui
A0A917APT0_9MICC/28-157	Actinomycetota	E	C	H	oui	oui
A0A077LYI4_9MICO/1-73	Actinomycetota	-	C	H	non	non
A0A7J9UTZ6_9MICO/27-150	Actinomycetota	E	C	H	oui	oui
A0A1N6SXW7_9GAMM/32-167	Pseudomonadota	E	C	H	oui	oui
A0A3R9UTJ1_9ACTN/35-156	Actinomycetota	E	C	H	oui	oui
A0A1C6P4X0_9ACTN/35-156	Actinomycetota	E	C	H	oui	oui
A0A6N2HYS6_9ACTN/35-156	Actinomycetota	E	C	H	oui	oui
A0A0J0UWX6_9ACTN/51-170	Actinomycetota	E	C	H	oui	oui
A0A6B8W508_9CORY/25-146	Actinomycetota	E	C	H	oui	oui
A0A1M7GD49_9GAMM/31-164	Pseudomonadota	E	C	H	oui	oui
A0A927IDZ3_9ACTN/35-156	Actinomycetota	E	C	H	oui	oui
A0A1Q4VDT5_9ACTN/35-156	Actinomycetota	E	C	H	oui	oui
A0A1W0B466_9NOCA/26-147	Actinomycetota	E	C	H	oui	oui
A0A1L7BDV6_9BACT/27-159	autre/inconnu	E	C	H	oui	oui
A0A8J3GQZ1_9MICO/30-152	Actinomycetota	E	C	H	oui	oui
A0Z830_9GAMM/36-168	Pseudomonadota	E	C	H	oui	oui
K0YT52_9CORY/37-158	Actinomycetota	E	C	H	oui	oui
A0A918DY48_9ACTN/35-156	Actinomycetota	E	C	H	oui	oui
A0A1C4RQD7_9ACTN/38-159	Actinomycetota	E	C	H	oui	oui
A0A1R1S5J9_9ACTN/35-156	Actinomycetota	E	C	H	oui	oui
A0A2W2F1I1_9ACTN/44-167	Actinomycetota	E	C	H	oui	oui
A0A9X4RDH2_9ACTN/27-148	Actinomycetota	E	C	H	oui	oui
A0A7W7SNJ0_9ACTN/44-167	Actinomycetota	E	C	H	oui	oui
A0A7L5AM28_9MICO/31-154	Actinomycetota	E	C	H	oui	oui
K6UMD3_9MICO/31-154	Actinomycetota	E	C	H	oui	oui
H5USC5_9MICO/73-196	Actinomycetota	E	C	H	oui	oui
A0A7Y0HXL0_9BIFI/43-171	autre/inconnu	E	C	H	oui	oui
A0A0M9ZZV5_9ACTN/35-156	Actinomycetota	E	C	H	oui	oui
A0A8J3RBZ5_9ACTN/24-151	Actinomycetota	E	C	H	oui	oui
A0A949TYB5_9CORY/25-145	Actinomycetota	E	C	H	oui	oui
A0A1B1MAT7_STRLN/35-156	Actinomycetota	E	C	H	oui	oui
A0A370BDL2_9ACTN/35-156	Actinomycetota	E	C	H	oui	oui
A0A291GPY8_9MICO/35-158	Actinomycetota	E	C	H	oui	oui
A0A839DP46_9PSEU/30-151	Actinomycetota	E	C	H	oui	oui
A0A931GL04_9MICC/46-175	Actinomycetota	E	C	H	oui	oui
A0A1Q2CJ36_9ACTN/27-150	Actinomycetota	E	C	H	oui	oui
A0A6I5MZQ2_9BIFI/49-177	autre/inconnu	E	C	H	oui	oui
A0AA37XBC6_9MICO/31-154	Actinomycetota	E	C	H	oui	oui
A0A7Y2LXP5_9MICO/31-154	Actinomycetota	E	C	H	oui	oui
A0A7W9L8S5_9ACTN/24-151	Actinomycetota	E	C	H	oui	oui
A0A810MYG9_9ACTN/44-167	Actinomycetota	E	C	H	oui	oui
A0A143QBS9_9NOCA/26-147	Actinomycetota	E	C	H	oui	oui
A0A7L4YQ87_9ACTN/28-149	Actinomycetota	E	C	H	oui	oui
A0A2U2ZUX1_9ACTN/35-156	Actinomycetota	E	C	H	oui	oui
A0A8J2ST05_9STRA/52-182	autre/inconnu	E	C	H	oui	oui
A0A0P0DJP6_9MICO/31-154	Actinomycetota	E	C	H	oui	oui
A0A2S9Q266_9ACTN/35-156	Actinomycetota	E	C	H	oui	oui
A0A5R9LWM6_9ACTN/35-156	Actinomycetota	E	C	H	oui	oui
A0A426UGE6_9ACTN/35-156	Actinomycetota	E	C	H	oui	oui
A0A3A4KL32_9NOCA/26-147	Actinomycetota	E	C	H	oui	oui
A0A101QX63_9ACTN/35-156	Actinomycetota	E	C	H	oui	oui
A0A161UM25_9MICO/31-154	Actinomycetota	E	C	H	oui	oui
A0A8J3PJW8_9ACTN/37-160	Actinomycetota	E	C	H	oui	oui
M3A0J9_9NOCA/27-148	Actinomycetota	E	C	H	oui	oui
A0A2M9H8F7_9BIFI/43-171	autre/inconnu	E	C	H	oui	oui
A0A1R4HNR1_9MICO/31-154	Actinomycetota	E	C	H	oui	oui
A0A919R201_9ACTN/24-151	Actinomycetota	E	C	H	oui	oui
A0A1F1KR42_9CORY/25-146	Actinomycetota	E	C	H	oui	oui
A0A0Q8LZL1_9MICO/31-154	Actinomycetota	E	C	H	oui	oui
A0AAJ2U2A5_9MICO/31-154	Actinomycetota	E	C	H	oui	oui
A0A387HEY2_9ACTN/35-156	Actinomycetota	E	C	H	oui	oui
A0A7T7M921_9ACTO/47-170	autre/inconnu	E	C	H	oui	oui
A0A918DQS9_9GAMM/24-157	Pseudomonadota	E	C	H	oui	oui
A0A1G6QFM8_9MICO/37-160	Actinomycetota	E	C	H	oui	oui
A0A2X3MK37_9BACT/24-161	autre/inconnu	E	C	H	oui	oui
H0R5Q3_9ACTN/25-146	Actinomycetota	E	C	H	oui	oui
A0A9Q5C8F5_9GAMM/25-158	Pseudomonadota	E	C	H	oui	oui
A0A161LP09_9ACTN/24-151	Actinomycetota	E	C	H	oui	oui
L7KNX3_9ACTN/36-157	Actinomycetota	E	C	H	oui	oui
A0A8T1W2Z0_9STRA/49-194	autre/inconnu	E	C	H	oui	oui
A0A1Z5K406_FISSO/107-278	autre/inconnu	E	C	H	oui	oui
A0A7W3Y1J1_9ACTN/35-156	Actinomycetota	E	C	H	oui	oui
A0A540W3W5_9ACTN/30-151	Actinomycetota	E	C	H	oui	oui
A0A1V2RN62_9ACTN/30-114	Actinomycetota	E	-	-	non	non
A0A2R4FN53_9ACTN/55-178	Actinomycetota	E	C	H	oui	oui
A0A975T014_9ACTN/24-147	Actinomycetota	E	C	H	oui	oui
A0A6N7HU96_9PSEU/30-151	Actinomycetota	E	C	H	oui	oui
A0A9E6WZ83_9MICO/31-154	Actinomycetota	E	C	H	oui	oui
A0A367FNN2_9ACTN/24-151	Actinomycetota	E	C	H	oui	oui
A0A813HLF5_POLGL/85-231	autre/inconnu	E	C	H	oui	oui
A0A345XUI0_9ACTN/35-156	Actinomycetota	E	C	H	oui	oui
A0A4Z0M5D2_9GAMM/25-158	Pseudomonadota	E	C	H	oui	oui
A0A511UNR4_9GAMM/31-164	Pseudomonadota	E	C	H	oui	oui
A0A4Q6V4K2_9ACTN/35-156	Actinomycetota	E	C	H	oui	oui
A0A2S1SSP3_9ACTN/35-156	Actinomycetota	E	C	H	oui	oui
A0A0Q7QMG4_9ACTN/35-158	Actinomycetota	E	C	H	oui	oui
A0A7H8N7B1_9ACTN/35-156	Actinomycetota	E	C	H	oui	oui
A0A561UFT2_9ACTN/30-151	Actinomycetota	E	C	H	oui	oui
A0A3N0C710_9MICC/15-144	Actinomycetota	E	C	H	oui	oui
H3NW55_9GAMM/40-173	Pseudomonadota	E	C	H	oui	oui
A0A1C5GEV6_MICEH/44-167	Actinomycetota	E	C	H	oui	oui
A0A238VEE8_9PSEU/34-155	Actinomycetota	E	C	H	oui	oui
A0A8J8BBW3_9ACTN/25-146	Actinomycetota	E	C	H	oui	oui
A0A420XKS9_9ACTN/26-149	Actinomycetota	E	C	H	oui	oui
A0A5B8M3Y0_9MICO/31-154	Actinomycetota	E	C	H	oui	oui
A0A7X5ANH4_9GAMM/31-164	Pseudomonadota	E	C	H	oui	oui
A0A7K2FQQ4_9ACTN/35-156	Actinomycetota	E	C	H	oui	oui
A0A2M9HQW1_9BIFI/43-171	autre/inconnu	E	C	H	oui	oui
A0A076N417_AMYME/34-155	autre/inconnu	E	C	H	oui	oui
F6EQN6_HOYSD/28-149	autre/inconnu	E	C	H	oui	oui
A0A833W5L3_PHYIN/47-194	autre/inconnu	E	C	H	oui	oui
A0A934U7V0_9NOCA/28-149	Actinomycetota	E	C	H	oui	oui
A0A1V0AES8_9ACTN/24-151	Actinomycetota	E	C	H	oui	oui
Q8G5J1_BIFLO/43-171	Actinomycetota	E	C	H	oui	oui
W1N9J4_9GAMM/31-164	Pseudomonadota	E	C	H	oui	oui
A0A239QUT6_9MICO/27-150	Actinomycetota	E	C	H	oui	oui
A0A1G9QAE2_9GAMM/31-164	Pseudomonadota	E	C	H	oui	oui
A0A261ET31_9BIFI/51-179	autre/inconnu	E	C	H	oui	oui
A0A7J5BWL3_9MICO/29-152	Actinomycetota	E	C	H	oui	oui
A0A1I3EF69_9GAMM/31-164	Pseudomonadota	E	C	H	oui	oui
W7TTH5_9STRA/118-255	autre/inconnu	E	C	H	oui	oui
A0A7Y6E956_9MICC/40-169	Actinomycetota	E	C	H	oui	oui
A0A0N7K099_9PSEU/28-151	Actinomycetota	E	C	H	oui	oui
A0A5Q2MNA2_9ACTN/1-123	Actinomycetota	E	C	H	oui	oui
A0A2Z5QYB5_9MICC/46-175	Actinomycetota	E	C	H	oui	oui
A0A7K0BS49_9ACTN/24-151	Actinomycetota	E	C	H	oui	oui
A0A5B0APZ9_9ACTN/35-156	Actinomycetota	E	C	H	oui	oui
A0A8H2PU65_9MICO/31-152	Actinomycetota	E	C	H	oui	oui
A0A9K3PP58_9STRA/288-382	autre/inconnu	-	C	H	non	non
D5UV32_TSUPD/29-150	autre/inconnu	E	C	H	oui	oui
A0A849JVY6_9MICO/15-138	Actinomycetota	E	C	H	oui	oui
A0A7D6ZLG6_9NOCA/30-151	Actinomycetota	E	C	H	oui	oui
A0A170Z568_9ACTN/35-156	Actinomycetota	E	C	H	oui	oui
A0A3N4YKY8_9MICO/34-157	Actinomycetota	E	C	H	oui	oui
A0A5R8YUP8_9PSEU/35-162	Actinomycetota	E	C	H	oui	oui
A0A4V2EXI3_9MICO/31-154	Actinomycetota	E	C	H	oui	oui
A0A940XRK2_9ACTN/35-156	Actinomycetota	E	C	H	oui	oui
A0A918PN86_9ACTN/54-175	Actinomycetota	E	C	H	oui	oui
A0A4Y3WQQ3_9PSEU/26-147	Actinomycetota	E	C	H	oui	oui
W6KXX1_9TRYP/38-182	autre/inconnu	E	C	H	oui	oui
A0A448ZKR0_9STRA/69-214	autre/inconnu	E	-	-	non	non
A0A543NM68_9ACTN/39-166	Actinomycetota	E	C	H	oui	oui
A0A6V8NFX8_9ACTN/55-116	Actinomycetota	E	-	-	non	non
A0A840P861_9ACTN/28-155	Actinomycetota	E	C	H	oui	oui
A0A926QRF9_9ACTN/35-156	Actinomycetota	E	C	H	oui	oui
A0A9X1S1Y8_9MICO/31-154	Actinomycetota	E	C	H	oui	oui
A0A0B5DM22_9ACTN/35-156	Actinomycetota	E	C	H	oui	oui
A0A249KF86_9ACTN/30-154	Actinomycetota	E	C	H	oui	oui
A0A3Q8W3Y6_9ACTN/35-156	Actinomycetota	E	C	H	oui	oui
A0A087B449_9BIFI/45-173	autre/inconnu	E	C	H	oui	oui
A0A422N2V1_TRYRA/29-173	autre/inconnu	E	C	H	oui	oui
A0A3B7DJG5_9ACTN/25-148	Actinomycetota	E	C	H	oui	oui
A0A4Q7ZP71_9ACTN/29-152	Actinomycetota	E	C	H	oui	oui
A0A4S2REL4_9ACTN/35-156	Actinomycetota	E	C	H	oui	oui
G2NED3_STREK/35-156	Actinomycetota	E	C	H	oui	oui
A0A1C6U6K9_9ACTN/47-170	Actinomycetota	E	C	H	oui	oui
A0A550HV72_9ACTN/35-156	Actinomycetota	E	C	H	oui	oui
A0A6H1RGH6_9PSEU/30-151	Actinomycetota	E	C	H	oui	oui
A0A1J4NL68_9ACTN/35-156	Actinomycetota	E	C	H	oui	oui
A0A3N4CYX9_9ACTN/38-161	Actinomycetota	E	C	H	oui	oui
A0A1H7NAU7_9ACTN/47-168	Actinomycetota	E	C	H	oui	oui
A0A9K3KWR1_9STRA/196-345	autre/inconnu	E	-	-	non	non
A0A939E1J6_9CORY/32-153	Actinomycetota	E	C	H	oui	oui
A0A2V1KDT3_9ACTO/30-153	autre/inconnu	E	C	H	oui	oui
A0A0F7N2D3_9ACTN/35-156	Actinomycetota	E	C	H	oui	oui
A0A096PAX5_OSTTA/19-177	autre/inconnu	E	C	H	oui	oui
A0A327ZG79_9ACTN/27-150	Actinomycetota	E	C	H	oui	oui
A0A2S4XNQ2_9ACTN/35-156	Actinomycetota	E	C	H	oui	oui
W9GGV1_9MICO/32-155	Actinomycetota	E	C	H	oui	oui
A0A5C4MBA5_9PSEU/30-151	Actinomycetota	E	C	H	oui	oui
A0A7T0KFK0_9CORY/33-154	Actinomycetota	E	C	H	oui	oui
A0A4T0V7I0_9ACTN/29-157	Actinomycetota	E	C	H	oui	oui
A0A918AM56_9PSEU/23-144	Actinomycetota	E	C	H	oui	oui
A0A429GA56_9ACTN/35-162	Actinomycetota	E	C	H	oui	oui
A0A6G8FZA9_9MICO/32-155	Actinomycetota	E	C	H	oui	oui
A0A975STT4_9ACTO/35-158	autre/inconnu	E	C	H	oui	oui
A0A916YA04_9MICO/31-154	Actinomycetota	E	C	H	oui	oui
A0A6B2XCE2_9ACTN/35-156	Actinomycetota	E	C	H	oui	oui
A0A7H0H2A4_9ACTN/26-149	Actinomycetota	E	C	H	oui	oui
A0A498QWR1_9MYCO/4-125	autre/inconnu	E	C	H	oui	oui
A0A329QKE8_9ACTN/44-167	Actinomycetota	E	C	H	oui	oui
Q741U5_MYCPA/24-145	Actinomycetota	E	C	H	oui	oui
A0A918A9J9_9ACTN/23-150	Actinomycetota	E	C	H	oui	oui
A0A941INV3_9ACTN/26-114	Actinomycetota	E	-	-	non	non
A0A384I2K8_9ACTN/35-156	Actinomycetota	E	C	H	oui	oui
A0A7G8WKR3_9ACTN/39-160	Actinomycetota	E	C	H	oui	oui
A0A9W5T8J3_BABOV/437-521	autre/inconnu	E	-	-	non	non
A0A0P1A8J7_PLAHL/51-197	autre/inconnu	E	C	H	oui	oui
A0A1Z5JA01_FISSO/109-280	autre/inconnu	E	C	H	oui	oui
J0MYC2_9ACTO/18-141	autre/inconnu	E	C	H	oui	oui
A0A512PG05_9CELL/31-154	autre/inconnu	E	C	H	oui	oui
A0A944P763_9ACTN/35-156	Actinomycetota	E	C	H	oui	oui
A0A9W6QX64_9PSEU/29-150	Actinomycetota	E	C	H	oui	oui
A0AA40VKM9_9MICO/31-154	Actinomycetota	E	C	H	oui	oui
A0A0B5D6C3_9CORY/25-146	Actinomycetota	E	C	H	oui	oui
A0A542DQT9_AMYCI/29-150	autre/inconnu	E	C	H	oui	oui
A0A7G5LYM1_9ACTN/29-152	Actinomycetota	E	C	H	oui	oui
A0A239K2U9_9MICO/64-187	Actinomycetota	E	C	H	oui	oui
A0A7K2Q3A1_9ACTN/35-156	Actinomycetota	E	C	H	oui	oui
A0A1H4DK14_9GAMM/33-167	Pseudomonadota	E	C	H	oui	oui
E0QP05_9ACTO/40-166	autre/inconnu	E	C	H	oui	oui
A0A7H0HT13_9ACTN/35-156	Actinomycetota	E	C	H	oui	oui
A0A2Z4V411_9ACTN/35-156	Actinomycetota	E	C	H	oui	oui
A0A2P4Y3U7_9STRA/46-192	autre/inconnu	E	C	H	oui	oui
A0A1H1M1X9_9MICO/31-153	Actinomycetota	E	C	H	oui	oui
A0A161HSY9_9MICO/35-158	Actinomycetota	E	C	H	oui	oui
A0A3M0GLY7_9ACTN/26-149	Actinomycetota	E	C	H	oui	oui
A0A1X6X857_9MICO/35-158	Actinomycetota	E	C	H	oui	oui
A0AAE4C6P0_9MICC/33-162	Actinomycetota	E	C	H	oui	oui
A0A5C8I990_9MICO/15-138	Actinomycetota	E	C	H	oui	oui
A0A087BCH0_9BIFI/52-180	autre/inconnu	E	C	H	oui	oui
A0A2T8F7M7_9ACTN/24-147	Actinomycetota	E	C	H	oui	oui
A0A543F1K9_9MICO/31-153	Actinomycetota	E	C	H	oui	oui
A0A846RPN2_9MICC/31-160	Actinomycetota	E	C	H	oui	oui
A0A918FGV0_AGRME/31-154	autre/inconnu	E	C	H	oui	oui
A0AAD9UP27_9APIC/421-490	autre/inconnu	-	C	H	non	non
A0A4R2C9D6_9ACTN/25-148	Actinomycetota	E	C	H	oui	oui
A0A0F0LU91_9MICO/31-153	Actinomycetota	E	C	H	oui	oui
A0A3S3ZTY4_9MICO/40-162	Actinomycetota	E	C	H	oui	oui
H3HCG6_PHYRM/30-175	autre/inconnu	E	C	H	oui	oui
A0A7X8TKQ1_9MICC/36-165	Actinomycetota	E	C	H	oui	oui
A0A927LYQ3_9ACTN/49-172	Actinomycetota	E	C	H	oui	oui
A0A086Z016_9BIFI/60-188	autre/inconnu	E	C	H	oui	oui
A0A1S9MFJ9_9MICC/41-170	Actinomycetota	E	C	H	oui	oui
A0A4Q5J7W8_9ACTN/27-150	Actinomycetota	E	C	H	oui	oui
A0A2T0Y1N4_9MICO/58-181	Actinomycetota	E	C	H	oui	oui
A0A543KKV2_9MICO/35-158	Actinomycetota	E	C	H	oui	oui
A0A0Q8PSX5_9ACTN/26-154	Actinomycetota	E	C	H	oui	oui
S9TXE0_9TRYP/63-206	autre/inconnu	E	C	H	oui	oui
A0A4P9JBN5_9MICC/31-160	Actinomycetota	E	C	H	oui	oui
A0A2W5WSD3_9MICO/34-156	Actinomycetota	E	C	H	oui	oui
A0A1E7KNA0_9ACTN/35-156	Actinomycetota	E	C	H	oui	oui
A0A6G9YVA5_9NOCA/56-177	Actinomycetota	E	C	H	oui	oui
A0A839QPI3_9MICC/41-170	Actinomycetota	E	C	H	oui	oui
A0A1C3NV46_9ACTN/1-113	Actinomycetota	E	C	H	oui	oui
A0A840J3W7_9PSEU/35-156	Actinomycetota	E	C	H	oui	oui
A0A162F8W3_9MICO/31-154	Actinomycetota	E	C	H	oui	oui
A0A101T8Y0_9ACTN/35-156	Actinomycetota	E	C	H	oui	oui
A0A212U7U1_9MICO/35-158	Actinomycetota	E	C	H	oui	oui
A0A0F0KG76_9MICO/31-154	Actinomycetota	E	C	H	oui	oui
A0A2X4X1W5_9NOCA/27-148	Actinomycetota	E	C	H	oui	oui
A0A1S1RJS5_9ACTN/15-136	Actinomycetota	E	C	H	oui	oui
A0A1G6GD48_9ACTN/27-150	Actinomycetota	E	C	H	oui	oui
A0A0F2C3V9_9MICO/31-154	Actinomycetota	E	C	H	oui	oui
A0A8J3UVD4_9ACTN/24-151	Actinomycetota	E	C	H	oui	oui
A8UTI2_9AQUI/2-144	autre/inconnu	E	C	H	oui	oui
A0A2A3AI15_9MICC/34-163	Actinomycetota	E	C	H	oui	oui
A0A919LLZ1_9ACTN/42-163	Actinomycetota	E	C	H	oui	oui
A0A7W3PFU5_9MICO/30-153	Actinomycetota	E	C	H	oui	oui
B8DTJ1_BIFA0/49-178	Actinomycetota	E	C	H	oui	oui
A0A1X1RL02_MYCFA/24-145	Actinomycetota	E	C	H	oui	oui
A0A2I2L070_9ACTN/28-149	Actinomycetota	E	C	H	oui	oui
A0A6B8W306_9CORY/25-146	Actinomycetota	E	C	H	oui	oui
A0A1D7VFH0_9ACTN/35-156	Actinomycetota	E	C	H	oui	oui
A1A145_BIFAA/43-171	Actinomycetota	E	C	H	oui	oui
F8A796_CELGA/30-153	autre/inconnu	E	C	H	oui	oui
A0A1M6XCH1_PSETH/25-146	Pseudomonadota	E	C	H	oui	oui
A0A1V1W762_9ACTN/24-147	Actinomycetota	E	C	H	oui	oui
A0A7W7T8J7_9PSEU/37-158	Actinomycetota	E	C	H	oui	oui
A0A917YUP6_9ACTN/29-156	Actinomycetota	E	C	H	oui	oui
A0A238XEQ1_9ACTN/26-149	Actinomycetota	E	C	H	oui	oui
A0A1Y2N4A8_PSEAH/41-164	Pseudomonadota	E	C	H	oui	oui
A0A1Q8CLU6_9PSEU/52-173	Actinomycetota	E	C	H	oui	oui
K0SY20_THAOC/684-822	autre/inconnu	E	C	H	oui	oui
A7HNK8_FERNB/26-154	autre/inconnu	E	C	H	oui	oui
A0A2P8QD08_9ACTN/35-156	Actinomycetota	E	C	H	oui	oui
A0A3R9DFJ1_9PSEU/34-155	Actinomycetota	E	C	H	oui	oui
A0A917VEW9_9ACTN/35-156	Actinomycetota	E	C	H	oui	oui
A0A1R3UF37_9ACTN/39-166	Actinomycetota	E	C	H	oui	oui
A0A1I5PYZ4_9PSEU/30-151	Actinomycetota	E	C	H	oui	oui
A0A4R4T8D2_9ACTN/22-105	Actinomycetota	E	-	-	non	non
A4IAD9_LEIIN/36-178	autre/inconnu	E	C	H	oui	oui
A0A117RZV2_9ACTN/35-156	Actinomycetota	E	C	H	oui	oui
A0A0W7X9D1_9ACTN/35-156	Actinomycetota	E	C	H	oui	oui
A0A4Y3NA70_PAEAU/37-166	autre/inconnu	E	C	H	oui	oui
A0A4R8ZHY6_9MICO/31-154	Actinomycetota	E	C	H	oui	oui
A0A4Y9NX04_9ACTN/27-148	Actinomycetota	E	C	H	oui	oui
A0A6L5EWL2_9PSEU/31-152	Actinomycetota	E	C	H	oui	oui
A0A939PEC5_9ACTN/22-149	Actinomycetota	E	C	H	oui	oui
A0A1Q5KY03_9ACTN/35-156	Actinomycetota	E	C	H	oui	oui
A0A1H1B8Q8_9ACTN/54-181	Actinomycetota	E	C	H	oui	oui
A0A1Y4GFJ5_9BACT/82-219	autre/inconnu	E	C	H	oui	oui
A0A4S4FE57_9MICO/31-154	Actinomycetota	E	C	H	oui	oui
A0A087BQG5_9BIFI/48-157	autre/inconnu	E	C	-	non	non
M3UZB8_GORML/25-146	autre/inconnu	E	C	H	oui	oui
A0A9N8E898_9STRA/231-379	autre/inconnu	E	C	H	oui	oui
A0A8A7KC48_9FIRM/27-164	autre/inconnu	E	C	H	oui	oui
A0A542YGS8_9MICO/31-152	Actinomycetota	E	C	H	oui	oui
A0A240URE7_9GAMM/31-164	Pseudomonadota	E	C	H	oui	oui
A0A200H4C8_9ACTN/25-148	Actinomycetota	E	C	H	oui	oui
A0A1X1R2X0_MYCBE/24-145	Actinomycetota	E	C	H	oui	oui
A0A975QK27_9ACTN/39-166	Actinomycetota	E	C	H	oui	oui
A0A1G9QDH2_9FIRM/38-174	autre/inconnu	E	C	H	oui	oui
L7LCB3_9ACTN/25-146	Actinomycetota	E	C	H	oui	oui
A0A1Q5MAI2_9ACTN/35-156	Actinomycetota	E	C	H	oui	oui
A0A917G0G2_9NOCA/27-148	Actinomycetota	E	C	H	oui	oui
A0A1K1V041_9GAMM/31-166	Pseudomonadota	E	C	H	oui	oui
A0A0Q9APR3_9ACTN/35-156	Actinomycetota	E	C	H	oui	oui
A0A4U3MJJ6_9ACTN/26-153	Actinomycetota	E	C	H	oui	oui
D2B3Y7_STRRD/39-166	Actinomycetota	E	C	H	oui	oui
A0A5C4VQ21_9ACTN/23-151	Actinomycetota	E	C	H	oui	oui
A0A1V2IKX5_9ACTN/38-159	Actinomycetota	E	C	H	oui	oui
A0A542Q4L5_9ACTN/35-156	Actinomycetota	E	C	H	oui	oui
A0A7X5QY69_9MICO/31-154	Actinomycetota	E	C	H	oui	oui
A0A1M5E620_9ACTN/27-148	Actinomycetota	E	C	H	oui	oui
A0A0C1Y2G8_9ACTN/35-156	Actinomycetota	E	C	H	oui	oui
A0A4Y8KKP9_9MICO/31-154	Actinomycetota	E	C	H	oui	oui
A0A9W6S3U6_9ACTN/24-151	Actinomycetota	E	C	H	oui	oui
A0A975K0Z0_9MYCO/24-145	autre/inconnu	E	C	H	oui	oui
A0A3N0GZ74_9ACTN/31-159	Actinomycetota	E	C	H	oui	oui
A0A9N8EZL3_9STRA/78-228	autre/inconnu	E	C	H	oui	oui
A0A2S9QM34_9MICO/31-154	Actinomycetota	E	C	H	oui	oui
A0A9X3BWR0_9MYCO/24-145	autre/inconnu	E	C	H	oui	oui
A0A4V1FC07_9MICO/15-137	Actinomycetota	E	C	H	oui	oui
I0GYZ2_ACTM4/27-150	Actinomycetota	E	C	H	oui	oui
A0A7H2BIK9_9MICC/60-189	Actinomycetota	E	C	H	oui	oui
A0A0G3GNG1_9CORY/25-146	Actinomycetota	E	C	H	oui	oui
A0A2N5Y3S2_9GAMM/34-167	Pseudomonadota	E	C	H	oui	oui
H0UKK8_9BACT/36-171	autre/inconnu	E	C	H	oui	oui
A0A1E2VDW8_9GAMM/31-166	Pseudomonadota	E	C	H	oui	oui
A0A4R6S3X5_9MICO/31-154	Actinomycetota	E	C	H	oui	oui
A0A6A3EY96_9STRA/57-203	autre/inconnu	E	C	H	oui	oui
A0A918UP35_9ACTN/35-156	Actinomycetota	E	C	H	oui	oui
A0A060JGF2_9MICO/28-156	Actinomycetota	E	C	H	oui	oui
A0A087CDH4_9BIFI/46-174	autre/inconnu	E	C	H	oui	oui
N6XC12_9ACTO/33-156	autre/inconnu	E	C	H	oui	oui
A0A927PKM5_9ACTN/26-147	Actinomycetota	E	C	H	oui	oui
A0A8J3IXA5_9ACTN/25-148	Actinomycetota	E	C	H	oui	oui
A0A7X6HA13_9MICC/30-159	Actinomycetota	E	C	H	oui	oui
A0A6N7CXB0_9NOCA/33-154	Actinomycetota	E	C	H	oui	oui
A0A919PED5_9CELL/50-173	autre/inconnu	E	C	H	oui	oui
A0AAJ1BEQ3_9ACTO/30-159	autre/inconnu	E	C	H	oui	oui
A0A3R7HVX3_9STRA/53-199	autre/inconnu	E	C	H	oui	oui
A0A7K0CS06_9ACTN/35-156	Actinomycetota	E	C	H	oui	oui
A0A974WSY2_9ACTN/23-151	Actinomycetota	E	C	H	oui	oui
S5ST91_9CORY/25-146	Actinomycetota	E	C	H	oui	oui
A0A6B3HUN0_9ACTN/35-156	Actinomycetota	E	C	H	oui	oui
A0A249L591_9ACTN/35-163	Actinomycetota	E	C	H	oui	oui
A0A5C4VIE8_9ACTN/23-150	Actinomycetota	E	C	H	oui	oui
A0A7W9NGJ7_9PSEU/31-152	Actinomycetota	E	C	H	oui	oui
A0A852STE1_9MICO/31-153	Actinomycetota	E	C	H	oui	oui
A0A495VSZ5_9PSEU/25-146	Actinomycetota	E	C	H	oui	oui
A0A5J5KYP6_9MICC/44-173	Actinomycetota	E	C	H	oui	oui
A0A6N4VGA4_9MYCO/24-145	autre/inconnu	E	C	H	oui	oui
A0A0A7IB83_9BIFI/46-174	autre/inconnu	E	C	H	oui	oui
A0A1W0AC20_9STRA/63-209	autre/inconnu	E	C	H	oui	oui
A0A554V463_9ACTN/63-184	Actinomycetota	E	C	H	oui	oui
A0A2A9CSH2_9ACTN/29-152	Actinomycetota	E	C	H	oui	oui
A0A0F0HRT6_9PSEU/36-157	Actinomycetota	E	C	H	oui	oui
D1B690_THEAS/42-175	autre/inconnu	E	C	H	oui	oui
A0A318AB70_9MICC/62-192	Actinomycetota	E	C	H	oui	oui
A0A373DYA9_9MICO/31-154	Actinomycetota	E	C	H	oui	oui
A0A1H0EWY9_9ACTN/32-153	Actinomycetota	E	C	H	oui	oui
D7GFC9_PROFC/29-152	autre/inconnu	E	C	H	oui	oui
A0A3E0DQD3_9GAMM/27-160	Pseudomonadota	E	C	H	oui	oui
A0A0V8HVR1_9MICC/39-168	Actinomycetota	E	C	H	oui	oui
A0A1G8LJ99_9MICC/31-160	Actinomycetota	E	C	H	oui	oui
A0A4R6SIX7_LABRH/29-150	autre/inconnu	E	C	H	oui	oui
A0A1X0DQH6_MYCHE/24-145	Actinomycetota	E	C	H	oui	oui
A0A6P0HKW5_9ACTN/25-152	Actinomycetota	E	C	H	oui	oui
A0A520E360_RHOSO/33-80	Actinomycetota	E	-	-	non	non
A0A8J3ETE5_9ACTN/67-187	Actinomycetota	E	C	H	oui	oui
A0A1C3N605_9ACTN/47-170	Actinomycetota	E	C	H	oui	oui
A0A0Q7BDW3_9ACTN/24-147	Actinomycetota	E	C	H	oui	oui
A0A919MET7_9ACTN/26-149	Actinomycetota	E	C	H	oui	oui
A0A2M9HI13_9BIFI/43-171	autre/inconnu	E	C	H	oui	oui
A0A2K2RL20_9ACTN/35-156	Actinomycetota	E	C	H	oui	oui
A0A1S2P170_9ACTN/35-156	Actinomycetota	E	C	H	oui	oui
A0A0A6UUB4_ACTUT/46-169	Actinomycetota	E	C	H	oui	oui
A0A918LC38_9ACTN/35-156	Actinomycetota	E	C	H	oui	oui
A0A087VUK9_9BIFI/51-179	autre/inconnu	E	C	H	oui	oui
A0A1R4GCV6_9MICO/27-149	Actinomycetota	E	C	H	oui	oui
A0A4Q9V261_9ACTO/46-169	autre/inconnu	E	C	H	oui	oui
A0A7W7RCZ6_9ACTN/33-160	Actinomycetota	E	C	H	oui	oui
A0A853DFN2_9MICO/28-151	Actinomycetota	E	C	H	oui	oui
A0A3N0E4Z0_9ACTN/33-160	Actinomycetota	E	C	H	oui	oui
A0A7M2YV50_9ACTN/21-150	Actinomycetota	E	C	H	oui	oui
A0A0T0MNU7_9CELL/41-164	autre/inconnu	E	C	H	oui	oui
A0A0Q6V3K9_9ACTN/36-164	Actinomycetota	E	C	H	oui	oui
A0A6G7XLH1_9ACTN/30-153	Actinomycetota	E	C	H	oui	oui
A0A0H2KIX2_9MICO/32-155	Actinomycetota	E	C	H	oui	oui
A0A061LTE1_9MICO/31-154	Actinomycetota	E	C	H	oui	oui
A0A543IAH4_9ACTN/32-159	Actinomycetota	E	C	H	oui	oui
M1UKA8_9CORY/25-146	Actinomycetota	E	C	H	oui	oui
D5PFK7_9MYCO/24-145	autre/inconnu	E	C	H	oui	oui
D6Y888_THEBD/26-153	autre/inconnu	E	C	H	oui	oui
A0A4P6F6Z1_9MICO/34-156	Actinomycetota	E	C	H	oui	oui
A0A1E5PAH4_9ACTN/35-156	Actinomycetota	E	C	H	oui	oui
A0A7W3JN44_9MICO/31-154	Actinomycetota	E	C	H	oui	oui
A0A7G1NZG7_9ACTN/35-156	Actinomycetota	E	C	H	oui	oui
A0A2M9LZZ2_9ACTN/35-156	Actinomycetota	E	C	H	oui	oui
A0A1Q9LDB6_9PSEU/33-154	Actinomycetota	E	C	H	oui	oui
A0A1C9WWV7_9MICC/42-171	Actinomycetota	E	C	H	oui	oui
Q7D8Z3_MYCTO/24-145	Actinomycetota	E	C	H	oui	oui
U6KWY5_EIMTE/262-365	autre/inconnu	E	-	-	non	non
A0A0Q7U708_9MICO/31-154	Actinomycetota	E	C	H	oui	oui
A0A505D5V0_9ACTN/35-156	Actinomycetota	E	C	H	oui	oui
A0A944ESC1_9ACTN/35-156	Actinomycetota	E	C	H	oui	oui
A0A345HSS0_9ACTN/35-156	Actinomycetota	E	C	H	oui	oui
A0A2U1EWD3_9PSEU/35-156	Actinomycetota	E	C	H	oui	oui
A0A0N9YFR2_MYCFO/24-145	Actinomycetota	E	C	H	oui	oui
A0A926K9Y9_9MICO/31-154	Actinomycetota	E	C	H	oui	oui
A0A2T0UZ09_9GAMM/31-164	Pseudomonadota	E	C	H	oui	oui
B7S1Q1_9GAMM/32-165	Pseudomonadota	E	C	H	oui	oui
A0A2U0HBH2_9MICO/31-154	Actinomycetota	E	C	H	oui	oui
A0A132MN22_9ACTN/30-151	Actinomycetota	E	C	H	oui	oui
A0A7W7LBA8_STRNE/35-156	Actinomycetota	E	C	H	oui	oui
A0A812SID3_9DINO/226-367	autre/inconnu	E	C	H	oui	oui
A0A418UR42_9ACTO/33-156	autre/inconnu	E	C	H	oui	oui
Q9F2Q5_STRCO/35-156	Actinomycetota	E	C	H	oui	oui
A0A1G7BB78_9ACTO/47-170	autre/inconnu	E	C	H	oui	oui
A0A1I3XP40_9CELL/55-178	autre/inconnu	E	C	H	oui	oui
A0A365H5G6_9ACTN/24-151	Actinomycetota	E	C	H	oui	oui
A0A5A7SFI1_9NOCA/26-147	Actinomycetota	E	C	H	oui	oui
A0A2S4YNZ3_9ACTN/35-156	Actinomycetota	E	C	H	oui	oui
A0A4V1EQ46_9MICO/31-153	Actinomycetota	E	C	H	oui	oui
A0A8T4IP86_9ACTN/35-156	Actinomycetota	E	C	H	oui	oui
A0A011AD31_9ACTN/26-149	Actinomycetota	E	C	H	oui	oui
A0A1Y0CEC5_9MYCO/24-145	autre/inconnu	E	C	H	oui	oui
A0A6N7IAD3_9ACTN/24-144	Actinomycetota	E	C	H	oui	oui
A0A2A9M7T6_9APIC/452-526	autre/inconnu	-	C	H	non	non
A0A1Q5Q1R8_9ACTO/25-149	autre/inconnu	E	C	H	oui	oui
A0A7Y9BMD8_9ACTN/35-156	Actinomycetota	E	C	H	oui	oui
A0A6V8K9K5_9ACTN/31-154	Actinomycetota	E	C	H	oui	oui
D5UKK2_CELFN/51-174	autre/inconnu	E	C	H	oui	oui
A0A2A9FDR5_9PSEU/95-216	Actinomycetota	E	C	H	oui	oui
A0AA95JXX1_9ACTN/25-153	Actinomycetota	E	C	H	oui	oui
A0A543ISQ5_9ACTN/24-151	Actinomycetota	E	C	H	oui	oui
A0A7W7C6N0_9PSEU/41-162	Actinomycetota	E	C	H	oui	oui
A0A1S1QAS3_9ACTN/34-155	Actinomycetota	E	C	H	oui	oui
D6Z7N8_SEGRD/25-152	autre/inconnu	E	C	H	oui	oui
A0A1S2DEE4_9GAMM/31-164	Pseudomonadota	E	C	H	oui	oui
F3NS04_9ACTN/35-156	Actinomycetota	E	C	H	oui	oui
F6FSP3_ISOV2/36-159	autre/inconnu	E	C	H	oui	oui
A0A1Q2CPB7_9ACTN/26-149	Actinomycetota	E	C	H	oui	oui
A0A2L0N350_9ACTN/31-152	Actinomycetota	E	C	H	oui	oui
A0A2Y9A3R6_9MICO/33-156	Actinomycetota	E	C	H	oui	oui
A0A498E8Z4_9ACTN/35-156	Actinomycetota	E	C	H	oui	oui
A0A939FF60_9ACTN/35-156	Actinomycetota	E	C	H	oui	oui
A0A1V2RN62_9ACTN/115-151	Actinomycetota	-	C	H	non	non
A0A6H9YII1_9ACTN/24-151	Actinomycetota	E	C	H	oui	oui
A0A5N5W2A1_STRMB/35-156	Actinomycetota	E	C	H	oui	oui
A0A087E9T2_9BIFI/55-183	autre/inconnu	E	C	H	oui	oui
A0A1E7N185_KITAU/31-152	autre/inconnu	E	C	H	oui	oui
A0A0X8E3L1_9MICO/31-154	Actinomycetota	E	C	H	oui	oui
A0A8T4F8W2_9ACTN/24-151	Actinomycetota	E	C	H	oui	oui
A0A1G8Q5E3_9ACTN/25-154	Actinomycetota	E	C	H	oui	oui
A0A261G608_9BIFI/44-172	autre/inconnu	E	C	H	oui	oui
A0A7K2ZA69_9ACTN/35-156	Actinomycetota	E	C	H	oui	oui
A0A161UTS2_9NOCA/27-148	Actinomycetota	E	C	H	oui	oui
A0A1A9AER1_9ACTN/44-167	Actinomycetota	E	C	H	oui	oui
A0A209BKJ7_9ACTN/35-156	Actinomycetota	E	C	H	oui	oui
A0A4Q7UQD1_PSEST/35-156	Pseudomonadota	E	C	H	oui	oui
A0A919B8B0_9ACTN/35-156	Actinomycetota	E	C	H	oui	oui
Q1AXJ6_RUBXD/20-90	autre/inconnu	E	-	-	non	non
A0A5D0SER9_9BACT/25-154	autre/inconnu	E	C	H	oui	oui
A0A1T4R4P2_9FIRM/27-167	autre/inconnu	E	C	H	oui	oui
A0A6N7EP94_9MICO/30-153	Actinomycetota	E	C	H	oui	oui
A0A944LB70_9MICC/37-166	Actinomycetota	E	C	H	oui	oui
A0A0Q5AH23_9MICO/31-154	Actinomycetota	E	C	H	oui	oui
J4D7F2_THEOR/322-390	autre/inconnu	E	-	-	non	non
A0AAJ3NQ93_9MYCO/24-145	autre/inconnu	E	C	H	oui	oui
A0A162JMS7_9ACTN/58-179	Actinomycetota	E	C	H	oui	oui
A0A7G1G2N4_9BACT/28-160	autre/inconnu	E	C	H	oui	oui
W0ZBK6_9MICO/31-153	Actinomycetota	E	C	H	oui	oui
A0A1I3X525_9PSEU/23-144	Actinomycetota	E	C	H	oui	oui
A0A929L7W4_9CORY/25-146	Actinomycetota	E	C	H	oui	oui
A0A1H1A2D9_9MICC/29-158	Actinomycetota	E	C	H	oui	oui
A0A3N6D7H3_9ACTN/35-156	Actinomycetota	E	C	H	oui	oui
A3TPY2_9MICO/32-155	Actinomycetota	E	C	H	oui	oui
A0A839IQB9_9GAMM/31-164	Pseudomonadota	E	C	H	oui	oui
D2Q9P1_BIFDB/45-173	Actinomycetota	E	C	H	oui	oui
A0A5N5VH89_MYCPH/24-145	Actinomycetota	E	C	H	oui	oui
A0A1Q5PRW5_9ACTO/37-160	autre/inconnu	E	C	H	oui	oui
F0VAI8_NEOCL/208-364	autre/inconnu	E	-	-	non	non
A0A0X1KTM7_9THEM/26-152	autre/inconnu	E	C	H	oui	oui
M2X9V0_9MICC/66-195	Actinomycetota	E	C	H	oui	oui
A0A1E3SVP7_9MYCO/24-145	autre/inconnu	E	C	H	oui	oui
A0A940JRV6_9MICO/26-149	Actinomycetota	E	C	H	oui	oui
V6K391_STRRC/35-156	Actinomycetota	E	C	H	oui	oui
A0A7K3LQB9_9ACTN/25-146	Actinomycetota	E	C	H	oui	oui
A0A1I6VB86_9ACTN/53-174	Actinomycetota	E	C	H	oui	oui
A0A2A3YKC1_9MICO/35-158	Actinomycetota	E	C	H	oui	oui
A0AAD7XP85_9STRA/59-197	autre/inconnu	E	C	H	oui	oui
A0A7Y9S1N7_9ACTN/31-154	Actinomycetota	E	C	H	oui	oui
A0A1Q9VHA5_9PSEU/31-152	Actinomycetota	E	C	H	oui	oui
A0A849BTY3_9ACTN/33-156	Actinomycetota	E	C	H	oui	oui
A0A4P6EIX6_9MICO/38-160	Actinomycetota	E	C	H	oui	oui
A0A4R9A7P3_9MICO/31-154	Actinomycetota	E	C	H	oui	oui
A0A0F6R1C1_9CORY/25-146	Actinomycetota	E	C	H	oui	oui
A0A7Z1AIJ8_9ACTO/41-164	autre/inconnu	E	C	H	oui	oui
A0A5C8ZSU8_9GAMM/32-165	Pseudomonadota	E	C	H	oui	oui
A0AAD3CTX2_9STRA/60-228	autre/inconnu	E	C	H	oui	oui
A0A4R5KNF3_9MICC/37-166	Actinomycetota	E	C	H	oui	oui
R4TBE6_9PSEU/36-157	Actinomycetota	E	C	H	oui	oui
A0A9W6CZY5_9MICO/30-153	Actinomycetota	E	C	H	oui	oui
A0A126YZV1_9MICO/31-154	Actinomycetota	E	C	H	oui	oui
A0A5S9R7Z0_MYCVN/24-145	Actinomycetota	E	C	H	oui	oui
A0A917BGP2_9ACTN/23-146	Actinomycetota	E	C	H	oui	oui
U1RM37_9ACTO/44-167	autre/inconnu	E	C	H	oui	oui
A0A561EUC5_9ACTN/30-151	Actinomycetota	E	C	H	oui	oui
A0A848RZ51_9MICO/31-154	Actinomycetota	E	C	H	oui	oui
A0A1X2EL70_9MYCO/24-145	autre/inconnu	E	C	H	oui	oui
A0A4Q2KZ34_9MICO/31-154	Actinomycetota	E	C	H	oui	oui
A0A1V9KAZ9_9ACTN/35-156	Actinomycetota	E	C	H	oui	oui
S3Z6N2_9ACTN/35-156	Actinomycetota	E	C	H	oui	oui
A0A2P4UR39_9ACTN/24-151	Actinomycetota	E	C	H	oui	oui
A0A919A4M3_9ACTN/35-156	Actinomycetota	E	C	H	oui	oui
A0A1D3CV76_9EIME/460-583	autre/inconnu	E	-	-	non	non
A0A4Q9KKS5_PROTD/28-152	autre/inconnu	E	C	H	oui	oui
A0A6I3IPY1_9MICO/34-157	Actinomycetota	E	C	H	oui	oui
A0A895XFE9_9ACTN/35-158	Actinomycetota	E	C	H	oui	oui
A0A974X883_9ACTN/31-159	Actinomycetota	E	C	H	oui	oui
A0A369L5R9_9GAMM/31-164	Pseudomonadota	E	C	H	oui	oui
A0A4Q2SW64_9ACTN/26-154	Actinomycetota	E	C	H	oui	oui
A0A0T1UMU9_9ACTN/35-156	Actinomycetota	E	C	H	oui	oui
A0A0A6YCH5_KOCRO/30-159	autre/inconnu	E	C	H	oui	oui
A0A0V8IJS1_9MICC/37-166	Actinomycetota	E	C	H	oui	oui
A0A840N5M5_9PSEU/29-150	Actinomycetota	E	C	H	oui	oui
A0A1G7ARX3_9NOCA/35-156	Actinomycetota	E	C	H	oui	oui
A0A367ADL7_9ACTN/27-153	Actinomycetota	E	C	H	oui	oui
A0A6I2FRE7_9MICO/16-139	Actinomycetota	E	C	H	oui	oui
A0A4R4XIY4_9ACTN/24-151	Actinomycetota	E	C	H	oui	oui
A0A7H8IPJ3_9ACTN/35-156	Actinomycetota	E	C	H	oui	oui
A0A516X1Y1_9ACTN/31-152	Actinomycetota	E	C	H	oui	oui
A0A1C0A6F1_9FIRM/25-165	autre/inconnu	E	C	H	oui	oui
A0A2R7RBC9_9MICC/41-170	Actinomycetota	E	C	H	oui	oui
A0A1A0TG98_9MYCO/24-145	autre/inconnu	E	C	H	oui	oui
A0A5B9G4M9_9MICO/31-152	Actinomycetota	E	C	H	oui	oui
H5XAY1_9PSEU/31-152	Actinomycetota	E	C	H	oui	oui
A0A3D9SJM8_9ACTN/43-170	Actinomycetota	E	C	H	oui	oui
A0A1G6YUL6_9ACTN/40-163	Actinomycetota	E	C	H	oui	oui
A0A1D9MKW9_9ACTO/28-151	autre/inconnu	E	C	H	oui	oui
A0A7G9S4K4_9MICO/31-154	Actinomycetota	E	C	H	oui	oui
A0A926LGE7_9ACTN/35-156	Actinomycetota	E	C	H	oui	oui
A0A0A1D203_9MICC/36-165	Actinomycetota	E	C	H	oui	oui
A0A846XL79_9NOCA/26-147	Actinomycetota	E	C	H	oui	oui
A4AJC3_9ACTN/31-152	Actinomycetota	E	C	H	oui	oui
A0A0N0TBA9_9NOCA/30-151	Actinomycetota	E	C	H	oui	oui
A0A1H1N120_9ACTN/56-179	Actinomycetota	E	C	H	oui	oui
A0A4R9BFS3_9MICO/31-154	Actinomycetota	E	C	H	oui	oui
A0A6L5R7W8_9MICO/31-154	Actinomycetota	E	C	H	oui	oui
A0A1Q4YKC2_9ACTN/35-156	Actinomycetota	E	C	H	oui	oui
A0A2T0KPS0_9ACTN/26-149	Actinomycetota	E	C	H	oui	oui
A0A255ESA9_9ACTN/28-157	Actinomycetota	E	C	H	oui	oui
A0A1G9WDB8_9ACTN/35-156	Actinomycetota	E	C	H	oui	oui
A0A1Q9VZ99_9MICO/39-162	Actinomycetota	E	C	H	oui	oui
A0A095YUW9_9ACTO/29-157	autre/inconnu	E	C	H	oui	oui
W5W097_9PSEU/31-152	Actinomycetota	E	C	H	oui	oui
A0A7W7CV42_9ACTN/26-149	Actinomycetota	E	C	H	oui	oui
A0A917SLU2_9ACTN/48-168	Actinomycetota	E	C	H	oui	oui
B8D060_HALOH/25-162	autre/inconnu	E	C	H	oui	oui
A0A430FSL4_9BIFI/46-174	autre/inconnu	E	C	H	oui	oui
A0A2M9BW38_9MICO/31-154	Actinomycetota	E	C	H	oui	oui
A0A0Q7YZQ2_9ACTN/24-152	Actinomycetota	E	C	H	oui	oui
B7FYF2_PHATC/92-283	autre/inconnu	E	C	H	oui	oui
A0A7M3LRG9_9ACTN/35-156	Actinomycetota	E	C	H	oui	oui
A0A543I0P6_9MICO/34-157	Actinomycetota	E	C	H	oui	oui
A0A3M2LVJ9_9ACTN/24-151	Actinomycetota	E	C	H	oui	oui
A0A6H9UWJ4_9ACTN/35-156	Actinomycetota	E	C	H	oui	oui
A0A3S3E108_9NOCA/28-149	Actinomycetota	E	C	H	oui	oui
A0A9W7GL09_9STRA/128-285	autre/inconnu	E	C	H	oui	oui
A0A0G4GKB7_VITBC/134-268	autre/inconnu	E	C	H	oui	oui
A0A088QHK2_9CORY/25-145	Actinomycetota	E	C	H	oui	oui
A0AA43P773_9BIFI/41-169	autre/inconnu	E	C	H	oui	oui
U6GA88_EIMAC/249-361	autre/inconnu	E	-	-	non	non
A0A3D9LHV8_9MICC/31-160	Actinomycetota	E	C	H	oui	oui
H2J702_MARPK/28-157	autre/inconnu	E	C	H	oui	oui
A0A1D8T9K8_9NOCA/11-132	Actinomycetota	E	C	H	oui	oui
A9WKT2_RENSM/39-168	autre/inconnu	E	C	H	oui	oui
A0A8T4HU19_9ACTN/35-156	Actinomycetota	E	C	H	oui	oui
A0A0K1JH79_9MICO/28-152	Actinomycetota	E	C	H	oui	oui
A0A3N4ZKG5_9ACTN/35-156	Actinomycetota	E	C	H	oui	oui
A0A4P7QF10_9CORY/25-146	Actinomycetota	E	C	H	oui	oui
X5DQA4_9CORY/31-152	Actinomycetota	E	C	H	oui	oui
B4V9T6_9ACTN/35-156	Actinomycetota	E	C	H	oui	oui
A0A1G8UG04_9ACTN/23-150	Actinomycetota	E	C	H	oui	oui
A0A080N1Z4_9BIFI/118-247	autre/inconnu	E	C	H	oui	oui
C7QHH0_CATAD/46-167	autre/inconnu	E	C	H	oui	oui
A0A919TRD1_9ACTN/26-149	Actinomycetota	E	C	H	oui	oui
A0A249KUB2_9ACTN/26-150	Actinomycetota	E	C	H	oui	oui
A0A0G2Z909_9BACT/25-155	autre/inconnu	E	C	H	oui	oui
A0A8T8I5K5_9PSEU/25-146	Actinomycetota	E	C	H	oui	oui
A0A6I0FQJ1_9CORY/33-154	Actinomycetota	E	C	H	oui	oui
A0A022KUT6_9MICO/40-163	Actinomycetota	E	C	H	oui	oui
A0A367B156_9ACTN/28-149	Actinomycetota	E	C	H	oui	oui
A0A8T1WVM5_9STRA/51-197	autre/inconnu	E	C	H	oui	oui
A0A949JNX3_9ACTN/35-156	Actinomycetota	E	C	H	oui	oui
Q1QT24_CHRSD/31-164	autre/inconnu	E	C	H	oui	oui
A0A8J3PDD8_9ACTN/36-159	Actinomycetota	E	C	H	oui	oui
A4SAH6_OSTLU/38-208	autre/inconnu	E	C	H	oui	oui
A0A2A9EJV3_9MICO/30-153	Actinomycetota	E	C	H	oui	oui
A0A975INE3_9MICO/31-154	Actinomycetota	E	C	H	oui	oui
A0A7K1GWA7_9ACTN/44-167	Actinomycetota	E	C	H	oui	oui
A0A7L4Y0J0_9ACTN/35-156	Actinomycetota	E	C	H	oui	oui
A0A7W7LQX4_9ACTN/29-150	Actinomycetota	E	C	H	oui	oui
R4LBG5_ACTS9/26-149	Actinomycetota	E	C	H	oui	oui
A0A0F6TA77_9CORY/28-149	Actinomycetota	E	C	H	oui	oui
A0A6G0WVN6_9STRA/69-214	autre/inconnu	E	C	H	oui	oui
A0A511DFI4_9PSEU/35-156	Actinomycetota	E	C	H	oui	oui
A0A7Z0EDV6_9MICO/31-154	Actinomycetota	E	C	H	oui	oui
A0A6G7Y4G3_9ACTN/29-152	Actinomycetota	E	C	H	oui	oui
A0A7W3LI16_ACTNM/24-151	Actinomycetota	E	C	H	oui	oui
A0A7W7DW96_9MICC/45-174	Actinomycetota	E	C	H	oui	oui
A0A3S0BI39_9ACTN/35-156	Actinomycetota	E	C	H	oui	oui
A0A2R7Z125_9ACTN/24-152	Actinomycetota	E	C	H	oui	oui
A0A7W0HU41_9ACTN/23-150	Actinomycetota	E	C	H	oui	oui
A0A7Y9EU41_9MICO/31-153	Actinomycetota	E	C	H	oui	oui
A0A5M3WFP3_9ACTN/24-150	Actinomycetota	E	C	H	oui	oui
A0A1X7FW16_9ACTN/35-156	Actinomycetota	E	C	H	oui	oui
A0AA44ICQ9_STRE0/35-156	Actinomycetota	E	C	H	oui	oui
A0A6A3P2Z8_9STRA/1-66	autre/inconnu	-	C	-	non	non
A0A3E2YJP0_9ACTN/47-170	Actinomycetota	E	C	H	oui	oui
A0A5N5RFY5_9BIFI/28-156	autre/inconnu	E	C	H	oui	oui
A0A7M2C456_9MICC/41-170	Actinomycetota	E	C	H	oui	oui
A0A4R6K8H6_9ACTN/25-148	Actinomycetota	E	C	H	oui	oui
A0A6M5IU37_9MICO/30-153	Actinomycetota	E	C	H	oui	oui
A0A7K2TIV6_9ACTN/35-156	Actinomycetota	E	C	H	oui	oui
A0A4Q5MY24_9MICO/36-159	Actinomycetota	E	C	H	oui	oui
A0A7Z0C2V0_9ACTN/27-155	Actinomycetota	E	C	H	oui	oui
A0A2U3GWH9_9ACTN/35-156	Actinomycetota	E	C	H	oui	oui
A0A2S3ZZW3_ARTGL/41-170	autre/inconnu	E	C	H	oui	oui
A0A2A9E255_9MICO/31-154	Actinomycetota	E	C	H	oui	oui
A0A370H8H6_9NOCA/27-148	Actinomycetota	E	C	H	oui	oui
A0A918AYS8_9ACTN/35-156	Actinomycetota	E	C	H	oui	oui
W1MXI9_SCAIO/59-187	autre/inconnu	E	C	H	oui	oui
A0A1H5HLH7_9ACTN/35-156	Actinomycetota	E	C	H	oui	oui
A0A919L7Z2_9ACTN/35-156	Actinomycetota	E	C	H	oui	oui
J0X160_9BIFI/63-125	autre/inconnu	E	-	-	non	non
A0A4V2RL76_9NOCA/27-148	Actinomycetota	E	C	H	oui	oui
A0A285VIJ6_9MICO/35-158	Actinomycetota	E	C	H	oui	oui
A0A3S4X5B9_9ACTO/44-167	autre/inconnu	E	C	H	oui	oui
A0A7Y7B7K0_STRMO/35-156	Actinomycetota	E	C	H	oui	oui
A0A0G3H2S7_9CORY/25-146	Actinomycetota	E	C	H	oui	oui
A0A2G5PFA4_9MYCO/24-145	autre/inconnu	E	C	H	oui	oui
A0A7X0H638_9BACT/10-140	autre/inconnu	E	C	H	oui	oui
A0A939LQ60_9CELL/29-152	autre/inconnu	E	C	H	oui	oui
A0A2B8AXD2_9ACTN/35-156	Actinomycetota	E	C	H	oui	oui
A0A255GCJ0_9ACTN/28-151	Actinomycetota	E	C	H	oui	oui
A0A3N6FVC1_9ACTN/41-162	Actinomycetota	E	C	H	oui	oui
A0A3N2D844_9MICO/91-214	Actinomycetota	E	C	H	oui	oui
W7SIL0_KUTS7/31-152	autre/inconnu	E	C	H	oui	oui
A0A7Y0M1H4_CELFI/33-156	autre/inconnu	E	C	H	oui	oui
A0A5N0UVQ6_9PSEU/34-155	Actinomycetota	E	C	H	oui	oui
A0A6N4WAD9_9MYCO/24-145	autre/inconnu	E	C	H	oui	oui
A0A1Q4VIN3_9ACTN/33-154	Actinomycetota	E	C	H	oui	oui
A0A1R1IH41_9ACTN/26-149	Actinomycetota	E	C	H	oui	oui
S5VNW0_STRC3/35-156	Actinomycetota	E	C	H	oui	oui
A0A0C7P3S2_DEFTU/28-160	autre/inconnu	E	C	H	oui	oui
A0A1A9ET33_9GAMM/27-160	Pseudomonadota	E	C	H	oui	oui
A0A919RGL4_9ACTN/25-152	Actinomycetota	E	C	H	oui	oui
A0A554VYW9_9MICC/37-166	Actinomycetota	E	C	H	oui	oui
A0A0M2LT08_9MICO/31-154	Actinomycetota	E	C	H	oui	oui
A0A1D8B1T2_9ACTO/33-156	autre/inconnu	E	C	H	oui	oui
A0A0M2H7N8_9MICO/31-154	Actinomycetota	E	C	H	oui	oui
A0A0Q6RA78_9MICO/31-154	Actinomycetota	E	C	H	oui	oui
A0A365YZT8_9ACTN/26-110	Actinomycetota	E	-	-	non	non
A0A7M2SPE0_9ACTN/35-156	Actinomycetota	E	C	H	oui	oui
A0A6L6XTS8_9ACTN/24-147	Actinomycetota	E	C	H	oui	oui
A0A1R3W0T8_9MICO/45-167	Actinomycetota	E	C	H	oui	oui
L1MMC7_9CORY/25-146	Actinomycetota	E	C	H	oui	oui
A0A510X9B1_9GAMM/31-164	Pseudomonadota	E	C	H	oui	oui
A0A3A5HBE7_9ACTN/32-160	Actinomycetota	E	C	H	oui	oui
A0A372FRL9_9ACTN/44-167	Actinomycetota	E	C	H	oui	oui
A0A7K1J2Y5_9BIFI/45-174	autre/inconnu	E	C	H	oui	oui
A0A291Q9D8_9ACTN/35-156	Actinomycetota	E	C	H	oui	oui
A0A1R1MIS2_9GAMM/25-163	Pseudomonadota	E	C	H	oui	oui
A0A2X0IAX3_9ACTN/34-155	Actinomycetota	E	C	H	oui	oui
A0A7J5BB36_9MICO/29-152	Actinomycetota	E	C	H	oui	oui
A0A558A8Y8_9PSEU/32-153	Actinomycetota	E	C	H	oui	oui
A0A512DDV6_9CELL/36-159	autre/inconnu	E	C	H	oui	oui
A0A6G7XJE4_9MICO/47-170	Actinomycetota	E	C	H	oui	oui
A0A6H5L3F4_9PHAE/161-300	autre/inconnu	E	C	H	oui	oui
A0A8J3YAE5_9ACTN/27-150	Actinomycetota	E	C	H	oui	oui
A0A5P9HGM4_9GAMM/31-164	Pseudomonadota	E	C	H	oui	oui
A0A4Q9HWY7_STRKA/20-141	Actinomycetota	E	C	H	oui	oui
A0A5S4GIC9_9ACTN/23-150	Actinomycetota	E	C	H	oui	oui
A0A3M8K803_9CORY/25-146	Actinomycetota	E	C	H	oui	oui
T5KK57_MICMQ/31-154	Actinomycetota	E	C	H	oui	oui
A0A368YHA2_9FIRM/25-163	autre/inconnu	E	C	H	oui	oui
A0A918KPI9_9ACTN/35-156	Actinomycetota	E	C	H	oui	oui
A0A6G2RT37_9ACTN/35-156	Actinomycetota	E	C	H	oui	oui
A0A7Y9J270_9ACTN/28-153	Actinomycetota	E	C	H	oui	oui
A0A934SSC2_9MICO/31-153	Actinomycetota	E	C	H	oui	oui
A0A1A9BUG8_9ACTN/35-156	Actinomycetota	E	C	H	oui	oui
A0A1I3H2I4_9ACTN/24-152	Actinomycetota	E	C	H	oui	oui
A0A160NXZ7_STRLU/35-156	Actinomycetota	E	C	H	oui	oui
A0A6H5JYJ7_9PHAE/48-192	autre/inconnu	E	C	H	oui	oui
A0A0Q8VD35_9ACTN/15-143	Actinomycetota	E	C	H	oui	oui
A0A1G8NUM8_9ACTN/23-150	Actinomycetota	E	C	H	oui	oui
A0A7W7GVI8_9ACTN/26-149	Actinomycetota	E	C	H	oui	oui
A0A8J4DNU7_9ACTN/27-150	Actinomycetota	E	C	H	oui	oui
A0A2Z3YM28_9CORY/25-146	Actinomycetota	E	C	H	oui	oui
A0A927PZM6_9ACTN/23-146	Actinomycetota	E	C	H	oui	oui
A0A286GZV5_9ACTN/27-148	Actinomycetota	E	C	H	oui	oui
A0A0D8HI83_9ACTN/32-146	Actinomycetota	E	C	H	oui	oui
A0A7W3R8I0_9ACTN/31-158	Actinomycetota	E	C	H	oui	oui
A0A8J2TZ30_9MICO/37-166	Actinomycetota	E	C	H	oui	oui
A0A498C914_9MICO/31-153	Actinomycetota	E	C	H	oui	oui
A0A024G9M3_9STRA/39-186	autre/inconnu	E	C	H	oui	oui
A0A3M8Q5V8_9GAMM/27-160	Pseudomonadota	E	C	H	oui	oui
A0A1J4N8V4_9ACTN/25-148	Actinomycetota	E	C	H	oui	oui
A0A095XZQ2_9CORY/25-146	Actinomycetota	E	C	H	oui	oui
A0A3N4SKQ1_9ACTN/46-167	Actinomycetota	E	C	H	oui	oui
K0F6J8_NOCB7/26-147	Actinomycetota	E	C	H	oui	oui
A0A9W6H6X3_9MICO/31-154	Actinomycetota	E	C	H	oui	oui
A0A2N7TS87_9GAMM/31-164	Pseudomonadota	E	C	H	oui	oui
C4RPT6_MICS3/47-170	Actinomycetota	E	C	H	oui	oui
A0A150VZ03_9ACTN/35-156	Actinomycetota	E	C	H	oui	oui
A4SB46_OSTLU/68-222	autre/inconnu	E	C	H	oui	oui
A0A5B1M1P5_9ACTN/21-149	Actinomycetota	E	C	H	oui	oui
A0A9W6NZT2_9PSEU/27-148	Actinomycetota	E	C	H	oui	oui
A0A1Y2D9Z0_9FUNG/60-183	autre/inconnu	E	C	H	oui	oui
K4R8V9_STRDJ/35-156	Actinomycetota	E	C	H	oui	oui
A0A1C6RQB8_9ACTN/47-170	Actinomycetota	E	C	H	oui	oui
A0A7W7RSX1_9ACTN/24-151	Actinomycetota	E	C	H	oui	oui
A0A0Q8UWK9_9MICO/31-154	Actinomycetota	E	C	H	oui	oui
A0A931FDN0_9ACTN/51-172	Actinomycetota	E	C	H	oui	oui
A0A1A3TBC5_9MYCO/24-145	autre/inconnu	E	C	H	oui	oui
A0A086ZL71_9BIFI/60-188	autre/inconnu	E	C	H	oui	oui
A0A4Z1E322_9MICO/65-188	Actinomycetota	E	C	H	oui	oui
A0A7X0RF02_9ACTN/50-178	Actinomycetota	E	C	H	oui	oui
A0A7Z0LKJ6_9GAMM/31-164	Pseudomonadota	E	C	H	oui	oui
A0A4U6N3S2_9MICC/51-180	Actinomycetota	E	C	H	oui	oui
A0A364NHC5_9GAMM/25-158	Pseudomonadota	E	C	H	oui	oui
A0A448ZKR0_9STRA/231-297	autre/inconnu	-	C	H	non	non
A0A562V357_9ACTN/26-149	Actinomycetota	E	C	H	oui	oui
A0A2N9JMD8_9ACTN/29-152	Actinomycetota	E	C	H	oui	oui
F3LI57_9GAMM/1-70	Pseudomonadota	-	C	H	non	non
A0A926KH96_9MICO/39-162	Actinomycetota	E	C	H	oui	oui
D7FHT2_ECTSI/48-119	autre/inconnu	E	-	-	non	non
A0A448ZFV9_9STRA/208-437	autre/inconnu	E	C	H	oui	oui
A0A975S778_9MICC/30-159	Actinomycetota	E	C	H	oui	oui
A0A172US93_9MYCO/24-145	autre/inconnu	E	C	H	oui	oui
A0A919DRC5_9ACTN/35-156	Actinomycetota	E	C	H	oui	oui
S4M5I0_9ACTN/35-156	Actinomycetota	E	C	H	oui	oui
A0A448IYJ3_MYCAU/24-145	Actinomycetota	E	C	H	oui	oui
A0A0A0B988_9CELL/54-177	autre/inconnu	E	C	H	oui	oui
I0R1D8_9MICO/23-146	Actinomycetota	E	C	H	oui	oui
A0A6L4WZF0_9BIFI/69-197	autre/inconnu	E	C	H	oui	oui
A0A4R6GED7_9MICO/31-153	Actinomycetota	E	C	H	oui	oui
A0A251YVL4_9MICO/31-154	Actinomycetota	E	C	H	oui	oui
A0A2U9P3Q1_STRAS/35-156	Actinomycetota	E	C	H	oui	oui
A0A0M9YF29_9ACTN/35-156	Actinomycetota	E	C	H	oui	oui
A0A542E1I7_9MICO/36-159	Actinomycetota	E	C	H	oui	oui
B7FZ01_PHATC/127-302	autre/inconnu	E	C	H	oui	oui
A0A5C5BBY9_9MICO/63-186	Actinomycetota	E	C	H	oui	oui
A0A3A4FB60_9MICC/33-162	Actinomycetota	E	C	H	oui	oui
G2GAX8_9ACTN/35-156	Actinomycetota	E	C	H	oui	oui
A0A0Q7K710_9ACTN/25-148	Actinomycetota	E	C	H	oui	oui
A0A6G8FKN8_9MICO/31-154	Actinomycetota	E	C	H	oui	oui
A0A4Q9GR70_9MICO/31-153	Actinomycetota	E	C	H	oui	oui
G8RR22_MYCRN/24-145	Actinomycetota	E	C	H	oui	oui
A0AA41XG30_9MICO/31-153	Actinomycetota	E	C	H	oui	oui
A0A4V6CSI1_9ACTN/28-149	Actinomycetota	E	C	H	oui	oui
A0A7J9W988_9ACTN/51-171	Actinomycetota	E	C	H	oui	oui
A0AA46TK01_9ACTN/50-173	Actinomycetota	E	C	H	oui	oui
A0A1G8AJQ0_9ACTN/23-150	Actinomycetota	E	C	H	oui	oui
A0A5N6MH19_9MICC/30-159	Actinomycetota	E	C	H	oui	oui
A0A317K1P4_9ACTN/44-167	Actinomycetota	E	C	H	oui	oui
A0A1G9NH86_9CORY/25-146	Actinomycetota	E	C	H	oui	oui
A0A0A1DHR2_NOCSI/35-163	Actinomycetota	E	C	H	oui	oui
A0A6F8Y694_9ACTN/27-150	Actinomycetota	E	C	H	oui	oui
A0A916WNK6_9MICO/31-153	Actinomycetota	E	C	H	oui	oui
A0A433GYX9_9MICC/44-173	Actinomycetota	E	C	H	oui	oui
E3CVW0_9BACT/47-183	autre/inconnu	E	C	H	oui	oui
O67516_AQUAE/1-145	autre/inconnu	E	C	H	oui	oui
D0L761_GORB4/25-146	autre/inconnu	E	C	H	oui	oui
A0A4Y3VIQ2_9ACTN/35-156	Actinomycetota	E	C	H	oui	oui
A0A3B0BAC8_9MICO/31-154	Actinomycetota	E	C	H	oui	oui
A0A9X2KIE2_9MICC/44-173	Actinomycetota	E	C	H	oui	oui
A0A1C4H2X7_9BIFI/77-205	autre/inconnu	E	C	H	oui	oui
A0A1H2VXD0_9GAMM/31-164	Pseudomonadota	E	C	H	oui	oui
A0A1B9ER07_9ACTN/35-156	Actinomycetota	E	C	H	oui	oui
A0A1G6PZ67_9BACT/28-160	autre/inconnu	E	C	H	oui	oui
I2F515_9BACT/25-155	autre/inconnu	E	C	H	oui	oui
A4X3B9_SALTO/44-167	autre/inconnu	E	C	H	oui	oui
A0A1L2ZND2_9MICC/30-159	Actinomycetota	E	C	H	oui	oui
A0A7G7CNU1_9CORY/25-146	Actinomycetota	E	C	H	oui	oui
A0A5P9PDD0_9PSEU/34-155	Actinomycetota	E	C	H	oui	oui
A1SF68_NOCSJ/33-156	Actinomycetota	E	C	H	oui	oui
A0A1M5RY54_9BACT/27-160	autre/inconnu	E	C	H	oui	oui
A0A6V8NFX8_9ACTN/143-235	Actinomycetota	-	C	H	non	non
A0AAD9G714_BABDI/427-503	autre/inconnu	E	-	-	non	non
A0A931AY74_9FIRM/31-167	autre/inconnu	E	C	H	oui	oui
A0A3P1V6N3_9ACTO/28-151	autre/inconnu	E	C	H	oui	oui
J1RM75_9ACTN/35-156	Actinomycetota	E	C	H	oui	oui
A0A7J0C4X0_9ACTN/35-156	Actinomycetota	E	C	H	oui	oui
A0A285QKE3_9ACTN/31-152	Actinomycetota	E	C	H	oui	oui
U7MIK7_9CORY/25-146	Actinomycetota	E	C	H	oui	oui
A0A7W8QQ19_9ACTN/28-155	Actinomycetota	E	C	H	oui	oui
A0A3A9Z5N4_9ACTN/44-167	Actinomycetota	E	C	H	oui	oui
A0A4R2JWA9_9PSEU/28-149	Actinomycetota	E	C	H	oui	oui
A0A3D9V2S2_THECX/30-153	autre/inconnu	E	C	H	oui	oui
A0A0Q7JU24_9ACTN/33-156	Actinomycetota	E	C	H	oui	oui
T0RLE0_SAPDV/62-208	autre/inconnu	E	C	H	oui	oui
A0A1Q2HY75_9CORY/26-151	Actinomycetota	E	C	H	oui	oui
A0A6I3IYE9_9ACTN/24-152	Actinomycetota	E	C	H	oui	oui
A0A6I1GDK3_9BIFI/62-190	autre/inconnu	E	C	H	oui	oui
A0A3R8D3Y1_APHAT/77-152	autre/inconnu	E	-	-	non	non
A0A939MJQ3_9MICO/31-154	Actinomycetota	E	C	H	oui	oui
A0A975SGT2_9MICO/31-154	Actinomycetota	E	C	H	oui	oui
A0A520EM15_RHOSO/28-149	Actinomycetota	E	C	H	oui	oui
E6K1H5_PARDN/44-172	autre/inconnu	E	C	H	oui	oui
A0A233SLJ7_STRDA/35-156	Actinomycetota	E	C	H	oui	oui
A0AA45C4V1_9BACT/28-160	autre/inconnu	E	C	H	oui	oui
A0A4R5LRW6_9GAMM/32-165	Pseudomonadota	E	C	H	oui	oui
A0A7D4QH67_9MICO/23-146	Actinomycetota	E	C	H	oui	oui
A0A3Q8WX36_9ACTO/33-156	autre/inconnu	E	C	H	oui	oui
A0A4Q2M0A2_9MICO/31-154	Actinomycetota	E	C	H	oui	oui
A0A1I2INV9_9ACTN/26-149	Actinomycetota	E	C	H	oui	oui
A0A4R6V3Q0_9ACTN/35-162	Actinomycetota	E	C	H	oui	oui
A0A4V2XV44_9ACTN/39-166	Actinomycetota	E	C	H	oui	oui
A0A4U0SJN4_9ACTN/35-156	Actinomycetota	E	C	H	oui	oui
A0A261D9J5_9NOCA/33-154	Actinomycetota	E	C	H	oui	oui
A0A437QAV9_9GAMM/25-158	Pseudomonadota	E	C	H	oui	oui
A0A1I1H9T9_9GAMM/31-164	Pseudomonadota	E	C	H	oui	oui
A0A0M5LU84_9PSEU/38-161	Actinomycetota	E	C	H	oui	oui
A0A1H9H5L9_9ACTN/35-156	Actinomycetota	E	C	H	oui	oui
S2VFZ2_9ACTO/47-170	autre/inconnu	E	C	H	oui	oui
A0A918D9W1_9ACTN/39-160	Actinomycetota	E	C	H	oui	oui
A0A2V5LD08_9MICC/36-165	Actinomycetota	E	C	H	oui	oui
A0A1Y3MWU4_PIRSE/58-181	autre/inconnu	E	C	H	oui	oui
A0A4R1HV54_PSEEN/31-152	Pseudomonadota	E	C	H	oui	oui
A0A4Q8B7B3_9ACTN/47-170	Actinomycetota	E	C	H	oui	oui
A0A2V1HM36_9MICO/31-154	Actinomycetota	E	C	H	oui	oui
A0A063Y134_9GAMM/25-158	Pseudomonadota	E	C	H	oui	oui
A0A923EPX6_9PSEU/39-162	Actinomycetota	E	C	H	oui	oui
A0A095VUB1_9GAMM/28-161	Pseudomonadota	E	C	H	oui	oui
A0A4Q7YB75_9ACTN/47-168	Actinomycetota	E	C	H	oui	oui
A0A6I5XAU0_9MICO/35-158	Actinomycetota	E	C	H	oui	oui
A0A7I7XS36_9MYCO/24-145	autre/inconnu	E	C	H	oui	oui
B1MKG3_MYCA9/24-145	Actinomycetota	E	C	H	oui	oui
A0A399JBJ9_9MICC/36-165	Actinomycetota	E	C	H	oui	oui
D2Z3I7_9BACT/33-170	autre/inconnu	E	C	H	oui	oui
A0A7U3VNL4_9ACTN/32-153	Actinomycetota	E	C	H	oui	oui
F8AVT5_9ACTN/71-194	Actinomycetota	E	C	H	oui	oui
A0A0X3UXM3_9ACTN/26-149	Actinomycetota	E	C	H	oui	oui
A0A1H0A1G5_9ACTN/24-152	Actinomycetota	E	C	H	oui	oui
A0A5P0YYE2_9ACTN/35-156	Actinomycetota	E	C	H	oui	oui
C1EGC9_MICCC/102-314	Actinomycetota	E	C	H	oui	oui
A0A387B7U8_9MICO/31-152	Actinomycetota	E	C	H	oui	oui
A0A7W7R1X4_KITKI/39-160	autre/inconnu	E	C	H	oui	oui
A0A1T3NY34_9ACTN/23-144	Actinomycetota	E	C	H	oui	oui
A0A1I4KS97_9FIRM/23-160	autre/inconnu	E	C	H	oui	oui
A0A510UTR3_9CELL/30-153	autre/inconnu	E	C	H	oui	oui
A0A541BPX6_9NOCA/23-144	Actinomycetota	E	C	H	oui	oui
A0A852V646_9ACTN/24-151	Actinomycetota	E	C	H	oui	oui
A0A4Q7KLD0_9PSEU/41-162	Actinomycetota	E	C	H	oui	oui
A0A7I7K8W9_9MYCO/24-145	autre/inconnu	E	C	H	oui	oui
A0A7Y9MD36_9MICO/30-151	Actinomycetota	E	C	H	oui	oui
A0A179B5I0_9ACTO/37-160	autre/inconnu	E	C	H	oui	oui
A0A8H9HF99_9ACTO/54-177	autre/inconnu	E	C	H	oui	oui
A0A1C5D5J8_9ACTN/35-156	Actinomycetota	E	C	H	oui	oui
A0A4P8TMC1_9MICO/15-138	Actinomycetota	E	C	H	oui	oui
A0A1I5NM34_9ACTN/39-160	Actinomycetota	E	C	H	oui	oui
Q9CD40_MYCLE/24-145	Actinomycetota	E	C	H	oui	oui
A0A317M9L4_9ACTN/39-166	Actinomycetota	E	C	H	oui	oui
F7YYH6_9THEM/26-152	autre/inconnu	E	C	H	oui	oui
A0A4R7J5C6_9ACTN/27-150	Actinomycetota	E	C	H	oui	oui
A0A387BF60_9MICO/31-155	Actinomycetota	E	C	H	oui	oui
A0A511YWV7_9CELL/41-164	autre/inconnu	E	C	H	oui	oui
A6W6X4_KINRD/29-154	autre/inconnu	E	C	H	oui	oui
A0A7W9FBR1_9MICO/31-153	Actinomycetota	E	C	H	oui	oui
A0A7W2TVC0_9GAMM/59-192	Pseudomonadota	E	C	H	oui	oui
E2SBK4_9ACTN/30-153	Actinomycetota	E	C	H	oui	oui
A0A0B6TEK9_9CORY/28-149	Actinomycetota	E	C	H	oui	oui
A0A3M2LBG2_9NOCA/28-151	Actinomycetota	E	C	H	oui	oui
A0A1Z4EMG5_9MYCO/24-145	autre/inconnu	E	C	H	oui	oui
A0A4U0MPP7_9ACTN/35-156	Actinomycetota	E	C	H	oui	oui
A0A6B2RTG1_9ACTN/35-156	Actinomycetota	E	C	H	oui	oui
A0A1S1NHN1_9MYCO/24-145	autre/inconnu	E	C	H	oui	oui
A0A379M3Y2_9NOCA/27-148	Actinomycetota	E	C	H	oui	oui
A0A2W2C5A8_9ACTN/44-167	Actinomycetota	E	C	H	oui	oui
A0A4U2YH78_9ACTN/24-152	Actinomycetota	E	C	H	oui	oui
A0A261FA27_9BIFI/172-248	autre/inconnu	-	C	H	non	non
A0A2W2GQC3_9ACTN/29-156	Actinomycetota	E	C	H	oui	oui
A0A7X1I5F6_9ACTN/35-156	Actinomycetota	E	C	H	oui	oui
A0A1D9DYA2_9MICO/28-156	Actinomycetota	E	C	H	oui	oui
A0AAD8PFV8_BABGI/423-518	autre/inconnu	E	-	-	non	non
A0A1M6TW32_9ACTN/38-165	Actinomycetota	E	C	H	oui	oui
K2MEG4_TRYCR/29-173	autre/inconnu	E	C	H	oui	oui
F8E0H8_CORRG/25-145	Actinomycetota	E	C	H	oui	oui
A0A8J3WF51_PLARO/24-151	autre/inconnu	E	C	H	oui	oui
A0A3G6J3U6_9CORY/25-146	Actinomycetota	E	C	H	oui	oui
A0A1H1L054_9ACTN/17-140	Actinomycetota	E	C	H	oui	oui
A0A2S3QTM8_9BACT/39-170	autre/inconnu	E	C	H	oui	oui
A0A5A9W302_9GAMM/25-158	Pseudomonadota	E	C	H	oui	oui
A0A0N1CV33_9MICO/31-154	Actinomycetota	E	C	H	oui	oui
A0A3R7I3C0_9ACTN/35-156	Actinomycetota	E	C	H	oui	oui
A0A944PNM3_9ACTN/35-156	Actinomycetota	E	C	H	oui	oui
A0A147EBS1_9MICO/31-154	Actinomycetota	E	C	H	oui	oui
C3PFA9_CORA7/28-149	Actinomycetota	E	C	H	oui	oui
A0A366ZL51_9ACTN/27-148	Actinomycetota	E	C	H	oui	oui
A0A917MTH3_9MICC/41-170	Actinomycetota	E	C	H	oui	oui
F2R6D2_STRVP/35-156	Actinomycetota	E	C	H	oui	oui
A0A2S6GYN5_9PSEU/28-149	Actinomycetota	E	C	H	oui	oui
A0A1M5Z7P6_9ACTN/35-156	Actinomycetota	E	C	H	oui	oui
A0A316AE77_9ACTN/45-172	Actinomycetota	E	C	H	oui	oui
A0A0Q4DB30_9MICO/31-154	Actinomycetota	E	C	H	oui	oui
A0A1K2FJY9_9ACTN/35-156	Actinomycetota	E	C	H	oui	oui
A0A1R4I6D7_9MICO/31-154	Actinomycetota	E	C	H	oui	oui
A0A368T1G3_9ACTN/35-162	Actinomycetota	E	C	H	oui	oui
A0A918T534_9ACTN/35-156	Actinomycetota	E	C	H	oui	oui
A0A2M9JJ01_9ACTN/35-156	Actinomycetota	E	C	H	oui	oui
A0A1A3N5T7_MYCAS/24-145	Actinomycetota	E	C	H	oui	oui
A0A3A9YLW5_9ACTN/27-148	Actinomycetota	E	C	H	oui	oui
A0A448I0Q3_MYCCI/24-145	Actinomycetota	E	C	H	oui	oui
A0A1G7Z4A0_9MICO/31-154	Actinomycetota	E	C	H	oui	oui
A0A542FW35_9MICO/31-154	Actinomycetota	E	C	H	oui	oui
A0A1R4GJ14_9MICC/42-171	Actinomycetota	E	C	H	oui	oui
A0A2U1TI24_9MICO/31-154	Actinomycetota	E	C	H	oui	oui
A0A430FUK2_9BIFI/45-173	autre/inconnu	E	C	H	oui	oui
A0A0Q6Q4B9_9MICO/31-154	Actinomycetota	E	C	H	oui	oui
A0A543FYH6_9PSEU/34-155	Actinomycetota	E	C	H	oui	oui
A0A7L8D7R4_9MICO/31-154	Actinomycetota	E	C	H	oui	oui
A0A367YXY2_9ACTN/36-159	Actinomycetota	E	C	H	oui	oui
A0A1E5PRY4_9ACTN/35-156	Actinomycetota	E	C	H	oui	oui
A0A7W9PAU3_9NOCA/56-177	Actinomycetota	E	C	H	oui	oui
A0A917SII5_9ACTN/27-150	Actinomycetota	E	C	H	oui	oui
A0A8H9L554_9MICO/36-159	Actinomycetota	E	C	H	oui	oui
D8LLL9_ECTSI/5-144	autre/inconnu	E	C	H	oui	oui
A0A4P6KD52_9MICO/31-154	Actinomycetota	E	C	H	oui	oui
A0A543CFG3_9ACTN/24-151	Actinomycetota	E	C	H	oui	oui
A0A1Y1V0X5_9FUNG/58-181	autre/inconnu	E	C	H	oui	oui
A0A1R4JAF0_9MICO/31-154	Actinomycetota	E	C	H	oui	oui
A0A4Y9PSJ2_9ACTN/27-148	Actinomycetota	E	C	H	oui	oui
A0A918XDP5_9GAMM/25-158	Pseudomonadota	E	C	H	oui	oui
A0A846XSU6_9NOCA/44-165	Actinomycetota	E	C	H	oui	oui
A0A496PK47_9MICC/30-159	Actinomycetota	E	C	H	oui	oui
A0A7C8BMI9_9MICO/15-138	Actinomycetota	E	C	H	oui	oui
A0A239VTR7_9MICO/57-180	Actinomycetota	E	C	H	oui	oui
A0A1X1XP24_9MYCO/24-145	autre/inconnu	E	C	H	oui	oui
A0A964UPX3_9ACTN/35-156	Actinomycetota	E	C	H	oui	oui
A0A839R1U5_9MICO/34-157	Actinomycetota	E	C	H	oui	oui
A0A926Q8E3_9MICO/34-157	Actinomycetota	E	C	H	oui	oui
A0A5J6HJ92_STRAD/35-156	Actinomycetota	E	C	H	oui	oui
A0A2T0N0N0_9ACTN/23-150	Actinomycetota	E	C	H	oui	oui
A0A919S629_9ACTN/26-149	Actinomycetota	E	C	H	oui	oui
A0A411YJ19_9ACTN/57-177	Actinomycetota	E	C	H	oui	oui
A0A6C0Q248_9ACTN/35-156	Actinomycetota	E	C	H	oui	oui
A0A1F1ECV7_9CORY/25-146	Actinomycetota	E	C	H	oui	oui
A0A5N8XWT0_9ACTN/35-156	Actinomycetota	E	C	H	oui	oui
A0A4R8GGN6_9FIRM/25-165	autre/inconnu	E	C	H	oui	oui
A0A0Q6JL95_9NOCA/26-147	Actinomycetota	E	C	H	oui	oui
A0A2C6L2K9_9APIC/550-663	autre/inconnu	E	-	-	non	non
A0A7I7SL92_9MYCO/24-145	autre/inconnu	E	C	H	oui	oui
A0A916XEQ9_9ACTN/34-155	Actinomycetota	E	C	H	oui	oui
A0A8F4J8M6_9ACTN/38-157	Actinomycetota	E	C	H	oui	oui
A0A2Z5K2G0_9ACTN/56-177	Actinomycetota	E	C	H	oui	oui
A0A944IKG3_9ACTN/35-156	Actinomycetota	E	C	H	oui	oui
A0A073ISY4_9BACT/49-183	autre/inconnu	E	C	H	oui	oui
A0A557Y064_9MYCO/24-145	autre/inconnu	E	C	H	oui	oui
A0A917JHW0_9PSEU/30-151	Actinomycetota	E	C	H	oui	oui
A0A1B1ZJZ1_9PSEU/42-165	Actinomycetota	E	C	H	oui	oui
A0A370U4N5_9GAMM/27-160	Pseudomonadota	E	C	H	oui	oui
A0A8H9LHR9_9ACTN/48-175	Actinomycetota	E	C	H	oui	oui
C1MVM0_MICPC/164-316	Actinomycetota	E	C	H	oui	oui
A0AAE3GIE6_9PSEU/63-184	Actinomycetota	E	C	H	oui	oui
A0A0N0MP93_9ACTN/35-156	Actinomycetota	E	C	H	oui	oui
A0A0Q8EEF8_9ACTN/25-153	Actinomycetota	E	C	H	oui	oui
A0A0T2L246_9MICO/31-154	Actinomycetota	E	C	H	oui	oui
A0A9W7A062_9STRA/3-141	autre/inconnu	E	C	H	oui	oui
A0A848KEN0_9NOCA/27-148	Actinomycetota	E	C	H	oui	oui
A0A6B3FZQ3_9ACTN/35-156	Actinomycetota	E	C	H	oui	oui
A0A1H7GIJ8_9ACTN/23-150	Actinomycetota	E	C	H	oui	oui
A0A916JU30_9MICO/31-154	Actinomycetota	E	C	H	oui	oui
A0A2N1JMR2_9ACTO/31-154	autre/inconnu	E	C	H	oui	oui
A0A2W2KY87_9ACTN/22-143	Actinomycetota	E	C	H	oui	oui
C0W7N0_9ACTO/56-179	autre/inconnu	E	C	H	oui	oui
L1II88_GUITC/44-126	autre/inconnu	E	-	-	non	non
A0A1E8QCH4_9MYCO/24-145	autre/inconnu	E	C	H	oui	oui
A0A561BJC2_9ACTN/25-148	Actinomycetota	E	C	H	oui	oui
A0A3N5A8V8_9ACTN/35-156	Actinomycetota	E	C	H	oui	oui
A0A7Y9E1G6_9PSEU/26-147	Actinomycetota	E	C	H	oui	oui
A0A8J3QK72_9ACTN/29-152	Actinomycetota	E	C	H	oui	oui
A0A4Q3XKI1_9MICO/49-172	Actinomycetota	E	C	H	oui	oui
A0A4Y9FX47_9MICO/31-154	Actinomycetota	E	C	H	oui	oui
A0A918MK54_9ACTN/35-156	Actinomycetota	E	C	H	oui	oui
A0A931F0R9_9ACTN/15-142	Actinomycetota	E	C	H	oui	oui
A0A812VCA1_9DINO/241-382	autre/inconnu	E	C	H	oui	oui
A0A7Z0DA72_9ACTN/29-152	Actinomycetota	E	C	H	oui	oui
A0A8J7JXY3_9GAMM/26-159	Pseudomonadota	E	C	H	oui	oui
A0A2S4YZG4_9ACTN/35-156	Actinomycetota	E	C	H	oui	oui
C6WJK4_ACTMD/29-150	Actinomycetota	E	C	H	oui	oui
A0A516GE10_9MICO/41-164	Actinomycetota	E	C	H	oui	oui
A0A0N8W074_9CORY/25-146	Actinomycetota	E	C	H	oui	oui
A0A1H6Y415_9MICO/28-153	Actinomycetota	E	C	H	oui	oui
A0A944QG25_9MICC/27-156	Actinomycetota	E	C	H	oui	oui
C1ECF1_MICCC/83-248	Actinomycetota	E	C	H	oui	oui
A0AAD9G490_9STRA/48-194	autre/inconnu	E	C	H	oui	oui
A0A919IEJ9_9ACTN/26-149	Actinomycetota	E	C	H	oui	oui
A0A931GTQ9_9CORY/40-161	Actinomycetota	E	C	H	oui	oui
A0A0D3J356_EMIH1/115-187	autre/inconnu	-	C	H	non	non
A0A4Q8AD19_9MICC/47-176	Actinomycetota	E	C	H	oui	oui
A0A517YYP1_9BACT/24-178	autre/inconnu	E	C	H	oui	oui
A0A5M3XR01_9ACTN/24-150	Actinomycetota	E	C	H	oui	oui
W9AMH1_MYCCO/34-155	Actinomycetota	E	C	H	oui	oui
A0A5P9IIR4_9GAMM/31-164	Pseudomonadota	E	C	H	oui	oui
A0A849HHF6_9MICO/33-161	Actinomycetota	E	C	H	oui	oui
A0A512D3N8_9MICO/34-157	Actinomycetota	E	C	H	oui	oui
A0A077HLY4_9CORY/27-152	Actinomycetota	E	C	H	oui	oui
A0A0K2YAE2_9NOCA/28-149	Actinomycetota	E	C	H	oui	oui
A0A1T5ID24_9MICO/37-160	Actinomycetota	E	C	H	oui	oui
A0A3M6V817_9STRA/1-71	autre/inconnu	-	C	H	non	non
A0A136PTC7_9ACTN/44-167	Actinomycetota	E	C	H	oui	oui
Q4CZW9_TRYCC/29-173	autre/inconnu	E	C	H	oui	oui
A0A841FKZ3_9ACTN/1-109	Actinomycetota	E	C	H	oui	oui
A0AA37XD71_9MICO/54-177	Actinomycetota	E	C	H	oui	oui
A0A558CVC4_9PSEU/34-155	Actinomycetota	E	C	H	oui	oui
A0A2P8DM99_9ACTN/35-162	Actinomycetota	E	C	H	oui	oui
A0A9W6UG89_9ACTN/35-162	Actinomycetota	E	C	H	oui	oui
A0A1I4FUR4_9ACTN/27-148	Actinomycetota	E	C	H	oui	oui
A0A939DDK8_9GAMM/25-158	Pseudomonadota	E	C	H	oui	oui
A0A1L7D4D0_9CORY/29-150	Actinomycetota	E	C	H	oui	oui
A0A098Y412_9ACTN/35-156	Actinomycetota	E	C	H	oui	oui
A0A4R5BIH6_9ACTN/24-151	Actinomycetota	E	C	H	oui	oui
A0A6G7Z586_9MICO/59-182	Actinomycetota	E	C	H	oui	oui
Q8NRR9_CORGL/23-144	Actinomycetota	E	C	H	oui	oui
A0A849AEP1_9MICO/68-191	Actinomycetota	E	C	H	oui	oui
A0A4R5AHS2_9ACTN/28-154	Actinomycetota	E	C	H	oui	oui
A0A1A3IIA6_9MYCO/24-145	autre/inconnu	E	C	H	oui	oui
A0A918YAA4_9ACTN/35-156	Actinomycetota	E	C	H	oui	oui
A0A101P833_9ACTN/35-156	Actinomycetota	E	C	H	oui	oui
A0A4Q4Z6I2_9ACTN/24-147	Actinomycetota	E	C	H	oui	oui
A0A6G2VMN4_9ACTN/35-156	Actinomycetota	E	C	H	oui	oui
A0A4Q9KB54_9ACTN/29-152	Actinomycetota	E	C	H	oui	oui
A0A0M9X7W4_9ACTN/35-156	Actinomycetota	E	C	H	oui	oui
A0A1H2MVV0_9ACTN/29-158	Actinomycetota	E	C	H	oui	oui
A0A1Q5PZ27_9ACTO/27-150	autre/inconnu	E	C	H	oui	oui
K0JRQ1_SACES/25-146	autre/inconnu	E	C	H	oui	oui
I7JAL0_BABMR/211-298	autre/inconnu	E	-	-	non	non
A0A938XT04_9FIRM/24-162	autre/inconnu	E	C	H	oui	oui
A0A4P6TYX6_STRSO/35-156	Actinomycetota	E	C	H	oui	oui
A0A5C8JIU7_9ACTN/23-150	Actinomycetota	E	C	H	oui	oui
A0A2A9M7T6_9APIC/291-444	autre/inconnu	E	-	-	non	non
A0A1H0IIE2_9ACTN/39-160	Actinomycetota	E	C	H	oui	oui
A0A1N7DQ16_9NOCA/27-148	Actinomycetota	E	C	H	oui	oui
A0A653VKB6_9ACTN/25-148	Actinomycetota	E	C	H	oui	oui
A0A849C2I4_9NOCA/30-151	Actinomycetota	E	C	H	oui	oui
A0A652JZJ7_9ACTN/35-156	Actinomycetota	E	C	H	oui	oui
A0A1I5DFU1_9MICO/31-154	Actinomycetota	E	C	H	oui	oui
A0A919H2J7_9ACTN/35-156	Actinomycetota	E	C	H	oui	oui
A0A1R4GE52_9MICO/29-152	Actinomycetota	E	C	H	oui	oui
A0A6G4U4X6_9ACTN/35-156	Actinomycetota	E	C	H	oui	oui
A0A4R7HWR7_9ACTN/22-141	Actinomycetota	E	C	H	oui	oui
A0A239MI20_9ACTN/24-151	Actinomycetota	E	C	H	oui	oui
A0A348HCY8_9GAMM/31-164	Pseudomonadota	E	C	H	oui	oui
A0A7U8C9T1_NEPCE/26-159	autre/inconnu	E	C	H	oui	oui
A0A132PTD8_9MYCO/24-145	autre/inconnu	E	C	H	oui	oui
A0A5C8UU53_9MICO/31-153	Actinomycetota	E	C	H	oui	oui
A0A0Q9D1H8_9CELL/36-159	autre/inconnu	E	C	H	oui	oui
A0A1C5HDK6_9ACTN/47-170	Actinomycetota	E	C	H	oui	oui
A0A7G1KDG6_9NOCA/27-148	Actinomycetota	E	C	H	oui	oui
A0A3N1HNJ8_9ACTN/54-177	Actinomycetota	E	C	H	oui	oui
E0DIN4_9CORY/36-157	Actinomycetota	E	C	H	oui	oui
A0A852VYX5_9MICO/35-158	Actinomycetota	E	C	H	oui	oui
A0A1H1Z1F0_9ACTN/39-162	Actinomycetota	E	C	H	oui	oui
A0A7Y7CU93_9GAMM/25-158	Pseudomonadota	E	C	H	oui	oui
A0A485L0L8_9STRA/69-215	autre/inconnu	E	C	H	oui	oui
A0A562ILE6_9ACTN/23-144	Actinomycetota	E	C	H	oui	oui
A0A199NWI9_9MICC/38-167	Actinomycetota	E	C	H	oui	oui
A0A542UR06_9CELL/66-189	autre/inconnu	E	C	H	oui	oui
A0A1R3XZ94_MYCBO/16-137	Actinomycetota	E	C	H	oui	oui
F3KZS8_9GAMM/25-157	Pseudomonadota	E	C	H	oui	oui
A0A542ZFG3_9MICO/26-149	Actinomycetota	E	C	H	oui	oui
A0A918C4J3_9ACTN/35-156	Actinomycetota	E	C	H	oui	oui
A0A0Q5AXA5_9MICO/31-154	Actinomycetota	E	C	H	oui	oui
A0A1N7AHJ4_9ACTN/47-170	Actinomycetota	E	C	H	oui	oui
A0A1H5NEU4_9ACTN/35-156	Actinomycetota	E	C	H	oui	oui
A0A3G6ZNG2_9MICO/31-154	Actinomycetota	E	C	H	oui	oui
A0A221R3F2_9MICC/42-171	Actinomycetota	E	C	H	oui	oui
A0A5Q2FE55_9ACTN/27-150	Actinomycetota	E	C	H	oui	oui
A0A1X1V389_9MYCO/24-145	autre/inconnu	E	C	H	oui	oui
A0A918MA78_9ACTN/35-156	Actinomycetota	E	C	H	oui	oui
A0A1G4XBN8_9ACTN/27-148	Actinomycetota	E	C	H	oui	oui
A0A5J5IYT9_9MICO/31-154	Actinomycetota	E	C	H	oui	oui
A0A4R5CNK5_9ACTN/28-151	Actinomycetota	E	C	H	oui	oui
A0A1X0UTL6_9NOCA/31-152	Actinomycetota	E	C	H	oui	oui
A0A1M5SP63_9ACTN/27-150	Actinomycetota	E	C	H	oui	oui
A0A0V8TB87_9CELL/36-159	autre/inconnu	E	C	H	oui	oui
A0A1G7VEW0_9GAMM/31-164	Pseudomonadota	E	C	H	oui	oui
