group	drug	gene	aa_change	pos	effect	spdi	n_carriers	n_lin_present	n_lin_sporadic	n_independent_clades	max_intra_freq_pct	dom_lineage	lineages_sporadic	class	is_catalogued_R	catalogue
MFX	moxifloxacin	gyrA	p.A90V	90	missense	NC_000962.3:7569:C:T	3085	7	7	4	4.956	L2	BOV,L1,L2,L3,L4,L5,L6	convergent_recurrent	1	levofloxacin:R-associated;levofloxacin:R-associated;moxifloxacin:R-associated;moxifloxacin:R-associated
COMP	rifampicin	rpoC	p.V483G	483	missense	NC_000962.3:764816:T:G	3188	6	6	3	5.04	L2	L1,L2,L3,L4,L5,L6	convergent_recurrent	0	rifampicin:uncertain
MFX	moxifloxacin	gyrA	p.S728L	728	missense	NC_000962.3:9483:C:T	12	6	6	3	0.169	L6	BOV,L1,L2,L3,L4,L6	convergent_recurrent	0	-
COMP	rifampicin	rpoC	p.I491V	491	missense	NC_000962.3:764839:A:G	1131	5	5	2	2.187	L2	L1,L2,L3,L4,L5	convergent_recurrent	0	rifampicin:uncertain
COMP	rifampicin	rpoA	p.T187A	187	missense	NC_000962.3:3877948:T:C	453	5	5	2	1.046	L2	L1,L2,L3,L4,L5	convergent_recurrent	0	rifampicin:uncertain
COMP	rifampicin	rpoC	p.D485Y	485	missense	NC_000962.3:764821:G:T	383	5	5	2	0.892	L2	L1,L2,L3,L4,L5	convergent_recurrent	0	rifampicin:uncertain
LZD	linezolid	rplC	p.C154R	154	missense	NC_000962.3:801267:T:C	206	5	5	2	0.385	L2	BOV,L1,L2,L3,L4	convergent_recurrent	1	linezolid:R-associated;linezolid:R-associated
COMP	rifampicin	rpoC	p.V517L	517	missense	NC_000962.3:764917:G:C	161	5	5	2	0.304	L2	L1,L2,L3,L4,L5	convergent_recurrent	0	rifampicin:uncertain
COMP	rifampicin	rpoC	p.L507V	507	missense	NC_000962.3:764887:T:G	119	5	5	2	0.175	L3	BOV,L1,L2,L3,L4	convergent_recurrent	0	rifampicin:uncertain
BDQ	bedaquiline	mmpR5	p.R50Q	50	missense	NC_000962.3:779137:G:A	28	5	5	2	0.038	L2	BOV,L1,L2,L3,L4	convergent_recurrent	0	bedaquiline:uncertain;clofazimine:uncertain
COMP	rifampicin	rpoC	p.I851V	851	missense	NC_000962.3:765919:A:G	26	5	5	2	0.449	L5	L1,L2,L3,L4,L5	convergent_recurrent	0	rifampicin:uncertain
COMP	rifampicin	rpoC	p.V483A	483	missense	NC_000962.3:764816:T:C	953	4	4	1	1.634	L2	L1,L2,L3,L4	convergent_recurrent	0	rifampicin:uncertain
COMP	rifampicin	rpoC	p.P1040R	1040	missense	NC_000962.3:766487:C:G	689	4	4	1	1.285	L2	L1,L2,L3,L4	convergent_recurrent	0	rifampicin:uncertain
MFX	moxifloxacin	gyrA	p.S91P	91	missense	NC_000962.3:7571:T:C	657	4	4	2	1.072	L2	BOV,L2,L3,L4	convergent_recurrent	1	levofloxacin:R-associated;levofloxacin:R-associated;moxifloxacin:R-associated;moxifloxacin:R-associated
COMP	rifampicin	rpoC	p.N698S	698	missense	NC_000962.3:765461:A:G	480	4	4	1	1.077	L2	L1,L2,L3,L4	convergent_recurrent	0	rifampicin:uncertain
COMP	rifampicin	rpoC	p.G332S	332	missense	NC_000962.3:764362:G:A	348	4	4	1	0.722	L2	L1,L2,L3,L4	convergent_recurrent	0	rifampicin:uncertain
COMP	rifampicin	rpoC	p.V1252L	1252	missense	NC_000962.3:767122:G:T	313	4	4	1	1.131	L1	L1,L2,L3,L4	convergent_recurrent	0	rifampicin:uncertain
COMP	rifampicin	rpoC	p.L516P	516	missense	NC_000962.3:764915:T:C	263	4	4	1	0.507	L2	L1,L2,L3,L4	convergent_recurrent	0	rifampicin:uncertain
COMP	rifampicin	rpoC	p.G433S	433	missense	NC_000962.3:764665:G:A	207	4	4	1	0.438	L2	L1,L2,L3,L4	convergent_recurrent	0	rifampicin:uncertain
COMP	rifampicin	rpoC	p.L527V	527	missense	NC_000962.3:764947:T:G	202	4	4	1	0.351	L3	L1,L2,L3,L4	convergent_recurrent	0	rifampicin:uncertain;rifampicin:uncertain
COMP	rifampicin	rpoC	p.P1040S	1040	missense	NC_000962.3:766486:C:T	184	4	4	2	0.449	L5	L2,L3,L4,L5	convergent_recurrent	0	rifampicin:uncertain
COMP	rifampicin	rpoC	p.N416S	416	missense	NC_000962.3:764615:A:G	178	4	4	1	0.192	L4	L1,L2,L3,L4	convergent_recurrent	0	rifampicin:uncertain
COMP	rifampicin	rpoC	p.G332R	332	missense	NC_000962.3:764362:G:C	173	4	4	1	0.22	L2	L1,L2,L3,L4	convergent_recurrent	0	rifampicin:uncertain;rifampicin:uncertain
COMP	rifampicin	rpoA	p.V183G	183	missense	NC_000962.3:3877959:A:C	168	4	4	1	0.253	L2	L1,L2,L3,L4	convergent_recurrent	0	rifampicin:uncertain
COMP	rifampicin	rpoC	p.V431M	431	missense	NC_000962.3:764659:G:A	158	4	4	1	0.187	L4	L1,L2,L3,L4	convergent_recurrent	0	rifampicin:uncertain
MFX	moxifloxacin	gyrA	p.G88C	88	missense	NC_000962.3:7562:G:T	137	4	4	1	0.22	L2	L1,L2,L3,L4	convergent_recurrent	1	levofloxacin:R-associated;levofloxacin:R-associated;moxifloxacin:R-associated;moxifloxacin:R-associated
COMP	rifampicin	rpoC	p.V517L	517	missense	NC_000962.3:764917:G:T	131	4	4	1	0.202	L4	L1,L2,L3,L4	convergent_recurrent	0	rifampicin:uncertain
MFX	moxifloxacin	gyrB	p.E501D	501	missense	NC_000962.3:6741:A:C	123	4	4	1	0.205	L2	L1,L2,L3,L4	convergent_recurrent	1	levofloxacin:R-associated;levofloxacin:R-associated;moxifloxacin:R-associated;moxifloxacin:R-associated
MFX	moxifloxacin	gyrB	p.D461N	461	missense	NC_000962.3:6619:G:A	121	4	4	1	0.167	L2	L1,L2,L3,L4	convergent_recurrent	1	levofloxacin:R-associated;levofloxacin:R-associated;moxifloxacin:R-associated;moxifloxacin:R-associated
MFX	moxifloxacin	gyrB	p.S447F	447	missense	NC_000962.3:6578:C:T	109	4	4	1	0.203	L2	L1,L2,L3,L4	convergent_recurrent	1	levofloxacin:R-associated;levofloxacin:uncertain;moxifloxacin:R-associated;moxifloxacin:uncertain
MFX	moxifloxacin	gyrA	p.A288D	288	missense	NC_000962.3:8163:C:A	108	4	4	1	0.175	L3	L1,L2,L3,L4	convergent_recurrent	0	levofloxacin:uncertain;moxifloxacin:uncertain
COMP	rifampicin	rpoC	p.A521D	521	missense	NC_000962.3:764930:C:A	101	4	4	1	0.152	L2	L1,L2,L3,L4	convergent_recurrent	0	rifampicin:uncertain
COMP	rifampicin	rpoC	p.G519D	519	missense	NC_000962.3:764924:G:A	100	4	4	1	0.198	L1	L1,L2,L3,L4	convergent_recurrent	0	rifampicin:uncertain
COMP	rifampicin	rpoA	p.G31S	31	missense	NC_000962.3:3878416:C:T	99	4	4	1	0.195	L2	L1,L2,L3,L4	convergent_recurrent	0	rifampicin:uncertain
COMP	rifampicin	rpoC	p.W484G	484	missense	NC_000962.3:764818:T:G	96	4	4	1	0.134	L2	L1,L2,L3,L4	convergent_recurrent	0	rifampicin:uncertain
COMP	rifampicin	rpoC	p.N698H	698	missense	NC_000962.3:765460:A:C	93	4	4	1	0.2	L2	L1,L2,L3,L4	convergent_recurrent	0	rifampicin:uncertain
COMP	rifampicin	rpoC	p.T812I	812	missense	NC_000962.3:765803:C:T	83	4	4	1	0.123	L4	L1,L2,L3,L4	convergent_recurrent	0	rifampicin:uncertain
COMP	rifampicin	rpoA	p.E75D	75	missense	NC_000962.3:3878282:C:G	75	4	4	2	0.793	BOV	BOV,L1,L2,L4	convergent_recurrent	0	rifampicin:uncertain
COMP	rifampicin	rpoC	p.V1252M	1252	missense	NC_000962.3:767122:G:A	70	4	4	1	0.11	L3	L1,L2,L3,L4	convergent_recurrent	0	rifampicin:uncertain
MFX	moxifloxacin	gyrA	p.T267I	267	missense	NC_000962.3:8100:C:T	70	4	4	2	0.449	L5	L1,L2,L4,L5	convergent_recurrent	0	levofloxacin:uncertain;moxifloxacin:uncertain
COMP	rifampicin	rpoC	p.E1033K	1033	missense	NC_000962.3:766465:G:A	68	4	4	1	0.111	L2	L1,L2,L3,L4	convergent_recurrent	0	rifampicin:uncertain
COMP	rifampicin	rpoC	p.V1039G	1039	missense	NC_000962.3:766484:T:G	49	4	4	1	0.068	L2	L1,L2,L3,L4	convergent_recurrent	0	rifampicin:uncertain
MFX	moxifloxacin	gyrB	p.T500N	500	missense	NC_000962.3:6737:C:A	49	4	4	1	0.061	L2	L1,L2,L3,L4	convergent_recurrent	0	levofloxacin:uncertain;levofloxacin:uncertain;moxifloxacin:uncertain;moxifloxacin:uncertain
COMP	rifampicin	rpoC	p.E518D	518	missense	NC_000962.3:764922:A:C	48	4	4	1	0.056	L4	L1,L2,L3,L4	convergent_recurrent	0	rifampicin:uncertain
MFX	moxifloxacin	gyrA	p.D89N	89	missense	NC_000962.3:7565:G:A	46	4	4	2	0.058	L2	BOV,L2,L3,L4	convergent_recurrent	1	levofloxacin:R-associated;levofloxacin:uncertain;moxifloxacin:R-associated;moxifloxacin:uncertain
BDQ	bedaquiline	mmpR5	p.L117R	117	missense	NC_000962.3:779338:T:G	45	4	4	2	0.285	L3	L2,L3,L4,L6	convergent_recurrent	1	bedaquiline:R-associated;clofazimine:R-associated
COMP	rifampicin	rpoC	p.T958I	958	missense	NC_000962.3:766241:C:T	45	4	4	1	0.238	L1	L1,L2,L3,L4	convergent_recurrent	0	rifampicin:uncertain
COMP	rifampicin	rpoC	p.E750G	750	missense	NC_000962.3:765617:A:G	41	4	4	1	0.081	L2	L1,L2,L3,L4	convergent_recurrent	0	rifampicin:uncertain
MFX	moxifloxacin	gyrB	p.N499S	499	missense	NC_000962.3:6734:A:G	40	4	4	1	0.076	L2	L1,L2,L3,L4	convergent_recurrent	0	levofloxacin:uncertain;moxifloxacin:uncertain
COMP	rifampicin	rpoC	p.P434Q	434	missense	NC_000962.3:764669:C:A	37	4	4	1	0.061	L2	L1,L2,L3,L4	convergent_recurrent	0	rifampicin:uncertain
COMP	rifampicin	rpoC	p.P1040T	1040	missense	NC_000962.3:766486:C:A	36	4	4	1	0.058	L4	L1,L2,L3,L4	convergent_recurrent	0	rifampicin:uncertain
COMP	rifampicin	rpoC	p.R770H	770	missense	NC_000962.3:765677:G:A	30	4	4	2	0.225	L5	L1,L2,L4,L5	convergent_recurrent	0	rifampicin:uncertain
COMP	rifampicin	rpoC	p.Q1125H	1125	missense	NC_000962.3:766743:G:C	29	4	4	1	0.038	L2	L1,L2,L3,L4	convergent_recurrent	0	rifampicin:uncertain
COMP	rifampicin	rpoC	p.N698K	698	missense	NC_000962.3:765462:C:G	28	4	4	1	0.038	L2	L1,L2,L3,L4	convergent_recurrent	0	rifampicin:uncertain
COMP	rifampicin	rpoC	p.F831L	831	missense	NC_000962.3:765859:T:C	28	4	4	1	0.033	L3	L1,L2,L3,L4	convergent_recurrent	0	rifampicin:uncertain
COMP	rifampicin	rpoA	p.R182W	182	missense	NC_000962.3:3877963:G:A	21	4	4	1	0.044	L3	L1,L2,L3,L4	convergent_recurrent	0	rifampicin:uncertain
COMP	rifampicin	rpoC	p.G433C	433	missense	NC_000962.3:764665:G:T	20	4	4	1	0.038	L2	L1,L2,L3,L4	convergent_recurrent	0	rifampicin:uncertain
COMP	rifampicin	rpoC	p.G433R	433	missense	NC_000962.3:764665:G:C	16	4	4	1	0.023	L2	L1,L2,L3,L4	convergent_recurrent	0	rifampicin:uncertain
COMP	rifampicin	rpoC	p.A492P	492	missense	NC_000962.3:764842:G:C	15	4	4	1	0.033	L3	L1,L2,L3,L4	convergent_recurrent	0	rifampicin:uncertain
MFX	moxifloxacin	gyrB	p.T500I	500	missense	NC_000962.3:6737:C:T	15	4	4	2	0.029	BOV	BOV,L2,L3,L4	convergent_recurrent	0	levofloxacin:uncertain;levofloxacin:uncertain;moxifloxacin:uncertain;moxifloxacin:uncertain
MFX	moxifloxacin	gyrB	p.A618T	618	missense	NC_000962.3:7090:G:A	14	4	4	1	0.022	L3	L1,L2,L3,L4	convergent_recurrent	0	levofloxacin:uncertain;moxifloxacin:uncertain
MFX	moxifloxacin	gyrB	p.E501D	501	missense	NC_000962.3:6741:A:T	14	4	4	1	0.033	L3	L1,L2,L3,L4	convergent_recurrent	1	levofloxacin:R-associated;levofloxacin:R-associated;moxifloxacin:R-associated;moxifloxacin:R-associated
COMP	rifampicin	rpoC	p.I832V	832	missense	NC_000962.3:765862:A:G	13	4	4	1	0.022	L3	L1,L2,L3,L4	convergent_recurrent	0	rifampicin:uncertain
MFX	moxifloxacin	gyrB	p.A641D	641	missense	NC_000962.3:7160:C:A	10	4	4	1	0.018	L2	L1,L2,L3,L4	convergent_recurrent	0	levofloxacin:uncertain
PMD	pretomanid	fbiB	p.V142I	142	missense	NC_000962.3:3641957:G:A	9	4	4	2	0.072	BOV	BOV,L1,L3,L4	convergent_recurrent	0	-
PMD	pretomanid	ddn	p.T26I	26	missense	NC_000962.3:3986919:C:T	9	4	4	2	0.225	L5	L2,L3,L4,L5	convergent_recurrent	0	-
LZD	linezolid	rplC	p.R38C	38	missense	NC_000962.3:800919:C:T	8	4	4	2	0.022	L3	BOV,L2,L3,L4	convergent_recurrent	0	linezolid:uncertain
MFX	moxifloxacin	gyrB	p.P566S	566	missense	NC_000962.3:6934:C:T	7	4	4	2	0.02	L1	BOV,L1,L2,L4	convergent_recurrent	0	-
MFX	moxifloxacin	gyrA	p.Q25E	25	missense	NC_000962.3:7373:C:G	7	4	4	1	0.02	L1	L1,L2,L3,L4	convergent_recurrent	0	levofloxacin:uncertain;moxifloxacin:uncertain
COMP	rifampicin	rpoC	p.R572C	572	missense	NC_000962.3:765082:C:T	6	4	4	1	0.022	L3	L1,L2,L3,L4	convergent_recurrent	0	rifampicin:uncertain
MFX	moxifloxacin	gyrB	p.N499K	499	missense	NC_000962.3:6735:C:A	6	4	4	1	0.011	L3	L1,L2,L3,L4	convergent_recurrent	0	levofloxacin:uncertain;levofloxacin:uncertain;moxifloxacin:uncertain;moxifloxacin:uncertain
MFX	moxifloxacin	gyrB	p.S649F	649	missense	NC_000962.3:7184:C:T	6	4	4	4	0.98	BOV_AFRI	BOV,BOV_AFRI,L1,L6	convergent_recurrent	0	-
MFX	moxifloxacin	gyrB	p.E501A	501	missense	NC_000962.3:6740:A:C	5	4	4	1	0.022	L3	L1,L2,L3,L4	convergent_recurrent	0	levofloxacin:uncertain;moxifloxacin:uncertain
MFX	moxifloxacin	gyrA	p.A384V	384	missense	NC_000962.3:8451:C:T	9886	4	3	1	97.966	L1	L2,L3,L4	lineage_marker	0	levofloxacin:S-associated;moxifloxacin:S-associated
COMP	rifampicin	rpoC	p.I491T	491	missense	NC_000962.3:764840:T:C	658	3	3	1	1.627	L2	L2,L3,L4	convergent_recurrent	0	rifampicin:uncertain;rifampicin:uncertain
PMD	pretomanid	fbiC	p.T273A	273	missense	NC_000962.3:1303746:A:G	577	3	3	1	1.229	L4	L1,L3,L4	convergent_recurrent	0	clofazimine:uncertain;delamanid:uncertain
PMD	pretomanid	ddn	p.D113N	113	missense	NC_000962.3:3987179:G:A	447	4	3	2	99.551	L5	L1,L2,L3	lineage_marker	0	delamanid:uncertain
COMP	rifampicin	rpoC	p.F452S	452	missense	NC_000962.3:764723:T:C	365	3	3	1	0.836	L2	L2,L3,L4	convergent_recurrent	0	rifampicin:uncertain;rifampicin:uncertain
COMP	rifampicin	rpoC	p.K445R	445	missense	NC_000962.3:764702:A:G	231	3	3	1	0.383	L2	L2,L3,L4	convergent_recurrent	0	rifampicin:uncertain
COMP	rifampicin	rpoC	p.V1039A	1039	missense	NC_000962.3:766484:T:C	194	3	3	1	0.248	L2	L2,L3,L4	convergent_recurrent	0	rifampicin:uncertain
COMP	rifampicin	rpoC	p.E1033A	1033	missense	NC_000962.3:766466:A:C	194	3	3	1	0.362	L4	L2,L3,L4	convergent_recurrent	0	rifampicin:uncertain
COMP	rifampicin	rpoC	p.P1040A	1040	missense	NC_000962.3:766486:C:G	173	3	3	1	0.34	L4	L2,L3,L4	convergent_recurrent	0	rifampicin:uncertain
COMP	rifampicin	rpoC	p.L449V	449	missense	NC_000962.3:764713:C:G	143	3	3	1	0.302	L2	L2,L3,L4	convergent_recurrent	0	rifampicin:uncertain
COMP	rifampicin	rpoC	p.F452C	452	missense	NC_000962.3:764723:T:G	140	3	3	1	0.251	L2	L2,L3,L4	convergent_recurrent	0	rifampicin:uncertain
MFX	moxifloxacin	gyrB	p.A504V	504	missense	NC_000962.3:6749:C:T	123	3	3	1	0.223	L2	L2,L3,L4	convergent_recurrent	1	levofloxacin:R-associated;levofloxacin:R-associated;moxifloxacin:R-associated;moxifloxacin:R-associated
COMP	rifampicin	rpoC	p.P1040L	1040	missense	NC_000962.3:766487:C:T	119	3	3	1	0.294	L2	L2,L3,L4	convergent_recurrent	0	rifampicin:uncertain
MFX	moxifloxacin	gyrA	p.N826D	826	missense	NC_000962.3:9776:A:G	113	3	3	1	1.217	L3	L1,L2,L3	convergent_recurrent	0	levofloxacin:uncertain;moxifloxacin:uncertain
COMP	rifampicin	rpoA	p.T181A	181	missense	NC_000962.3:3877966:T:C	107	3	3	1	0.185	L4	L1,L2,L4	convergent_recurrent	0	rifampicin:uncertain
PMD	pretomanid	fbiA	p.S32P	32	missense	NC_000962.3:3640635:T:C	106	3	3	3	2.941	BOV_AFRI	BOV,BOV_AFRI,L2	convergent_recurrent	0	-
BDQ	bedaquiline	mmpR5	p.M146T	146	missense	NC_000962.3:779425:T:C	91	3	3	1	0.187	L4	L1,L2,L4	convergent_recurrent	1	bedaquiline:R-associated;clofazimine:R-associated
MFX	moxifloxacin	gyrB	p.R446C	446	missense	NC_000962.3:6574:C:T	85	3	3	1	0.147	L2	L2,L3,L4	convergent_recurrent	0	levofloxacin:uncertain;levofloxacin:uncertain;moxifloxacin:uncertain;moxifloxacin:uncertain
COMP	rifampicin	rpoC	p.P434R	434	missense	NC_000962.3:764669:C:G	83	3	3	1	0.2	L2	L2,L3,L4	convergent_recurrent	0	rifampicin:uncertain
MFX	moxifloxacin	gyrB	p.N499T	499	missense	NC_000962.3:6734:A:C	82	3	3	1	0.16	L2	L2,L3,L4	convergent_recurrent	1	levofloxacin:R-associated;levofloxacin:uncertain;moxifloxacin:R-associated;moxifloxacin:uncertain
COMP	rifampicin	rpoC	p.S561P	561	missense	NC_000962.3:765049:T:C	72	3	3	1	0.086	L2	L2,L3,L4	convergent_recurrent	0	rifampicin:uncertain
COMP	rifampicin	rpoA	p.V183A	183	missense	NC_000962.3:3877959:A:G	68	3	3	1	0.137	L2	L2,L3,L4	convergent_recurrent	0	rifampicin:uncertain
COMP	rifampicin	rpoC	p.Q523E	523	missense	NC_000962.3:764935:C:G	66	3	3	1	0.129	L4	L1,L2,L4	convergent_recurrent	0	rifampicin:uncertain
COMP	rifampicin	rpoC	p.H525Q	525	missense	NC_000962.3:764943:C:G	66	3	3	1	0.094	L2	L2,L3,L4	convergent_recurrent	0	rifampicin:uncertain
MFX	moxifloxacin	gyrA	p.G88A	88	missense	NC_000962.3:7563:G:C	65	3	3	1	0.073	L2	L2,L3,L4	convergent_recurrent	1	levofloxacin:R-associated;levofloxacin:R-associated;moxifloxacin:R-associated;moxifloxacin:R-associated
COMP	rifampicin	rpoC	p.N698K	698	missense	NC_000962.3:765462:C:A	63	3	3	1	0.096	L2	L2,L3,L4	convergent_recurrent	0	rifampicin:uncertain
COMP	rifampicin	rpoC	p.M672L	672	missense	NC_000962.3:765382:A:C	58	3	3	1	0.121	L4	L1,L2,L4	convergent_recurrent	0	rifampicin:uncertain
COMP	rifampicin	rpoC	p.W484S	484	missense	NC_000962.3:764819:G:C	56	3	3	1	0.127	L2	L2,L3,L4	convergent_recurrent	0	rifampicin:uncertain
COMP	rifampicin	rpoA	p.D190G	190	missense	NC_000962.3:3877938:T:C	56	3	3	1	0.132	L2	L1,L2,L3	convergent_recurrent	0	rifampicin:uncertain
COMP	rifampicin	rpoC	p.A492V	492	missense	NC_000962.3:764843:C:T	52	3	3	1	0.109	L2	L2,L3,L4	convergent_recurrent	0	rifampicin:uncertain
COMP	rifampicin	rpoC	p.D747A	747	missense	NC_000962.3:765608:A:C	50	3	3	1	0.076	L2	L2,L3,L4	convergent_recurrent	0	rifampicin:uncertain;rifampicin:uncertain
COMP	rifampicin	rpoC	p.L449R	449	missense	NC_000962.3:764714:T:G	50	3	3	1	0.122	L2	L1,L2,L4	convergent_recurrent	0	rifampicin:uncertain
MFX	moxifloxacin	gyrA	p.R495C	495	missense	NC_000962.3:8783:C:T	50	3	3	2	0.225	L5	L1,L4,L5	convergent_recurrent	0	levofloxacin:uncertain;moxifloxacin:uncertain
COMP	rifampicin	rpoC	p.V1124G	1124	missense	NC_000962.3:766739:T:G	49	3	3	1	0.094	L2	L2,L3,L4	convergent_recurrent	0	rifampicin:uncertain
COMP	rifampicin	rpoA	p.A180V	180	missense	NC_000962.3:3877968:G:A	49	3	3	1	0.096	L2	L1,L2,L4	convergent_recurrent	0	rifampicin:uncertain
COMP	rifampicin	rpoC	p.I1080L	1080	missense	NC_000962.3:766606:A:C	48	3	3	1	0.097	L4	L1,L2,L4	convergent_recurrent	0	-
MFX	moxifloxacin	gyrB	p.D461H	461	missense	NC_000962.3:6619:G:C	47	3	3	1	0.075	L4	L2,L3,L4	convergent_recurrent	1	levofloxacin:R-associated;levofloxacin:uncertain;moxifloxacin:R-associated;moxifloxacin:uncertain
COMP	rifampicin	rpoC	p.H525N	525	missense	NC_000962.3:764941:C:A	46	3	3	1	0.076	L2	L2,L3,L4	convergent_recurrent	0	rifampicin:uncertain
MFX	moxifloxacin	gyrB	p.N499D	499	missense	NC_000962.3:6733:A:G	43	3	3	1	0.056	L4	L2,L3,L4	convergent_recurrent	1	levofloxacin:R-associated;levofloxacin:R-associated;moxifloxacin:R-associated;moxifloxacin:R-associated
MFX	moxifloxacin	gyrA	p.L361M	361	missense	NC_000962.3:8381:C:A	43	3	3	1	0.088	L4	L1,L2,L4	convergent_recurrent	0	-
MFX	moxifloxacin	gyrA	p.L346V	346	missense	NC_000962.3:8336:C:G	43	3	3	2	0.763	L6	L3,L4,L6	convergent_recurrent	0	levofloxacin:uncertain;moxifloxacin:uncertain
MFX	moxifloxacin	gyrB	p.R446H	446	missense	NC_000962.3:6575:G:A	42	3	3	1	0.056	L2	L2,L3,L4	convergent_recurrent	0	levofloxacin:uncertain;levofloxacin:uncertain;moxifloxacin:uncertain;moxifloxacin:uncertain
COMP	rifampicin	rpoC	p.E1033V	1033	missense	NC_000962.3:766466:A:T	41	3	3	1	0.063	L2	L2,L3,L4	convergent_recurrent	0	rifampicin:uncertain
COMP	rifampicin	rpoC	p.I885V	885	missense	NC_000962.3:766021:A:G	38	3	3	1	0.073	L2	L2,L3,L4	convergent_recurrent	0	rifampicin:uncertain;rifampicin:uncertain
COMP	rifampicin	rpoC	p.H748P	748	missense	NC_000962.3:765611:A:C	37	3	3	1	0.054	L4	L1,L2,L4	convergent_recurrent	0	rifampicin:uncertain
COMP	rifampicin	rpoC	p.N826T	826	missense	NC_000962.3:765845:A:C	37	3	3	1	0.079	L2	L1,L2,L4	convergent_recurrent	0	rifampicin:uncertain
COMP	rifampicin	rpoC	p.K715T	715	missense	NC_000962.3:765512:A:C	36	3	3	1	0.056	L4	L2,L3,L4	convergent_recurrent	0	rifampicin:uncertain
COMP	rifampicin	rpoC	p.G433A	433	missense	NC_000962.3:764666:G:C	36	3	3	1	0.052	L4	L2,L3,L4	convergent_recurrent	0	rifampicin:uncertain
BDQ	bedaquiline	mmpR5	p.S29F	29	missense	NC_000962.3:779074:C:T	35	3	3	3	1.695	L6	BOV,L2,L6	convergent_recurrent	0	-
PMD	pretomanid	fbiC	p.G655S	655	missense	NC_000962.3:1304892:G:A	35	3	3	1	0.05	L4	L1,L2,L4	convergent_recurrent	0	-
MFX	moxifloxacin	gyrB	p.A504T	504	missense	NC_000962.3:6748:G:A	33	3	3	2	0.225	L5	L2,L4,L5	convergent_recurrent	0	levofloxacin:uncertain;levofloxacin:uncertain;moxifloxacin:uncertain;moxifloxacin:uncertain
MFX	moxifloxacin	gyrA	p.R607H	607	missense	NC_000962.3:9120:G:A	33	3	3	2	0.053	L2	BOV,L2,L4	convergent_recurrent	0	levofloxacin:uncertain;moxifloxacin:uncertain
PMD	pretomanid	fbiC	p.A333V	333	missense	NC_000962.3:1303927:C:T	33	3	3	1	0.34	L3	L1,L2,L3	convergent_recurrent	0	clofazimine:uncertain;delamanid:uncertain
MFX	moxifloxacin	gyrB	p.T500A	500	missense	NC_000962.3:6736:A:G	32	3	3	1	0.048	L2	L2,L3,L4	convergent_recurrent	0	levofloxacin:uncertain;moxifloxacin:uncertain
COMP	rifampicin	rpoC	p.P434L	434	missense	NC_000962.3:764669:C:T	31	3	3	1	0.066	L3	L2,L3,L4	convergent_recurrent	0	rifampicin:uncertain
MFX	moxifloxacin	gyrA	p.T5A	5	missense	NC_000962.3:7313:A:G	31	3	3	2	0.318	L3	BOV,L1,L3	convergent_recurrent	0	levofloxacin:uncertain;moxifloxacin:uncertain
MFX	moxifloxacin	gyrA	p.P621L	621	missense	NC_000962.3:9162:C:T	30	3	3	1	0.05	L1	L1,L2,L4	convergent_recurrent	0	levofloxacin:uncertain;moxifloxacin:uncertain
COMP	rifampicin	rpoC	p.H525Q	525	missense	NC_000962.3:764943:C:A	28	3	3	1	0.055	L3	L2,L3,L4	convergent_recurrent	0	rifampicin:uncertain
COMP	rifampicin	rpoC	p.G945V	945	missense	NC_000962.3:766202:G:T	27	3	3	1	0.041	L2	L2,L3,L4	convergent_recurrent	0	rifampicin:uncertain
COMP	rifampicin	rpoC	p.V1147A	1147	missense	NC_000962.3:766808:T:C	27	3	3	1	0.034	L4	L2,L3,L4	convergent_recurrent	0	rifampicin:uncertain
BDQ	bedaquiline	mmpR5	p.L32S	32	missense	NC_000962.3:779083:T:C	23	3	3	1	0.051	L2	L1,L2,L4	convergent_recurrent	1	bedaquiline:R-associated;clofazimine:R-associated
COMP	rifampicin	rpoC	p.T853A	853	missense	NC_000962.3:765925:A:G	23	3	3	1	0.043	L4	L1,L2,L4	convergent_recurrent	0	rifampicin:uncertain
COMP	rifampicin	rpoC	p.E750D	750	missense	NC_000962.3:765618:G:T	23	3	3	1	0.035	L2	L2,L3,L4	convergent_recurrent	0	rifampicin:uncertain
PMD	pretomanid	fbiA	p.R175H	175	missense	NC_000962.3:3641065:G:A	23	3	3	1	0.051	L2	L2,L3,L4	convergent_recurrent	0	clofazimine:uncertain;delamanid:uncertain;delamanid:uncertain
COMP	rifampicin	rpoC	p.G571R	571	missense	NC_000962.3:765079:G:A	22	3	3	1	0.039	L4	L1,L2,L4	convergent_recurrent	0	rifampicin:uncertain
MFX	moxifloxacin	gyrA	p.A445V	445	missense	NC_000962.3:8634:C:T	22	3	3	2	1.61	L6	L1,L4,L6	convergent_recurrent	0	levofloxacin:uncertain;moxifloxacin:uncertain
COMP	rifampicin	rpoC	p.T825A	825	missense	NC_000962.3:765841:A:G	21	3	3	1	0.048	L2	L2,L3,L4	convergent_recurrent	0	rifampicin:uncertain
COMP	rifampicin	rpoA	p.D253G	253	missense	NC_000962.3:3877749:T:C	21	3	3	1	0.033	L2	L2,L3,L4	convergent_recurrent	0	rifampicin:uncertain
MFX	moxifloxacin	gyrB	p.A644D	644	missense	NC_000962.3:7169:C:A	20	3	3	1	0.05	L1	L1,L2,L4	convergent_recurrent	0	levofloxacin:uncertain;moxifloxacin:uncertain
PMD	pretomanid	fbiA	p.G71S	71	missense	NC_000962.3:3640752:G:A	19	3	3	2	1.356	L6	L1,L3,L6	convergent_recurrent	0	clofazimine:uncertain
COMP	rifampicin	rpoC	p.N416T	416	missense	NC_000962.3:764615:A:C	18	3	3	1	0.03	L2	L1,L2,L4	convergent_recurrent	0	rifampicin:uncertain
MFX	moxifloxacin	gyrA	p.I318L	318	missense	NC_000962.3:8252:A:C	18	3	3	1	0.034	L4	L1,L2,L4	convergent_recurrent	0	-
MFX	moxifloxacin	gyrA	p.L105R	105	missense	NC_000962.3:7614:T:G	18	3	3	1	0.034	L4	L1,L2,L4	convergent_recurrent	0	levofloxacin:uncertain;moxifloxacin:uncertain
PMD	pretomanid	fbiB	p.V348I	348	missense	NC_000962.3:3642575:G:A	18	3	3	1	0.035	L2	L1,L2,L4	convergent_recurrent	0	clofazimine:uncertain;delamanid:uncertain
PMD	pretomanid	fbiB	p.R265Q	265	missense	NC_000962.3:3642327:G:A	18	3	3	1	0.041	L2	L1,L2,L3	convergent_recurrent	0	clofazimine:uncertain;delamanid:uncertain
BDQ	bedaquiline	mmpR5	p.C46R	46	missense	NC_000962.3:779124:T:C	17	3	3	2	0.225	L5	L2,L4,L5	convergent_recurrent	1	bedaquiline:R-associated;clofazimine:R-associated
COMP	rifampicin	rpoC	p.A1213E	1213	missense	NC_000962.3:767006:C:A	17	3	3	1	0.02	L2	L1,L2,L4	convergent_recurrent	0	rifampicin:uncertain
MFX	moxifloxacin	gyrB	p.I556V	556	missense	NC_000962.3:6904:A:G	17	3	3	2	0.173	BOV	BOV,L1,L4	convergent_recurrent	0	levofloxacin:uncertain;moxifloxacin:uncertain
MFX	moxifloxacin	gyrB	p.S447Y	447	missense	NC_000962.3:6578:C:A	17	3	3	1	0.024	L4	L2,L3,L4	convergent_recurrent	0	levofloxacin:uncertain;moxifloxacin:uncertain
COMP	rifampicin	rpoC	p.F831L	831	missense	NC_000962.3:765861:C:A	16	3	3	1	0.026	L4	L1,L3,L4	convergent_recurrent	0	rifampicin:uncertain
COMP	rifampicin	rpoC	p.L566V	566	missense	NC_000962.3:765064:C:G	15	3	3	1	0.022	L3	L2,L3,L4	convergent_recurrent	0	rifampicin:uncertain
COMP	rifampicin	rpoC	p.K1152T	1152	missense	NC_000962.3:766823:A:C	14	3	3	1	0.028	L2	L2,L3,L4	convergent_recurrent	0	rifampicin:uncertain
MFX	moxifloxacin	gyrA	p.S506N	506	missense	NC_000962.3:8817:G:A	14	3	3	1	0.026	L4	L1,L3,L4	convergent_recurrent	0	levofloxacin:uncertain;moxifloxacin:uncertain
PMD	pretomanid	fbiA	p.A178T	178	missense	NC_000962.3:3641073:G:A	14	3	3	1	0.119	L1	L1,L3,L4	convergent_recurrent	0	clofazimine:uncertain;delamanid:uncertain
PMD	pretomanid	fbiA	p.R177H	177	missense	NC_000962.3:3641071:G:A	14	3	3	1	0.026	L4	L2,L3,L4	convergent_recurrent	0	clofazimine:uncertain;delamanid:uncertain
BDQ	bedaquiline	mmpR5	p.V120M	120	missense	NC_000962.3:779346:G:A	13	3	3	1	0.099	L1	L1,L2,L4	convergent_recurrent	0	bedaquiline:uncertain;clofazimine:uncertain
COMP	rifampicin	rpoC	p.F831L	831	missense	NC_000962.3:765861:C:G	13	3	3	1	0.022	L3	L2,L3,L4	convergent_recurrent	0	rifampicin:uncertain
COMP	rifampicin	rpoC	p.Y849S	849	missense	NC_000962.3:765914:A:C	13	3	3	1	0.017	L4	L2,L3,L4	convergent_recurrent	0	rifampicin:uncertain
MFX	moxifloxacin	gyrB	p.P450S	450	missense	NC_000962.3:6586:C:T	13	3	3	2	0.508	L6	L1,L3,L6	convergent_recurrent	0	-
MFX	moxifloxacin	gyrA	p.M345V	345	missense	NC_000962.3:8333:A:G	13	3	3	1	0.024	L4	L1,L3,L4	convergent_recurrent	0	-
COMP	rifampicin	rpoC	p.R572H	572	missense	NC_000962.3:765083:G:A	12	3	3	1	0.018	L2	L2,L3,L4	convergent_recurrent	0	rifampicin:uncertain
COMP	rifampicin	rpoC	p.I1046M	1046	missense	NC_000962.3:766506:C:G	12	3	3	1	0.018	L2	L2,L3,L4	convergent_recurrent	0	rifampicin:uncertain
COMP	rifampicin	rpoC	p.D485V	485	missense	NC_000962.3:764822:A:T	12	3	3	1	0.025	L2	L1,L2,L4	convergent_recurrent	0	rifampicin:uncertain
MFX	moxifloxacin	gyrA	p.A736V	736	missense	NC_000962.3:9507:C:T	12	3	3	2	0.225	L5	L1,L3,L5	convergent_recurrent	0	levofloxacin:uncertain;moxifloxacin:uncertain
BDQ	bedaquiline	pepQ	p.A124V	124	missense	NC_000962.3:2860047:G:A	11	3	3	1	0.089	L1	L1,L2,L4	convergent_recurrent	0	bedaquiline:uncertain;clofazimine:uncertain
COMP	rifampicin	rpoC	p.G1042D	1042	missense	NC_000962.3:766493:G:A	11	3	3	1	0.013	L4	L2,L3,L4	convergent_recurrent	0	rifampicin:uncertain
COMP	rifampicin	rpoC	p.Q1125H	1125	missense	NC_000962.3:766743:G:T	11	3	3	2	0.225	L5	L2,L4,L5	convergent_recurrent	0	rifampicin:uncertain
COMP	rifampicin	rpoC	p.D485H	485	missense	NC_000962.3:764821:G:C	11	3	3	1	0.022	L3	L2,L3,L4	convergent_recurrent	0	rifampicin:uncertain
MFX	moxifloxacin	gyrB	p.H560Y	560	missense	NC_000962.3:6916:C:T	11	3	3	2	0.13	BOV	BOV,L2,L4	convergent_recurrent	0	-
MFX	moxifloxacin	gyrA	p.R195C	195	missense	NC_000962.3:7883:C:T	11	3	3	2	0.06	L1	BOV,L1,L4	convergent_recurrent	0	-
COMP	rifampicin	rpoC	p.D271E	271	missense	NC_000962.3:764181:C:G	10	3	3	1	0.017	L4	L2,L3,L4	convergent_recurrent	0	rifampicin:uncertain
COMP	rifampicin	rpoC	p.E488G	488	missense	NC_000962.3:764831:A:G	10	3	3	1	0.015	L4	L2,L3,L4	convergent_recurrent	0	rifampicin:uncertain
COMP	rifampicin	rpoC	p.I885T	885	missense	NC_000962.3:766022:T:C	10	3	3	1	0.02	L2	L2,L3,L4	convergent_recurrent	0	rifampicin:uncertain
MFX	moxifloxacin	gyrB	p.D617Y	617	missense	NC_000962.3:7087:G:T	10	3	3	1	0.015	L4	L1,L2,L4	convergent_recurrent	0	levofloxacin:uncertain;moxifloxacin:uncertain
MFX	moxifloxacin	gyrA	p.R392H	392	missense	NC_000962.3:8475:G:A	10	3	3	1	0.02	L1	L1,L2,L3	convergent_recurrent	0	levofloxacin:uncertain;moxifloxacin:uncertain
BDQ	bedaquiline	mmpR5	p.S2I	2	missense	NC_000962.3:778993:G:T	9	3	3	1	0.02	L1	L1,L2,L4	convergent_recurrent	0	bedaquiline:uncertain;clofazimine:uncertain
COMP	rifampicin	rpoC	p.E750A	750	missense	NC_000962.3:765617:A:C	9	3	3	1	0.02	L1	L1,L2,L4	convergent_recurrent	0	rifampicin:uncertain
COMP	rifampicin	rpoC	p.N826K	826	missense	NC_000962.3:765846:C:G	9	3	3	1	0.02	L1	L1,L3,L4	convergent_recurrent	0	rifampicin:uncertain
COMP	rifampicin	rpoC	p.A701V	701	missense	NC_000962.3:765470:C:T	9	3	3	1	0.015	L4	L2,L3,L4	convergent_recurrent	0	rifampicin:uncertain
COMP	rifampicin	rpoC	p.L402F	402	missense	NC_000962.3:764572:C:T	9	3	3	1	0.015	L2	L2,L3,L4	convergent_recurrent	0	-
COMP	rifampicin	rpoA	p.R182Q	182	missense	NC_000962.3:3877962:C:T	9	3	3	1	0.066	L3	L1,L2,L3	convergent_recurrent	0	rifampicin:uncertain
MFX	moxifloxacin	gyrB	p.V406I	406	missense	NC_000962.3:6454:G:A	9	3	3	2	0.225	L5	L1,L4,L5	convergent_recurrent	0	-
MFX	moxifloxacin	gyrB	p.R446L	446	missense	NC_000962.3:6575:G:T	9	3	3	1	0.015	L2	L2,L3,L4	convergent_recurrent	0	levofloxacin:uncertain;levofloxacin:uncertain;moxifloxacin:uncertain;moxifloxacin:uncertain
MFX	moxifloxacin	gyrB	p.P163L	163	missense	NC_000962.3:5726:C:T	9	3	3	1	0.018	L2	L1,L2,L4	convergent_recurrent	0	levofloxacin:uncertain;moxifloxacin:uncertain
MFX	moxifloxacin	gyrA	p.P7L	7	missense	NC_000962.3:7320:C:T	9	3	3	1	0.02	L1	L1,L2,L4	convergent_recurrent	0	levofloxacin:uncertain;moxifloxacin:uncertain
PMD	pretomanid	fgd1	p.R247W	247	missense	NC_000962.3:491520:C:T	9	3	3	1	0.077	L3	L1,L3,L4	convergent_recurrent	0	-
BDQ	bedaquiline	mmpR5	p.G121R	121	missense	NC_000962.3:779349:G:A	8	3	3	1	0.013	L2	L2,L3,L4	convergent_recurrent	1	bedaquiline:R-associated;clofazimine:R-associated
COMP	rifampicin	rpoC	p.R459W	459	missense	NC_000962.3:764743:C:T	8	3	3	1	0.011	L3	L2,L3,L4	convergent_recurrent	0	rifampicin:uncertain
COMP	rifampicin	rpoA	p.T187N	187	missense	NC_000962.3:3877947:G:T	8	3	3	1	0.013	L4	L2,L3,L4	convergent_recurrent	0	rifampicin:uncertain
PMD	pretomanid	fbiC	p.R99W	99	missense	NC_000962.3:1303224:C:T	8	3	3	1	0.013	L4	L1,L2,L4	convergent_recurrent	0	clofazimine:uncertain
PMD	pretomanid	fbiB	p.R253H	253	missense	NC_000962.3:3642291:G:A	8	3	3	2	0.015	L2	BOV,L2,L4	convergent_recurrent	0	clofazimine:uncertain;delamanid:uncertain
PMD	pretomanid	fbiB	p.T268I	268	missense	NC_000962.3:3642336:C:T	8	3	3	2	0.225	L5	L1,L3,L5	convergent_recurrent	0	clofazimine:uncertain;delamanid:uncertain
PMD	pretomanid	fbiB	p.A130T	130	missense	NC_000962.3:3641921:G:A	8	3	3	2	0.043	BOV	BOV,L3,L4	convergent_recurrent	0	-
BDQ	bedaquiline	mmpR5	p.A84V	84	missense	NC_000962.3:779239:C:T	7	3	3	1	0.022	L3	L2,L3,L4	convergent_recurrent	0	bedaquiline:uncertain;clofazimine:uncertain
BDQ	bedaquiline	mmpR5	p.A59V	59	missense	NC_000962.3:779164:C:T	7	3	3	1	0.03	L1	L1,L2,L4	convergent_recurrent	0	bedaquiline:uncertain;clofazimine:uncertain
BDQ	bedaquiline	mmpR5	p.A86V	86	missense	NC_000962.3:779245:C:T	7	3	3	1	0.013	L2	L2,L3,L4	convergent_recurrent	0	bedaquiline:uncertain;clofazimine:uncertain
COMP	rifampicin	rpoC	p.D747N	747	missense	NC_000962.3:765607:G:A	7	3	3	1	0.011	L3	L2,L3,L4	convergent_recurrent	0	rifampicin:uncertain
COMP	rifampicin	rpoC	p.P322S	322	missense	NC_000962.3:764332:C:T	7	3	3	1	0.05	L1	L1,L2,L4	convergent_recurrent	0	rifampicin:uncertain
COMP	rifampicin	rpoA	p.H124Y	124	missense	NC_000962.3:3878137:G:A	7	4	3	2	10.0	L7	L1,L4,L5	convergent_recurrent	0	rifampicin:uncertain
COMP	rifampicin	rpoA	p.Q185R	185	missense	NC_000962.3:3877953:T:C	7	3	3	1	0.011	L3	L2,L3,L4	convergent_recurrent	0	rifampicin:uncertain
MFX	moxifloxacin	gyrB	p.A162V	162	missense	NC_000962.3:5723:C:T	7	3	3	3	0.169	L6	BOV,L4,L6	convergent_recurrent	0	-
MFX	moxifloxacin	gyrA	p.T164A	164	missense	NC_000962.3:7790:A:G	7	3	3	1	0.05	L1	L1,L2,L4	convergent_recurrent	0	-
MFX	moxifloxacin	gyrA	p.P8S	8	missense	NC_000962.3:7322:C:T	7	3	3	1	0.03	L1	L1,L2,L4	convergent_recurrent	0	-
PMD	pretomanid	fbiB	p.G221S	221	missense	NC_000962.3:3642194:G:A	7	3	3	1	0.02	L1	L1,L2,L4	convergent_recurrent	0	-
PMD	pretomanid	ddn	p.M87I	87	missense	NC_000962.3:3987103:G:A	7	3	3	1	0.011	L4	L1,L2,L4	convergent_recurrent	0	delamanid:uncertain
PMD	pretomanid	ddn	p.A111T	111	missense	NC_000962.3:3987173:G:A	7	3	3	1	0.033	L3	L2,L3,L4	convergent_recurrent	0	-
BDQ	bedaquiline	mmpR5	p.S53L	53	missense	NC_000962.3:779146:C:T	6	3	3	1	0.02	L1	L1,L2,L4	convergent_recurrent	0	bedaquiline:uncertain;clofazimine:uncertain
COMP	rifampicin	rpoC	p.Q435P	435	missense	NC_000962.3:764672:A:C	6	3	3	1	0.02	L1	L1,L2,L4	convergent_recurrent	0	rifampicin:uncertain
COMP	rifampicin	rpoC	p.Q761R	761	missense	NC_000962.3:765650:A:G	6	3	3	1	0.011	L3	L2,L3,L4	convergent_recurrent	0	rifampicin:uncertain
COMP	rifampicin	rpoC	p.V989D	989	missense	NC_000962.3:766334:T:A	6	3	3	1	0.011	L3	L2,L3,L4	convergent_recurrent	0	rifampicin:uncertain
COMP	rifampicin	rpoC	p.D714E	714	missense	NC_000962.3:765510:C:G	6	3	3	1	0.011	L3	L2,L3,L4	convergent_recurrent	0	rifampicin:uncertain
COMP	rifampicin	rpoC	p.A734G	734	missense	NC_000962.3:765569:C:G	6	3	3	1	0.011	L3	L2,L3,L4	convergent_recurrent	0	rifampicin:uncertain
COMP	rifampicin	rpoC	p.T1234A	1234	missense	NC_000962.3:767068:A:G	6	3	3	2	0.014	BOV	BOV,L2,L4	convergent_recurrent	0	rifampicin:uncertain
COMP	rifampicin	rpoC	p.Q657R	657	missense	NC_000962.3:765338:A:G	6	3	3	2	0.03	L1	BOV,L1,L4	convergent_recurrent	0	rifampicin:uncertain
COMP	rifampicin	rpoA	p.D253A	253	missense	NC_000962.3:3877749:T:G	6	3	3	1	0.011	L3	L2,L3,L4	convergent_recurrent	0	rifampicin:uncertain
LZD	linezolid	rplC	p.R209C	209	missense	NC_000962.3:801432:C:T	6	3	3	1	0.011	L3	L2,L3,L4	convergent_recurrent	0	-
MFX	moxifloxacin	gyrB	p.R40C	40	missense	NC_000962.3:5356:C:T	6	3	3	2	0.014	BOV	BOV,L2,L4	convergent_recurrent	0	-
MFX	moxifloxacin	gyrA	p.R578W	578	missense	NC_000962.3:9032:C:T	6	3	3	1	0.033	L3	L2,L3,L4	convergent_recurrent	0	-
MFX	moxifloxacin	gyrA	p.A662V	662	missense	NC_000962.3:9285:C:T	6	3	3	1	0.03	L1	L1,L2,L4	convergent_recurrent	0	levofloxacin:uncertain;moxifloxacin:uncertain
MFX	moxifloxacin	gyrA	p.A126S	126	missense	NC_000962.3:7676:G:T	6	3	3	1	0.011	L3	L2,L3,L4	convergent_recurrent	0	levofloxacin:uncertain;moxifloxacin:uncertain
BDQ	bedaquiline	mmpR5	p.L74M	74	missense	NC_000962.3:779208:C:A	5	3	3	2	0.085	L6	L2,L4,L6	convergent_recurrent	0	bedaquiline:uncertain;clofazimine:uncertain
COMP	rifampicin	rpoC	p.L847R	847	missense	NC_000962.3:765908:T:G	5	3	3	2	0.085	L6	L1,L2,L6	convergent_recurrent	0	rifampicin:uncertain
COMP	rifampicin	rpoC	p.K1256E	1256	missense	NC_000962.3:767134:A:G	5	3	3	1	0.02	L1	L1,L3,L4	convergent_recurrent	0	rifampicin:uncertain
MFX	moxifloxacin	gyrA	p.A788T	788	missense	NC_000962.3:9662:G:A	5	3	3	1	0.033	L3	L1,L3,L4	convergent_recurrent	0	-
MFX	moxifloxacin	gyrA	p.V828M	828	missense	NC_000962.3:9782:G:A	5	3	3	2	0.02	L1	BOV,L1,L2	convergent_recurrent	0	-
MFX	moxifloxacin	gyrA	p.A512V	512	missense	NC_000962.3:8835:C:T	5	3	3	1	0.022	L3	L1,L3,L4	convergent_recurrent	0	levofloxacin:uncertain
PMD	pretomanid	fgd1	p.R212Q	212	missense	NC_000962.3:491416:G:A	5	3	3	1	2.5	L7	L1,L4,L7	convergent_recurrent	0	-
BDQ	bedaquiline	mmpR5	p.S63G	63	missense	NC_000962.3:779175:A:G	4	3	3	1	0.011	L3	L2,L3,L4	convergent_recurrent	0	bedaquiline:uncertain
BDQ	bedaquiline	mmpR5	p.R96G	96	missense	NC_000962.3:779274:C:G	4	3	3	1	0.01	L1	L1,L2,L4	convergent_recurrent	0	bedaquiline:uncertain;clofazimine:uncertain
BDQ	bedaquiline	mmpR5	p.R105C	105	missense	NC_000962.3:779301:C:T	4	3	3	1	0.011	L3	L2,L3,L4	convergent_recurrent	0	-
BDQ	bedaquiline	mmpR5	p.I108T	108	missense	NC_000962.3:779311:T:C	4	3	3	1	0.011	L3	L2,L3,L4	convergent_recurrent	0	bedaquiline:uncertain;clofazimine:uncertain
BDQ	bedaquiline	mmpR5	p.G24D	24	missense	NC_000962.3:779059:G:A	4	3	3	2	0.225	L5	L2,L4,L5	convergent_recurrent	0	-
COMP	rifampicin	rpoA	p.R186L	186	missense	NC_000962.3:3877950:C:A	4	3	3	1	0.01	L1	L1,L2,L4	convergent_recurrent	0	rifampicin:uncertain
MFX	moxifloxacin	gyrB	p.I485V	485	missense	NC_000962.3:6691:A:G	4	3	3	1	0.022	L3	L2,L3,L4	convergent_recurrent	0	-
MFX	moxifloxacin	gyrB	p.D645A	645	missense	NC_000962.3:7172:A:C	4	3	3	1	0.01	L1	L1,L2,L4	convergent_recurrent	0	levofloxacin:uncertain;moxifloxacin:uncertain
MFX	moxifloxacin	gyrB	p.T64I	64	missense	NC_000962.3:5429:C:T	4	3	3	1	0.01	L1	L1,L2,L4	convergent_recurrent	0	-
MFX	moxifloxacin	gyrA	p.R65H	65	missense	NC_000962.3:7494:G:A	4	3	3	1	0.011	L3	L2,L3,L4	convergent_recurrent	0	levofloxacin:uncertain;moxifloxacin:uncertain
MFX	moxifloxacin	gyrA	p.D367H	367	missense	NC_000962.3:8399:G:C	4	3	3	1	0.02	L1	L1,L3,L4	convergent_recurrent	0	levofloxacin:uncertain;moxifloxacin:uncertain
MFX	moxifloxacin	gyrA	p.A460V	460	missense	NC_000962.3:8679:C:T	4	3	3	1	0.02	L1	L1,L3,L4	convergent_recurrent	0	-
MFX	moxifloxacin	gyrA	p.R252G	252	missense	NC_000962.3:8054:C:G	4	3	3	1	0.02	L1	L1,L2,L4	convergent_recurrent	0	levofloxacin:uncertain;moxifloxacin:uncertain
MFX	moxifloxacin	gyrA	p.A406V	406	missense	NC_000962.3:8517:C:T	4	3	3	2	0.169	L6	L1,L3,L6	convergent_recurrent	0	levofloxacin:uncertain;moxifloxacin:uncertain
MFX	moxifloxacin	gyrA	p.A343T	343	missense	NC_000962.3:8327:G:A	4	3	3	2	0.029	BOV	BOV,L1,L4	convergent_recurrent	0	-
MFX	moxifloxacin	gyrA	p.N715S	715	missense	NC_000962.3:9444:A:G	4	3	3	2	0.029	BOV	BOV,L1,L4	convergent_recurrent	0	-
MFX	moxifloxacin	gyrA	p.P472R	472	missense	NC_000962.3:8715:C:G	4	3	3	2	0.085	L6	L1,L4,L6	convergent_recurrent	0	-
PMD	pretomanid	fbiC	p.H364Y	364	missense	NC_000962.3:1304019:C:T	4	3	3	1	0.011	L3	L2,L3,L4	convergent_recurrent	0	-
PMD	pretomanid	fbiA	p.V265M	265	missense	NC_000962.3:3641334:G:A	4	3	3	1	0.01	L1	L1,L2,L4	convergent_recurrent	0	clofazimine:uncertain;delamanid:uncertain
PMD	pretomanid	ddn	p.D69N	69	missense	NC_000962.3:3987047:G:A	4	3	3	1	0.01	L1	L1,L2,L4	convergent_recurrent	0	-
BDQ	bedaquiline	mmpR5	p.L95S	95	missense	NC_000962.3:779272:T:C	3	3	3	1	0.01	L1	L1,L2,L4	convergent_recurrent	0	bedaquiline:uncertain;clofazimine:uncertain
BDQ	bedaquiline	mmpR5	p.R109W	109	missense	NC_000962.3:779313:C:T	3	3	3	1	0.011	L3	L1,L2,L3	convergent_recurrent	0	bedaquiline:uncertain
BDQ	bedaquiline	mmpR5	p.E21K	21	missense	NC_000962.3:779049:G:A	3	3	3	1	0.011	L3	L1,L2,L3	convergent_recurrent	0	bedaquiline:uncertain;clofazimine:uncertain
BDQ	bedaquiline	mmpR5	p.G103S	103	missense	NC_000962.3:779295:G:A	3	3	3	1	0.01	L1	L1,L2,L4	convergent_recurrent	0	bedaquiline:uncertain;clofazimine:uncertain
BDQ	bedaquiline	mmpR5	p.G24S	24	missense	NC_000962.3:779058:G:A	3	3	3	1	0.01	L1	L1,L2,L4	convergent_recurrent	0	-
BDQ	bedaquiline	mmpR5	p.F93L	93	missense	NC_000962.3:779267:C:G	3	3	3	1	0.01	L1	L1,L2,L4	convergent_recurrent	0	bedaquiline:uncertain;clofazimine:uncertain
BDQ	bedaquiline	mmpR5	p.Q51K	51	missense	NC_000962.3:779139:C:A	3	3	3	1	0.01	L1	L1,L2,L4	convergent_recurrent	0	bedaquiline:uncertain;clofazimine:uncertain
COMP	rifampicin	rpoC	p.T16A	16	missense	NC_000962.3:763414:A:G	3	3	3	1	0.011	L3	L2,L3,L4	convergent_recurrent	0	rifampicin:uncertain
COMP	rifampicin	rpoC	p.A553V	553	missense	NC_000962.3:765026:C:T	3	3	3	1	0.01	L1	L1,L2,L4	convergent_recurrent	0	rifampicin:uncertain
COMP	rifampicin	rpoA	p.Q5R	5	missense	NC_000962.3:3878493:T:C	3	3	3	1	0.011	L3	L2,L3,L4	convergent_recurrent	0	rifampicin:uncertain
LZD	linezolid	rplC	p.M127I	127	missense	NC_000962.3:801188:G:A	3	3	3	1	0.01	L1	L1,L2,L4	convergent_recurrent	0	-
MFX	moxifloxacin	gyrB	p.G157V	157	missense	NC_000962.3:5708:G:T	3	3	3	1	0.01	L1	L1,L2,L4	convergent_recurrent	0	-
MFX	moxifloxacin	gyrB	p.G470C	470	missense	NC_000962.3:6646:G:T	3	3	3	1	0.011	L3	L1,L3,L4	convergent_recurrent	0	levofloxacin:uncertain;levofloxacin:uncertain;moxifloxacin:uncertain;moxifloxacin:uncertain
MFX	moxifloxacin	gyrB	p.A644V	644	missense	NC_000962.3:7169:C:T	3	3	3	1	0.011	L3	L1,L2,L3	convergent_recurrent	0	-
MFX	moxifloxacin	gyrB	p.A295T	295	missense	NC_000962.3:6121:G:A	3	3	3	3	0.98	BOV_AFRI	BOV,BOV_AFRI,L6	convergent_recurrent	0	-
MFX	moxifloxacin	gyrA	p.A432V	432	missense	NC_000962.3:8595:C:T	3	3	3	2	0.014	BOV	BOV,L2,L4	convergent_recurrent	0	levofloxacin:uncertain;moxifloxacin:uncertain
MFX	moxifloxacin	gyrA	p.R718C	718	missense	NC_000962.3:9452:C:T	3	3	3	1	0.011	L3	L1,L2,L3	convergent_recurrent	0	levofloxacin:uncertain;moxifloxacin:uncertain
MFX	moxifloxacin	gyrA	p.P154S	154	missense	NC_000962.3:7760:C:T	3	3	3	1	0.011	L3	L1,L3,L4	convergent_recurrent	0	-
MFX	moxifloxacin	gyrA	p.E206Q	206	missense	NC_000962.3:7916:G:C	3	3	3	1	0.011	L3	L1,L3,L4	convergent_recurrent	0	-
PMD	pretomanid	fgd1	p.H315Y	315	missense	NC_000962.3:491724:C:T	3	3	3	2	0.014	BOV	BOV,L3,L4	convergent_recurrent	0	clofazimine:uncertain;delamanid:uncertain
PMD	pretomanid	fgd1	p.E201K	201	missense	NC_000962.3:491382:G:A	3	3	3	1	0.011	L3	L1,L2,L3	convergent_recurrent	0	-
PMD	pretomanid	fbiC	p.L723F	723	missense	NC_000962.3:1305096:C:T	3	3	3	1	0.01	L1	L1,L2,L4	convergent_recurrent	0	-
PMD	pretomanid	fbiB	p.A104T	104	missense	NC_000962.3:3641843:G:A	3	3	3	1	0.01	L1	L1,L2,L4	convergent_recurrent	0	-
PMD	pretomanid	fbiB	p.G434E	434	missense	NC_000962.3:3642834:G:A	3	3	3	1	0.011	L3	L1,L2,L3	convergent_recurrent	0	clofazimine:uncertain
PMD	pretomanid	fbiB	p.A330T	330	missense	NC_000962.3:3642521:G:A	3	3	3	1	0.011	L3	L1,L3,L4	convergent_recurrent	0	-
PMD	pretomanid	fbiB	p.A237V	237	missense	NC_000962.3:3642243:C:T	3	3	3	2	0.085	L6	L1,L4,L6	convergent_recurrent	0	-
PMD	pretomanid	ddn	p.S132N	132	missense	NC_000962.3:3987237:G:A	3	3	3	1	0.01	L1	L1,L2,L4	convergent_recurrent	0	-
PMD	pretomanid	fbiB	p.G19E	19	missense	NC_000962.3:3641589:G:A	1111	3	2	3	15.98	BOV	BOV_AFRI,L4	lineage_marker	0	delamanid:uncertain
MFX	moxifloxacin	gyrA	p.L398F	398	missense	NC_000962.3:8492:C:T	905	3	2	2	76.441	L6	L2,L3	lineage_marker	0	levofloxacin:uncertain;moxifloxacin:uncertain
MFX	moxifloxacin	gyrA	p.Q613E	613	missense	NC_000962.3:9137:C:G	847	2	2	1	1.819	L4	L2,L4	sporadic_lowspread	0	levofloxacin:S-associated;moxifloxacin:S-associated
PMD	pretomanid	fbiB	p.D315A	315	missense	NC_000962.3:3642477:A:C	673	2	2	2	9.654	BOV	BOV,BOV_AFRI	lineage_marker	0	clofazimine:uncertain;delamanid:uncertain
PMD	pretomanid	fbiC	p.W678G	678	missense	NC_000962.3:1304961:T:G	667	2	2	1	1.412	L4	L1,L4	sporadic_lowspread	0	clofazimine:uncertain;delamanid:uncertain
PMD	pretomanid	fbiD	p.I13L	13	missense	NC_000962.3:3339153:A:C	496	2	2	2	7.133	BOV	BOV,BOV_AFRI	lineage_marker	0	clofazimine:uncertain;delamanid:uncertain
COMP	rifampicin	rpoC	p.R69P	69	missense	NC_000962.3:763574:G:C	320	2	2	2	4.597	BOV	BOV,BOV_AFRI	sporadic_lowspread	0	rifampicin:S-associated
PMD	pretomanid	fbiA	p.G264R	264	missense	NC_000962.3:3641331:G:A	313	2	2	1	0.791	L2	L1,L2	sporadic_lowspread	0	clofazimine:uncertain;delamanid:uncertain
COMP	rifampicin	rpoA	p.T271I	271	missense	NC_000962.3:3877695:G:A	258	3	2	3	21.695	L6	BOV_AFRI,L4	lineage_marker	0	rifampicin:uncertain
COMP	rifampicin	rpoC	p.D485N	485	missense	NC_000962.3:764821:G:A	245	2	2	1	0.585	L2	L2,L4	sporadic_lowspread	0	rifampicin:uncertain;rifampicin:uncertain
BDQ	bedaquiline	pepQ	p.G197R	197	missense	NC_000962.3:2859829:C:T	237	2	2	1	0.506	L4	L2,L4	sporadic_lowspread	0	bedaquiline:uncertain;clofazimine:uncertain
MFX	moxifloxacin	gyrB	p.I493T	493	missense	NC_000962.3:6716:T:C	229	2	2	2	3.922	BOV_AFRI	BOV,BOV_AFRI	sporadic_lowspread	0	levofloxacin:uncertain;moxifloxacin:uncertain
MFX	moxifloxacin	gyrB	p.I93V	93	missense	NC_000962.3:5515:A:G	227	2	2	2	3.922	BOV_AFRI	BOV,BOV_AFRI	sporadic_lowspread	0	levofloxacin:uncertain;moxifloxacin:uncertain
PMD	pretomanid	fgd1	p.L323F	323	missense	NC_000962.3:491748:C:T	227	2	2	2	3.242	BOV	BOV,BOV_AFRI	sporadic_lowspread	0	clofazimine:uncertain;delamanid:uncertain
PMD	pretomanid	fbiB	p.V17A	17	missense	NC_000962.3:3641583:T:C	227	2	2	2	3.228	BOV	BOV,BOV_AFRI	sporadic_lowspread	0	clofazimine:uncertain;delamanid:uncertain
MFX	moxifloxacin	gyrB	p.G512R	512	missense	NC_000962.3:6772:G:A	203	2	2	1	0.512	L2	L1,L2	sporadic_lowspread	0	levofloxacin:uncertain;moxifloxacin:uncertain
LZD	linezolid	rplC	p.A31T	31	missense	NC_000962.3:800898:G:A	168	2	2	1	1.389	L1	L1,L3	sporadic_lowspread	0	linezolid:uncertain
COMP	rifampicin	rpoA	p.E184D	184	missense	NC_000962.3:3877955:C:A	158	2	2	1	0.395	L2	L2,L4	sporadic_lowspread	0	rifampicin:uncertain
PMD	pretomanid	ddn	p.W88*	88	stop_gained	NC_000962.3:3987105:G:A	149	2	2	1	0.375	L2	L2,L4	LoF_convergent	1	delamanid:R-associated;delamanid:uncertain
COMP	rifampicin	rpoC	p.E1137G	1137	missense	NC_000962.3:766778:A:G	122	2	2	1	0.304	L2	L2,L4	sporadic_lowspread	0	rifampicin:uncertain
COMP	rifampicin	rpoC	p.G332C	332	missense	NC_000962.3:764362:G:T	116	2	2	1	0.286	L2	L2,L4	sporadic_lowspread	0	rifampicin:uncertain
MFX	moxifloxacin	gyrB	p.I84V	84	missense	NC_000962.3:5488:A:G	112	2	2	1	0.239	L4	L1,L4	sporadic_lowspread	0	levofloxacin:uncertain;moxifloxacin:uncertain
BDQ	bedaquiline	mmpR5	p.E55D	55	missense	NC_000962.3:779153:A:C	107	2	2	1	0.269	L2	L1,L2	sporadic_lowspread	0	bedaquiline:uncertain;clofazimine:uncertain
COMP	rifampicin	rpoC	p.F452L	452	missense	NC_000962.3:764722:T:C	107	2	2	1	0.167	L2	L2,L4	sporadic_lowspread	0	rifampicin:uncertain
MFX	moxifloxacin	gyrB	p.A423V	423	missense	NC_000962.3:6506:C:T	106	2	2	2	0.226	L4	BOV,L4	sporadic_lowspread	0	levofloxacin:uncertain;moxifloxacin:uncertain
COMP	rifampicin	rpoC	p.A1044V	1044	missense	NC_000962.3:766499:C:T	105	2	2	1	0.233	L2	L2,L4	sporadic_lowspread	0	rifampicin:uncertain
PMD	pretomanid	ddn	p.G81S	81	missense	NC_000962.3:3987083:G:A	100	2	2	1	0.251	L2	L2,L3	sporadic_lowspread	0	delamanid:uncertain
MFX	moxifloxacin	gyrB	p.P628S	628	missense	NC_000962.3:7120:C:T	94	2	2	2	7.881	L6	L2,L6	lineage_marker	0	-
COMP	rifampicin	rpoC	p.Q1110H	1110	missense	NC_000962.3:766698:G:T	70	2	2	1	0.175	L2	L2,L4	sporadic_lowspread	0	rifampicin:uncertain
COMP	rifampicin	rpoA	p.E184D	184	missense	NC_000962.3:3877955:C:G	70	2	2	1	0.136	L4	L2,L4	sporadic_lowspread	0	rifampicin:uncertain
MFX	moxifloxacin	gyrB	p.I607V	607	missense	NC_000962.3:7057:A:G	70	2	2	1	0.149	L4	L1,L4	sporadic_lowspread	0	levofloxacin:uncertain;moxifloxacin:uncertain
COMP	rifampicin	rpoC	p.A230V	230	missense	NC_000962.3:764057:C:T	68	2	2	1	0.147	L2	L2,L3	sporadic_lowspread	0	rifampicin:uncertain
BDQ	bedaquiline	mmpR5	p.V3I	3	missense	NC_000962.3:778995:G:A	59	2	2	2	0.121	L4	BOV,L4	sporadic_lowspread	0	-
MFX	moxifloxacin	gyrA	p.R68C	68	missense	NC_000962.3:7502:C:T	54	2	2	2	4.492	L6	L4,L6	sporadic_lowspread	0	levofloxacin:uncertain;moxifloxacin:uncertain
COMP	rifampicin	rpoA	p.R182L	182	missense	NC_000962.3:3877962:C:A	52	2	2	1	0.129	L2	L2,L3	sporadic_lowspread	0	rifampicin:uncertain
COMP	rifampicin	rpoC	p.T1230I	1230	missense	NC_000962.3:767057:C:T	51	2	2	1	0.108	L4	L3,L4	sporadic_lowspread	0	rifampicin:uncertain
COMP	rifampicin	rpoC	p.S1100A	1100	missense	NC_000962.3:766666:T:G	50	2	2	1	0.103	L4	L2,L4	sporadic_lowspread	0	rifampicin:uncertain
COMP	rifampicin	rpoC	p.Q892E	892	missense	NC_000962.3:766042:C:G	49	2	2	1	0.103	L4	L2,L4	sporadic_lowspread	0	-
COMP	rifampicin	rpoA	p.I299V	299	missense	NC_000962.3:3877612:T:C	49	2	2	1	0.101	L4	L2,L4	sporadic_lowspread	0	-
COMP	rifampicin	rpoC	p.K1152Q	1152	missense	NC_000962.3:766822:A:C	48	2	2	1	0.101	L4	L2,L4	sporadic_lowspread	0	rifampicin:uncertain
COMP	rifampicin	rpoA	p.E75A	75	missense	NC_000962.3:3878283:T:G	48	2	2	1	0.099	L4	L2,L4	sporadic_lowspread	0	-
MFX	moxifloxacin	gyrA	p.V651I	651	missense	NC_000962.3:9251:G:A	48	2	2	1	0.099	L3	L3,L4	sporadic_lowspread	0	levofloxacin:uncertain;moxifloxacin:uncertain
COMP	rifampicin	rpoA	p.E338D	338	missense	NC_000962.3:3877493:C:G	47	2	2	1	0.099	L4	L1,L4	sporadic_lowspread	0	rifampicin:uncertain
COMP	rifampicin	rpoA	p.L308F	308	missense	NC_000962.3:3877585:G:A	47	2	2	1	0.099	L4	L3,L4	sporadic_lowspread	0	rifampicin:uncertain
COMP	rifampicin	rpoC	p.E1113G	1113	missense	NC_000962.3:766706:A:G	46	2	2	1	0.114	L2	L2,L4	sporadic_lowspread	0	rifampicin:uncertain
COMP	rifampicin	rpoC	p.H748Q	748	missense	NC_000962.3:765612:C:G	45	2	2	1	0.095	L4	L2,L4	sporadic_lowspread	0	-
LZD	linezolid	rplC	p.V185I	185	missense	NC_000962.3:801360:G:A	45	2	2	1	0.09	L4	L1,L4	sporadic_lowspread	0	linezolid:uncertain
MFX	moxifloxacin	gyrB	p.V630I	630	missense	NC_000962.3:7126:G:A	45	2	2	1	0.395	L3	L3,L4	sporadic_lowspread	0	levofloxacin:uncertain;moxifloxacin:uncertain
PMD	pretomanid	fbiC	p.E543D	543	missense	NC_000962.3:1304558:G:C	44	2	2	1	0.093	L4	L2,L4	sporadic_lowspread	0	-
COMP	rifampicin	rpoA	p.R153W	153	missense	NC_000962.3:3878050:G:A	43	2	2	1	0.065	L4	L2,L4	sporadic_lowspread	0	rifampicin:uncertain
PMD	pretomanid	fbiB	p.D90N	90	missense	NC_000962.3:3641801:G:A	43	2	2	1	0.45	L3	L2,L3	sporadic_lowspread	0	clofazimine:uncertain;delamanid:uncertain
COMP	rifampicin	rpoC	p.L679V	679	missense	NC_000962.3:765403:C:G	41	2	2	1	0.086	L4	L2,L4	sporadic_lowspread	0	-
PMD	pretomanid	fbiA	p.V188F	188	missense	NC_000962.3:3641103:G:T	41	2	2	1	0.397	L1	L1,L4	sporadic_lowspread	0	clofazimine:uncertain;delamanid:uncertain
COMP	rifampicin	rpoC	p.G388A	388	missense	NC_000962.3:764531:G:C	39	2	2	1	0.052	L4	L2,L4	sporadic_lowspread	0	rifampicin:uncertain
MFX	moxifloxacin	gyrA	p.H70R	70	missense	NC_000962.3:7509:A:G	38	2	2	1	0.053	L2	L2,L4	sporadic_lowspread	0	levofloxacin:uncertain;levofloxacin:uncertain;moxifloxacin:uncertain;moxifloxacin:uncertain
BDQ	bedaquiline	mmpR5	p.D5G	5	missense	NC_000962.3:779002:A:G	37	2	2	1	0.052	L4	L2,L4	sporadic_lowspread	0	bedaquiline:uncertain;clofazimine:uncertain
COMP	rifampicin	rpoC	p.S428A	428	missense	NC_000962.3:764650:T:G	37	2	2	1	0.089	L2	L2,L4	sporadic_lowspread	0	rifampicin:uncertain
MFX	moxifloxacin	gyrA	p.T272I	272	missense	NC_000962.3:8115:C:T	37	2	2	1	0.073	L4	L1,L4	sporadic_lowspread	0	levofloxacin:uncertain;moxifloxacin:uncertain
BDQ	bedaquiline	pepQ	p.T341A	341	missense	NC_000962.3:2859397:T:C	36	2	2	1	0.084	L2	L2,L3	sporadic_lowspread	0	bedaquiline:uncertain;clofazimine:uncertain
COMP	rifampicin	rpoC	p.Q479R	479	missense	NC_000962.3:764804:A:G	35	2	2	1	0.065	L4	L2,L4	sporadic_lowspread	0	rifampicin:uncertain
LZD	linezolid	rplC	p.T71A	71	missense	NC_000962.3:801018:A:G	35	2	2	1	0.073	L4	L3,L4	sporadic_lowspread	0	-
MFX	moxifloxacin	gyrB	p.E604D	604	missense	NC_000962.3:7050:A:C	35	2	2	1	0.073	L4	L2,L4	sporadic_lowspread	0	-
COMP	rifampicin	rpoC	p.A734V	734	missense	NC_000962.3:765569:C:T	34	2	2	1	0.041	L2	L2,L4	sporadic_lowspread	0	rifampicin:uncertain
COMP	rifampicin	rpoC	p.V162I	162	missense	NC_000962.3:763852:G:A	33	2	2	1	0.069	L4	L2,L4	sporadic_lowspread	0	-
PMD	pretomanid	fbiD	p.A32T	32	missense	NC_000962.3:3339210:G:A	33	2	2	1	0.069	L4	L3,L4	sporadic_lowspread	0	clofazimine:uncertain;delamanid:uncertain
COMP	rifampicin	rpoC	p.E750Q	750	missense	NC_000962.3:765616:G:C	32	2	2	1	0.071	L2	L2,L4	sporadic_lowspread	0	rifampicin:uncertain
COMP	rifampicin	rpoC	p.D907G	907	missense	NC_000962.3:766088:A:G	32	2	2	1	0.067	L4	L2,L4	sporadic_lowspread	0	rifampicin:uncertain
MFX	moxifloxacin	gyrA	p.V505I	505	missense	NC_000962.3:8813:G:A	32	2	2	2	0.065	L4	BOV,L4	sporadic_lowspread	0	-
PMD	pretomanid	fbiB	p.G325S	325	missense	NC_000962.3:3642506:G:A	32	2	2	1	0.048	L2	L2,L4	sporadic_lowspread	0	clofazimine:uncertain;delamanid:uncertain
BDQ	bedaquiline	mmpR5	p.R90C	90	missense	NC_000962.3:779256:C:T	31	2	2	1	0.043	L4	L2,L4	sporadic_lowspread	0	bedaquiline:uncertain;clofazimine:uncertain
COMP	rifampicin	rpoC	p.E488Q	488	missense	NC_000962.3:764830:G:C	31	2	2	1	0.076	L2	L2,L4	sporadic_lowspread	0	rifampicin:uncertain
BDQ	bedaquiline	mmpR5	p.F93L	93	missense	NC_000962.3:779265:T:C	30	2	2	1	0.071	L2	L2,L4	sporadic_lowspread	0	bedaquiline:uncertain;clofazimine:uncertain
COMP	rifampicin	rpoC	p.P434T	434	missense	NC_000962.3:764668:C:A	30	2	2	1	0.048	L2	L2,L4	sporadic_lowspread	0	rifampicin:uncertain
MFX	moxifloxacin	gyrB	p.L595Q	595	missense	NC_000962.3:7022:T:A	29	2	2	1	0.06	L4	L2,L4	sporadic_lowspread	0	-
MFX	moxifloxacin	gyrA	p.A288V	288	missense	NC_000962.3:8163:C:T	28	2	2	1	0.058	L4	L2,L4	sporadic_lowspread	0	levofloxacin:uncertain;moxifloxacin:uncertain
PMD	pretomanid	fgd1	p.A121D	121	missense	NC_000962.3:491143:C:A	28	2	2	1	0.058	L4	L1,L4	sporadic_lowspread	0	-
BDQ	bedaquiline	mmpR5	p.N98D	98	missense	NC_000962.3:779280:A:G	27	2	2	1	0.05	L4	L2,L4	sporadic_lowspread	0	bedaquiline:uncertain;clofazimine:uncertain
COMP	rifampicin	rpoC	p.P1040Q	1040	missense	NC_000962.3:766487:C:A	26	2	2	1	0.05	L4	L3,L4	sporadic_lowspread	0	rifampicin:uncertain
COMP	rifampicin	rpoA	p.T127A	127	missense	NC_000962.3:3878128:T:C	26	2	2	1	0.063	L2	L2,L4	sporadic_lowspread	0	rifampicin:uncertain
COMP	rifampicin	rpoC	p.Q523K	523	missense	NC_000962.3:764935:C:A	25	2	2	1	0.038	L2	L2,L4	sporadic_lowspread	0	rifampicin:uncertain
COMP	rifampicin	rpoC	p.P434A	434	missense	NC_000962.3:764668:C:G	25	2	2	1	0.056	L2	L2,L4	sporadic_lowspread	0	rifampicin:uncertain
COMP	rifampicin	rpoC	p.A466V	466	missense	NC_000962.3:764765:C:T	25	2	2	1	0.05	L4	L2,L4	sporadic_lowspread	0	rifampicin:uncertain
MFX	moxifloxacin	gyrB	p.A305V	305	missense	NC_000962.3:6152:C:T	25	2	2	2	2.034	L6	L1,L6	sporadic_lowspread	0	-
MFX	moxifloxacin	gyrA	p.R489K	489	missense	NC_000962.3:8766:G:A	25	2	2	1	0.052	L4	L1,L4	sporadic_lowspread	0	levofloxacin:uncertain;moxifloxacin:uncertain
COMP	rifampicin	rpoC	p.Q22R	22	missense	NC_000962.3:763433:A:G	24	2	2	1	0.058	L2	L2,L3	sporadic_lowspread	0	rifampicin:uncertain
MFX	moxifloxacin	gyrA	p.K636N	636	missense	NC_000962.3:9208:G:C	24	2	2	1	0.218	L1	L1,L4	sporadic_lowspread	0	levofloxacin:uncertain;moxifloxacin:uncertain
COMP	rifampicin	rpoC	p.E757G	757	missense	NC_000962.3:765638:A:G	23	2	2	1	0.039	L4	L2,L4	sporadic_lowspread	0	rifampicin:uncertain
COMP	rifampicin	rpoA	p.P25R	25	missense	NC_000962.3:3878433:G:C	23	2	2	1	0.047	L4	L2,L4	sporadic_lowspread	0	rifampicin:uncertain
BDQ	bedaquiline	mmpR5	p.V20A	20	missense	NC_000962.3:779047:T:C	22	2	2	1	0.028	L4	L2,L4	sporadic_lowspread	0	bedaquiline:uncertain;clofazimine:uncertain
COMP	rifampicin	rpoC	p.E757A	757	missense	NC_000962.3:765638:A:C	22	2	2	1	0.034	L4	L2,L4	sporadic_lowspread	0	rifampicin:uncertain
COMP	rifampicin	rpoA	p.T187P	187	missense	NC_000962.3:3877948:T:G	22	2	2	1	0.046	L2	L2,L4	sporadic_lowspread	0	rifampicin:uncertain
COMP	rifampicin	rpoC	p.L746V	746	missense	NC_000962.3:765604:C:G	21	2	2	1	0.033	L2	L2,L4	sporadic_lowspread	0	rifampicin:uncertain
COMP	rifampicin	rpoC	p.S839C	839	missense	NC_000962.3:765884:C:G	21	2	2	1	0.026	L4	L2,L4	sporadic_lowspread	0	rifampicin:uncertain
MFX	moxifloxacin	gyrB	p.I34V	34	missense	NC_000962.3:5338:A:G	21	2	2	1	0.143	L3	L3,L4	sporadic_lowspread	0	levofloxacin:uncertain;moxifloxacin:uncertain
MFX	moxifloxacin	gyrA	p.I462V	462	missense	NC_000962.3:8684:A:G	21	2	2	1	0.048	L2	L2,L3	sporadic_lowspread	0	levofloxacin:uncertain;moxifloxacin:uncertain
COMP	rifampicin	rpoC	p.D747G	747	missense	NC_000962.3:765608:A:G	20	2	2	1	0.024	L4	L2,L4	sporadic_lowspread	0	rifampicin:uncertain
COMP	rifampicin	rpoC	p.G519S	519	missense	NC_000962.3:764923:G:A	20	2	2	1	0.043	L2	L2,L4	sporadic_lowspread	0	rifampicin:uncertain
COMP	rifampicin	rpoC	p.D943G	943	missense	NC_000962.3:766196:A:G	20	2	2	1	0.048	L2	L2,L4	sporadic_lowspread	0	rifampicin:uncertain
COMP	rifampicin	rpoC	p.V582L	582	missense	NC_000962.3:765112:G:C	20	2	2	1	0.038	L2	L2,L4	sporadic_lowspread	0	rifampicin:uncertain
MFX	moxifloxacin	gyrA	p.A676V	676	missense	NC_000962.3:9327:C:T	20	2	2	1	0.041	L4	L3,L4	sporadic_lowspread	0	levofloxacin:uncertain;moxifloxacin:uncertain
PMD	pretomanid	ddn	p.P45L	45	missense	NC_000962.3:3986976:C:T	20	2	2	1	0.041	L4	L1,L4	sporadic_lowspread	0	delamanid:uncertain
BDQ	bedaquiline	mmpR5	p.D88G	88	missense	NC_000962.3:779251:A:G	19	2	2	1	0.03	L4	L2,L4	sporadic_lowspread	0	-
COMP	rifampicin	rpoC	p.G519R	519	missense	NC_000962.3:764923:G:C	19	2	2	1	0.043	L2	L2,L4	sporadic_lowspread	0	rifampicin:uncertain
PMD	pretomanid	ddn	p.W139*	139	stop_gained	NC_000962.3:3987258:G:A	19	2	2	1	0.039	L4	L2,L4	LoF_convergent	1	delamanid:R-associated
MFX	moxifloxacin	gyrA	p.A74S	74	missense	NC_000962.3:7520:G:T	18	2	2	1	0.035	L2	L2,L4	sporadic_lowspread	0	levofloxacin:uncertain;levofloxacin:uncertain;moxifloxacin:uncertain;moxifloxacin:uncertain
MFX	moxifloxacin	gyrA	p.D89G	89	missense	NC_000962.3:7566:A:G	18	2	2	1	0.038	L2	L2,L4	sporadic_lowspread	0	levofloxacin:uncertain;moxifloxacin:uncertain
MFX	moxifloxacin	gyrA	p.S237A	237	missense	NC_000962.3:8009:T:G	18	2	2	2	0.225	L5	L4,L5	sporadic_lowspread	0	levofloxacin:uncertain;moxifloxacin:uncertain
PMD	pretomanid	ddn	p.W20*	20	stop_gained	NC_000962.3:3986901:G:A	18	2	2	2	1.573	L5	L4,L5	LoF_convergent	1	delamanid:R-associated
COMP	rifampicin	rpoC	p.E750D	750	missense	NC_000962.3:765618:G:C	17	2	2	1	0.03	L2	L2,L4	sporadic_lowspread	0	rifampicin:uncertain
COMP	rifampicin	rpoC	p.I491S	491	missense	NC_000962.3:764840:T:G	17	2	2	1	0.034	L4	L2,L4	sporadic_lowspread	0	rifampicin:uncertain
MFX	moxifloxacin	gyrA	p.P108S	108	missense	NC_000962.3:7622:C:T	17	2	2	1	0.034	L4	L1,L4	sporadic_lowspread	0	levofloxacin:uncertain;moxifloxacin:uncertain
PMD	pretomanid	fbiC	p.P18A	18	missense	NC_000962.3:1302981:C:G	17	2	2	1	0.175	L3	L1,L3	sporadic_lowspread	0	-
PMD	pretomanid	fbiB	p.D417A	417	missense	NC_000962.3:3642783:A:C	17	2	2	1	0.038	L2	L2,L4	sporadic_lowspread	0	clofazimine:uncertain;delamanid:uncertain
COMP	rifampicin	rpoC	p.E49G	49	missense	NC_000962.3:763514:A:G	16	2	2	1	0.033	L2	L2,L4	sporadic_lowspread	0	rifampicin:uncertain
MFX	moxifloxacin	gyrB	p.N207D	207	missense	NC_000962.3:5857:A:G	16	2	2	1	0.03	L4	L2,L4	sporadic_lowspread	0	levofloxacin:uncertain;moxifloxacin:uncertain
MFX	moxifloxacin	gyrB	p.R192L	192	missense	NC_000962.3:5813:G:T	16	2	2	2	0.216	BOV	BOV,L2	sporadic_lowspread	0	-
MFX	moxifloxacin	gyrA	p.R292G	292	missense	NC_000962.3:8174:C:G	16	2	2	1	0.035	L2	L2,L4	sporadic_lowspread	0	levofloxacin:uncertain;moxifloxacin:uncertain
MFX	moxifloxacin	gyrA	p.Y722C	722	missense	NC_000962.3:9465:A:G	16	2	2	2	0.13	BOV	BOV,L4	sporadic_lowspread	0	levofloxacin:uncertain;moxifloxacin:uncertain
PMD	pretomanid	fbiC	p.G839D	839	missense	NC_000962.3:1305445:G:A	16	2	2	1	0.129	L1	L1,L4	sporadic_lowspread	0	clofazimine:uncertain;delamanid:uncertain
PMD	pretomanid	fbiA	p.G139R	139	missense	NC_000962.3:3640956:G:C	16	2	2	1	0.038	L2	L1,L2	sporadic_lowspread	0	-
PMD	pretomanid	ddn	p.P6T	6	missense	NC_000962.3:3986858:C:A	16	2	2	1	0.164	L3	L2,L3	sporadic_lowspread	0	delamanid:uncertain
BDQ	bedaquiline	mmpR5	p.D141H	141	missense	NC_000962.3:779409:G:C	15	2	2	1	0.035	L2	L1,L2	sporadic_lowspread	0	-
COMP	rifampicin	rpoC	p.A818V	818	missense	NC_000962.3:765821:C:T	15	2	2	1	0.035	L2	L2,L4	sporadic_lowspread	0	rifampicin:uncertain
MFX	moxifloxacin	gyrB	p.P578A	578	missense	NC_000962.3:6970:C:G	15	2	2	1	0.028	L4	L1,L4	sporadic_lowspread	0	levofloxacin:uncertain;moxifloxacin:uncertain
MFX	moxifloxacin	gyrA	p.D824N	824	missense	NC_000962.3:9770:G:A	15	2	2	2	2.472	L5	L1,L5	sporadic_lowspread	0	levofloxacin:uncertain;moxifloxacin:uncertain
COMP	rifampicin	rpoC	p.I491N	491	missense	NC_000962.3:764840:T:A	14	2	2	1	0.03	L2	L2,L4	sporadic_lowspread	0	rifampicin:uncertain
MFX	moxifloxacin	gyrA	p.A210V	210	missense	NC_000962.3:7929:C:T	14	2	2	1	0.028	L4	L2,L4	sporadic_lowspread	0	levofloxacin:uncertain;moxifloxacin:uncertain
MFX	moxifloxacin	gyrA	p.T836M	836	missense	NC_000962.3:9807:C:T	14	2	2	2	0.225	L5	L2,L5	sporadic_lowspread	0	levofloxacin:uncertain
MFX	moxifloxacin	gyrA	p.G729R	729	missense	NC_000962.3:9485:G:C	14	2	2	2	0.028	L4	BOV,L4	sporadic_lowspread	0	levofloxacin:uncertain;moxifloxacin:uncertain
MFX	moxifloxacin	gyrA	p.T377I	377	missense	NC_000962.3:8430:C:T	14	2	2	1	0.129	L1	L1,L4	sporadic_lowspread	0	levofloxacin:uncertain;moxifloxacin:uncertain
COMP	rifampicin	rpoC	p.L1034M	1034	missense	NC_000962.3:766468:C:A	13	2	2	1	0.03	L2	L2,L4	sporadic_lowspread	0	rifampicin:uncertain
COMP	rifampicin	rpoC	p.I1264V	1264	missense	NC_000962.3:767158:A:G	13	2	2	1	0.024	L4	L3,L4	sporadic_lowspread	0	rifampicin:uncertain
COMP	rifampicin	rpoC	p.Q435H	435	missense	NC_000962.3:764673:G:T	13	2	2	1	0.028	L2	L2,L4	sporadic_lowspread	0	rifampicin:uncertain
COMP	rifampicin	rpoC	p.R247H	247	missense	NC_000962.3:764108:G:A	13	2	2	1	0.026	L4	L3,L4	sporadic_lowspread	0	rifampicin:uncertain
COMP	rifampicin	rpoC	p.T958S	958	missense	NC_000962.3:766241:C:G	13	2	2	2	0.173	BOV	BOV,L4	sporadic_lowspread	0	rifampicin:uncertain
MFX	moxifloxacin	gyrB	p.N499I	499	missense	NC_000962.3:6734:A:T	13	2	2	1	0.028	L2	L2,L4	sporadic_lowspread	0	levofloxacin:uncertain;moxifloxacin:uncertain
MFX	moxifloxacin	gyrA	p.K325N	325	missense	NC_000962.3:8275:G:C	13	2	2	1	0.119	L1	L1,L2	sporadic_lowspread	0	-
PMD	pretomanid	fbiB	p.R334Q	334	missense	NC_000962.3:3642534:G:A	13	2	2	1	0.119	L1	L1,L4	sporadic_lowspread	0	clofazimine:uncertain;delamanid:uncertain
BDQ	bedaquiline	mmpR5	p.M23V	23	missense	NC_000962.3:779055:A:G	12	2	2	2	0.028	L2	BOV,L2	sporadic_lowspread	0	bedaquiline:uncertain;clofazimine:uncertain
COMP	rifampicin	rpoC	p.F452L	452	missense	NC_000962.3:764724:C:G	12	2	2	1	0.019	L4	L2,L4	sporadic_lowspread	0	rifampicin:uncertain
COMP	rifampicin	rpoA	p.S82G	82	missense	NC_000962.3:3878263:T:C	12	2	2	1	0.024	L4	L1,L4	sporadic_lowspread	0	-
PMD	pretomanid	fbiC	p.R134L	134	missense	NC_000962.3:1303330:G:T	12	2	2	1	0.088	L3	L2,L3	sporadic_lowspread	0	clofazimine:uncertain;delamanid:uncertain
PMD	pretomanid	fbiD	p.G8D	8	missense	NC_000962.3:3339139:G:A	12	2	2	1	0.02	L2	L2,L4	sporadic_lowspread	0	clofazimine:uncertain;delamanid:uncertain
PMD	pretomanid	fbiA	p.Q27P	27	missense	NC_000962.3:3640621:A:C	12	2	2	1	0.017	L4	L2,L4	sporadic_lowspread	0	clofazimine:uncertain;delamanid:uncertain
BDQ	bedaquiline	mmpR5	p.L142R	142	missense	NC_000962.3:779413:T:G	11	2	2	1	0.025	L2	L2,L3	sporadic_lowspread	0	bedaquiline:uncertain;clofazimine:uncertain
COMP	rifampicin	rpoC	p.E141D	141	missense	NC_000962.3:763791:G:C	11	2	2	1	0.022	L4	L1,L4	sporadic_lowspread	0	-
COMP	rifampicin	rpoC	p.S1287L	1287	missense	NC_000962.3:767228:C:T	11	2	2	1	0.099	L1	L1,L4	sporadic_lowspread	0	-
COMP	rifampicin	rpoC	p.N771D	771	missense	NC_000962.3:765679:A:G	11	2	2	1	0.015	L2	L2,L4	sporadic_lowspread	0	rifampicin:uncertain
COMP	rifampicin	rpoC	p.E49Q	49	missense	NC_000962.3:763513:G:C	11	2	2	1	0.022	L4	L2,L4	sporadic_lowspread	0	rifampicin:uncertain
COMP	rifampicin	rpoC	p.I802V	802	missense	NC_000962.3:765772:A:G	11	2	2	1	0.022	L4	L2,L4	sporadic_lowspread	0	rifampicin:uncertain
COMP	rifampicin	rpoC	p.G571R	571	missense	NC_000962.3:765079:G:C	11	2	2	1	0.019	L4	L2,L4	sporadic_lowspread	0	rifampicin:uncertain
COMP	rifampicin	rpoA	p.A239V	239	missense	NC_000962.3:3877791:G:A	11	2	2	2	0.13	BOV	BOV,L4	sporadic_lowspread	0	rifampicin:uncertain
MFX	moxifloxacin	gyrB	p.D434G	434	missense	NC_000962.3:6539:A:G	11	2	2	1	0.05	L1	L1,L4	sporadic_lowspread	0	levofloxacin:uncertain;moxifloxacin:uncertain
MFX	moxifloxacin	gyrA	p.I452V	452	missense	NC_000962.3:8654:A:G	11	2	2	1	0.02	L1	L1,L4	sporadic_lowspread	0	-
MFX	moxifloxacin	gyrA	p.A579V	579	missense	NC_000962.3:9036:C:T	11	2	2	1	0.02	L1	L1,L4	sporadic_lowspread	0	levofloxacin:uncertain;moxifloxacin:uncertain
MFX	moxifloxacin	gyrA	p.R309Q	309	missense	NC_000962.3:8226:G:A	11	2	2	1	0.018	L2	L2,L4	sporadic_lowspread	0	levofloxacin:uncertain;moxifloxacin:uncertain
PMD	pretomanid	fbiC	p.P206L	206	missense	NC_000962.3:1303546:C:T	11	2	2	1	0.02	L2	L2,L4	sporadic_lowspread	0	-
PMD	pretomanid	fbiC	p.D674E	674	missense	NC_000962.3:1304951:C:A	11	2	2	1	0.033	L3	L3,L4	sporadic_lowspread	0	-
PMD	pretomanid	fbiB	p.D224N	224	missense	NC_000962.3:3642203:G:A	11	2	2	1	0.025	L2	L2,L4	sporadic_lowspread	0	clofazimine:uncertain;delamanid:uncertain
PMD	pretomanid	fbiB	p.V335A	335	missense	NC_000962.3:3642537:T:C	11	2	2	2	9.804	BOV_AFRI	BOV,BOV_AFRI	lineage_marker	0	-
BDQ	bedaquiline	mmpR5	p.V85G	85	missense	NC_000962.3:779242:T:G	10	2	2	1	0.023	L2	L2,L4	sporadic_lowspread	0	-
COMP	rifampicin	rpoC	p.V644A	644	missense	NC_000962.3:765299:T:C	10	2	2	1	0.019	L4	L1,L4	sporadic_lowspread	0	rifampicin:uncertain
COMP	rifampicin	rpoC	p.A701T	701	missense	NC_000962.3:765469:G:A	10	2	2	1	0.02	L2	L2,L4	sporadic_lowspread	0	-
COMP	rifampicin	rpoC	p.K1152R	1152	missense	NC_000962.3:766823:A:G	10	2	2	1	0.02	L2	L2,L4	sporadic_lowspread	0	rifampicin:uncertain
COMP	rifampicin	rpoC	p.D943N	943	missense	NC_000962.3:766195:G:A	10	2	2	1	0.023	L2	L2,L4	sporadic_lowspread	0	rifampicin:uncertain
COMP	rifampicin	rpoC	p.Q329K	329	missense	NC_000962.3:764353:C:A	10	2	2	1	0.023	L2	L2,L4	sporadic_lowspread	0	-
COMP	rifampicin	rpoC	p.V1124E	1124	missense	NC_000962.3:766739:T:A	10	2	2	1	0.022	L3	L3,L4	sporadic_lowspread	0	rifampicin:uncertain
COMP	rifampicin	rpoC	p.K458R	458	missense	NC_000962.3:764741:A:G	10	2	2	2	0.98	BOV_AFRI	BOV,BOV_AFRI	sporadic_lowspread	0	-
COMP	rifampicin	rpoA	p.S203T	203	missense	NC_000962.3:3877899:C:G	10	2	2	1	0.019	L4	L1,L4	sporadic_lowspread	0	-
MFX	moxifloxacin	gyrB	p.I486L	486	missense	NC_000962.3:6694:A:C	10	2	2	1	0.018	L2	L2,L4	sporadic_lowspread	0	levofloxacin:uncertain;levofloxacin:uncertain;moxifloxacin:uncertain;moxifloxacin:uncertain
MFX	moxifloxacin	gyrB	p.T500P	500	missense	NC_000962.3:6736:A:C	10	2	2	1	0.023	L2	L2,L4	sporadic_lowspread	0	levofloxacin:uncertain;levofloxacin:uncertain;moxifloxacin:uncertain;moxifloxacin:uncertain
MFX	moxifloxacin	gyrB	p.I505V	505	missense	NC_000962.3:6751:A:G	10	2	2	1	0.089	L1	L1,L2	sporadic_lowspread	0	levofloxacin:uncertain;moxifloxacin:uncertain
MFX	moxifloxacin	gyrA	p.K224E	224	missense	NC_000962.3:7970:A:G	10	2	2	1	0.089	L1	L1,L4	sporadic_lowspread	0	levofloxacin:uncertain;moxifloxacin:uncertain
PMD	pretomanid	fbiC	p.S202A	202	missense	NC_000962.3:1303533:T:G	10	2	2	1	0.019	L4	L2,L4	sporadic_lowspread	0	-
PMD	pretomanid	fbiC	p.N556D	556	missense	NC_000962.3:1304595:A:G	10	2	2	1	0.089	L1	L1,L3	sporadic_lowspread	0	-
PMD	pretomanid	fbiC	p.A620V	620	missense	NC_000962.3:1304788:C:T	10	2	2	1	0.019	L4	L2,L4	sporadic_lowspread	0	-
PMD	pretomanid	fbiC	p.M211I	211	missense	NC_000962.3:1303562:G:A	10	2	2	1	0.079	L1	L1,L4	sporadic_lowspread	0	clofazimine:uncertain;delamanid:uncertain
PMD	pretomanid	fbiD	p.I10T	10	missense	NC_000962.3:3339145:T:C	10	2	2	2	0.98	BOV_AFRI	BOV,BOV_AFRI	sporadic_lowspread	0	-
PMD	pretomanid	fbiA	p.V47I	47	missense	NC_000962.3:3640680:G:A	10	2	2	1	0.066	L3	L3,L4	sporadic_lowspread	0	clofazimine:uncertain;delamanid:uncertain
COMP	rifampicin	rpoC	p.P481S	481	missense	NC_000962.3:764809:C:T	9	2	2	1	0.02	L1	L1,L4	sporadic_lowspread	0	rifampicin:uncertain
COMP	rifampicin	rpoA	p.S307L	307	missense	NC_000962.3:3877587:G:A	9	2	2	1	0.015	L2	L2,L4	sporadic_lowspread	0	rifampicin:uncertain
COMP	rifampicin	rpoA	p.S155L	155	missense	NC_000962.3:3878043:G:A	9	2	2	1	0.017	L4	L3,L4	sporadic_lowspread	0	rifampicin:uncertain
MFX	moxifloxacin	gyrB	p.A90G	90	missense	NC_000962.3:5507:C:G	9	2	2	1	0.02	L2	L2,L4	sporadic_lowspread	0	levofloxacin:uncertain;moxifloxacin:uncertain
MFX	moxifloxacin	gyrB	p.D461A	461	missense	NC_000962.3:6620:A:C	9	2	2	1	0.015	L2	L2,L4	sporadic_lowspread	0	levofloxacin:uncertain;levofloxacin:uncertain;moxifloxacin:uncertain;moxifloxacin:uncertain
MFX	moxifloxacin	gyrB	p.Q391R	391	missense	NC_000962.3:6410:A:G	9	2	2	1	0.03	L1	L1,L4	sporadic_lowspread	0	-
MFX	moxifloxacin	gyrB	p.H560R	560	missense	NC_000962.3:6917:A:G	9	2	2	1	0.079	L1	L1,L4	sporadic_lowspread	0	levofloxacin:uncertain;moxifloxacin:uncertain
MFX	moxifloxacin	gyrA	p.I15V	15	missense	NC_000962.3:7343:A:G	9	2	2	1	0.088	L3	L3,L4	sporadic_lowspread	0	levofloxacin:uncertain;moxifloxacin:uncertain
MFX	moxifloxacin	gyrA	p.A626V	626	missense	NC_000962.3:9177:C:T	9	2	2	1	0.088	L3	L3,L4	sporadic_lowspread	0	levofloxacin:uncertain;moxifloxacin:uncertain
MFX	moxifloxacin	gyrA	p.D552H	552	missense	NC_000962.3:8954:G:C	9	2	2	1	0.02	L2	L2,L4	sporadic_lowspread	0	-
PMD	pretomanid	fbiC	p.A302V	302	missense	NC_000962.3:1303834:C:T	9	2	2	1	0.06	L1	L1,L4	sporadic_lowspread	0	-
PMD	pretomanid	fbiA	p.A43T	43	missense	NC_000962.3:3640668:G:A	9	2	2	1	0.05	L1	L1,L4	sporadic_lowspread	0	clofazimine:uncertain;delamanid:uncertain
PMD	pretomanid	fbiB	p.I18V	18	missense	NC_000962.3:3641585:A:G	9	2	2	1	0.017	L4	L3,L4	sporadic_lowspread	0	clofazimine:uncertain
BDQ	bedaquiline	mmpR5	p.M139I	139	missense	NC_000962.3:779405:G:A	8	2	2	1	0.013	L2	L2,L4	sporadic_lowspread	0	bedaquiline:uncertain;clofazimine:uncertain
BDQ	bedaquiline	mmpR5	p.D15G	15	missense	NC_000962.3:779032:A:G	8	2	2	1	0.077	L3	L2,L3	sporadic_lowspread	0	clofazimine:uncertain
BDQ	bedaquiline	mmpR5	p.L74V	74	missense	NC_000962.3:779208:C:G	8	2	2	1	0.015	L2	L2,L4	sporadic_lowspread	0	-
BDQ	bedaquiline	pepQ	p.F46L	46	missense	NC_000962.3:2860282:A:G	8	2	2	1	0.03	L1	L1,L4	sporadic_lowspread	0	bedaquiline:uncertain;clofazimine:uncertain
BDQ	bedaquiline	pepQ	p.G80R	80	missense	NC_000962.3:2860180:C:T	8	2	2	1	0.018	L2	L1,L2	sporadic_lowspread	0	bedaquiline:uncertain;clofazimine:uncertain
COMP	rifampicin	rpoC	p.T83A	83	missense	NC_000962.3:763615:A:G	8	2	2	2	0.086	BOV	BOV,L2	sporadic_lowspread	0	rifampicin:uncertain
COMP	rifampicin	rpoC	p.D735N	735	missense	NC_000962.3:765571:G:A	8	2	2	1	0.018	L2	L2,L4	sporadic_lowspread	0	rifampicin:uncertain;rifampicin:uncertain
COMP	rifampicin	rpoC	p.D1218A	1218	missense	NC_000962.3:767021:A:C	8	2	2	1	0.015	L2	L2,L4	sporadic_lowspread	0	rifampicin:uncertain
COMP	rifampicin	rpoC	p.A734T	734	missense	NC_000962.3:765568:G:A	8	2	2	1	0.013	L2	L2,L4	sporadic_lowspread	0	rifampicin:uncertain
COMP	rifampicin	rpoC	p.D747H	747	missense	NC_000962.3:765607:G:C	8	2	2	1	0.015	L2	L2,L4	sporadic_lowspread	0	rifampicin:uncertain
COMP	rifampicin	rpoC	p.V582M	582	missense	NC_000962.3:765112:G:A	8	2	2	1	0.01	L2	L2,L4	sporadic_lowspread	0	rifampicin:uncertain
MFX	moxifloxacin	gyrB	p.S298L	298	missense	NC_000962.3:6131:C:T	8	2	2	1	0.02	L1	L1,L2	sporadic_lowspread	0	-
MFX	moxifloxacin	gyrB	p.E501V	501	missense	NC_000962.3:6740:A:T	8	2	2	1	0.022	L3	L2,L3	sporadic_lowspread	1	levofloxacin:R-associated;levofloxacin:R-associated;moxifloxacin:R-associated;moxifloxacin:R-associated
MFX	moxifloxacin	gyrB	p.A233P	233	missense	NC_000962.3:5935:G:C	8	2	2	1	0.018	L2	L2,L4	sporadic_lowspread	0	levofloxacin:uncertain;moxifloxacin:uncertain
MFX	moxifloxacin	gyrB	p.R665H	665	missense	NC_000962.3:7232:G:A	8	2	2	2	0.085	L6	L1,L6	sporadic_lowspread	0	-
MFX	moxifloxacin	gyrA	p.V783M	783	missense	NC_000962.3:9647:G:A	8	2	2	1	0.015	L4	L1,L4	sporadic_lowspread	0	levofloxacin:uncertain;moxifloxacin:uncertain
MFX	moxifloxacin	gyrA	p.Q113E	113	missense	NC_000962.3:7637:C:G	8	2	2	1	0.018	L2	L2,L4	sporadic_lowspread	0	levofloxacin:uncertain;moxifloxacin:uncertain
MFX	moxifloxacin	gyrA	p.T697A	697	missense	NC_000962.3:9389:A:G	8	2	2	1	0.066	L3	L2,L3	sporadic_lowspread	0	levofloxacin:uncertain;moxifloxacin:uncertain
MFX	moxifloxacin	gyrA	p.T638I	638	missense	NC_000962.3:9213:C:T	8	2	2	1	0.015	L4	L2,L4	sporadic_lowspread	0	levofloxacin:uncertain;moxifloxacin:uncertain
PMD	pretomanid	fgd1	p.L69Q	69	missense	NC_000962.3:490987:T:A	8	2	2	1	0.015	L4	L1,L4	sporadic_lowspread	0	-
PMD	pretomanid	fbiC	p.P18L	18	missense	NC_000962.3:1302982:C:T	8	2	2	1	0.015	L4	L1,L4	sporadic_lowspread	0	clofazimine:uncertain;delamanid:uncertain
PMD	pretomanid	fbiC	p.G839S	839	missense	NC_000962.3:1305444:G:A	8	2	2	2	0.086	BOV	BOV,L3	sporadic_lowspread	0	clofazimine:uncertain;delamanid:uncertain
PMD	pretomanid	fbiC	p.A63T	63	missense	NC_000962.3:1303116:G:A	8	2	2	1	0.018	L2	L1,L2	sporadic_lowspread	0	clofazimine:uncertain;delamanid:uncertain
PMD	pretomanid	fbiC	p.P438S	438	missense	NC_000962.3:1304241:C:T	8	2	2	1	0.013	L4	L2,L4	sporadic_lowspread	0	-
PMD	pretomanid	fbiB	p.D311N	311	missense	NC_000962.3:3642464:G:A	8	2	2	2	0.899	L5	L2,L5	sporadic_lowspread	0	-
PMD	pretomanid	fbiB	p.D224G	224	missense	NC_000962.3:3642204:A:G	8	2	2	2	0.018	L2	BOV,L2	sporadic_lowspread	0	-
PMD	pretomanid	fbiB	p.T302I	302	missense	NC_000962.3:3642438:C:T	8	2	2	1	0.069	L1	L1,L2	sporadic_lowspread	0	-
BDQ	bedaquiline	mmpR5	p.F93S	93	missense	NC_000962.3:779266:T:C	7	2	2	1	0.013	L4	L2,L4	sporadic_lowspread	0	bedaquiline:uncertain;clofazimine:uncertain
BDQ	bedaquiline	mmpR5	p.S31G	31	missense	NC_000962.3:779079:A:G	7	2	2	1	0.015	L2	L2,L3	sporadic_lowspread	0	bedaquiline:uncertain;clofazimine:uncertain
COMP	rifampicin	rpoC	p.P833L	833	missense	NC_000962.3:765866:C:T	7	2	2	1	0.011	L4	L2,L4	sporadic_lowspread	0	rifampicin:uncertain
COMP	rifampicin	rpoC	p.T814I	814	missense	NC_000962.3:765809:C:T	7	2	2	1	0.013	L2	L2,L4	sporadic_lowspread	0	rifampicin:uncertain
COMP	rifampicin	rpoC	p.I522T	522	missense	NC_000962.3:764933:T:C	7	2	2	1	0.013	L2	L2,L4	sporadic_lowspread	0	rifampicin:uncertain
COMP	rifampicin	rpoC	p.V317A	317	missense	NC_000962.3:764318:T:C	7	2	2	1	0.01	L2	L2,L4	sporadic_lowspread	0	rifampicin:uncertain
COMP	rifampicin	rpoC	p.G442C	442	missense	NC_000962.3:764692:G:T	7	2	2	1	0.013	L2	L2,L4	sporadic_lowspread	0	-
COMP	rifampicin	rpoC	p.D404A	404	missense	NC_000962.3:764579:A:C	7	2	2	1	0.011	L4	L2,L4	sporadic_lowspread	0	rifampicin:uncertain
COMP	rifampicin	rpoC	p.T845P	845	missense	NC_000962.3:765901:A:C	7	2	2	1	0.011	L4	L2,L4	sporadic_lowspread	0	rifampicin:uncertain
MFX	moxifloxacin	gyrB	p.P177L	177	missense	NC_000962.3:5768:C:T	7	2	2	1	0.022	L3	L3,L4	sporadic_lowspread	0	levofloxacin:uncertain;moxifloxacin:uncertain
MFX	moxifloxacin	gyrB	p.N499K	499	missense	NC_000962.3:6735:C:G	7	2	2	1	0.013	L2	L2,L4	sporadic_lowspread	0	levofloxacin:uncertain;levofloxacin:uncertain;moxifloxacin:uncertain;moxifloxacin:uncertain
MFX	moxifloxacin	gyrB	p.A355T	355	missense	NC_000962.3:6301:G:A	7	2	2	1	0.055	L3	L3,L4	sporadic_lowspread	0	levofloxacin:uncertain;moxifloxacin:uncertain
MFX	moxifloxacin	gyrB	p.G589V	589	missense	NC_000962.3:7004:G:T	7	2	2	1	0.015	L2	L2,L4	sporadic_lowspread	0	levofloxacin:uncertain;moxifloxacin:uncertain
MFX	moxifloxacin	gyrB	p.V190I	190	missense	NC_000962.3:5806:G:A	7	2	2	1	0.04	L1	L1,L2	sporadic_lowspread	0	-
MFX	moxifloxacin	gyrB	p.G559A	559	missense	NC_000962.3:6914:G:C	7	2	2	1	0.013	L4	L2,L4	sporadic_lowspread	0	-
MFX	moxifloxacin	gyrA	p.D507H	507	missense	NC_000962.3:8819:G:C	7	2	2	1	0.011	L4	L2,L4	sporadic_lowspread	0	levofloxacin:uncertain;moxifloxacin:uncertain
MFX	moxifloxacin	gyrA	p.E79D	79	missense	NC_000962.3:7537:G:C	7	2	2	1	0.044	L3	L3,L4	sporadic_lowspread	0	levofloxacin:uncertain;moxifloxacin:uncertain
MFX	moxifloxacin	gyrA	p.Q790E	790	missense	NC_000962.3:9668:C:G	7	2	2	1	0.013	L2	L2,L4	sporadic_lowspread	0	levofloxacin:uncertain;moxifloxacin:uncertain
MFX	moxifloxacin	gyrA	p.R222W	222	missense	NC_000962.3:7964:C:T	7	2	2	1	0.013	L4	L2,L4	sporadic_lowspread	0	levofloxacin:uncertain
MFX	moxifloxacin	gyrA	p.S536N	536	missense	NC_000962.3:8907:G:A	7	2	2	1	0.013	L4	L2,L4	sporadic_lowspread	0	-
MFX	moxifloxacin	gyrA	p.L465V	465	missense	NC_000962.3:8693:C:G	7	2	2	1	0.066	L3	L2,L3	sporadic_lowspread	0	-
PMD	pretomanid	fgd1	p.I277V	277	missense	NC_000962.3:491610:A:G	7	2	2	1	0.013	L4	L2,L4	sporadic_lowspread	0	-
PMD	pretomanid	fbiC	p.R537S	537	missense	NC_000962.3:1304538:C:A	7	2	2	1	0.013	L4	L2,L4	sporadic_lowspread	0	-
PMD	pretomanid	fbiA	p.T302A	302	missense	NC_000962.3:3641445:A:G	7	2	2	1	0.015	L2	L2,L3	sporadic_lowspread	0	clofazimine:uncertain;delamanid:uncertain
PMD	pretomanid	ddn	p.G34R	34	missense	NC_000962.3:3986942:G:A	7	2	2	1	0.013	L4	L1,L4	sporadic_lowspread	0	delamanid:uncertain
BDQ	bedaquiline	mmpR5	p.Q115*	115	stop_gained	NC_000962.3:779331:C:T	6	2	2	1	0.013	L2	L2,L3	LoF_convergent	1	bedaquiline:R-associated;clofazimine:R-associated
BDQ	bedaquiline	mmpR5	p.A102V	102	missense	NC_000962.3:779293:C:T	6	2	2	1	0.01	L2	L2,L4	sporadic_lowspread	0	-
BDQ	bedaquiline	mmpR5	p.S68N	68	missense	NC_000962.3:779191:G:A	6	2	2	1	0.013	L2	L2,L4	sporadic_lowspread	0	bedaquiline:uncertain;clofazimine:uncertain
COMP	rifampicin	rpoC	p.T853S	853	missense	NC_000962.3:765926:C:G	6	2	2	1	0.01	L2	L2,L4	sporadic_lowspread	0	rifampicin:uncertain
COMP	rifampicin	rpoC	p.V236I	236	missense	NC_000962.3:764074:G:A	6	2	2	1	0.05	L1	L1,L2	sporadic_lowspread	0	rifampicin:uncertain
COMP	rifampicin	rpoC	p.L151F	151	missense	NC_000962.3:763819:C:T	6	2	2	1	0.055	L3	L3,L4	sporadic_lowspread	0	rifampicin:uncertain
COMP	rifampicin	rpoC	p.V431L	431	missense	NC_000962.3:764659:G:C	6	2	2	1	0.022	L3	L2,L3	sporadic_lowspread	0	rifampicin:uncertain
COMP	rifampicin	rpoC	p.Q1145H	1145	missense	NC_000962.3:766803:A:T	6	2	2	1	0.01	L2	L2,L4	sporadic_lowspread	0	rifampicin:uncertain
COMP	rifampicin	rpoC	p.V775A	775	missense	NC_000962.3:765692:T:C	6	2	2	1	0.01	L2	L2,L4	sporadic_lowspread	0	rifampicin:uncertain
COMP	rifampicin	rpoC	p.R1136L	1136	missense	NC_000962.3:766775:G:T	6	2	2	2	0.169	L6	L2,L6	sporadic_lowspread	0	-
COMP	rifampicin	rpoC	p.Q693H	693	missense	NC_000962.3:765447:G:C	6	2	2	1	0.013	L2	L2,L4	sporadic_lowspread	0	-
COMP	rifampicin	rpoC	p.L847P	847	missense	NC_000962.3:765908:T:C	6	2	2	1	0.008	L2	L2,L4	sporadic_lowspread	0	-
COMP	rifampicin	rpoC	p.G1178S	1178	missense	NC_000962.3:766900:G:A	6	2	2	1	0.02	L1	L1,L2	sporadic_lowspread	0	rifampicin:uncertain
COMP	rifampicin	rpoC	p.R91Q	91	missense	NC_000962.3:763640:G:A	6	2	2	1	0.008	L2	L2,L4	sporadic_lowspread	0	-
COMP	rifampicin	rpoA	p.P250L	250	missense	NC_000962.3:3877758:G:A	6	2	2	1	0.011	L4	L2,L4	sporadic_lowspread	0	rifampicin:uncertain
MFX	moxifloxacin	gyrB	p.E299Q	299	missense	NC_000962.3:6133:G:C	6	2	2	1	0.055	L3	L3,L4	sporadic_lowspread	0	levofloxacin:uncertain;moxifloxacin:uncertain
MFX	moxifloxacin	gyrB	p.E501G	501	missense	NC_000962.3:6740:A:G	6	2	2	1	0.05	L1	L1,L2	sporadic_lowspread	0	levofloxacin:uncertain;moxifloxacin:uncertain
MFX	moxifloxacin	gyrB	p.F187L	187	missense	NC_000962.3:5799:C:A	6	2	2	1	0.011	L4	L2,L4	sporadic_lowspread	0	levofloxacin:uncertain;moxifloxacin:uncertain
MFX	moxifloxacin	gyrB	p.P254L	254	missense	NC_000962.3:5999:C:T	6	2	2	1	0.011	L4	L1,L4	sporadic_lowspread	0	levofloxacin:uncertain;moxifloxacin:uncertain
MFX	moxifloxacin	gyrA	p.L12F	12	missense	NC_000962.3:7334:C:T	6	2	2	1	0.02	L1	L1,L4	sporadic_lowspread	0	levofloxacin:uncertain;moxifloxacin:uncertain
MFX	moxifloxacin	gyrA	p.Q449E	449	missense	NC_000962.3:8645:C:G	6	2	2	1	0.044	L3	L3,L4	sporadic_lowspread	0	-
MFX	moxifloxacin	gyrA	p.H368Y	368	missense	NC_000962.3:8402:C:T	6	2	2	1	0.04	L1	L1,L2	sporadic_lowspread	0	-
MFX	moxifloxacin	gyrA	p.S69G	69	missense	NC_000962.3:7505:A:G	6	2	2	1	0.03	L1	L1,L4	sporadic_lowspread	0	levofloxacin:uncertain;moxifloxacin:uncertain
MFX	moxifloxacin	gyrA	p.L455V	455	missense	NC_000962.3:8663:C:G	6	2	2	1	0.013	L2	L2,L4	sporadic_lowspread	0	levofloxacin:uncertain;moxifloxacin:uncertain
MFX	moxifloxacin	gyrA	p.Y379C	379	missense	NC_000962.3:8436:A:G	6	2	2	1	0.013	L2	L2,L4	sporadic_lowspread	0	levofloxacin:uncertain;moxifloxacin:uncertain
MFX	moxifloxacin	gyrA	p.T355M	355	missense	NC_000962.3:8364:C:T	6	2	2	1	0.011	L4	L2,L4	sporadic_lowspread	0	levofloxacin:uncertain;moxifloxacin:uncertain
MFX	moxifloxacin	gyrA	p.R495H	495	missense	NC_000962.3:8784:G:A	6	2	2	1	0.04	L1	L1,L4	sporadic_lowspread	0	-
MFX	moxifloxacin	gyrA	p.N652K	652	missense	NC_000962.3:9256:C:G	6	2	2	2	0.424	L6	L1,L6	sporadic_lowspread	0	-
PMD	pretomanid	fgd1	p.A10V	10	missense	NC_000962.3:490810:C:T	6	2	2	2	0.04	L1	BOV,L1	sporadic_lowspread	0	clofazimine:uncertain;delamanid:uncertain
PMD	pretomanid	fbiC	p.L228F	228	missense	NC_000962.3:1303611:C:T	6	2	2	1	0.055	L3	L2,L3	sporadic_lowspread	0	-
PMD	pretomanid	fbiC	p.A516E	516	missense	NC_000962.3:1304476:C:A	6	2	2	1	0.055	L3	L3,L4	sporadic_lowspread	0	-
PMD	pretomanid	fbiD	p.G76S	76	missense	NC_000962.3:3339342:G:A	6	2	2	1	0.011	L4	L1,L4	sporadic_lowspread	0	clofazimine:uncertain;delamanid:uncertain
PMD	pretomanid	fbiA	p.A206S	206	missense	NC_000962.3:3641157:G:T	6	2	2	1	0.01	L2	L2,L4	sporadic_lowspread	0	-
PMD	pretomanid	fbiB	p.D406A	406	missense	NC_000962.3:3642750:A:C	6	2	2	1	0.008	L2	L2,L4	sporadic_lowspread	0	-
PMD	pretomanid	fbiB	p.V123I	123	missense	NC_000962.3:3641900:G:A	6	2	2	1	0.011	L4	L1,L4	sporadic_lowspread	0	-
PMD	pretomanid	fbiB	p.R174H	174	missense	NC_000962.3:3642054:G:A	6	2	2	2	0.029	BOV	BOV,L4	sporadic_lowspread	0	clofazimine:uncertain;delamanid:uncertain
PMD	pretomanid	ddn	p.Q58*	58	stop_gained	NC_000962.3:3987014:C:T	6	2	2	1	0.013	L2	L1,L2	LoF_convergent	1	delamanid:R-associated
BDQ	bedaquiline	mmpR5	p.A99V	99	missense	NC_000962.3:779284:C:T	5	2	2	1	0.02	L1	L1,L2	sporadic_lowspread	0	-
BDQ	bedaquiline	mmpR5	p.S53P	53	missense	NC_000962.3:779145:T:C	5	2	2	1	0.02	L1	L1,L2	sporadic_lowspread	0	bedaquiline:uncertain;clofazimine:uncertain
BDQ	bedaquiline	mmpR5	p.Y92C	92	missense	NC_000962.3:779263:A:G	5	2	2	1	0.006	L4	L2,L4	sporadic_lowspread	0	bedaquiline:uncertain
BDQ	bedaquiline	mmpR5	p.A128V	128	missense	NC_000962.3:779371:C:T	5	2	2	1	0.04	L1	L1,L2	sporadic_lowspread	0	-
BDQ	bedaquiline	pepQ	p.A370V	370	missense	NC_000962.3:2859309:G:A	5	2	2	2	0.98	BOV_AFRI	BOV_AFRI,L4	sporadic_lowspread	0	bedaquiline:uncertain;clofazimine:uncertain
BDQ	bedaquiline	pepQ	p.K241E	241	missense	NC_000962.3:2859697:T:C	5	2	2	1	0.009	L4	L2,L4	sporadic_lowspread	0	-
BDQ	bedaquiline	pepQ	p.E133Q	133	missense	NC_000962.3:2860021:C:G	5	2	2	2	0.339	L6	L1,L6	sporadic_lowspread	0	-
COMP	rifampicin	rpoC	p.V313A	313	missense	NC_000962.3:764306:T:C	5	2	2	1	0.022	L3	L3,L4	sporadic_lowspread	0	rifampicin:uncertain
COMP	rifampicin	rpoC	p.L399F	399	missense	NC_000962.3:764563:C:T	5	2	2	1	0.01	L2	L2,L4	sporadic_lowspread	0	-
COMP	rifampicin	rpoC	p.P434S	434	missense	NC_000962.3:764668:C:T	5	2	2	1	0.01	L2	L2,L4	sporadic_lowspread	0	rifampicin:uncertain
COMP	rifampicin	rpoC	p.G1026A	1026	missense	NC_000962.3:766445:G:C	5	2	2	1	0.044	L3	L3,L4	sporadic_lowspread	0	rifampicin:uncertain
COMP	rifampicin	rpoC	p.L716F	716	missense	NC_000962.3:765514:C:T	5	2	2	1	0.01	L2	L2,L4	sporadic_lowspread	0	rifampicin:uncertain
COMP	rifampicin	rpoC	p.A1299V	1299	missense	NC_000962.3:767264:C:T	5	2	2	2	0.014	BOV	BOV,L2	sporadic_lowspread	0	rifampicin:uncertain
COMP	rifampicin	rpoC	p.Y979C	979	missense	NC_000962.3:766304:A:G	5	2	2	1	0.011	L3	L2,L3	sporadic_lowspread	0	rifampicin:uncertain
COMP	rifampicin	rpoC	p.A1037V	1037	missense	NC_000962.3:766478:C:T	5	2	2	1	0.044	L3	L2,L3	sporadic_lowspread	0	rifampicin:uncertain
COMP	rifampicin	rpoC	p.A174V	174	missense	NC_000962.3:763889:C:T	5	2	2	1	0.006	L4	L2,L4	sporadic_lowspread	0	rifampicin:uncertain
COMP	rifampicin	rpoC	p.V1039I	1039	missense	NC_000962.3:766483:G:A	5	2	2	1	0.01	L2	L1,L2	sporadic_lowspread	0	rifampicin:uncertain
COMP	rifampicin	rpoC	p.V582L	582	missense	NC_000962.3:765112:G:T	5	2	2	1	0.033	L3	L3,L4	sporadic_lowspread	0	rifampicin:uncertain
COMP	rifampicin	rpoC	p.P1259L	1259	missense	NC_000962.3:767144:C:T	5	2	2	1	0.01	L1	L1,L4	sporadic_lowspread	0	rifampicin:uncertain
COMP	rifampicin	rpoC	p.R556H	556	missense	NC_000962.3:765035:G:A	5	2	2	1	0.01	L1	L1,L4	sporadic_lowspread	0	rifampicin:uncertain
COMP	rifampicin	rpoA	p.E184G	184	missense	NC_000962.3:3877956:T:C	5	2	2	1	0.009	L4	L2,L4	sporadic_lowspread	0	rifampicin:uncertain
COMP	rifampicin	rpoA	p.T33P	33	missense	NC_000962.3:3878410:T:G	5	2	2	1	0.01	L2	L2,L4	sporadic_lowspread	0	rifampicin:uncertain
COMP	rifampicin	rpoA	p.T279A	279	missense	NC_000962.3:3877672:T:C	5	2	2	1	0.009	L4	L2,L4	sporadic_lowspread	0	-
MFX	moxifloxacin	gyrB	p.A78V	78	missense	NC_000962.3:5471:C:T	5	2	2	1	0.01	L1	L1,L4	sporadic_lowspread	0	levofloxacin:uncertain;moxifloxacin:uncertain
MFX	moxifloxacin	gyrB	p.E654D	654	missense	NC_000962.3:7200:G:C	5	2	2	1	0.03	L1	L1,L3	sporadic_lowspread	0	-
MFX	moxifloxacin	gyrB	p.E557G	557	missense	NC_000962.3:6908:A:G	5	2	2	2	0.058	BOV	BOV,L4	sporadic_lowspread	0	-
MFX	moxifloxacin	gyrB	p.S326T	326	missense	NC_000962.3:6214:T:A	5	2	2	1	0.011	L3	L3,L4	sporadic_lowspread	0	-
MFX	moxifloxacin	gyrB	p.D402E	402	missense	NC_000962.3:6444:C:G	5	2	2	1	0.03	L1	L1,L4	sporadic_lowspread	0	levofloxacin:uncertain;moxifloxacin:uncertain
MFX	moxifloxacin	gyrB	p.T283I	283	missense	NC_000962.3:6086:C:T	5	2	2	1	0.04	L1	L1,L4	sporadic_lowspread	0	-
MFX	moxifloxacin	gyrA	p.F705L	705	missense	NC_000962.3:9415:C:G	5	2	2	1	0.044	L3	L3,L4	sporadic_lowspread	0	levofloxacin:uncertain;moxifloxacin:uncertain
MFX	moxifloxacin	gyrA	p.Q573H	573	missense	NC_000962.3:9019:G:C	5	2	2	1	0.008	L2	L2,L4	sporadic_lowspread	0	-
MFX	moxifloxacin	gyrA	p.I468T	468	missense	NC_000962.3:8703:T:C	5	2	2	2	0.043	BOV	BOV,L3	sporadic_lowspread	0	-
MFX	moxifloxacin	gyrA	p.P604L	604	missense	NC_000962.3:9111:C:T	5	2	2	1	0.044	L3	L3,L4	sporadic_lowspread	0	-
MFX	moxifloxacin	gyrA	p.Q835E	835	missense	NC_000962.3:9803:C:G	5	2	2	1	0.044	L3	L2,L3	sporadic_lowspread	0	-
MFX	moxifloxacin	gyrA	p.G351R	351	missense	NC_000962.3:8351:G:A	5	2	2	1	0.02	L1	L1,L2	sporadic_lowspread	0	-
MFX	moxifloxacin	gyrA	p.T590M	590	missense	NC_000962.3:9069:C:T	5	2	2	1	0.04	L1	L1,L2	sporadic_lowspread	0	levofloxacin:uncertain;moxifloxacin:uncertain
MFX	moxifloxacin	gyrA	p.I390T	390	missense	NC_000962.3:8469:T:C	5	2	2	1	0.044	L3	L1,L3	sporadic_lowspread	0	levofloxacin:uncertain;moxifloxacin:uncertain
MFX	moxifloxacin	gyrA	p.H389P	389	missense	NC_000962.3:8466:A:C	5	2	2	1	0.008	L2	L2,L4	sporadic_lowspread	0	levofloxacin:uncertain;moxifloxacin:uncertain
MFX	moxifloxacin	gyrA	p.D428E	428	missense	NC_000962.3:8584:C:G	5	2	2	2	0.044	L3	BOV,L3	sporadic_lowspread	0	-
MFX	moxifloxacin	gyrA	p.G702S	702	missense	NC_000962.3:9404:G:A	5	2	2	1	0.03	L1	L1,L4	sporadic_lowspread	0	levofloxacin:uncertain;moxifloxacin:uncertain
MFX	moxifloxacin	gyrA	p.S684L	684	missense	NC_000962.3:9351:C:T	5	2	2	1	0.04	L1	L1,L4	sporadic_lowspread	0	-
MFX	moxifloxacin	gyrA	p.P119S	119	missense	NC_000962.3:7655:C:T	5	2	2	2	0.339	L6	L1,L6	sporadic_lowspread	0	-
MFX	moxifloxacin	gyrA	p.R392C	392	missense	NC_000962.3:8474:C:T	5	2	2	2	0.014	BOV	BOV,L4	sporadic_lowspread	0	levofloxacin:uncertain;moxifloxacin:uncertain
MFX	moxifloxacin	gyrA	p.N83K	83	missense	NC_000962.3:7549:C:G	5	2	2	1	0.01	L1	L1,L4	sporadic_lowspread	0	-
MFX	moxifloxacin	gyrA	p.G809S	809	missense	NC_000962.3:9725:G:A	5	2	2	1	0.01	L1	L1,L4	sporadic_lowspread	0	-
MFX	moxifloxacin	gyrA	p.L766S	766	missense	NC_000962.3:9597:T:C	5	2	2	1	0.04	L1	L1,L4	sporadic_lowspread	0	levofloxacin:uncertain;moxifloxacin:uncertain
MFX	moxifloxacin	gyrA	p.R409Q	409	missense	NC_000962.3:8526:G:A	5	2	2	1	0.02	L1	L1,L4	sporadic_lowspread	0	levofloxacin:uncertain;moxifloxacin:uncertain
MFX	moxifloxacin	gyrA	p.A556G	556	missense	NC_000962.3:8967:C:G	5	2	2	1	0.04	L1	L1,L4	sporadic_lowspread	0	-
PMD	pretomanid	fbiC	p.A73S	73	missense	NC_000962.3:1303146:G:T	5	2	2	1	0.044	L3	L3,L4	sporadic_lowspread	0	clofazimine:uncertain;delamanid:uncertain
PMD	pretomanid	fbiC	p.P2R	2	missense	NC_000962.3:1302934:C:G	5	2	2	1	0.01	L2	L2,L4	sporadic_lowspread	0	-
PMD	pretomanid	fbiC	p.L171W	171	missense	NC_000962.3:1303441:T:G	5	2	2	1	0.03	L1	L1,L4	sporadic_lowspread	0	-
PMD	pretomanid	fbiA	p.V241I	241	missense	NC_000962.3:3641262:G:A	5	2	2	2	0.674	L5	L4,L5	sporadic_lowspread	0	-
PMD	pretomanid	fbiB	p.A164T	164	missense	NC_000962.3:3642023:G:A	5	2	2	1	0.01	L2	L2,L4	sporadic_lowspread	0	clofazimine:uncertain
PMD	pretomanid	fbiB	p.G114S	114	missense	NC_000962.3:3641873:G:A	5	2	2	1	0.01	L1	L1,L4	sporadic_lowspread	0	-
PMD	pretomanid	fbiB	p.L140F	140	missense	NC_000962.3:3641951:C:T	5	2	2	1	0.04	L1	L1,L4	sporadic_lowspread	0	-
PMD	pretomanid	ddn	p.E105K	105	missense	NC_000962.3:3987155:G:A	5	2	2	2	0.674	L5	L4,L5	sporadic_lowspread	0	delamanid:uncertain
BDQ	bedaquiline	mmpR5	p.L74P	74	missense	NC_000962.3:779209:T:C	4	2	2	1	0.008	L2	L2,L4	sporadic_lowspread	0	-
BDQ	bedaquiline	mmpR5	p.L44P	44	missense	NC_000962.3:779119:T:C	4	2	2	1	0.02	L1	L1,L2	sporadic_lowspread	0	-
BDQ	bedaquiline	mmpR5	p.R72W	72	missense	NC_000962.3:779202:C:T	4	2	2	1	0.008	L2	L2,L4	sporadic_lowspread	0	bedaquiline:uncertain;clofazimine:uncertain
BDQ	bedaquiline	mmpR5	p.A36V	36	missense	NC_000962.3:779095:C:T	4	2	2	1	0.02	L1	L1,L2	sporadic_lowspread	1	bedaquiline:R-associated;clofazimine:R-associated
BDQ	bedaquiline	mmpR5	p.P129S	129	missense	NC_000962.3:779373:C:T	4	2	2	1	0.005	L2	L2,L4	sporadic_lowspread	0	-
BDQ	bedaquiline	mmpR5	p.E104G	104	missense	NC_000962.3:779299:A:G	4	2	2	1	0.022	L3	L2,L3	sporadic_lowspread	0	bedaquiline:uncertain;clofazimine:uncertain
BDQ	bedaquiline	mmpR5	p.S52F	52	missense	NC_000962.3:779143:C:T	4	2	2	1	0.01	L1	L1,L2	sporadic_lowspread	0	bedaquiline:uncertain;clofazimine:uncertain
BDQ	bedaquiline	mmpR5	p.F19L	19	missense	NC_000962.3:779043:T:C	4	2	2	1	0.01	L1	L1,L2	sporadic_lowspread	0	bedaquiline:uncertain;clofazimine:uncertain
BDQ	bedaquiline	mmpR5	p.R94Q	94	missense	NC_000962.3:779269:G:A	4	2	2	1	0.008	L2	L2,L4	sporadic_lowspread	0	bedaquiline:uncertain;bedaquiline:uncertain;clofazimine:uncertain;clofazimine:uncertain
BDQ	bedaquiline	mmpR5	p.V20G	20	missense	NC_000962.3:779047:T:G	4	2	2	1	0.011	L3	L3,L4	sporadic_lowspread	0	bedaquiline:uncertain;clofazimine:uncertain
BDQ	bedaquiline	mmpR5	p.M139T	139	missense	NC_000962.3:779404:T:C	4	2	2	1	0.005	L2	L2,L4	sporadic_lowspread	0	bedaquiline:uncertain
BDQ	bedaquiline	mmpR5	p.I80M	80	missense	NC_000962.3:779228:T:G	4	2	2	1	0.03	L1	L1,L4	sporadic_lowspread	0	bedaquiline:uncertain;clofazimine:uncertain
BDQ	bedaquiline	atpE	p.A63P	63	missense	NC_000962.3:1461230:G:C	4	2	2	1	0.022	L3	L2,L3	sporadic_lowspread	1	bedaquiline:R-associated
BDQ	bedaquiline	atpE	p.I66V	66	missense	NC_000962.3:1461239:A:G	4	2	2	1	0.02	L1	L1,L4	sporadic_lowspread	0	-
BDQ	bedaquiline	atpE	p.T51I	51	missense	NC_000962.3:1461195:C:T	4	2	2	1	0.03	L1	L1,L4	sporadic_lowspread	0	bedaquiline:uncertain
BDQ	bedaquiline	pepQ	p.T341I	341	missense	NC_000962.3:2859396:G:A	4	2	2	1	0.033	L3	L1,L3	sporadic_lowspread	0	-
BDQ	bedaquiline	pepQ	p.E248A	248	missense	NC_000962.3:2859675:T:G	4	2	2	1	0.011	L3	L2,L3	sporadic_lowspread	0	-
BDQ	bedaquiline	pepQ	p.F222S	222	missense	NC_000962.3:2859753:A:G	4	2	2	2	0.043	BOV	BOV,L3	sporadic_lowspread	0	-
BDQ	bedaquiline	pepQ	p.Y82C	82	missense	NC_000962.3:2860173:T:C	4	2	2	1	0.01	L1	L1,L4	sporadic_lowspread	0	-
BDQ	bedaquiline	pepQ	p.A263V	263	missense	NC_000962.3:2859630:G:A	4	2	2	1	0.02	L1	L1,L4	sporadic_lowspread	0	bedaquiline:uncertain;clofazimine:uncertain
COMP	rifampicin	rpoC	p.V898I	898	missense	NC_000962.3:766060:G:A	4	2	2	1	0.01	L1	L1,L4	sporadic_lowspread	0	-
COMP	rifampicin	rpoC	p.T227I	227	missense	NC_000962.3:764048:C:T	4	2	2	1	0.01	L1	L1,L4	sporadic_lowspread	0	rifampicin:uncertain
COMP	rifampicin	rpoC	p.K1152N	1152	missense	NC_000962.3:766824:G:C	4	2	2	1	0.005	L2	L2,L4	sporadic_lowspread	0	rifampicin:uncertain
COMP	rifampicin	rpoC	p.V483E	483	missense	NC_000962.3:764816:T:A	4	2	2	1	0.006	L4	L2,L4	sporadic_lowspread	0	-
COMP	rifampicin	rpoC	p.D595A	595	missense	NC_000962.3:765152:A:C	4	2	2	1	0.008	L2	L2,L4	sporadic_lowspread	0	rifampicin:uncertain
COMP	rifampicin	rpoC	p.V1141I	1141	missense	NC_000962.3:766789:G:A	4	2	2	1	0.008	L2	L2,L4	sporadic_lowspread	0	rifampicin:uncertain
COMP	rifampicin	rpoC	p.N826K	826	missense	NC_000962.3:765846:C:A	4	2	2	1	0.006	L4	L2,L4	sporadic_lowspread	0	rifampicin:uncertain
COMP	rifampicin	rpoC	p.P643S	643	missense	NC_000962.3:765295:C:T	4	2	2	1	0.033	L3	L2,L3	sporadic_lowspread	0	rifampicin:uncertain
COMP	rifampicin	rpoC	p.K717T	717	missense	NC_000962.3:765518:A:C	4	2	2	1	0.011	L3	L2,L3	sporadic_lowspread	0	rifampicin:uncertain
COMP	rifampicin	rpoC	p.G986C	986	missense	NC_000962.3:766324:G:T	4	2	2	1	0.02	L1	L1,L2	sporadic_lowspread	0	rifampicin:uncertain
COMP	rifampicin	rpoC	p.E126D	126	missense	NC_000962.3:763746:G:T	4	2	2	1	0.033	L3	L3,L4	sporadic_lowspread	0	rifampicin:uncertain
COMP	rifampicin	rpoC	p.A648T	648	missense	NC_000962.3:765310:G:A	4	2	2	1	0.011	L3	L3,L4	sporadic_lowspread	0	rifampicin:uncertain
COMP	rifampicin	rpoC	p.M1112V	1112	missense	NC_000962.3:766702:A:G	4	2	2	2	0.169	L6	L2,L6	sporadic_lowspread	0	-
COMP	rifampicin	rpoC	p.T825N	825	missense	NC_000962.3:765842:C:A	4	2	2	1	0.006	L4	L2,L4	sporadic_lowspread	0	rifampicin:uncertain
COMP	rifampicin	rpoC	p.P573S	573	missense	NC_000962.3:765085:C:T	4	2	2	1	0.01	L1	L1,L2	sporadic_lowspread	0	-
COMP	rifampicin	rpoC	p.A17V	17	missense	NC_000962.3:763418:C:T	4	2	2	1	0.03	L1	L1,L3	sporadic_lowspread	0	rifampicin:uncertain
COMP	rifampicin	rpoC	p.E147A	147	missense	NC_000962.3:763808:A:C	4	2	2	1	0.005	L2	L2,L4	sporadic_lowspread	0	-
COMP	rifampicin	rpoC	p.F452L	452	missense	NC_000962.3:764724:C:A	4	2	2	1	0.008	L2	L2,L4	sporadic_lowspread	0	rifampicin:uncertain
COMP	rifampicin	rpoC	p.G433D	433	missense	NC_000962.3:764666:G:A	4	2	2	1	0.006	L4	L2,L4	sporadic_lowspread	0	rifampicin:uncertain
COMP	rifampicin	rpoA	p.D253N	253	missense	NC_000962.3:3877750:C:T	4	2	2	1	0.008	L2	L2,L4	sporadic_lowspread	0	rifampicin:uncertain
COMP	rifampicin	rpoA	p.D253Y	253	missense	NC_000962.3:3877750:C:A	4	2	2	1	0.005	L2	L2,L4	sporadic_lowspread	0	rifampicin:uncertain
COMP	rifampicin	rpoA	p.V66L	66	missense	NC_000962.3:3878311:C:A	4	2	2	1	0.03	L1	L1,L2	sporadic_lowspread	0	rifampicin:uncertain
COMP	rifampicin	rpoA	p.R278C	278	missense	NC_000962.3:3877675:G:A	4	2	2	1	0.01	L1	L1,L4	sporadic_lowspread	0	rifampicin:uncertain
COMP	rifampicin	rpoA	p.T187S	187	missense	NC_000962.3:3877948:T:A	4	2	2	1	0.03	L1	L1,L4	sporadic_lowspread	0	rifampicin:uncertain
LZD	linezolid	rplC	p.H183Y	183	missense	NC_000962.3:801354:C:T	4	2	2	1	0.006	L4	L2,L4	sporadic_lowspread	0	linezolid:uncertain
MFX	moxifloxacin	gyrB	p.V457I	457	missense	NC_000962.3:6607:G:A	4	2	2	2	0.043	BOV	BOV,L1	sporadic_lowspread	0	-
MFX	moxifloxacin	gyrB	p.P343R	343	missense	NC_000962.3:6266:C:G	4	2	2	1	0.008	L2	L2,L4	sporadic_lowspread	0	-
MFX	moxifloxacin	gyrB	p.D259E	259	missense	NC_000962.3:6015:C:A	4	2	2	1	0.01	L1	L1,L2	sporadic_lowspread	0	levofloxacin:uncertain;moxifloxacin:uncertain
MFX	moxifloxacin	gyrB	p.A90T	90	missense	NC_000962.3:5506:G:A	4	2	2	1	0.033	L3	L1,L3	sporadic_lowspread	0	levofloxacin:uncertain;moxifloxacin:uncertain
MFX	moxifloxacin	gyrB	p.A332V	332	missense	NC_000962.3:6233:C:T	4	2	2	1	0.008	L2	L2,L4	sporadic_lowspread	0	levofloxacin:uncertain;moxifloxacin:uncertain
MFX	moxifloxacin	gyrB	p.T167M	167	missense	NC_000962.3:5738:C:T	4	2	2	2	0.014	BOV	BOV,L2	sporadic_lowspread	0	levofloxacin:uncertain;moxifloxacin:uncertain
MFX	moxifloxacin	gyrB	p.R587G	587	missense	NC_000962.3:6997:C:G	4	2	2	1	0.033	L3	L3,L4	sporadic_lowspread	0	levofloxacin:uncertain;moxifloxacin:uncertain
MFX	moxifloxacin	gyrB	p.T507M	507	missense	NC_000962.3:6758:C:T	4	2	2	1	0.03	L1	L1,L2	sporadic_lowspread	0	-
MFX	moxifloxacin	gyrB	p.S447A	447	missense	NC_000962.3:6577:T:G	4	2	2	1	0.008	L2	L2,L4	sporadic_lowspread	0	moxifloxacin:uncertain
MFX	moxifloxacin	gyrB	p.A175V	175	missense	NC_000962.3:5762:C:T	4	2	2	1	0.03	L1	L1,L4	sporadic_lowspread	0	-
MFX	moxifloxacin	gyrB	p.D434N	434	missense	NC_000962.3:6538:G:A	4	2	2	1	0.03	L1	L1,L4	sporadic_lowspread	0	-
MFX	moxifloxacin	gyrB	p.H311Y	311	missense	NC_000962.3:6169:C:T	4	2	2	1	0.02	L1	L1,L4	sporadic_lowspread	0	moxifloxacin:uncertain
MFX	moxifloxacin	gyrB	p.H285R	285	missense	NC_000962.3:6092:A:G	4	2	2	1	0.03	L1	L1,L4	sporadic_lowspread	0	levofloxacin:uncertain
MFX	moxifloxacin	gyrB	p.E592D	592	missense	NC_000962.3:7014:G:C	4	2	2	1	0.01	L1	L1,L4	sporadic_lowspread	0	-
MFX	moxifloxacin	gyrB	p.H302Y	302	missense	NC_000962.3:6142:C:T	4	2	2	1	0.01	L1	L1,L4	sporadic_lowspread	0	-
MFX	moxifloxacin	gyrB	p.T214A	214	missense	NC_000962.3:5878:A:G	4	2	2	2	0.043	BOV	BOV,L1	sporadic_lowspread	0	-
MFX	moxifloxacin	gyrB	p.Q608H	608	missense	NC_000962.3:7062:G:C	4	2	2	1	0.03	L1	L1,L4	sporadic_lowspread	0	-
MFX	moxifloxacin	gyrB	p.A233V	233	missense	NC_000962.3:5936:C:T	4	2	2	1	0.01	L1	L1,L4	sporadic_lowspread	0	levofloxacin:uncertain;moxifloxacin:uncertain
MFX	moxifloxacin	gyrB	p.S326L	326	missense	NC_000962.3:6215:C:T	4	2	2	1	0.01	L1	L1,L4	sporadic_lowspread	0	-
MFX	moxifloxacin	gyrB	p.T170A	170	missense	NC_000962.3:5746:A:G	4	2	2	2	0.043	BOV	BOV,L1	sporadic_lowspread	0	levofloxacin:uncertain;moxifloxacin:uncertain
MFX	moxifloxacin	gyrA	p.G477A	477	missense	NC_000962.3:8730:G:C	4	2	2	1	0.01	L1	L1,L4	sporadic_lowspread	0	-
MFX	moxifloxacin	gyrA	p.G694A	694	missense	NC_000962.3:9381:G:C	4	2	2	1	0.011	L3	L3,L4	sporadic_lowspread	0	levofloxacin:uncertain;moxifloxacin:uncertain
MFX	moxifloxacin	gyrA	p.A526V	526	missense	NC_000962.3:8877:C:T	4	2	2	2	0.043	BOV	BOV,L2	sporadic_lowspread	0	-
MFX	moxifloxacin	gyrA	p.L134M	134	missense	NC_000962.3:7700:C:A	4	2	2	2	0.085	L6	L3,L6	sporadic_lowspread	0	levofloxacin:uncertain;moxifloxacin:uncertain
MFX	moxifloxacin	gyrA	p.A217T	217	missense	NC_000962.3:7949:G:A	4	2	2	1	0.011	L3	L3,L4	sporadic_lowspread	0	-
MFX	moxifloxacin	gyrA	p.V544L	544	missense	NC_000962.3:8930:G:C	4	2	2	1	0.033	L3	L1,L3	sporadic_lowspread	0	levofloxacin:uncertain;moxifloxacin:uncertain
MFX	moxifloxacin	gyrA	p.H490Y	490	missense	NC_000962.3:8768:C:T	4	2	2	1	0.03	L1	L1,L2	sporadic_lowspread	0	levofloxacin:uncertain;moxifloxacin:uncertain
MFX	moxifloxacin	gyrA	p.D492G	492	missense	NC_000962.3:8775:A:G	4	2	2	1	0.033	L3	L2,L3	sporadic_lowspread	0	-
MFX	moxifloxacin	gyrA	p.V165A	165	missense	NC_000962.3:7794:T:C	4	2	2	1	0.01	L1	L1,L2	sporadic_lowspread	0	-
MFX	moxifloxacin	gyrA	p.T836A	836	missense	NC_000962.3:9806:A:G	4	2	2	1	0.02	L1	L1,L2	sporadic_lowspread	0	levofloxacin:uncertain;moxifloxacin:uncertain
MFX	moxifloxacin	gyrA	p.P119L	119	missense	NC_000962.3:7656:C:T	4	2	2	1	0.03	L1	L1,L3	sporadic_lowspread	0	levofloxacin:uncertain;moxifloxacin:uncertain
MFX	moxifloxacin	gyrA	p.A609T	609	missense	NC_000962.3:9125:G:A	4	2	2	1	0.02	L1	L1,L4	sporadic_lowspread	0	-
MFX	moxifloxacin	gyrA	p.M438I	438	missense	NC_000962.3:8614:G:C	4	2	2	1	0.03	L1	L1,L4	sporadic_lowspread	0	levofloxacin:uncertain;moxifloxacin:uncertain
MFX	moxifloxacin	gyrA	p.G239D	239	missense	NC_000962.3:8016:G:A	4	2	2	1	0.03	L1	L1,L4	sporadic_lowspread	0	-
PMD	pretomanid	fgd1	p.I86V	86	missense	NC_000962.3:491037:A:G	4	2	2	1	0.006	L4	L2,L4	sporadic_lowspread	0	-
PMD	pretomanid	fgd1	p.E205K	205	missense	NC_000962.3:491394:G:A	4	2	2	1	0.02	L1	L1,L4	sporadic_lowspread	0	-
PMD	pretomanid	fbiC	p.V621I	621	missense	NC_000962.3:1304790:G:A	4	2	2	1	0.005	L2	L2,L4	sporadic_lowspread	0	clofazimine:uncertain;delamanid:uncertain
PMD	pretomanid	fbiC	p.R27W	27	missense	NC_000962.3:1303008:C:T	4	2	2	1	0.033	L3	L1,L3	sporadic_lowspread	0	-
PMD	pretomanid	fbiC	p.D542N	542	missense	NC_000962.3:1304553:G:A	4	2	2	1	0.02	L1	L1,L4	sporadic_lowspread	0	-
PMD	pretomanid	fbiC	p.A852T	852	missense	NC_000962.3:1305483:G:A	4	2	2	1	0.03	L1	L1,L4	sporadic_lowspread	0	clofazimine:uncertain;delamanid:uncertain
PMD	pretomanid	fbiC	p.M709I	709	missense	NC_000962.3:1305056:G:A	4	2	2	1	0.008	L2	L2,L4	sporadic_lowspread	0	clofazimine:uncertain;delamanid:uncertain
PMD	pretomanid	fbiC	p.D472A	472	missense	NC_000962.3:1304344:A:C	4	2	2	1	0.005	L2	L2,L4	sporadic_lowspread	0	clofazimine:uncertain;delamanid:uncertain
PMD	pretomanid	fbiC	p.T850I	850	missense	NC_000962.3:1305478:C:T	4	2	2	1	0.022	L3	L3,L4	sporadic_lowspread	0	-
PMD	pretomanid	fbiC	p.A143V	143	missense	NC_000962.3:1303357:C:T	4	2	2	1	0.005	L2	L2,L4	sporadic_lowspread	0	clofazimine:uncertain;delamanid:uncertain
PMD	pretomanid	fbiC	p.A574V	574	missense	NC_000962.3:1304650:C:T	4	2	2	1	0.005	L2	L2,L4	sporadic_lowspread	0	clofazimine:uncertain;delamanid:uncertain
PMD	pretomanid	fbiC	p.G118V	118	missense	NC_000962.3:1303282:G:T	4	2	2	1	0.005	L2	L2,L4	sporadic_lowspread	0	-
PMD	pretomanid	fbiC	p.A403V	403	missense	NC_000962.3:1304137:C:T	4	2	2	1	0.011	L3	L3,L4	sporadic_lowspread	0	-
PMD	pretomanid	fbiC	p.V37A	37	missense	NC_000962.3:1303039:T:C	4	2	2	2	0.014	BOV	BOV,L4	sporadic_lowspread	0	clofazimine:uncertain;delamanid:uncertain
PMD	pretomanid	fbiD	p.E66Q	66	missense	NC_000962.3:3339312:G:C	4	2	2	1	0.005	L2	L2,L4	sporadic_lowspread	0	delamanid:uncertain
PMD	pretomanid	fbiA	p.L104F	104	missense	NC_000962.3:3640851:C:T	4	2	2	1	0.03	L1	L1,L2	sporadic_lowspread	0	clofazimine:uncertain;delamanid:uncertain
PMD	pretomanid	fbiA	p.K2E	2	missense	NC_000962.3:3640545:A:G	4	2	2	1	0.033	L3	L1,L3	sporadic_lowspread	0	-
PMD	pretomanid	fbiA	p.E297K	297	missense	NC_000962.3:3641430:G:A	4	2	2	1	0.006	L4	L2,L4	sporadic_lowspread	0	-
PMD	pretomanid	fbiB	p.A37S	37	missense	NC_000962.3:3641642:G:T	4	2	2	1	0.005	L2	L2,L4	sporadic_lowspread	0	-
PMD	pretomanid	fbiB	p.P438L	438	missense	NC_000962.3:3642846:C:T	4	2	2	1	0.011	L3	L3,L4	sporadic_lowspread	0	-
PMD	pretomanid	fbiB	p.Q69R	69	missense	NC_000962.3:3641739:A:G	4	2	2	1	0.01	L1	L1,L4	sporadic_lowspread	0	clofazimine:uncertain;delamanid:uncertain
PMD	pretomanid	fbiB	p.E186Q	186	missense	NC_000962.3:3642089:G:C	4	2	2	1	0.02	L1	L1,L4	sporadic_lowspread	0	-
BDQ	bedaquiline	mmpR5	p.R50W	50	missense	NC_000962.3:779136:C:T	3	2	2	1	0.004	L4	L2,L4	sporadic_lowspread	0	bedaquiline:uncertain;clofazimine:uncertain
BDQ	bedaquiline	mmpR5	p.Q22*	22	stop_gained	NC_000962.3:779052:C:T	3	2	2	1	0.022	L3	L2,L3	LoF_convergent	1	bedaquiline:R-associated;clofazimine:R-associated
BDQ	bedaquiline	mmpR5	p.N70D	70	missense	NC_000962.3:779196:A:G	3	2	2	1	0.01	L1	L1,L2	sporadic_lowspread	1	bedaquiline:R-associated;clofazimine:R-associated
BDQ	bedaquiline	mmpR5	p.L40S	40	missense	NC_000962.3:779107:T:C	3	2	2	1	0.005	L2	L2,L4	sporadic_lowspread	0	bedaquiline:uncertain;clofazimine:uncertain
BDQ	bedaquiline	mmpR5	p.Q51H	51	missense	NC_000962.3:779141:G:C	3	2	2	1	0.011	L3	L3,L4	sporadic_lowspread	0	-
BDQ	bedaquiline	mmpR5	p.A118V	118	missense	NC_000962.3:779341:C:T	3	2	2	1	0.02	L1	L1,L2	sporadic_lowspread	0	-
BDQ	bedaquiline	mmpR5	p.R96Q	96	missense	NC_000962.3:779275:G:A	3	2	2	1	0.022	L3	L3,L4	sporadic_lowspread	0	-
BDQ	bedaquiline	mmpR5	p.A62T	62	missense	NC_000962.3:779172:G:A	3	2	2	1	0.022	L3	L2,L3	sporadic_lowspread	0	bedaquiline:uncertain;clofazimine:uncertain
BDQ	bedaquiline	mmpR5	p.F100I	100	missense	NC_000962.3:779286:T:A	3	2	2	1	0.011	L3	L3,L4	sporadic_lowspread	0	bedaquiline:uncertain
BDQ	bedaquiline	mmpR5	p.Q115P	115	missense	NC_000962.3:779332:A:C	3	2	2	1	0.005	L2	L2,L4	sporadic_lowspread	0	bedaquiline:uncertain
BDQ	bedaquiline	mmpR5	p.S64R	64	missense	NC_000962.3:779180:C:A	3	2	2	1	0.01	L1	L1,L2	sporadic_lowspread	0	-
BDQ	bedaquiline	mmpR5	p.E138G	138	missense	NC_000962.3:779401:A:G	3	2	2	1	0.011	L3	L2,L3	sporadic_lowspread	0	-
BDQ	bedaquiline	mmpR5	p.D5A	5	missense	NC_000962.3:779002:A:C	3	2	2	1	0.004	L4	L2,L4	sporadic_lowspread	0	-
BDQ	bedaquiline	mmpR5	p.T91I	91	missense	NC_000962.3:779260:C:T	3	2	2	2	0.449	L5	L1,L5	sporadic_lowspread	0	bedaquiline:uncertain
BDQ	bedaquiline	mmpR5	p.P14L	14	missense	NC_000962.3:779029:C:T	3	2	2	1	0.01	L1	L1,L4	sporadic_lowspread	0	bedaquiline:uncertain;clofazimine:uncertain
BDQ	bedaquiline	mmpR5	p.W42C	42	missense	NC_000962.3:779114:G:T	3	2	2	1	0.02	L1	L1,L4	sporadic_lowspread	0	clofazimine:uncertain
BDQ	bedaquiline	atpE	p.T78I	78	missense	NC_000962.3:1461276:C:T	3	2	2	1	0.022	L3	L3,L4	sporadic_lowspread	0	-
BDQ	bedaquiline	atpE	p.V75I	75	missense	NC_000962.3:1461266:G:A	3	2	2	1	0.02	L1	L1,L3	sporadic_lowspread	0	-
BDQ	bedaquiline	atpE	p.A6V	6	missense	NC_000962.3:1461060:C:T	3	2	2	1	0.022	L3	L1,L3	sporadic_lowspread	0	-
BDQ	bedaquiline	pepQ	p.A52V	52	missense	NC_000962.3:2860263:G:A	3	2	2	1	0.005	L2	L2,L4	sporadic_lowspread	0	-
BDQ	bedaquiline	pepQ	p.D26G	26	missense	NC_000962.3:2860341:T:C	3	2	2	1	0.022	L3	L2,L3	sporadic_lowspread	0	bedaquiline:uncertain;clofazimine:uncertain
BDQ	bedaquiline	pepQ	p.G161S	161	missense	NC_000962.3:2859937:C:T	3	2	2	1	0.02	L1	L1,L2	sporadic_lowspread	0	-
BDQ	bedaquiline	pepQ	p.V328I	328	missense	NC_000962.3:2859436:C:T	3	2	2	1	0.011	L3	L2,L3	sporadic_lowspread	0	-
BDQ	bedaquiline	pepQ	p.A224V	224	missense	NC_000962.3:2859747:G:A	3	2	2	2	0.449	L5	L1,L5	sporadic_lowspread	0	-
BDQ	bedaquiline	pepQ	p.A90V	90	missense	NC_000962.3:2860149:G:A	3	2	2	1	0.01	L1	L1,L4	sporadic_lowspread	0	clofazimine:uncertain
BDQ	bedaquiline	pepQ	p.A254T	254	missense	NC_000962.3:2859658:C:T	3	2	2	1	0.01	L1	L1,L4	sporadic_lowspread	0	clofazimine:uncertain
COMP	rifampicin	rpoC	p.V836I	836	missense	NC_000962.3:765874:G:A	3	2	2	1	0.005	L2	L2,L4	sporadic_lowspread	0	rifampicin:uncertain
COMP	rifampicin	rpoC	p.F831S	831	missense	NC_000962.3:765860:T:C	3	2	2	1	0.005	L2	L2,L4	sporadic_lowspread	0	rifampicin:uncertain
COMP	rifampicin	rpoC	p.M1112L	1112	missense	NC_000962.3:766702:A:C	3	2	2	1	0.005	L2	L2,L4	sporadic_lowspread	0	-
COMP	rifampicin	rpoC	p.T927A	927	missense	NC_000962.3:766147:A:G	3	2	2	1	0.004	L4	L2,L4	sporadic_lowspread	0	rifampicin:uncertain
COMP	rifampicin	rpoC	p.P1200S	1200	missense	NC_000962.3:766966:C:T	3	2	2	1	0.022	L3	L1,L3	sporadic_lowspread	0	rifampicin:uncertain
COMP	rifampicin	rpoC	p.A1044G	1044	missense	NC_000962.3:766499:C:G	3	2	2	1	0.005	L2	L2,L4	sporadic_lowspread	0	rifampicin:uncertain
COMP	rifampicin	rpoC	p.P914L	914	missense	NC_000962.3:766109:C:T	3	2	2	1	0.022	L3	L1,L3	sporadic_lowspread	0	rifampicin:uncertain
COMP	rifampicin	rpoC	p.E791G	791	missense	NC_000962.3:765740:A:G	3	2	2	1	0.005	L2	L2,L4	sporadic_lowspread	0	-
COMP	rifampicin	rpoC	p.S401P	401	missense	NC_000962.3:764569:T:C	3	2	2	2	0.029	BOV	BOV,L2	sporadic_lowspread	0	-
COMP	rifampicin	rpoC	p.R478C	478	missense	NC_000962.3:764800:C:T	3	2	2	1	0.005	L2	L2,L4	sporadic_lowspread	0	rifampicin:uncertain
COMP	rifampicin	rpoC	p.I1066V	1066	missense	NC_000962.3:766564:A:G	3	2	2	1	0.004	L4	L2,L4	sporadic_lowspread	0	rifampicin:uncertain
COMP	rifampicin	rpoC	p.G980R	980	missense	NC_000962.3:766306:G:A	3	2	2	2	0.169	L6	L3,L6	sporadic_lowspread	0	-
COMP	rifampicin	rpoC	p.H889R	889	missense	NC_000962.3:766034:A:G	3	2	2	1	0.004	L4	L2,L4	sporadic_lowspread	0	rifampicin:uncertain
COMP	rifampicin	rpoC	p.Q1110P	1110	missense	NC_000962.3:766697:A:C	3	2	2	1	0.004	L4	L2,L4	sporadic_lowspread	0	rifampicin:uncertain
COMP	rifampicin	rpoC	p.Q892P	892	missense	NC_000962.3:766043:A:C	3	2	2	2	0.98	BOV_AFRI	BOV_AFRI,L2	sporadic_lowspread	0	-
COMP	rifampicin	rpoC	p.M312V	312	missense	NC_000962.3:764302:A:G	3	2	2	1	0.004	L4	L2,L4	sporadic_lowspread	0	-
COMP	rifampicin	rpoC	p.M447I	447	missense	NC_000962.3:764709:G:A	3	2	2	1	0.022	L3	L1,L3	sporadic_lowspread	0	rifampicin:uncertain
COMP	rifampicin	rpoC	p.Y25C	25	missense	NC_000962.3:763442:A:G	3	2	2	1	0.004	L4	L2,L4	sporadic_lowspread	0	-
COMP	rifampicin	rpoC	p.P739S	739	missense	NC_000962.3:765583:C:T	3	2	2	1	0.004	L4	L2,L4	sporadic_lowspread	0	rifampicin:uncertain
COMP	rifampicin	rpoC	p.D1070G	1070	missense	NC_000962.3:766577:A:G	3	2	2	2	0.169	L6	L4,L6	sporadic_lowspread	0	-
COMP	rifampicin	rpoC	p.R478H	478	missense	NC_000962.3:764801:G:A	3	2	2	1	0.01	L1	L1,L4	sporadic_lowspread	0	rifampicin:uncertain
COMP	rifampicin	rpoC	p.F512V	512	missense	NC_000962.3:764902:T:G	3	2	2	1	0.02	L1	L1,L4	sporadic_lowspread	0	rifampicin:uncertain
COMP	rifampicin	rpoC	p.A1144T	1144	missense	NC_000962.3:766798:G:A	3	2	2	2	0.169	L6	L1,L6	sporadic_lowspread	0	rifampicin:uncertain
COMP	rifampicin	rpoC	p.I1132M	1132	missense	NC_000962.3:766764:A:G	3	2	2	1	0.02	L1	L1,L4	sporadic_lowspread	0	rifampicin:uncertain
COMP	rifampicin	rpoC	p.L406F	406	missense	NC_000962.3:764584:C:T	3	2	2	1	0.01	L1	L1,L4	sporadic_lowspread	0	rifampicin:uncertain
COMP	rifampicin	rpoC	p.D1151N	1151	missense	NC_000962.3:766819:G:A	3	2	2	1	0.02	L1	L1,L4	sporadic_lowspread	0	-
COMP	rifampicin	rpoC	p.A85T	85	missense	NC_000962.3:763621:G:A	3	2	2	1	0.02	L1	L1,L4	sporadic_lowspread	0	rifampicin:uncertain
COMP	rifampicin	rpoC	p.I270V	270	missense	NC_000962.3:764176:A:G	3	2	2	1	0.02	L1	L1,L4	sporadic_lowspread	0	rifampicin:uncertain
COMP	rifampicin	rpoC	p.V611F	611	missense	NC_000962.3:765199:G:T	3	2	2	1	0.02	L1	L1,L4	sporadic_lowspread	0	rifampicin:uncertain
COMP	rifampicin	rpoA	p.H119Y	119	missense	NC_000962.3:3878152:G:A	3	2	2	1	0.022	L3	L2,L3	sporadic_lowspread	0	rifampicin:uncertain
COMP	rifampicin	rpoA	p.P250S	250	missense	NC_000962.3:3877759:G:A	3	2	2	1	0.02	L1	L1,L2	sporadic_lowspread	0	rifampicin:uncertain
COMP	rifampicin	rpoA	p.D190A	190	missense	NC_000962.3:3877938:T:G	3	2	2	1	0.005	L2	L2,L4	sporadic_lowspread	0	rifampicin:uncertain
COMP	rifampicin	rpoA	p.S318L	318	missense	NC_000962.3:3877554:G:A	3	2	2	1	0.02	L1	L1,L4	sporadic_lowspread	0	rifampicin:uncertain
COMP	rifampicin	rpoA	p.E267G	267	missense	NC_000962.3:3877707:T:C	3	2	2	2	0.029	BOV	BOV,L1	sporadic_lowspread	0	-
LZD	linezolid	rplC	p.I105V	105	missense	NC_000962.3:801120:A:G	3	2	2	1	0.022	L3	L2,L3	sporadic_lowspread	0	linezolid:uncertain
LZD	linezolid	rplC	p.G190S	190	missense	NC_000962.3:801375:G:A	3	2	2	1	0.011	L3	L3,L4	sporadic_lowspread	0	-
LZD	linezolid	rplC	p.A137V	137	missense	NC_000962.3:801217:C:T	3	2	2	1	0.011	L3	L3,L4	sporadic_lowspread	0	linezolid:uncertain
LZD	linezolid	rplC	p.P25S	25	missense	NC_000962.3:800880:C:T	3	2	2	1	0.01	L1	L1,L4	sporadic_lowspread	0	linezolid:uncertain
LZD	linezolid	rplC	p.T156M	156	missense	NC_000962.3:801274:C:T	3	2	2	1	0.01	L1	L1,L4	sporadic_lowspread	0	-
MFX	moxifloxacin	gyrB	p.T183M	183	missense	NC_000962.3:5786:C:T	3	2	2	1	0.02	L1	L1,L2	sporadic_lowspread	0	levofloxacin:uncertain;moxifloxacin:uncertain
MFX	moxifloxacin	gyrB	p.K668R	668	missense	NC_000962.3:7241:A:G	3	2	2	1	0.004	L4	L2,L4	sporadic_lowspread	0	levofloxacin:uncertain;moxifloxacin:uncertain
MFX	moxifloxacin	gyrB	p.G280D	280	missense	NC_000962.3:6077:G:A	3	2	2	1	0.022	L3	L3,L4	sporadic_lowspread	0	-
MFX	moxifloxacin	gyrB	p.P480S	480	missense	NC_000962.3:6676:C:T	3	2	2	1	0.02	L1	L1,L3	sporadic_lowspread	0	levofloxacin:uncertain;moxifloxacin:uncertain
MFX	moxifloxacin	gyrB	p.R172W	172	missense	NC_000962.3:5752:C:T	3	2	2	1	0.01	L1	L1,L4	sporadic_lowspread	0	-
MFX	moxifloxacin	gyrB	p.D434E	434	missense	NC_000962.3:6540:C:A	3	2	2	1	0.022	L3	L3,L4	sporadic_lowspread	0	levofloxacin:uncertain;moxifloxacin:uncertain
MFX	moxifloxacin	gyrB	p.A25V	25	missense	NC_000962.3:5312:C:T	3	2	2	1	0.022	L3	L1,L3	sporadic_lowspread	0	-
MFX	moxifloxacin	gyrB	p.K336N	336	missense	NC_000962.3:6246:G:C	3	2	2	1	0.022	L3	L3,L4	sporadic_lowspread	0	-
MFX	moxifloxacin	gyrB	p.R492P	492	missense	NC_000962.3:6713:G:C	3	2	2	1	0.005	L2	L2,L4	sporadic_lowspread	0	-
MFX	moxifloxacin	gyrB	p.L571I	571	missense	NC_000962.3:6949:C:A	3	2	2	2	1.961	BOV_AFRI	BOV_AFRI,L2	sporadic_lowspread	0	levofloxacin:uncertain
MFX	moxifloxacin	gyrB	p.K404R	404	missense	NC_000962.3:6449:A:G	3	2	2	1	0.011	L3	L2,L3	sporadic_lowspread	0	levofloxacin:uncertain;moxifloxacin:uncertain
MFX	moxifloxacin	gyrB	p.I435V	435	missense	NC_000962.3:6541:A:G	3	2	2	1	0.011	L3	L3,L4	sporadic_lowspread	0	levofloxacin:uncertain;moxifloxacin:uncertain
MFX	moxifloxacin	gyrB	p.M100V	100	missense	NC_000962.3:5536:A:G	3	2	2	1	0.01	L1	L1,L2	sporadic_lowspread	0	levofloxacin:uncertain;moxifloxacin:uncertain
MFX	moxifloxacin	gyrB	p.N66H	66	missense	NC_000962.3:5434:A:C	3	2	2	1	0.022	L3	L2,L3	sporadic_lowspread	0	levofloxacin:uncertain;moxifloxacin:uncertain
MFX	moxifloxacin	gyrB	p.R553W	553	missense	NC_000962.3:6895:C:T	3	2	2	1	0.022	L3	L1,L3	sporadic_lowspread	0	levofloxacin:uncertain;moxifloxacin:uncertain
MFX	moxifloxacin	gyrB	p.M552V	552	missense	NC_000962.3:6892:A:G	3	2	2	2	0.225	L5	L2,L5	sporadic_lowspread	0	-
MFX	moxifloxacin	gyrB	p.Q292E	292	missense	NC_000962.3:6112:C:G	3	2	2	1	0.011	L3	L3,L4	sporadic_lowspread	0	-
MFX	moxifloxacin	gyrB	p.E228D	228	missense	NC_000962.3:5922:G:C	3	2	2	1	0.02	L1	L1,L4	sporadic_lowspread	0	levofloxacin:uncertain
MFX	moxifloxacin	gyrB	p.Q415R	415	missense	NC_000962.3:6482:A:G	3	2	2	1	0.02	L1	L1,L4	sporadic_lowspread	0	-
MFX	moxifloxacin	gyrB	p.E71K	71	missense	NC_000962.3:5449:G:A	3	2	2	2	0.169	L6	L1,L6	sporadic_lowspread	0	-
MFX	moxifloxacin	gyrB	p.R492S	492	missense	NC_000962.3:6712:C:A	3	2	2	2	0.029	BOV	BOV,L4	sporadic_lowspread	0	moxifloxacin:uncertain
MFX	moxifloxacin	gyrB	p.R249C	249	missense	NC_000962.3:5983:C:T	3	2	2	1	0.02	L1	L1,L4	sporadic_lowspread	0	-
MFX	moxifloxacin	gyrB	p.A162E	162	missense	NC_000962.3:5723:C:A	3	2	2	1	0.01	L1	L1,L4	sporadic_lowspread	0	levofloxacin:uncertain;moxifloxacin:uncertain
MFX	moxifloxacin	gyrB	p.A8V	8	missense	NC_000962.3:5261:C:T	3	2	2	1	0.01	L1	L1,L4	sporadic_lowspread	0	-
MFX	moxifloxacin	gyrA	p.S698L	698	missense	NC_000962.3:9393:C:T	3	2	2	1	0.01	L1	L1,L4	sporadic_lowspread	0	levofloxacin:uncertain;moxifloxacin:uncertain
MFX	moxifloxacin	gyrA	p.I328L	328	missense	NC_000962.3:8282:A:C	3	2	2	1	0.004	L4	L2,L4	sporadic_lowspread	0	levofloxacin:uncertain;moxifloxacin:uncertain
MFX	moxifloxacin	gyrA	p.I427V	427	missense	NC_000962.3:8579:A:G	3	2	2	1	0.022	L3	L3,L4	sporadic_lowspread	0	levofloxacin:uncertain;moxifloxacin:uncertain
MFX	moxifloxacin	gyrA	p.E303Q	303	missense	NC_000962.3:8207:G:C	3	2	2	1	0.011	L3	L3,L4	sporadic_lowspread	0	-
MFX	moxifloxacin	gyrA	p.E429D	429	missense	NC_000962.3:8587:G:C	3	2	2	1	0.02	L1	L1,L4	sporadic_lowspread	0	-
MFX	moxifloxacin	gyrA	p.E719Q	719	missense	NC_000962.3:9455:G:C	3	2	2	1	0.01	L1	L1,L4	sporadic_lowspread	0	levofloxacin:uncertain;moxifloxacin:uncertain
MFX	moxifloxacin	gyrA	p.V374M	374	missense	NC_000962.3:8420:G:A	3	2	2	1	0.011	L3	L3,L4	sporadic_lowspread	0	-
MFX	moxifloxacin	gyrA	p.H490R	490	missense	NC_000962.3:8769:A:G	3	2	2	1	0.011	L3	L3,L4	sporadic_lowspread	0	levofloxacin:uncertain;moxifloxacin:uncertain
MFX	moxifloxacin	gyrA	p.A726T	726	missense	NC_000962.3:9476:G:A	3	2	2	1	0.011	L3	L2,L3	sporadic_lowspread	0	-
MFX	moxifloxacin	gyrA	p.P17L	17	missense	NC_000962.3:7350:C:T	3	2	2	1	0.022	L3	L2,L3	sporadic_lowspread	0	levofloxacin:uncertain;moxifloxacin:uncertain
MFX	moxifloxacin	gyrA	p.A231V	231	missense	NC_000962.3:7992:C:T	3	2	2	1	0.01	L1	L1,L2	sporadic_lowspread	0	-
MFX	moxifloxacin	gyrA	p.P7S	7	missense	NC_000962.3:7319:C:T	3	2	2	2	0.022	L3	BOV,L3	sporadic_lowspread	0	levofloxacin:uncertain;moxifloxacin:uncertain
MFX	moxifloxacin	gyrA	p.D641E	641	missense	NC_000962.3:9223:C:G	3	2	2	1	0.022	L3	L3,L4	sporadic_lowspread	0	levofloxacin:uncertain;moxifloxacin:uncertain
MFX	moxifloxacin	gyrA	p.G503V	503	missense	NC_000962.3:8808:G:T	3	2	2	1	0.005	L2	L2,L4	sporadic_lowspread	0	levofloxacin:uncertain;moxifloxacin:uncertain
MFX	moxifloxacin	gyrA	p.V51A	51	missense	NC_000962.3:7452:T:C	3	2	2	1	0.01	L1	L1,L2	sporadic_lowspread	0	levofloxacin:uncertain;moxifloxacin:uncertain
MFX	moxifloxacin	gyrA	p.R450G	450	missense	NC_000962.3:8648:C:G	3	2	2	1	0.022	L3	L1,L3	sporadic_lowspread	0	-
MFX	moxifloxacin	gyrA	p.R476G	476	missense	NC_000962.3:8726:C:G	3	2	2	1	0.011	L3	L3,L4	sporadic_lowspread	0	-
MFX	moxifloxacin	gyrA	p.I284V	284	missense	NC_000962.3:8150:A:G	3	2	2	1	0.004	L4	L2,L4	sporadic_lowspread	0	levofloxacin:uncertain;moxifloxacin:uncertain
MFX	moxifloxacin	gyrA	p.A736T	736	missense	NC_000962.3:9506:G:A	3	2	2	2	0.022	L3	BOV,L3	sporadic_lowspread	0	levofloxacin:uncertain;moxifloxacin:uncertain
MFX	moxifloxacin	gyrA	p.I608V	608	missense	NC_000962.3:9122:A:G	3	2	2	1	0.022	L3	L1,L3	sporadic_lowspread	0	-
MFX	moxifloxacin	gyrA	p.L274F	274	missense	NC_000962.3:8122:G:T	3	2	2	1	0.011	L3	L3,L4	sporadic_lowspread	0	levofloxacin:uncertain
MFX	moxifloxacin	gyrA	p.A126V	126	missense	NC_000962.3:7677:C:T	3	2	2	1	0.011	L3	L3,L4	sporadic_lowspread	0	moxifloxacin:uncertain
MFX	moxifloxacin	gyrA	p.T135I	135	missense	NC_000962.3:7704:C:T	3	2	2	1	0.022	L3	L1,L3	sporadic_lowspread	0	-
MFX	moxifloxacin	gyrA	p.A500V	500	missense	NC_000962.3:8799:C:T	3	2	2	1	0.01	L1	L1,L2	sporadic_lowspread	0	-
MFX	moxifloxacin	gyrA	p.D824G	824	missense	NC_000962.3:9771:A:G	3	2	2	1	0.01	L1	L1,L2	sporadic_lowspread	0	-
MFX	moxifloxacin	gyrA	p.Q238E	238	missense	NC_000962.3:8012:C:G	3	2	2	1	0.004	L4	L2,L4	sporadic_lowspread	0	levofloxacin:uncertain
MFX	moxifloxacin	gyrA	p.E808V	808	missense	NC_000962.3:9723:A:T	3	2	2	1	0.011	L3	L2,L3	sporadic_lowspread	0	-
MFX	moxifloxacin	gyrA	p.R309L	309	missense	NC_000962.3:8226:G:T	3	2	2	1	0.004	L4	L2,L4	sporadic_lowspread	0	-
MFX	moxifloxacin	gyrA	p.Q613H	613	missense	NC_000962.3:9139:G:C	3	2	2	1	0.011	L3	L3,L4	sporadic_lowspread	0	-
MFX	moxifloxacin	gyrA	p.D829E	829	missense	NC_000962.3:9787:C:A	3	2	2	2	0.449	L5	L2,L5	sporadic_lowspread	0	levofloxacin:uncertain;moxifloxacin:uncertain
MFX	moxifloxacin	gyrA	p.A324T	324	missense	NC_000962.3:8270:G:A	3	2	2	1	0.02	L1	L1,L3	sporadic_lowspread	0	-
MFX	moxifloxacin	gyrA	p.A787T	787	missense	NC_000962.3:9659:G:A	3	2	2	2	0.169	L6	L4,L6	sporadic_lowspread	0	-
MFX	moxifloxacin	gyrA	p.V414A	414	missense	NC_000962.3:8541:T:C	3	2	2	1	0.02	L1	L1,L4	sporadic_lowspread	0	-
MFX	moxifloxacin	gyrA	p.A400V	400	missense	NC_000962.3:8499:C:T	3	2	2	2	0.014	BOV	BOV,L4	sporadic_lowspread	0	levofloxacin:uncertain;moxifloxacin:uncertain
MFX	moxifloxacin	gyrA	p.Q701H	701	missense	NC_000962.3:9403:G:C	3	2	2	1	0.02	L1	L1,L4	sporadic_lowspread	0	-
MFX	moxifloxacin	gyrA	p.R513C	513	missense	NC_000962.3:8837:C:T	3	2	2	1	0.01	L1	L1,L4	sporadic_lowspread	0	levofloxacin:uncertain;moxifloxacin:uncertain
MFX	moxifloxacin	gyrA	p.Q679H	679	missense	NC_000962.3:9337:G:C	3	2	2	1	0.01	L1	L1,L4	sporadic_lowspread	0	levofloxacin:uncertain;moxifloxacin:uncertain
MFX	moxifloxacin	gyrA	p.A217V	217	missense	NC_000962.3:7950:C:T	3	2	2	1	0.02	L1	L1,L4	sporadic_lowspread	0	moxifloxacin:uncertain
MFX	moxifloxacin	gyrA	p.G221E	221	missense	NC_000962.3:7962:G:A	3	2	2	1	0.01	L1	L1,L4	sporadic_lowspread	0	-
PMD	pretomanid	fgd1	p.V61I	61	missense	NC_000962.3:490962:G:A	3	2	2	1	0.02	L1	L1,L2	sporadic_lowspread	0	-
PMD	pretomanid	fgd1	p.G145D	145	missense	NC_000962.3:491215:G:A	3	2	2	2	0.029	BOV	BOV,L2	sporadic_lowspread	0	-
PMD	pretomanid	fgd1	p.V136M	136	missense	NC_000962.3:491187:G:A	3	2	2	1	0.005	L2	L2,L4	sporadic_lowspread	0	clofazimine:uncertain;delamanid:uncertain
PMD	pretomanid	fgd1	p.R156Q	156	missense	NC_000962.3:491248:G:A	3	2	2	1	0.004	L4	L2,L4	sporadic_lowspread	0	-
PMD	pretomanid	fgd1	p.I193V	193	missense	NC_000962.3:491358:A:G	3	2	2	1	0.02	L1	L1,L4	sporadic_lowspread	0	-
PMD	pretomanid	fgd1	p.A210T	210	missense	NC_000962.3:491409:G:A	3	2	2	1	0.01	L1	L1,L4	sporadic_lowspread	0	-
PMD	pretomanid	fgd1	p.I266V	266	missense	NC_000962.3:491577:A:G	3	2	2	2	0.029	BOV	BOV,L4	sporadic_lowspread	0	-
PMD	pretomanid	fbiC	p.A418E	418	missense	NC_000962.3:1304182:C:A	3	2	2	1	0.005	L2	L2,L4	sporadic_lowspread	0	clofazimine:uncertain;delamanid:uncertain
PMD	pretomanid	fbiC	p.R458H	458	missense	NC_000962.3:1304302:G:A	3	2	2	2	0.085	L6	L1,L6	sporadic_lowspread	0	-
PMD	pretomanid	fbiC	p.A754V	754	missense	NC_000962.3:1305190:C:T	3	2	2	1	0.004	L4	L2,L4	sporadic_lowspread	0	clofazimine:uncertain;delamanid:uncertain
PMD	pretomanid	fbiC	p.V131A	131	missense	NC_000962.3:1303321:T:C	3	2	2	1	0.022	L3	L2,L3	sporadic_lowspread	0	-
PMD	pretomanid	fbiC	p.H770Y	770	missense	NC_000962.3:1305237:C:T	3	2	2	1	0.01	L1	L1,L2	sporadic_lowspread	0	-
PMD	pretomanid	fbiC	p.A585G	585	missense	NC_000962.3:1304683:C:G	3	2	2	1	0.022	L3	L2,L3	sporadic_lowspread	0	clofazimine:uncertain
PMD	pretomanid	fbiC	p.R165W	165	missense	NC_000962.3:1303422:C:T	3	2	2	2	0.085	L6	L3,L6	sporadic_lowspread	0	-
PMD	pretomanid	fbiC	p.A757V	757	missense	NC_000962.3:1305199:C:T	3	2	2	1	0.022	L3	L3,L4	sporadic_lowspread	0	-
PMD	pretomanid	fbiC	p.H300Y	300	missense	NC_000962.3:1303827:C:T	3	2	2	1	0.02	L1	L1,L2	sporadic_lowspread	0	clofazimine:uncertain;delamanid:uncertain
PMD	pretomanid	fbiC	p.H718Y	718	missense	NC_000962.3:1305081:C:T	3	2	2	1	0.02	L1	L1,L3	sporadic_lowspread	0	-
PMD	pretomanid	fbiC	p.D542E	542	missense	NC_000962.3:1304555:C:A	3	2	2	1	0.004	L4	L2,L4	sporadic_lowspread	0	clofazimine:uncertain;delamanid:uncertain
PMD	pretomanid	fbiC	p.H481N	481	missense	NC_000962.3:1304370:C:A	3	2	2	2	0.029	BOV	BOV,L2	sporadic_lowspread	0	-
PMD	pretomanid	fbiC	p.M628V	628	missense	NC_000962.3:1304811:A:G	3	2	2	1	0.022	L3	L3,L4	sporadic_lowspread	0	-
PMD	pretomanid	fbiC	p.P523L	523	missense	NC_000962.3:1304497:C:T	3	2	2	1	0.02	L1	L1,L2	sporadic_lowspread	0	-
PMD	pretomanid	fbiC	p.A442P	442	missense	NC_000962.3:1304253:G:C	3	2	2	2	0.169	L6	L4,L6	sporadic_lowspread	0	-
PMD	pretomanid	fbiC	p.F744L	744	missense	NC_000962.3:1305161:C:G	3	2	2	1	0.01	L1	L1,L4	sporadic_lowspread	0	-
PMD	pretomanid	fbiD	p.A98T	98	missense	NC_000962.3:3339408:G:A	3	2	2	1	0.01	L1	L1,L2	sporadic_lowspread	0	-
PMD	pretomanid	fbiD	p.A50T	50	missense	NC_000962.3:3339264:G:A	3	2	2	1	0.004	L4	L2,L4	sporadic_lowspread	0	clofazimine:uncertain;delamanid:uncertain
PMD	pretomanid	fbiD	p.P192L	192	missense	NC_000962.3:3339691:C:T	3	2	2	1	0.011	L3	L3,L4	sporadic_lowspread	0	-
PMD	pretomanid	fbiD	p.A107S	107	missense	NC_000962.3:3339435:G:T	3	2	2	1	0.01	L1	L1,L4	sporadic_lowspread	0	-
PMD	pretomanid	fbiD	p.V150I	150	missense	NC_000962.3:3339564:G:A	3	2	2	2	0.014	BOV	BOV,L4	sporadic_lowspread	0	-
PMD	pretomanid	fbiA	p.A13V	13	missense	NC_000962.3:3640579:C:T	3	2	2	2	0.022	L3	BOV,L3	sporadic_lowspread	0	-
PMD	pretomanid	fbiA	p.E130D	130	missense	NC_000962.3:3640931:G:C	3	2	2	1	0.011	L3	L3,L4	sporadic_lowspread	0	clofazimine:uncertain;delamanid:uncertain
PMD	pretomanid	fbiA	p.V155M	155	missense	NC_000962.3:3641004:G:A	3	2	2	1	0.02	L1	L1,L3	sporadic_lowspread	0	-
PMD	pretomanid	fbiA	p.G189S	189	missense	NC_000962.3:3641106:G:A	3	2	2	1	0.01	L1	L1,L2	sporadic_lowspread	0	clofazimine:uncertain;delamanid:uncertain
PMD	pretomanid	fbiA	p.C280R	280	missense	NC_000962.3:3641379:T:C	3	2	2	1	0.004	L4	L2,L4	sporadic_lowspread	0	-
PMD	pretomanid	fbiA	p.H54Y	54	missense	NC_000962.3:3640701:C:T	3	2	2	1	0.02	L1	L1,L3	sporadic_lowspread	0	-
PMD	pretomanid	fbiA	p.G293S	293	missense	NC_000962.3:3641418:G:A	3	2	2	2	0.02	L1	BOV,L1	sporadic_lowspread	0	-
PMD	pretomanid	fbiA	p.A331T	331	missense	NC_000962.3:3641532:G:A	3	2	2	1	0.02	L1	L1,L4	sporadic_lowspread	0	-
PMD	pretomanid	fbiB	p.L444F	444	missense	NC_000962.3:3642865:G:T	3	2	2	1	0.01	L1	L1,L4	sporadic_lowspread	0	clofazimine:uncertain;delamanid:uncertain
PMD	pretomanid	fbiB	p.D66N	66	missense	NC_000962.3:3641729:G:A	3	2	2	1	0.022	L3	L2,L3	sporadic_lowspread	0	-
PMD	pretomanid	fbiB	p.I18T	18	missense	NC_000962.3:3641586:T:C	3	2	2	1	0.005	L2	L2,L4	sporadic_lowspread	0	clofazimine:uncertain;delamanid:uncertain
PMD	pretomanid	fbiB	p.R253C	253	missense	NC_000962.3:3642290:C:T	3	2	2	1	0.005	L2	L2,L4	sporadic_lowspread	0	-
PMD	pretomanid	fbiB	p.A357T	357	missense	NC_000962.3:3642602:G:A	3	2	2	1	0.005	L2	L2,L4	sporadic_lowspread	0	-
PMD	pretomanid	fbiB	p.V113I	113	missense	NC_000962.3:3641870:G:A	3	2	2	2	0.169	L6	L4,L6	sporadic_lowspread	0	-
PMD	pretomanid	ddn	p.R23Q	23	missense	NC_000962.3:3986910:G:A	3	2	2	1	0.01	L1	L1,L4	sporadic_lowspread	0	-
PMD	pretomanid	ddn	p.N91T	91	missense	NC_000962.3:3987114:A:C	3	2	2	2	0.014	BOV	BOV,L4	sporadic_lowspread	0	-
PMD	pretomanid	ddn	p.E117K	117	missense	NC_000962.3:3987191:G:A	3	2	2	1	0.005	L2	L2,L4	sporadic_lowspread	0	-
PMD	pretomanid	ddn	p.W88R	88	missense	NC_000962.3:3987104:T:C	3	2	2	1	0.022	L3	L3,L4	sporadic_lowspread	0	delamanid:uncertain
PMD	pretomanid	ddn	p.T52A	52	missense	NC_000962.3:3986996:A:G	3	2	2	1	0.022	L3	L3,L4	sporadic_lowspread	0	-
PMD	pretomanid	ddn	p.P59Q	59	missense	NC_000962.3:3987018:C:A	3	2	2	1	0.005	L2	L2,L4	sporadic_lowspread	0	delamanid:uncertain
PMD	pretomanid	ddn	p.D113G	113	missense	NC_000962.3:3987180:A:G	3	2	2	1	0.005	L2	L2,L4	sporadic_lowspread	0	-
PMD	pretomanid	ddn	p.K97N	97	missense	NC_000962.3:3987133:G:C	3	2	2	1	0.005	L2	L2,L4	sporadic_lowspread	0	-
BDQ	bedaquiline	mmpR5	p.A102T	102	missense	NC_000962.3:779292:G:A	2	2	2	1	0.003	L2	L2,L4	sporadic_lowspread	0	bedaquiline:uncertain;clofazimine:uncertain
BDQ	bedaquiline	mmpR5	p.R156*	156	stop_gained	NC_000962.3:779454:C:T	2	2	2	1	0.003	L2	L2,L4	LoF_convergent	1	bedaquiline:R-associated;clofazimine:R-associated
BDQ	bedaquiline	mmpR5	p.R135W	135	missense	NC_000962.3:779391:C:T	2	2	2	1	0.01	L1	L1,L2	sporadic_lowspread	0	bedaquiline:uncertain
BDQ	bedaquiline	mmpR5	p.G6W	6	missense	NC_000962.3:779004:G:T	2	2	2	1	0.011	L3	L2,L3	sporadic_lowspread	0	-
BDQ	bedaquiline	mmpR5	p.R109L	109	missense	NC_000962.3:779314:G:T	2	2	2	1	0.011	L3	L3,L4	sporadic_lowspread	0	bedaquiline:uncertain;clofazimine:uncertain
BDQ	bedaquiline	mmpR5	p.G65A	65	missense	NC_000962.3:779182:G:C	2	2	2	1	0.003	L2	L2,L4	sporadic_lowspread	0	-
BDQ	bedaquiline	mmpR5	p.S29C	29	missense	NC_000962.3:779074:C:G	2	2	2	1	0.003	L2	L2,L4	sporadic_lowspread	0	-
BDQ	bedaquiline	mmpR5	p.I108V	108	missense	NC_000962.3:779310:A:G	2	2	2	1	0.003	L2	L2,L4	sporadic_lowspread	0	bedaquiline:uncertain;clofazimine:uncertain
BDQ	bedaquiline	mmpR5	p.G25D	25	missense	NC_000962.3:779062:G:A	2	2	2	1	0.003	L2	L2,L4	sporadic_lowspread	0	bedaquiline:uncertain;clofazimine:uncertain
BDQ	bedaquiline	mmpR5	p.A61T	61	missense	NC_000962.3:779169:G:A	2	2	2	1	0.003	L2	L2,L4	sporadic_lowspread	0	-
BDQ	bedaquiline	mmpR5	p.R89Q	89	missense	NC_000962.3:779254:G:A	2	2	2	1	0.01	L1	L1,L2	sporadic_lowspread	0	bedaquiline:uncertain;clofazimine:uncertain
BDQ	bedaquiline	mmpR5	p.R90L	90	missense	NC_000962.3:779257:G:T	2	2	2	1	0.01	L1	L1,L2	sporadic_lowspread	0	-
BDQ	bedaquiline	mmpR5	p.I80S	80	missense	NC_000962.3:779227:T:G	2	2	2	1	0.01	L1	L1,L4	sporadic_lowspread	0	bedaquiline:uncertain;clofazimine:uncertain
BDQ	bedaquiline	mmpR5	p.R89W	89	missense	NC_000962.3:779253:C:T	2	2	2	2	0.225	L5	L4,L5	sporadic_lowspread	0	bedaquiline:uncertain;clofazimine:uncertain
BDQ	bedaquiline	mmpR5	p.G121V	121	missense	NC_000962.3:779350:G:T	2	2	2	1	0.01	L1	L1,L4	sporadic_lowspread	0	-
BDQ	bedaquiline	mmpR5	p.A99T	99	missense	NC_000962.3:779283:G:A	2	2	2	1	0.01	L1	L1,L4	sporadic_lowspread	0	-
BDQ	bedaquiline	atpE	p.G25S	25	missense	NC_000962.3:1461116:G:A	2	2	2	1	0.01	L1	L1,L2	sporadic_lowspread	0	-
BDQ	bedaquiline	atpE	p.P52L	52	missense	NC_000962.3:1461198:C:T	2	2	2	1	0.01	L1	L1,L4	sporadic_lowspread	0	-
BDQ	bedaquiline	atpE	p.T56I	56	missense	NC_000962.3:1461210:C:T	2	2	2	1	0.01	L1	L1,L4	sporadic_lowspread	0	-
BDQ	bedaquiline	pepQ	p.V273L	273	missense	NC_000962.3:2859601:C:G	2	2	2	1	0.011	L3	L1,L3	sporadic_lowspread	0	-
BDQ	bedaquiline	pepQ	p.E191G	191	missense	NC_000962.3:2859846:T:C	2	2	2	1	0.011	L3	L1,L3	sporadic_lowspread	0	-
BDQ	bedaquiline	pepQ	p.M233I	233	missense	NC_000962.3:2859719:C:T	2	2	2	1	0.01	L1	L1,L2	sporadic_lowspread	0	-
BDQ	bedaquiline	pepQ	p.P266S	266	missense	NC_000962.3:2859622:G:A	2	2	2	1	0.01	L1	L1,L2	sporadic_lowspread	0	bedaquiline:uncertain;clofazimine:uncertain
BDQ	bedaquiline	pepQ	p.E360D	360	missense	NC_000962.3:2859338:T:A	2	2	2	1	0.011	L3	L2,L3	sporadic_lowspread	0	bedaquiline:uncertain;clofazimine:uncertain
BDQ	bedaquiline	pepQ	p.A370T	370	missense	NC_000962.3:2859310:C:T	2	2	2	1	0.01	L1	L1,L4	sporadic_lowspread	0	-
BDQ	bedaquiline	pepQ	p.V30M	30	missense	NC_000962.3:2860330:C:T	2	2	2	2	0.014	BOV	BOV,L4	sporadic_lowspread	0	-
BDQ	bedaquiline	pepQ	p.A210V	210	missense	NC_000962.3:2859789:G:A	2	2	2	1	0.01	L1	L1,L4	sporadic_lowspread	0	-
BDQ	bedaquiline	pepQ	p.V322A	322	missense	NC_000962.3:2859453:A:G	2	2	2	1	0.01	L1	L1,L4	sporadic_lowspread	0	-
BDQ	bedaquiline	pepQ	p.R271W	271	missense	NC_000962.3:2859607:G:A	2	2	2	1	0.01	L1	L1,L4	sporadic_lowspread	0	-
COMP	rifampicin	rpoC	p.L446Q	446	missense	NC_000962.3:764705:T:A	2	2	2	1	0.003	L2	L2,L4	sporadic_lowspread	0	rifampicin:uncertain
COMP	rifampicin	rpoC	p.I12V	12	missense	NC_000962.3:763402:A:G	2	2	2	1	0.011	L3	L2,L3	sporadic_lowspread	0	rifampicin:uncertain
COMP	rifampicin	rpoC	p.A156V	156	missense	NC_000962.3:763835:C:T	2	2	2	1	0.01	L1	L1,L4	sporadic_lowspread	0	-
COMP	rifampicin	rpoC	p.V684I	684	missense	NC_000962.3:765418:G:A	2	2	2	1	0.011	L3	L2,L3	sporadic_lowspread	0	rifampicin:uncertain
COMP	rifampicin	rpoC	p.E1289A	1289	missense	NC_000962.3:767234:A:C	2	2	2	1	0.011	L3	L3,L4	sporadic_lowspread	0	rifampicin:uncertain
COMP	rifampicin	rpoC	p.E791A	791	missense	NC_000962.3:765740:A:C	2	2	2	1	0.011	L3	L3,L4	sporadic_lowspread	0	rifampicin:uncertain
COMP	rifampicin	rpoC	p.A1304V	1304	missense	NC_000962.3:767279:C:T	2	2	2	2	0.014	BOV	BOV,L1	sporadic_lowspread	0	rifampicin:uncertain
COMP	rifampicin	rpoC	p.E647K	647	missense	NC_000962.3:765307:G:A	2	2	2	1	0.011	L3	L2,L3	sporadic_lowspread	0	rifampicin:uncertain
COMP	rifampicin	rpoC	p.L774R	774	missense	NC_000962.3:765689:T:G	2	2	2	1	0.003	L2	L2,L4	sporadic_lowspread	0	rifampicin:uncertain
COMP	rifampicin	rpoC	p.S838C	838	missense	NC_000962.3:765881:C:G	2	2	2	1	0.01	L1	L1,L2	sporadic_lowspread	0	-
COMP	rifampicin	rpoC	p.Q1084R	1084	missense	NC_000962.3:766619:A:G	2	2	2	1	0.011	L3	L2,L3	sporadic_lowspread	0	rifampicin:uncertain
COMP	rifampicin	rpoC	p.A575V	575	missense	NC_000962.3:765092:C:T	2	2	2	1	0.003	L2	L2,L4	sporadic_lowspread	0	rifampicin:uncertain
COMP	rifampicin	rpoC	p.H1133Y	1133	missense	NC_000962.3:766765:C:T	2	2	2	1	0.003	L2	L2,L4	sporadic_lowspread	0	rifampicin:uncertain
COMP	rifampicin	rpoC	p.D795E	795	missense	NC_000962.3:765753:C:A	2	2	2	1	0.011	L3	L3,L4	sporadic_lowspread	0	rifampicin:uncertain
COMP	rifampicin	rpoC	p.M447T	447	missense	NC_000962.3:764708:T:C	2	2	2	1	0.011	L3	L2,L3	sporadic_lowspread	0	rifampicin:uncertain
COMP	rifampicin	rpoC	p.M515I	515	missense	NC_000962.3:764913:G:T	2	2	2	1	0.003	L2	L2,L4	sporadic_lowspread	0	rifampicin:uncertain
COMP	rifampicin	rpoC	p.Y849C	849	missense	NC_000962.3:765914:A:G	2	2	2	1	0.003	L2	L2,L4	sporadic_lowspread	0	-
COMP	rifampicin	rpoC	p.R636L	636	missense	NC_000962.3:765275:G:T	2	2	2	1	0.011	L3	L3,L4	sporadic_lowspread	0	-
COMP	rifampicin	rpoC	p.E1092D	1092	missense	NC_000962.3:766644:A:T	2	2	2	1	0.003	L2	L2,L4	sporadic_lowspread	0	rifampicin:S-associated
COMP	rifampicin	rpoC	p.R1083L	1083	missense	NC_000962.3:766616:G:T	2	2	2	1	0.003	L2	L2,L4	sporadic_lowspread	0	rifampicin:uncertain
COMP	rifampicin	rpoC	p.L545P	545	missense	NC_000962.3:765002:T:C	2	2	2	1	0.011	L3	L2,L3	sporadic_lowspread	0	-
COMP	rifampicin	rpoC	p.M515I	515	missense	NC_000962.3:764913:G:A	2	2	2	1	0.003	L2	L2,L4	sporadic_lowspread	0	rifampicin:uncertain
COMP	rifampicin	rpoC	p.A121T	121	missense	NC_000962.3:763729:G:A	2	2	2	1	0.003	L2	L2,L4	sporadic_lowspread	0	-
COMP	rifampicin	rpoC	p.Y586S	586	missense	NC_000962.3:765125:A:C	2	2	2	1	0.003	L2	L2,L4	sporadic_lowspread	0	rifampicin:uncertain
COMP	rifampicin	rpoC	p.R1268C	1268	missense	NC_000962.3:767170:C:T	2	2	2	1	0.01	L1	L1,L2	sporadic_lowspread	0	-
COMP	rifampicin	rpoC	p.H689R	689	missense	NC_000962.3:765434:A:G	2	2	2	1	0.003	L2	L2,L4	sporadic_lowspread	0	rifampicin:uncertain
COMP	rifampicin	rpoC	p.A1201V	1201	missense	NC_000962.3:766970:C:T	2	2	2	1	0.003	L2	L2,L4	sporadic_lowspread	0	-
COMP	rifampicin	rpoC	p.E702K	702	missense	NC_000962.3:765472:G:A	2	2	2	1	0.003	L2	L2,L4	sporadic_lowspread	0	rifampicin:uncertain
COMP	rifampicin	rpoC	p.E450Q	450	missense	NC_000962.3:764716:G:C	2	2	2	1	0.003	L2	L2,L4	sporadic_lowspread	0	rifampicin:uncertain
COMP	rifampicin	rpoC	p.D331V	331	missense	NC_000962.3:764360:A:T	2	2	2	1	0.003	L2	L2,L4	sporadic_lowspread	0	rifampicin:uncertain
COMP	rifampicin	rpoC	p.L558V	558	missense	NC_000962.3:765040:T:G	2	2	2	1	0.003	L2	L2,L4	sporadic_lowspread	0	-
COMP	rifampicin	rpoC	p.R282Q	282	missense	NC_000962.3:764213:G:A	2	2	2	1	0.011	L3	L1,L3	sporadic_lowspread	0	rifampicin:uncertain
COMP	rifampicin	rpoC	p.P444S	444	missense	NC_000962.3:764698:C:T	2	2	2	1	0.003	L2	L2,L4	sporadic_lowspread	0	rifampicin:uncertain
COMP	rifampicin	rpoC	p.D1151A	1151	missense	NC_000962.3:766820:A:C	2	2	2	1	0.01	L1	L1,L2	sporadic_lowspread	0	-
COMP	rifampicin	rpoC	p.P481L	481	missense	NC_000962.3:764810:C:T	2	2	2	1	0.003	L2	L2,L4	sporadic_lowspread	0	rifampicin:uncertain
COMP	rifampicin	rpoC	p.Q693P	693	missense	NC_000962.3:765446:A:C	2	2	2	1	0.011	L3	L3,L4	sporadic_lowspread	0	-
COMP	rifampicin	rpoC	p.I51V	51	missense	NC_000962.3:763519:A:G	2	2	2	1	0.01	L1	L1,L4	sporadic_lowspread	0	-
COMP	rifampicin	rpoC	p.V490I	490	missense	NC_000962.3:764836:G:A	2	2	2	1	0.01	L1	L1,L4	sporadic_lowspread	0	rifampicin:uncertain
COMP	rifampicin	rpoC	p.L405V	405	missense	NC_000962.3:764581:C:G	2	2	2	2	0.225	L5	L1,L5	sporadic_lowspread	0	rifampicin:uncertain
COMP	rifampicin	rpoC	p.V756I	756	missense	NC_000962.3:765634:G:A	2	2	2	1	0.01	L1	L1,L4	sporadic_lowspread	0	rifampicin:uncertain
COMP	rifampicin	rpoC	p.P1259S	1259	missense	NC_000962.3:767143:C:T	2	2	2	1	0.01	L1	L1,L4	sporadic_lowspread	0	rifampicin:uncertain
COMP	rifampicin	rpoC	p.A17E	17	missense	NC_000962.3:763418:C:A	2	2	2	1	0.01	L1	L1,L4	sporadic_lowspread	0	-
COMP	rifampicin	rpoC	p.R726C	726	missense	NC_000962.3:765544:C:T	2	2	2	1	0.01	L1	L1,L4	sporadic_lowspread	0	-
COMP	rifampicin	rpoA	p.D179E	179	missense	NC_000962.3:3877970:G:C	2	2	2	1	0.003	L2	L2,L4	sporadic_lowspread	0	rifampicin:uncertain
COMP	rifampicin	rpoA	p.T181N	181	missense	NC_000962.3:3877965:G:T	2	2	2	1	0.01	L1	L1,L4	sporadic_lowspread	0	-
COMP	rifampicin	rpoA	p.D195E	195	missense	NC_000962.3:3877922:G:T	2	2	2	1	0.011	L3	L3,L4	sporadic_lowspread	0	rifampicin:uncertain
COMP	rifampicin	rpoA	p.V227I	227	missense	NC_000962.3:3877828:C:T	2	2	2	1	0.01	L1	L1,L4	sporadic_lowspread	0	-
COMP	rifampicin	rpoA	p.V73I	73	missense	NC_000962.3:3878290:C:T	2	2	2	2	0.085	L6	L1,L6	sporadic_lowspread	0	rifampicin:uncertain
COMP	rifampicin	rpoA	p.F30L	30	missense	NC_000962.3:3878419:A:G	2	2	2	1	0.003	L2	L2,L4	sporadic_lowspread	0	-
COMP	rifampicin	rpoA	p.G334D	334	missense	NC_000962.3:3877506:C:T	2	2	2	1	0.011	L3	L1,L3	sporadic_lowspread	0	rifampicin:uncertain
COMP	rifampicin	rpoA	p.N152S	152	missense	NC_000962.3:3878052:T:C	2	2	2	1	0.011	L3	L2,L3	sporadic_lowspread	0	-
COMP	rifampicin	rpoA	p.P25Q	25	missense	NC_000962.3:3878433:G:T	2	2	2	1	0.003	L2	L2,L4	sporadic_lowspread	0	rifampicin:uncertain
COMP	rifampicin	rpoA	p.R161C	161	missense	NC_000962.3:3878026:G:A	2	2	2	2	0.014	BOV	BOV,L2	sporadic_lowspread	0	rifampicin:uncertain
COMP	rifampicin	rpoA	p.P236L	236	missense	NC_000962.3:3877800:G:A	2	2	2	1	0.011	L3	L2,L3	sporadic_lowspread	0	-
COMP	rifampicin	rpoA	p.P250T	250	missense	NC_000962.3:3877759:G:T	2	2	2	1	0.01	L1	L1,L2	sporadic_lowspread	0	rifampicin:uncertain
COMP	rifampicin	rpoA	p.P121L	121	missense	NC_000962.3:3878145:G:A	2	2	2	1	0.01	L1	L1,L2	sporadic_lowspread	0	rifampicin:uncertain
COMP	rifampicin	rpoA	p.V147I	147	missense	NC_000962.3:3878068:C:T	2	2	2	1	0.011	L3	L1,L3	sporadic_lowspread	0	-
COMP	rifampicin	rpoA	p.A241D	241	missense	NC_000962.3:3877785:G:T	2	2	2	1	0.01	L1	L1,L4	sporadic_lowspread	0	rifampicin:uncertain
COMP	rifampicin	rpoA	p.D324N	324	missense	NC_000962.3:3877537:C:T	2	2	2	2	0.014	BOV	BOV,L4	sporadic_lowspread	0	-
LZD	linezolid	rplC	p.S20N	20	missense	NC_000962.3:800866:G:A	2	2	2	1	0.01	L1	L1,L2	sporadic_lowspread	0	-
LZD	linezolid	rplC	p.D87G	87	missense	NC_000962.3:801067:A:G	2	2	2	1	0.01	L1	L1,L2	sporadic_lowspread	0	-
LZD	linezolid	rplC	p.V16I	16	missense	NC_000962.3:800853:G:A	2	2	2	1	0.011	L3	L3,L4	sporadic_lowspread	0	-
LZD	linezolid	rplC	p.T41M	41	missense	NC_000962.3:800929:C:T	2	2	2	2	0.225	L5	L2,L5	sporadic_lowspread	0	linezolid:uncertain
LZD	linezolid	rplC	p.T176I	176	missense	NC_000962.3:801334:C:T	2	2	2	1	0.01	L1	L1,L2	sporadic_lowspread	0	-
LZD	linezolid	rplC	p.G12S	12	missense	NC_000962.3:800841:G:A	2	2	2	1	0.011	L3	L3,L4	sporadic_lowspread	0	linezolid:uncertain
LZD	linezolid	rplC	p.R129W	129	missense	NC_000962.3:801192:C:T	2	2	2	1	0.011	L3	L1,L3	sporadic_lowspread	0	-
LZD	linezolid	rplC	p.L178R	178	missense	NC_000962.3:801340:T:G	2	2	2	1	0.01	L1	L1,L4	sporadic_lowspread	0	-
LZD	linezolid	rplC	p.V198I	198	missense	NC_000962.3:801399:G:A	2	2	2	1	0.01	L1	L1,L4	sporadic_lowspread	0	-
LZD	linezolid	rplC	p.V23A	23	missense	NC_000962.3:800875:T:C	2	2	2	1	0.01	L1	L1,L4	sporadic_lowspread	0	-
LZD	linezolid	rplC	p.N21S	21	missense	NC_000962.3:800869:A:G	2	2	2	2	0.225	L5	L1,L5	sporadic_lowspread	0	-
MFX	moxifloxacin	gyrB	p.H263R	263	missense	NC_000962.3:6026:A:G	2	2	2	1	0.011	L3	L3,L4	sporadic_lowspread	0	-
MFX	moxifloxacin	gyrB	p.A233G	233	missense	NC_000962.3:5936:C:G	2	2	2	1	0.003	L2	L2,L4	sporadic_lowspread	0	levofloxacin:uncertain;moxifloxacin:uncertain
MFX	moxifloxacin	gyrB	p.T164I	164	missense	NC_000962.3:5729:C:T	2	2	2	1	0.011	L3	L1,L3	sporadic_lowspread	0	-
MFX	moxifloxacin	gyrB	p.D577H	577	missense	NC_000962.3:6967:G:C	2	2	2	1	0.01	L1	L1,L2	sporadic_lowspread	0	-
MFX	moxifloxacin	gyrB	p.P554L	554	missense	NC_000962.3:6899:C:T	2	2	2	1	0.01	L1	L1,L4	sporadic_lowspread	0	-
MFX	moxifloxacin	gyrB	p.A414T	414	missense	NC_000962.3:6478:G:A	2	2	2	1	0.011	L3	L2,L3	sporadic_lowspread	0	-
MFX	moxifloxacin	gyrB	p.E39Q	39	missense	NC_000962.3:5353:G:C	2	2	2	1	0.011	L3	L1,L3	sporadic_lowspread	0	-
MFX	moxifloxacin	gyrB	p.K603E	603	missense	NC_000962.3:7045:A:G	2	2	2	1	0.011	L3	L1,L3	sporadic_lowspread	0	-
MFX	moxifloxacin	gyrB	p.M530T	530	missense	NC_000962.3:6827:T:C	2	2	2	1	0.011	L3	L3,L4	sporadic_lowspread	0	levofloxacin:uncertain;moxifloxacin:uncertain
MFX	moxifloxacin	gyrB	p.T346I	346	missense	NC_000962.3:6275:C:T	2	2	2	1	0.011	L3	L3,L4	sporadic_lowspread	0	-
MFX	moxifloxacin	gyrB	p.S274T	274	missense	NC_000962.3:6059:G:C	2	2	2	1	0.01	L1	L1,L2	sporadic_lowspread	0	levofloxacin:uncertain;moxifloxacin:uncertain
MFX	moxifloxacin	gyrB	p.V670A	670	missense	NC_000962.3:7247:T:C	2	2	2	1	0.011	L3	L2,L3	sporadic_lowspread	0	-
MFX	moxifloxacin	gyrB	p.D225G	225	missense	NC_000962.3:5912:A:G	2	2	2	1	0.003	L2	L2,L4	sporadic_lowspread	0	levofloxacin:uncertain;moxifloxacin:uncertain
MFX	moxifloxacin	gyrB	p.A229V	229	missense	NC_000962.3:5924:C:T	2	2	2	1	0.003	L2	L2,L4	sporadic_lowspread	0	-
MFX	moxifloxacin	gyrB	p.Y144C	144	missense	NC_000962.3:5669:A:G	2	2	2	1	0.011	L3	L2,L3	sporadic_lowspread	0	-
MFX	moxifloxacin	gyrB	p.V190A	190	missense	NC_000962.3:5807:T:C	2	2	2	1	0.003	L2	L2,L4	sporadic_lowspread	0	-
MFX	moxifloxacin	gyrB	p.I519V	519	missense	NC_000962.3:6793:A:G	2	2	2	1	0.003	L2	L2,L4	sporadic_lowspread	0	-
MFX	moxifloxacin	gyrB	p.H560N	560	missense	NC_000962.3:6916:C:A	2	2	2	1	0.003	L2	L2,L4	sporadic_lowspread	0	levofloxacin:uncertain
MFX	moxifloxacin	gyrB	p.H44Y	44	missense	NC_000962.3:5368:C:T	2	2	2	1	0.011	L3	L3,L4	sporadic_lowspread	0	-
MFX	moxifloxacin	gyrB	p.A508G	508	missense	NC_000962.3:6761:C:G	2	2	2	1	0.01	L1	L1,L2	sporadic_lowspread	0	-
MFX	moxifloxacin	gyrB	p.E489D	489	missense	NC_000962.3:6705:G:T	2	2	2	1	0.003	L2	L2,L4	sporadic_lowspread	0	-
MFX	moxifloxacin	gyrB	p.V179I	179	missense	NC_000962.3:5773:G:A	2	2	2	1	0.003	L2	L2,L4	sporadic_lowspread	0	-
MFX	moxifloxacin	gyrB	p.T250I	250	missense	NC_000962.3:5987:C:T	2	2	2	2	0.014	BOV	BOV,L3	sporadic_lowspread	0	-
MFX	moxifloxacin	gyrB	p.A414S	414	missense	NC_000962.3:6478:G:T	2	2	2	1	0.011	L3	L3,L4	sporadic_lowspread	0	-
MFX	moxifloxacin	gyrB	p.P243S	243	missense	NC_000962.3:5965:C:T	2	2	2	1	0.01	L1	L1,L2	sporadic_lowspread	0	levofloxacin:uncertain;moxifloxacin:uncertain
MFX	moxifloxacin	gyrB	p.D645N	645	missense	NC_000962.3:7171:G:A	2	2	2	2	0.085	L6	L4,L6	sporadic_lowspread	0	-
MFX	moxifloxacin	gyrB	p.T401I	401	missense	NC_000962.3:6440:C:T	2	2	2	1	0.01	L1	L1,L4	sporadic_lowspread	0	-
MFX	moxifloxacin	gyrB	p.I116M	116	missense	NC_000962.3:5586:A:G	2	2	2	1	0.01	L1	L1,L4	sporadic_lowspread	0	levofloxacin:uncertain;moxifloxacin:uncertain
MFX	moxifloxacin	gyrB	p.E604K	604	missense	NC_000962.3:7048:G:A	2	2	2	1	0.01	L1	L1,L4	sporadic_lowspread	0	levofloxacin:uncertain;moxifloxacin:uncertain
MFX	moxifloxacin	gyrB	p.A237V	237	missense	NC_000962.3:5948:C:T	2	2	2	1	0.01	L1	L1,L4	sporadic_lowspread	0	-
MFX	moxifloxacin	gyrB	p.D216G	216	missense	NC_000962.3:5885:A:G	2	2	2	1	0.01	L1	L1,L4	sporadic_lowspread	0	levofloxacin:uncertain;moxifloxacin:uncertain
MFX	moxifloxacin	gyrB	p.A191G	191	missense	NC_000962.3:5810:C:G	2	2	2	1	0.01	L1	L1,L4	sporadic_lowspread	0	-
MFX	moxifloxacin	gyrB	p.N399S	399	missense	NC_000962.3:6434:A:G	2	2	2	1	0.01	L1	L1,L4	sporadic_lowspread	0	levofloxacin:uncertain
MFX	moxifloxacin	gyrB	p.D674N	674	missense	NC_000962.3:7258:G:A	2	2	2	1	0.01	L1	L1,L4	sporadic_lowspread	0	-
MFX	moxifloxacin	gyrB	p.G280V	280	missense	NC_000962.3:6077:G:T	2	2	2	1	0.01	L1	L1,L4	sporadic_lowspread	0	-
MFX	moxifloxacin	gyrA	p.A417S	417	missense	NC_000962.3:8549:G:T	2	2	2	1	0.011	L3	L3,L4	sporadic_lowspread	0	levofloxacin:uncertain
MFX	moxifloxacin	gyrA	p.V777I	777	missense	NC_000962.3:9629:G:A	2	2	2	1	0.003	L2	L2,L4	sporadic_lowspread	0	-
MFX	moxifloxacin	gyrA	p.A126E	126	missense	NC_000962.3:7677:C:A	2	2	2	1	0.003	L2	L2,L4	sporadic_lowspread	0	levofloxacin:uncertain;moxifloxacin:uncertain
MFX	moxifloxacin	gyrA	p.A501V	501	missense	NC_000962.3:8802:C:T	2	2	2	1	0.003	L2	L2,L4	sporadic_lowspread	0	levofloxacin:uncertain;moxifloxacin:uncertain
MFX	moxifloxacin	gyrA	p.I318V	318	missense	NC_000962.3:8252:A:G	2	2	2	1	0.01	L1	L1,L2	sporadic_lowspread	0	-
MFX	moxifloxacin	gyrA	p.M253V	253	missense	NC_000962.3:8057:A:G	2	2	2	1	0.011	L3	L3,L4	sporadic_lowspread	0	-
MFX	moxifloxacin	gyrA	p.D639E	639	missense	NC_000962.3:9217:C:A	2	2	2	1	0.003	L2	L2,L4	sporadic_lowspread	0	-
MFX	moxifloxacin	gyrA	p.H490N	490	missense	NC_000962.3:8768:C:A	2	2	2	1	0.011	L3	L2,L3	sporadic_lowspread	0	levofloxacin:uncertain;moxifloxacin:uncertain
MFX	moxifloxacin	gyrA	p.H389D	389	missense	NC_000962.3:8465:C:G	2	2	2	1	0.011	L3	L3,L4	sporadic_lowspread	0	-
MFX	moxifloxacin	gyrA	p.D509N	509	missense	NC_000962.3:8825:G:A	2	2	2	2	0.014	BOV	BOV,L3	sporadic_lowspread	0	levofloxacin:uncertain;moxifloxacin:uncertain
MFX	moxifloxacin	gyrA	p.R448C	448	missense	NC_000962.3:8642:C:T	2	2	2	1	0.01	L1	L1,L2	sporadic_lowspread	0	-
MFX	moxifloxacin	gyrA	p.A827V	827	missense	NC_000962.3:9780:C:T	2	2	2	1	0.003	L2	L2,L4	sporadic_lowspread	0	-
MFX	moxifloxacin	gyrA	p.I348V	348	missense	NC_000962.3:8342:A:G	2	2	2	1	0.011	L3	L1,L3	sporadic_lowspread	0	levofloxacin:uncertain;moxifloxacin:uncertain
MFX	moxifloxacin	gyrA	p.A322S	322	missense	NC_000962.3:8264:G:T	2	2	2	1	0.011	L3	L2,L3	sporadic_lowspread	0	levofloxacin:uncertain;moxifloxacin:uncertain
MFX	moxifloxacin	gyrA	p.E508D	508	missense	NC_000962.3:8824:G:C	2	2	2	1	0.011	L3	L3,L4	sporadic_lowspread	0	-
MFX	moxifloxacin	gyrA	p.E148D	148	missense	NC_000962.3:7744:G:C	2	2	2	1	0.011	L3	L2,L3	sporadic_lowspread	0	levofloxacin:uncertain;moxifloxacin:uncertain
MFX	moxifloxacin	gyrA	p.D687G	687	missense	NC_000962.3:9360:A:G	2	2	2	1	0.011	L3	L2,L3	sporadic_lowspread	0	-
MFX	moxifloxacin	gyrA	p.V700L	700	missense	NC_000962.3:9398:G:T	2	2	2	1	0.011	L3	L3,L4	sporadic_lowspread	0	-
MFX	moxifloxacin	gyrA	p.R380G	380	missense	NC_000962.3:8438:C:G	2	2	2	1	0.011	L3	L1,L3	sporadic_lowspread	0	levofloxacin:uncertain;moxifloxacin:uncertain
MFX	moxifloxacin	gyrA	p.D515E	515	missense	NC_000962.3:8845:C:G	2	2	2	1	0.003	L2	L2,L4	sporadic_lowspread	0	levofloxacin:uncertain;moxifloxacin:uncertain
MFX	moxifloxacin	gyrA	p.D371N	371	missense	NC_000962.3:8411:G:A	2	2	2	1	0.003	L2	L2,L4	sporadic_lowspread	0	-
MFX	moxifloxacin	gyrA	p.T811I	811	missense	NC_000962.3:9732:C:T	2	2	2	1	0.003	L2	L2,L4	sporadic_lowspread	0	-
MFX	moxifloxacin	gyrA	p.G746S	746	missense	NC_000962.3:9536:G:A	2	2	2	1	0.01	L1	L1,L2	sporadic_lowspread	0	-
MFX	moxifloxacin	gyrA	p.M139V	139	missense	NC_000962.3:7715:A:G	2	2	2	1	0.01	L1	L1,L2	sporadic_lowspread	0	levofloxacin:uncertain
MFX	moxifloxacin	gyrA	p.H208D	208	missense	NC_000962.3:7922:C:G	2	2	2	1	0.01	L1	L1,L2	sporadic_lowspread	0	-
MFX	moxifloxacin	gyrA	p.Y617C	617	missense	NC_000962.3:9150:A:G	2	2	2	1	0.01	L1	L1,L2	sporadic_lowspread	0	-
MFX	moxifloxacin	gyrA	p.D504E	504	missense	NC_000962.3:8812:C:G	2	2	2	1	0.003	L2	L2,L4	sporadic_lowspread	0	levofloxacin:uncertain;moxifloxacin:uncertain
MFX	moxifloxacin	gyrA	p.D209N	209	missense	NC_000962.3:7925:G:A	2	2	2	1	0.01	L1	L1,L2	sporadic_lowspread	0	-
MFX	moxifloxacin	gyrA	p.R615L	615	missense	NC_000962.3:9144:G:T	2	2	2	1	0.003	L2	L2,L4	sporadic_lowspread	0	levofloxacin:uncertain;moxifloxacin:uncertain
MFX	moxifloxacin	gyrA	p.A500E	500	missense	NC_000962.3:8799:C:A	2	2	2	1	0.01	L1	L1,L2	sporadic_lowspread	0	levofloxacin:uncertain;moxifloxacin:uncertain
MFX	moxifloxacin	gyrA	p.G524A	524	missense	NC_000962.3:8871:G:C	2	2	2	1	0.011	L3	L2,L3	sporadic_lowspread	0	-
MFX	moxifloxacin	gyrA	p.A78G	78	missense	NC_000962.3:7533:C:G	2	2	2	1	0.011	L3	L1,L3	sporadic_lowspread	0	-
MFX	moxifloxacin	gyrA	p.V516A	516	missense	NC_000962.3:8847:T:C	2	2	2	1	0.003	L2	L2,L4	sporadic_lowspread	0	levofloxacin:uncertain;moxifloxacin:uncertain
MFX	moxifloxacin	gyrA	p.D3N	3	missense	NC_000962.3:7307:G:A	2	2	2	1	0.011	L3	L1,L3	sporadic_lowspread	0	-
MFX	moxifloxacin	gyrA	p.R128K	128	missense	NC_000962.3:7683:G:A	2	2	2	1	0.003	L2	L2,L4	sporadic_lowspread	0	moxifloxacin:uncertain
MFX	moxifloxacin	gyrA	p.R789C	789	missense	NC_000962.3:9665:C:T	2	2	2	1	0.011	L3	L3,L4	sporadic_lowspread	0	-
MFX	moxifloxacin	gyrA	p.R65C	65	missense	NC_000962.3:7493:C:T	2	2	2	1	0.011	L3	L1,L3	sporadic_lowspread	0	-
MFX	moxifloxacin	gyrA	p.A322V	322	missense	NC_000962.3:8265:C:T	2	2	2	1	0.011	L3	L3,L4	sporadic_lowspread	0	-
MFX	moxifloxacin	gyrA	p.P621A	621	missense	NC_000962.3:9161:C:G	2	2	2	2	0.085	L6	L2,L6	sporadic_lowspread	0	-
MFX	moxifloxacin	gyrA	p.H334R	334	missense	NC_000962.3:8301:A:G	2	2	2	1	0.003	L2	L2,L4	sporadic_lowspread	0	-
MFX	moxifloxacin	gyrA	p.L637M	637	missense	NC_000962.3:9209:C:A	2	2	2	1	0.01	L1	L1,L4	sporadic_lowspread	0	-
MFX	moxifloxacin	gyrA	p.M24I	24	missense	NC_000962.3:7372:G:A	2	2	2	1	0.01	L1	L1,L4	sporadic_lowspread	0	levofloxacin:uncertain
MFX	moxifloxacin	gyrA	p.D810H	810	missense	NC_000962.3:9728:G:C	2	2	2	1	0.01	L1	L1,L4	sporadic_lowspread	0	-
MFX	moxifloxacin	gyrA	p.A343V	343	missense	NC_000962.3:8328:C:T	2	2	2	2	0.225	L5	L4,L5	sporadic_lowspread	0	-
MFX	moxifloxacin	gyrA	p.D504H	504	missense	NC_000962.3:8810:G:C	2	2	2	2	0.225	L5	L4,L5	sporadic_lowspread	0	-
MFX	moxifloxacin	gyrA	p.T240A	240	missense	NC_000962.3:8018:A:G	2	2	2	1	0.01	L1	L1,L4	sporadic_lowspread	0	-
MFX	moxifloxacin	gyrA	p.I567V	567	missense	NC_000962.3:8999:A:G	2	2	2	2	0.225	L5	L1,L5	sporadic_lowspread	0	-
MFX	moxifloxacin	gyrA	p.A417G	417	missense	NC_000962.3:8550:C:G	2	2	2	1	0.01	L1	L1,L4	sporadic_lowspread	0	-
MFX	moxifloxacin	gyrA	p.S263F	263	missense	NC_000962.3:8088:C:T	2	2	2	1	0.01	L1	L1,L4	sporadic_lowspread	0	-
MFX	moxifloxacin	gyrA	p.G158S	158	missense	NC_000962.3:7772:G:A	2	2	2	1	0.01	L1	L1,L4	sporadic_lowspread	0	levofloxacin:uncertain;moxifloxacin:uncertain
MFX	moxifloxacin	gyrA	p.S779F	779	missense	NC_000962.3:9636:C:T	2	2	2	1	0.01	L1	L1,L4	sporadic_lowspread	0	-
MFX	moxifloxacin	gyrA	p.D454G	454	missense	NC_000962.3:8661:A:G	2	2	2	1	0.01	L1	L1,L4	sporadic_lowspread	0	-
MFX	moxifloxacin	gyrA	p.P275S	275	missense	NC_000962.3:8123:C:T	2	2	2	2	0.014	BOV	BOV,L4	sporadic_lowspread	0	-
MFX	moxifloxacin	gyrA	p.R169Q	169	missense	NC_000962.3:7806:G:A	2	2	2	1	0.01	L1	L1,L4	sporadic_lowspread	0	-
MFX	moxifloxacin	gyrA	p.T4R	4	missense	NC_000962.3:7311:C:G	2	2	2	1	0.01	L1	L1,L4	sporadic_lowspread	0	-
MFX	moxifloxacin	gyrA	p.D308N	308	missense	NC_000962.3:8222:G:A	2	2	2	1	0.01	L1	L1,L4	sporadic_lowspread	0	-
MFX	moxifloxacin	gyrA	p.P167L	167	missense	NC_000962.3:7800:C:T	2	2	2	1	0.01	L1	L1,L4	sporadic_lowspread	0	-
PMD	pretomanid	fgd1	p.S234A	234	missense	NC_000962.3:491481:T:G	2	2	2	1	0.011	L3	L3,L4	sporadic_lowspread	0	-
PMD	pretomanid	fgd1	p.P166L	166	missense	NC_000962.3:491278:C:T	2	2	2	1	0.01	L1	L1,L2	sporadic_lowspread	0	clofazimine:uncertain;delamanid:uncertain
PMD	pretomanid	fgd1	p.T59I	59	missense	NC_000962.3:490957:C:T	2	2	2	1	0.011	L3	L3,L4	sporadic_lowspread	0	-
PMD	pretomanid	fgd1	p.N245S	245	missense	NC_000962.3:491515:A:G	2	2	2	1	0.011	L3	L3,L4	sporadic_lowspread	0	-
PMD	pretomanid	fgd1	p.N306S	306	missense	NC_000962.3:491698:A:G	2	2	2	1	0.003	L2	L2,L4	sporadic_lowspread	0	-
PMD	pretomanid	fgd1	p.S144N	144	missense	NC_000962.3:491212:G:A	2	2	2	1	0.003	L2	L2,L4	sporadic_lowspread	0	-
PMD	pretomanid	fgd1	p.R156W	156	missense	NC_000962.3:491247:C:T	2	2	2	1	0.003	L2	L2,L4	sporadic_lowspread	0	-
PMD	pretomanid	fgd1	p.E205D	205	missense	NC_000962.3:491396:G:C	2	2	2	1	0.003	L2	L2,L4	sporadic_lowspread	0	-
PMD	pretomanid	fgd1	p.K206T	206	missense	NC_000962.3:491398:A:C	2	2	2	1	0.01	L1	L1,L4	sporadic_lowspread	0	-
PMD	pretomanid	fgd1	p.A16T	16	missense	NC_000962.3:490827:G:A	2	2	2	1	0.01	L1	L1,L4	sporadic_lowspread	0	-
PMD	pretomanid	fgd1	p.L202F	202	missense	NC_000962.3:491385:C:T	2	2	2	1	0.01	L1	L1,L4	sporadic_lowspread	0	-
PMD	pretomanid	fgd1	p.R319W	319	missense	NC_000962.3:491736:C:T	2	2	2	2	0.014	BOV	BOV,L4	sporadic_lowspread	0	-
PMD	pretomanid	fbiC	p.V485A	485	missense	NC_000962.3:1304383:T:C	2	2	2	1	0.003	L2	L2,L4	sporadic_lowspread	0	-
PMD	pretomanid	fbiC	p.P843A	843	missense	NC_000962.3:1305456:C:G	2	2	2	2	0.014	BOV	BOV,L4	sporadic_lowspread	0	clofazimine:uncertain
PMD	pretomanid	fbiC	p.A239V	239	missense	NC_000962.3:1303645:C:T	2	2	2	1	0.01	L1	L1,L4	sporadic_lowspread	0	-
PMD	pretomanid	fbiC	p.T455A	455	missense	NC_000962.3:1304292:A:G	2	2	2	1	0.011	L3	L1,L3	sporadic_lowspread	0	-
PMD	pretomanid	fbiC	p.A588V	588	missense	NC_000962.3:1304692:C:T	2	2	2	1	0.011	L3	L2,L3	sporadic_lowspread	0	-
PMD	pretomanid	fbiC	p.A852V	852	missense	NC_000962.3:1305484:C:T	2	2	2	1	0.003	L2	L2,L4	sporadic_lowspread	0	clofazimine:uncertain;delamanid:uncertain
PMD	pretomanid	fbiC	p.S219A	219	missense	NC_000962.3:1303584:T:G	2	2	2	1	0.003	L2	L2,L4	sporadic_lowspread	0	clofazimine:uncertain;delamanid:uncertain
PMD	pretomanid	fbiC	p.P370R	370	missense	NC_000962.3:1304038:C:G	2	2	2	1	0.011	L3	L3,L4	sporadic_lowspread	0	clofazimine:uncertain
PMD	pretomanid	fbiC	p.P193L	193	missense	NC_000962.3:1303507:C:T	2	2	2	1	0.01	L1	L1,L2	sporadic_lowspread	0	-
PMD	pretomanid	fbiC	p.R426C	426	missense	NC_000962.3:1304205:C:T	2	2	2	2	0.014	BOV	BOV,L2	sporadic_lowspread	0	clofazimine:uncertain;delamanid:uncertain
PMD	pretomanid	fbiC	p.M601I	601	missense	NC_000962.3:1304732:G:A	2	2	2	1	0.01	L1	L1,L2	sporadic_lowspread	0	-
PMD	pretomanid	fbiC	p.L374S	374	missense	NC_000962.3:1304050:T:C	2	2	2	1	0.003	L2	L2,L4	sporadic_lowspread	0	-
PMD	pretomanid	fbiC	p.R411W	411	missense	NC_000962.3:1304160:C:T	2	2	2	1	0.01	L1	L1,L2	sporadic_lowspread	0	-
PMD	pretomanid	fbiC	p.E590Q	590	missense	NC_000962.3:1304697:G:C	2	2	2	1	0.003	L2	L2,L4	sporadic_lowspread	0	-
PMD	pretomanid	fbiC	p.A615T	615	missense	NC_000962.3:1304772:G:A	2	2	2	1	0.01	L1	L1,L2	sporadic_lowspread	0	-
PMD	pretomanid	fbiC	p.R27L	27	missense	NC_000962.3:1303009:G:T	2	2	2	2	0.014	BOV	BOV,L3	sporadic_lowspread	0	-
PMD	pretomanid	fbiC	p.A153V	153	missense	NC_000962.3:1303387:C:T	2	2	2	1	0.003	L2	L2,L4	sporadic_lowspread	0	-
PMD	pretomanid	fbiC	p.S762G	762	missense	NC_000962.3:1305213:A:G	2	2	2	1	0.011	L3	L1,L3	sporadic_lowspread	0	-
PMD	pretomanid	fbiC	p.G227R	227	missense	NC_000962.3:1303608:G:A	2	2	2	1	0.011	L3	L3,L4	sporadic_lowspread	0	-
PMD	pretomanid	fbiC	p.A487V	487	missense	NC_000962.3:1304389:C:T	2	2	2	1	0.011	L3	L3,L4	sporadic_lowspread	0	-
PMD	pretomanid	fbiC	p.N640S	640	missense	NC_000962.3:1304848:A:G	2	2	2	1	0.01	L1	L1,L4	sporadic_lowspread	0	-
PMD	pretomanid	fbiC	p.R845C	845	missense	NC_000962.3:1305462:C:T	2	2	2	2	0.085	L6	L1,L6	sporadic_lowspread	0	-
PMD	pretomanid	fbiC	p.E160D	160	missense	NC_000962.3:1303409:A:C	2	2	2	1	0.01	L1	L1,L4	sporadic_lowspread	0	-
PMD	pretomanid	fbiC	p.D237G	237	missense	NC_000962.3:1303639:A:G	2	2	2	2	0.014	BOV	BOV,L4	sporadic_lowspread	0	-
PMD	pretomanid	fbiC	p.E738D	738	missense	NC_000962.3:1305143:G:C	2	2	2	1	0.01	L1	L1,L4	sporadic_lowspread	0	-
PMD	pretomanid	fbiC	p.R134Q	134	missense	NC_000962.3:1303330:G:A	2	2	2	1	0.01	L1	L1,L4	sporadic_lowspread	0	-
PMD	pretomanid	fbiC	p.L360F	360	missense	NC_000962.3:1304009:G:C	2	2	2	1	0.01	L1	L1,L4	sporadic_lowspread	0	-
PMD	pretomanid	fbiD	p.T4A	4	missense	NC_000962.3:3339126:A:G	2	2	2	1	0.01	L1	L1,L2	sporadic_lowspread	0	-
PMD	pretomanid	fbiD	p.R199C	199	missense	NC_000962.3:3339711:C:T	2	2	2	1	0.011	L3	L1,L3	sporadic_lowspread	0	clofazimine:uncertain
PMD	pretomanid	fbiD	p.V111I	111	missense	NC_000962.3:3339447:G:A	2	2	2	1	0.011	L3	L1,L3	sporadic_lowspread	0	-
PMD	pretomanid	fbiD	p.I14V	14	missense	NC_000962.3:3339156:A:G	2	2	2	1	0.011	L3	L3,L4	sporadic_lowspread	0	-
PMD	pretomanid	fbiD	p.A107D	107	missense	NC_000962.3:3339436:C:A	2	2	2	1	0.01	L1	L1,L4	sporadic_lowspread	0	clofazimine:uncertain;delamanid:uncertain
PMD	pretomanid	fbiD	p.D88N	88	missense	NC_000962.3:3339378:G:A	2	2	2	1	0.01	L1	L1,L4	sporadic_lowspread	0	clofazimine:uncertain
PMD	pretomanid	fbiD	p.P5L	5	missense	NC_000962.3:3339130:C:T	2	2	2	2	0.085	L6	L1,L6	sporadic_lowspread	0	-
PMD	pretomanid	fbiA	p.M89I	89	missense	NC_000962.3:3640808:G:A	2	2	2	1	0.01	L1	L1,L2	sporadic_lowspread	0	-
PMD	pretomanid	fbiA	p.G139D	139	missense	NC_000962.3:3640957:G:A	2	2	2	1	0.011	L3	L1,L3	sporadic_lowspread	0	-
PMD	pretomanid	fbiA	p.Y123D	123	missense	NC_000962.3:3640908:T:G	2	2	2	2	0.014	BOV	BOV,L3	sporadic_lowspread	0	-
PMD	pretomanid	fbiA	p.A195V	195	missense	NC_000962.3:3641125:C:T	2	2	2	1	0.01	L1	L1,L2	sporadic_lowspread	0	-
PMD	pretomanid	fbiA	p.P75L	75	missense	NC_000962.3:3640765:C:T	2	2	2	1	0.011	L3	L3,L4	sporadic_lowspread	0	-
PMD	pretomanid	fbiA	p.D158N	158	missense	NC_000962.3:3641013:G:A	2	2	2	1	0.01	L1	L1,L4	sporadic_lowspread	0	-
PMD	pretomanid	fbiA	p.A238T	238	missense	NC_000962.3:3641253:G:A	2	2	2	1	0.01	L1	L1,L4	sporadic_lowspread	0	-
PMD	pretomanid	fbiA	p.S32A	32	missense	NC_000962.3:3640635:T:G	2	2	2	2	0.014	BOV	BOV,L4	sporadic_lowspread	0	-
PMD	pretomanid	fbiB	p.V192I	192	missense	NC_000962.3:3642107:G:A	2	2	2	1	0.011	L3	L3,L4	sporadic_lowspread	0	clofazimine:uncertain;delamanid:uncertain
PMD	pretomanid	fbiB	p.R293Q	293	missense	NC_000962.3:3642411:G:A	2	2	2	2	0.225	L5	L4,L5	sporadic_lowspread	0	clofazimine:uncertain
PMD	pretomanid	fbiB	p.V390G	390	missense	NC_000962.3:3642702:T:G	2	2	2	1	0.011	L3	L2,L3	sporadic_lowspread	0	-
PMD	pretomanid	fbiB	p.S323N	323	missense	NC_000962.3:3642501:G:A	2	2	2	1	0.011	L3	L3,L4	sporadic_lowspread	0	clofazimine:uncertain
PMD	pretomanid	fbiB	p.A364T	364	missense	NC_000962.3:3642623:G:A	2	2	2	1	0.011	L3	L1,L3	sporadic_lowspread	0	-
PMD	pretomanid	fbiB	p.V48A	48	missense	NC_000962.3:3641676:T:C	2	2	2	2	0.014	BOV	BOV,L2	sporadic_lowspread	0	-
PMD	pretomanid	fbiB	p.T212K	212	missense	NC_000962.3:3642168:C:A	2	2	2	1	0.003	L2	L2,L4	sporadic_lowspread	0	-
PMD	pretomanid	fbiB	p.Q69P	69	missense	NC_000962.3:3641739:A:C	2	2	2	1	0.01	L1	L1,L2	sporadic_lowspread	0	-
PMD	pretomanid	fbiB	p.H291Y	291	missense	NC_000962.3:3642404:C:T	2	2	2	2	0.014	BOV	BOV,L3	sporadic_lowspread	0	-
PMD	pretomanid	fbiB	p.R157C	157	missense	NC_000962.3:3642002:C:T	2	2	2	1	0.01	L1	L1,L4	sporadic_lowspread	0	delamanid:uncertain
PMD	pretomanid	fbiB	p.A423T	423	missense	NC_000962.3:3642800:G:A	2	2	2	1	0.01	L1	L1,L4	sporadic_lowspread	0	-
PMD	pretomanid	fbiB	p.Q231K	231	missense	NC_000962.3:3642224:C:A	2	2	2	2	0.014	BOV	BOV,L4	sporadic_lowspread	0	-
PMD	pretomanid	ddn	p.I74V	74	missense	NC_000962.3:3987062:A:G	2	2	2	2	0.014	BOV	BOV,L4	sporadic_lowspread	0	delamanid:uncertain
PMD	pretomanid	ddn	p.R31S	31	missense	NC_000962.3:3986933:C:A	2	2	2	1	0.003	L2	L2,L4	sporadic_lowspread	0	-
PMD	pretomanid	ddn	p.Q125E	125	missense	NC_000962.3:3987215:C:G	2	2	2	1	0.01	L1	L1,L2	sporadic_lowspread	0	-
PMD	pretomanid	ddn	p.A76T	76	missense	NC_000962.3:3987068:G:A	2	2	2	1	0.011	L3	L3,L4	sporadic_lowspread	0	-
PMD	pretomanid	ddn	p.K79E	79	missense	NC_000962.3:3987077:A:G	2	2	2	1	0.01	L1	L1,L4	sporadic_lowspread	0	-
PMD	pretomanid	ddn	p.E105Q	105	missense	NC_000962.3:3987155:G:C	2	2	2	1	0.01	L1	L1,L4	sporadic_lowspread	0	-
MFX	moxifloxacin	gyrB	p.A403S	403	missense	NC_000962.3:6445:G:T	8636	5	1	5	99.915	L6	L1	single_or_fixed	0	levofloxacin:S-associated;moxifloxacin:uncertain
COMP	rifampicin	rpoC	p.E1092D	1092	missense	NC_000962.3:766644:A:C	7663	2	1	1	19.394	L2	L4	lineage_marker	0	rifampicin:S-associated
MFX	moxifloxacin	gyrB	p.V301L	301	missense	NC_000962.3:6139:G:T	1936	1	1	1	4.167	L4	L4	single_or_fixed	0	levofloxacin:S-associated;moxifloxacin:S-associated
MFX	moxifloxacin	gyrB	p.P94L	94	missense	NC_000962.3:5519:C:T	1750	1	1	1	3.767	L4	L4	single_or_fixed	0	levofloxacin:S-associated;moxifloxacin:S-associated
PMD	pretomanid	fgd1	p.K296E	296	missense	NC_000962.3:491667:A:G	1161	2	1	2	98.136	L6	BOV_AFRI	lineage_marker	0	clofazimine:uncertain;delamanid:uncertain
COMP	rifampicin	rpoC	p.A621T	621	missense	NC_000962.3:765229:G:A	1003	1	1	1	9.95	L1	L1	lineage_marker	0	rifampicin:S-associated
PMD	pretomanid	fbiA	p.T302M	302	missense	NC_000962.3:3641446:C:T	960	1	1	1	2.066	L4	L4	single_or_fixed	0	clofazimine:S-associated;delamanid:uncertain
COMP	rifampicin	rpoA	p.E319K	319	missense	NC_000962.3:3877552:C:T	954	1	1	1	2.053	L4	L4	single_or_fixed	0	rifampicin:S-associated
MFX	moxifloxacin	gyrA	p.T80A	80	missense	NC_000962.3:7538:A:G	845	1	1	1	1.819	L4	L4	single_or_fixed	0	levofloxacin:S-associated;moxifloxacin:S-associated
PMD	pretomanid	fgd1	p.V170M	170	missense	NC_000962.3:491289:G:A	758	1	1	1	1.921	L2	L2	single_or_fixed	0	clofazimine:S-associated;delamanid:uncertain
PMD	pretomanid	fbiB	p.K448R	448	missense	NC_000962.3:3642876:A:G	680	1	1	1	7.457	L3	L3	lineage_marker	0	clofazimine:uncertain;delamanid:uncertain
MFX	moxifloxacin	gyrA	p.A463S	463	missense	NC_000962.3:8687:G:T	605	1	1	1	1.302	L4	L4	single_or_fixed	0	levofloxacin:S-associated;moxifloxacin:S-associated
COMP	rifampicin	rpoC	p.P481T	481	missense	NC_000962.3:764809:C:A	511	1	1	1	1.1	L4	L4	single_or_fixed	0	rifampicin:uncertain
COMP	rifampicin	rpoC	p.D271G	271	missense	NC_000962.3:764180:A:G	493	1	1	1	5.406	L3	L3	lineage_marker	0	rifampicin:S-associated
MFX	moxifloxacin	gyrA	p.D507E	507	missense	NC_000962.3:8821:C:A	482	1	1	1	6.945	BOV	BOV	lineage_marker	0	-
PMD	pretomanid	fbiC	p.A497V	497	missense	NC_000962.3:1304419:C:T	481	1	1	1	6.931	BOV	BOV	lineage_marker	0	-
MFX	moxifloxacin	gyrB	p.S661T	661	missense	NC_000962.3:7220:G:C	455	1	1	1	0.979	L4	L4	single_or_fixed	0	levofloxacin:uncertain;moxifloxacin:uncertain
PMD	pretomanid	fbiC	p.A505T	505	missense	NC_000962.3:1304442:G:A	453	1	1	1	1.148	L2	L2	single_or_fixed	0	clofazimine:uncertain;delamanid:uncertain
BDQ	bedaquiline	pepQ	p.P69L	69	missense	NC_000962.3:2860212:G:A	414	1	1	1	0.891	L4	L4	single_or_fixed	0	bedaquiline:uncertain;clofazimine:uncertain
MFX	moxifloxacin	gyrB	p.I271M	271	missense	NC_000962.3:6051:T:G	411	1	1	1	0.885	L4	L4	single_or_fixed	0	levofloxacin:uncertain;moxifloxacin:uncertain
COMP	rifampicin	rpoC	p.P906A	906	missense	NC_000962.3:766084:C:G	388	1	1	1	0.835	L4	L4	single_or_fixed	0	rifampicin:S-associated
PMD	pretomanid	fbiA	p.I208V	208	missense	NC_000962.3:3641163:A:G	372	1	1	1	0.801	L4	L4	single_or_fixed	0	clofazimine:uncertain;delamanid:uncertain
MFX	moxifloxacin	gyrA	p.R252L	252	missense	NC_000962.3:8055:G:T	354	1	1	1	3.882	L3	L3	single_or_fixed	0	levofloxacin:S-associated;moxifloxacin:uncertain
MFX	moxifloxacin	gyrB	p.A593V	593	missense	NC_000962.3:7016:C:T	337	1	1	1	0.725	L4	L4	single_or_fixed	0	levofloxacin:uncertain;moxifloxacin:uncertain
MFX	moxifloxacin	gyrA	p.R254C	254	missense	NC_000962.3:8060:C:T	328	1	1	1	0.706	L4	L4	single_or_fixed	0	levofloxacin:uncertain;moxifloxacin:uncertain
MFX	moxifloxacin	gyrB	p.P400R	400	missense	NC_000962.3:6437:C:G	324	1	1	1	0.697	L4	L4	single_or_fixed	0	levofloxacin:uncertain;moxifloxacin:uncertain
PMD	pretomanid	fbiC	p.I128V	128	missense	NC_000962.3:1303311:A:G	300	1	1	1	0.76	L2	L2	single_or_fixed	0	-
PMD	pretomanid	ddn	p.R72W	72	missense	NC_000962.3:3987056:C:T	292	1	1	1	2.897	L1	L1	single_or_fixed	0	delamanid:uncertain
MFX	moxifloxacin	gyrA	p.L296P	296	missense	NC_000962.3:8187:T:C	265	1	1	1	2.629	L1	L1	single_or_fixed	0	levofloxacin:uncertain;moxifloxacin:uncertain
LZD	linezolid	rplC	p.G120S	120	missense	NC_000962.3:801165:G:A	238	1	1	1	2.361	L1	L1	single_or_fixed	0	linezolid:uncertain
MFX	moxifloxacin	gyrA	p.P472S	472	missense	NC_000962.3:8714:C:T	231	1	1	1	0.497	L4	L4	single_or_fixed	0	levofloxacin:uncertain;moxifloxacin:uncertain
PMD	pretomanid	fbiB	p.A31T	31	missense	NC_000962.3:3641624:G:A	230	1	1	1	0.583	L2	L2	single_or_fixed	0	clofazimine:uncertain;delamanid:uncertain
COMP	rifampicin	rpoA	p.E197K	197	missense	NC_000962.3:3877918:C:T	222	1	1	1	0.478	L4	L4	single_or_fixed	0	rifampicin:uncertain
MFX	moxifloxacin	gyrA	p.D502G	502	missense	NC_000962.3:8805:A:G	222	2	1	2	18.644	L6	L4	lineage_marker	0	-
PMD	pretomanid	fbiD	p.E36Q	36	missense	NC_000962.3:3339222:G:C	193	1	1	1	2.781	BOV	BOV	single_or_fixed	0	-
MFX	moxifloxacin	gyrB	p.V457L	457	missense	NC_000962.3:6607:G:C	189	1	1	1	0.407	L4	L4	single_or_fixed	0	levofloxacin:uncertain;moxifloxacin:uncertain
MFX	moxifloxacin	gyrA	p.P8A	8	missense	NC_000962.3:7322:C:G	169	1	1	1	0.364	L4	L4	single_or_fixed	0	levofloxacin:uncertain;moxifloxacin:uncertain
MFX	moxifloxacin	gyrB	p.A238P	238	missense	NC_000962.3:5950:G:C	161	1	1	1	2.32	BOV	BOV	single_or_fixed	0	-
PMD	pretomanid	fgd1	p.M93T	93	missense	NC_000962.3:491059:T:C	140	1	1	1	1.389	L1	L1	single_or_fixed	0	clofazimine:uncertain;delamanid:uncertain
MFX	moxifloxacin	gyrA	p.N193S	193	missense	NC_000962.3:7878:A:G	129	1	1	1	1.28	L1	L1	single_or_fixed	0	levofloxacin:uncertain;moxifloxacin:uncertain
MFX	moxifloxacin	gyrA	p.R578Q	578	missense	NC_000962.3:9033:G:A	127	1	1	1	0.322	L2	L2	single_or_fixed	0	levofloxacin:uncertain;moxifloxacin:uncertain
COMP	rifampicin	rpoC	p.R741S	741	missense	NC_000962.3:765589:C:A	125	1	1	1	0.269	L4	L4	single_or_fixed	0	rifampicin:uncertain
PMD	pretomanid	fbiC	p.E224G	224	missense	NC_000962.3:1303600:A:G	122	1	1	1	0.263	L4	L4	single_or_fixed	0	-
PMD	pretomanid	fbiB	p.L447R	447	missense	NC_000962.3:3642873:T:G	118	1	1	1	0.254	L4	L4	single_or_fixed	0	clofazimine:uncertain;delamanid:uncertain
PMD	pretomanid	ddn	p.E83D	83	missense	NC_000962.3:3987091:G:C	117	1	1	1	0.252	L4	L4	single_or_fixed	0	delamanid:uncertain
PMD	pretomanid	ddn	p.R30S	30	missense	NC_000962.3:3986930:C:A	106	1	1	1	0.269	L2	L2	single_or_fixed	0	delamanid:uncertain
MFX	moxifloxacin	gyrA	p.A456V	456	missense	NC_000962.3:8667:C:T	100	1	1	1	0.992	L1	L1	single_or_fixed	0	levofloxacin:uncertain;moxifloxacin:uncertain
COMP	rifampicin	rpoC	p.G1198S	1198	missense	NC_000962.3:766960:G:A	97	1	1	1	0.246	L2	L2	single_or_fixed	0	rifampicin:uncertain
MFX	moxifloxacin	gyrB	p.H302R	302	missense	NC_000962.3:6143:A:G	97	1	1	1	0.209	L4	L4	single_or_fixed	0	levofloxacin:uncertain;moxifloxacin:uncertain
COMP	rifampicin	rpoA	p.L80V	80	missense	NC_000962.3:3878269:G:C	93	1	1	1	0.2	L4	L4	single_or_fixed	0	rifampicin:uncertain
COMP	rifampicin	rpoC	p.E784Q	784	missense	NC_000962.3:765718:G:C	87	1	1	1	0.187	L4	L4	single_or_fixed	0	rifampicin:S-associated
PMD	pretomanid	fbiC	p.V581L	581	missense	NC_000962.3:1304670:G:C	78	1	1	1	0.198	L2	L2	single_or_fixed	0	clofazimine:uncertain;delamanid:uncertain
COMP	rifampicin	rpoC	p.D44E	44	missense	NC_000962.3:763500:C:A	77	1	1	1	0.195	L2	L2	single_or_fixed	0	rifampicin:uncertain
COMP	rifampicin	rpoA	p.E91D	91	missense	NC_000962.3:3878234:C:A	76	1	1	1	1.095	BOV	BOV	single_or_fixed	0	-
PMD	pretomanid	ddn	p.G34R	34	missense	NC_000962.3:3986942:G:C	76	1	1	1	0.164	L4	L4	single_or_fixed	0	delamanid:uncertain
COMP	rifampicin	rpoC	p.E591Q	591	missense	NC_000962.3:765139:G:C	74	1	1	1	0.188	L2	L2	single_or_fixed	0	rifampicin:uncertain
LZD	linezolid	rplC	p.T115A	115	missense	NC_000962.3:801150:A:G	74	1	1	1	0.159	L4	L4	single_or_fixed	0	linezolid:uncertain
MFX	moxifloxacin	gyrB	p.E390G	390	missense	NC_000962.3:6407:A:G	73	1	1	1	0.157	L4	L4	single_or_fixed	0	-
MFX	moxifloxacin	gyrA	p.A90G	90	missense	NC_000962.3:7569:C:G	70	1	1	1	0.151	L4	L4	single_or_fixed	0	levofloxacin:S-associated;moxifloxacin:S-associated
PMD	pretomanid	fbiD	p.R57L	57	missense	NC_000962.3:3339286:G:T	68	1	1	1	0.146	L4	L4	single_or_fixed	0	clofazimine:uncertain;delamanid:uncertain
BDQ	bedaquiline	pepQ	p.R7Q	7	missense	NC_000962.3:2860398:C:T	67	1	1	1	0.735	L3	L3	single_or_fixed	0	bedaquiline:uncertain;clofazimine:uncertain
COMP	rifampicin	rpoA	p.G31A	31	missense	NC_000962.3:3878415:C:G	67	1	1	1	0.17	L2	L2	single_or_fixed	0	rifampicin:uncertain
COMP	rifampicin	rpoC	p.M92T	92	missense	NC_000962.3:763643:T:C	62	1	1	1	0.133	L4	L4	single_or_fixed	0	rifampicin:uncertain
PMD	pretomanid	fbiD	p.I129M	129	missense	NC_000962.3:3339503:C:G	62	1	1	1	0.157	L2	L2	single_or_fixed	0	-
PMD	pretomanid	ddn	p.R23W	23	missense	NC_000962.3:3986909:C:T	62	1	1	1	0.133	L4	L4	single_or_fixed	0	delamanid:uncertain
MFX	moxifloxacin	gyrB	p.R575H	575	missense	NC_000962.3:6962:G:A	61	1	1	1	0.669	L3	L3	single_or_fixed	0	levofloxacin:uncertain;moxifloxacin:uncertain
MFX	moxifloxacin	gyrB	p.N66S	66	missense	NC_000962.3:5435:A:G	61	1	1	1	0.605	L1	L1	single_or_fixed	0	levofloxacin:uncertain;moxifloxacin:uncertain
MFX	moxifloxacin	gyrB	p.A130S	130	missense	NC_000962.3:5626:G:T	58	1	1	1	0.575	L1	L1	single_or_fixed	0	levofloxacin:uncertain;moxifloxacin:uncertain
PMD	pretomanid	ddn	p.L49P	49	missense	NC_000962.3:3986988:T:C	57	1	1	1	0.144	L2	L2	single_or_fixed	1	delamanid:R-associated;delamanid:R-associated
MFX	moxifloxacin	gyrB	p.G520A	520	missense	NC_000962.3:6797:G:C	56	1	1	1	0.121	L4	L4	single_or_fixed	0	levofloxacin:S-associated;moxifloxacin:uncertain
MFX	moxifloxacin	gyrB	p.A162S	162	missense	NC_000962.3:5722:G:T	56	1	1	1	0.121	L4	L4	single_or_fixed	0	levofloxacin:uncertain;moxifloxacin:uncertain
LZD	linezolid	rplC	p.K61T	61	missense	NC_000962.3:800989:A:C	53	1	1	1	0.114	L4	L4	single_or_fixed	0	linezolid:uncertain
MFX	moxifloxacin	gyrA	p.P154R	154	missense	NC_000962.3:7761:C:G	53	1	1	1	0.114	L4	L4	single_or_fixed	0	levofloxacin:uncertain;moxifloxacin:uncertain
MFX	moxifloxacin	gyrA	p.D829E	829	missense	NC_000962.3:9787:C:G	53	1	1	1	0.114	L4	L4	single_or_fixed	0	levofloxacin:uncertain;moxifloxacin:uncertain
MFX	moxifloxacin	gyrA	p.T355S	355	missense	NC_000962.3:8363:A:T	49	1	1	1	0.105	L4	L4	single_or_fixed	0	levofloxacin:uncertain
PMD	pretomanid	fbiD	p.I59L	59	missense	NC_000962.3:3339291:A:C	49	1	1	1	0.124	L2	L2	single_or_fixed	0	clofazimine:uncertain;delamanid:uncertain
LZD	linezolid	rplC	p.K121I	121	missense	NC_000962.3:801169:A:T	47	1	1	1	0.677	BOV	BOV	single_or_fixed	0	-
MFX	moxifloxacin	gyrA	p.K396N	396	missense	NC_000962.3:8488:A:C	47	1	1	1	0.101	L4	L4	single_or_fixed	0	-
COMP	rifampicin	rpoC	p.M663I	663	missense	NC_000962.3:765357:G:A	46	1	1	1	0.456	L1	L1	single_or_fixed	0	rifampicin:uncertain
MFX	moxifloxacin	gyrA	p.S250A	250	missense	NC_000962.3:8048:T:G	46	1	1	1	0.099	L4	L4	single_or_fixed	0	levofloxacin:uncertain;moxifloxacin:uncertain
MFX	moxifloxacin	gyrA	p.V742L	742	missense	NC_000962.3:9524:G:C	46	1	1	1	0.099	L4	L4	single_or_fixed	0	levofloxacin:uncertain
BDQ	bedaquiline	mmpR5	p.G162E	162	missense	NC_000962.3:779473:G:A	45	1	1	1	0.446	L1	L1	single_or_fixed	0	bedaquiline:uncertain;clofazimine:uncertain
COMP	rifampicin	rpoC	p.E1196K	1196	missense	NC_000962.3:766954:G:A	45	2	1	1	97.5	L7	L2	lineage_marker	0	rifampicin:uncertain
PMD	pretomanid	fgd1	p.R187H	187	missense	NC_000962.3:491341:G:A	45	1	1	1	0.097	L4	L4	single_or_fixed	0	clofazimine:uncertain;delamanid:uncertain
BDQ	bedaquiline	pepQ	p.V45L	45	missense	NC_000962.3:2860285:C:G	44	1	1	1	0.095	L4	L4	single_or_fixed	0	bedaquiline:uncertain;clofazimine:uncertain
MFX	moxifloxacin	gyrA	p.H368Q	368	missense	NC_000962.3:8404:C:A	43	1	1	1	0.472	L3	L3	single_or_fixed	0	levofloxacin:uncertain;moxifloxacin:uncertain
PMD	pretomanid	fbiC	p.S762N	762	missense	NC_000962.3:1305214:G:A	43	1	1	1	0.472	L3	L3	single_or_fixed	0	clofazimine:uncertain;delamanid:uncertain
COMP	rifampicin	rpoA	p.D12E	12	missense	NC_000962.3:3878471:G:T	41	1	1	1	0.088	L4	L4	single_or_fixed	0	-
MFX	moxifloxacin	gyrA	p.N643S	643	missense	NC_000962.3:9228:A:G	41	1	1	1	0.591	BOV	BOV	single_or_fixed	0	-
PMD	pretomanid	fbiA	p.V188I	188	missense	NC_000962.3:3641103:G:A	41	1	1	1	0.104	L2	L2	single_or_fixed	0	clofazimine:uncertain;delamanid:uncertain
BDQ	bedaquiline	pepQ	p.A242T	242	missense	NC_000962.3:2859694:C:T	40	1	1	1	0.101	L2	L2	single_or_fixed	0	bedaquiline:uncertain;clofazimine:uncertain
PMD	pretomanid	fgd1	p.S144R	144	missense	NC_000962.3:491211:A:C	40	1	1	1	0.086	L4	L4	single_or_fixed	0	-
COMP	rifampicin	rpoC	p.R790W	790	missense	NC_000962.3:765736:C:T	39	1	1	1	0.562	BOV	BOV	single_or_fixed	0	-
MFX	moxifloxacin	gyrA	p.E214D	214	missense	NC_000962.3:7942:G:T	39	1	1	1	0.387	L1	L1	single_or_fixed	0	levofloxacin:uncertain;moxifloxacin:uncertain
PMD	pretomanid	fbiD	p.G145R	145	missense	NC_000962.3:3339549:G:A	39	1	1	1	0.084	L4	L4	single_or_fixed	0	clofazimine:uncertain;delamanid:uncertain
PMD	pretomanid	fbiC	p.G839A	839	missense	NC_000962.3:1305445:G:C	38	1	1	1	0.082	L4	L4	single_or_fixed	0	clofazimine:uncertain;delamanid:uncertain
COMP	rifampicin	rpoC	p.D221E	221	missense	NC_000962.3:764031:C:G	37	1	1	1	0.08	L4	L4	single_or_fixed	0	-
COMP	rifampicin	rpoA	p.P313S	313	missense	NC_000962.3:3877570:G:A	37	1	1	1	0.367	L1	L1	single_or_fixed	0	rifampicin:uncertain
MFX	moxifloxacin	gyrB	p.K526Q	526	missense	NC_000962.3:6814:A:C	37	1	1	1	0.08	L4	L4	single_or_fixed	0	levofloxacin:uncertain;moxifloxacin:uncertain
PMD	pretomanid	fbiD	p.Q121H	121	missense	NC_000962.3:3339479:G:C	37	1	1	1	0.08	L4	L4	single_or_fixed	0	clofazimine:uncertain;delamanid:uncertain
PMD	pretomanid	fbiD	p.L125I	125	missense	NC_000962.3:3339489:C:A	37	1	1	1	0.08	L4	L4	single_or_fixed	0	clofazimine:uncertain;delamanid:uncertain
BDQ	bedaquiline	atpE	p.V30I	30	missense	NC_000962.3:1461131:G:A	35	1	1	1	0.075	L4	L4	single_or_fixed	0	-
PMD	pretomanid	fgd1	p.S56A	56	missense	NC_000962.3:490947:T:G	35	1	1	1	0.075	L4	L4	single_or_fixed	0	-
PMD	pretomanid	fbiC	p.G508S	508	missense	NC_000962.3:1304451:G:A	35	1	1	1	0.347	L1	L1	single_or_fixed	0	clofazimine:uncertain;delamanid:uncertain
PMD	pretomanid	fbiB	p.V416I	416	missense	NC_000962.3:3642779:G:A	35	1	1	1	0.347	L1	L1	single_or_fixed	0	clofazimine:uncertain;delamanid:uncertain
COMP	rifampicin	rpoA	p.P313A	313	missense	NC_000962.3:3877570:G:C	34	1	1	1	0.073	L4	L4	single_or_fixed	0	-
MFX	moxifloxacin	gyrA	p.D94G	94	missense	NC_000962.3:7581:A:G	34	1	1	1	0.073	L4	L4	single_or_fixed	1	levofloxacin:R-associated;levofloxacin:R-associated;moxifloxacin:R-associated;moxifloxacin:R-associated
MFX	moxifloxacin	gyrA	p.I430V	430	missense	NC_000962.3:8588:A:G	34	1	1	1	0.49	BOV	BOV	single_or_fixed	0	-
BDQ	bedaquiline	mmpR5	p.L40V	40	missense	NC_000962.3:779106:T:G	33	1	1	1	0.071	L4	L4	single_or_fixed	0	bedaquiline:uncertain;clofazimine:uncertain
PMD	pretomanid	fbiA	p.A199T	199	missense	NC_000962.3:3641136:G:A	33	1	1	1	0.084	L2	L2	single_or_fixed	0	clofazimine:uncertain;delamanid:uncertain
COMP	rifampicin	rpoC	p.D1057E	1057	missense	NC_000962.3:766539:C:G	32	1	1	1	0.069	L4	L4	single_or_fixed	0	-
MFX	moxifloxacin	gyrB	p.L204M	204	missense	NC_000962.3:5848:C:A	32	1	1	1	0.081	L2	L2	single_or_fixed	0	levofloxacin:uncertain
LZD	linezolid	rplC	p.A187T	187	missense	NC_000962.3:801366:G:A	31	1	1	1	0.067	L4	L4	single_or_fixed	0	-
PMD	pretomanid	fgd1	p.E278D	278	missense	NC_000962.3:491615:A:C	31	1	1	1	0.067	L4	L4	single_or_fixed	0	-
COMP	rifampicin	rpoC	p.L547V	547	missense	NC_000962.3:765007:T:G	30	1	1	1	0.065	L4	L4	single_or_fixed	0	rifampicin:uncertain
MFX	moxifloxacin	gyrB	p.E586K	586	missense	NC_000962.3:6994:G:A	30	1	1	1	0.298	L1	L1	single_or_fixed	0	levofloxacin:uncertain;moxifloxacin:uncertain
MFX	moxifloxacin	gyrA	p.A322E	322	missense	NC_000962.3:8265:C:A	30	1	1	1	0.065	L4	L4	single_or_fixed	0	levofloxacin:uncertain;moxifloxacin:uncertain
PMD	pretomanid	fbiC	p.R344L	344	missense	NC_000962.3:1303960:G:T	30	1	1	1	0.065	L4	L4	single_or_fixed	0	-
PMD	pretomanid	ddn	p.A111V	111	missense	NC_000962.3:3987174:C:T	30	1	1	1	0.065	L4	L4	single_or_fixed	0	-
PMD	pretomanid	ddn	p.G34E	34	missense	NC_000962.3:3986943:G:A	30	1	1	1	0.065	L4	L4	single_or_fixed	0	delamanid:uncertain
PMD	pretomanid	fgd1	p.G199R	199	missense	NC_000962.3:491376:G:C	29	1	1	1	0.062	L4	L4	single_or_fixed	0	clofazimine:uncertain
PMD	pretomanid	fbiD	p.A21T	21	missense	NC_000962.3:3339177:G:A	29	1	1	1	0.062	L4	L4	single_or_fixed	0	clofazimine:uncertain;delamanid:uncertain
COMP	rifampicin	rpoC	p.M515I	515	missense	NC_000962.3:764913:G:C	28	1	1	1	0.06	L4	L4	single_or_fixed	0	rifampicin:uncertain
COMP	rifampicin	rpoC	p.I1264T	1264	missense	NC_000962.3:767159:T:C	28	1	1	1	0.278	L1	L1	single_or_fixed	0	rifampicin:uncertain
COMP	rifampicin	rpoA	p.A277S	277	missense	NC_000962.3:3877678:C:A	28	1	1	1	0.06	L4	L4	single_or_fixed	0	-
COMP	rifampicin	rpoA	p.E319Q	319	missense	NC_000962.3:3877552:C:G	28	1	1	1	0.06	L4	L4	single_or_fixed	0	-
MFX	moxifloxacin	gyrA	p.R789G	789	missense	NC_000962.3:9665:C:G	28	1	1	1	0.071	L2	L2	single_or_fixed	0	levofloxacin:uncertain;moxifloxacin:uncertain
COMP	rifampicin	rpoC	p.E791Q	791	missense	NC_000962.3:765739:G:C	27	1	1	1	0.058	L4	L4	single_or_fixed	0	rifampicin:uncertain
MFX	moxifloxacin	gyrA	p.D488E	488	missense	NC_000962.3:8764:C:G	27	1	1	1	0.296	L3	L3	single_or_fixed	0	levofloxacin:uncertain;moxifloxacin:uncertain
PMD	pretomanid	fbiC	p.I649V	649	missense	NC_000962.3:1304874:A:G	27	1	1	1	0.058	L4	L4	single_or_fixed	0	-
LZD	linezolid	rplC	p.D18N	18	missense	NC_000962.3:800859:G:A	26	1	1	1	0.066	L2	L2	single_or_fixed	0	linezolid:uncertain
MFX	moxifloxacin	gyrB	p.Q9H	9	missense	NC_000962.3:5265:A:C	26	1	1	1	0.056	L4	L4	single_or_fixed	0	levofloxacin:uncertain;moxifloxacin:uncertain
PMD	pretomanid	fbiC	p.E651D	651	missense	NC_000962.3:1304882:G:C	26	1	1	1	0.056	L4	L4	single_or_fixed	0	-
COMP	rifampicin	rpoC	p.S971G	971	missense	NC_000962.3:766279:A:G	25	1	1	1	0.054	L4	L4	single_or_fixed	0	-
MFX	moxifloxacin	gyrB	p.P628A	628	missense	NC_000962.3:7120:C:G	25	1	1	1	0.054	L4	L4	single_or_fixed	0	levofloxacin:uncertain;moxifloxacin:uncertain
MFX	moxifloxacin	gyrA	p.E514Q	514	missense	NC_000962.3:8840:G:C	25	1	1	1	0.054	L4	L4	single_or_fixed	0	levofloxacin:uncertain;moxifloxacin:uncertain
COMP	rifampicin	rpoC	p.D754E	754	missense	NC_000962.3:765630:C:A	24	1	1	1	0.052	L4	L4	single_or_fixed	0	-
PMD	pretomanid	fgd1	p.T255A	255	missense	NC_000962.3:491544:A:G	24	1	1	1	0.263	L3	L3	single_or_fixed	0	clofazimine:uncertain;delamanid:uncertain
PMD	pretomanid	fbiC	p.A11V	11	missense	NC_000962.3:1302961:C:T	24	1	1	1	0.238	L1	L1	single_or_fixed	0	clofazimine:uncertain;delamanid:uncertain
LZD	linezolid	rplC	p.V97I	97	missense	NC_000962.3:801096:G:A	23	1	1	1	0.058	L2	L2	single_or_fixed	0	linezolid:uncertain
MFX	moxifloxacin	gyrB	p.K596N	596	missense	NC_000962.3:7026:G:C	23	1	1	1	0.05	L4	L4	single_or_fixed	0	levofloxacin:uncertain;moxifloxacin:uncertain
PMD	pretomanid	fgd1	p.N99D	99	missense	NC_000962.3:491076:A:G	23	1	1	1	0.05	L4	L4	single_or_fixed	0	-
PMD	pretomanid	fgd1	p.S56C	56	missense	NC_000962.3:490948:C:G	23	1	1	1	0.05	L4	L4	single_or_fixed	0	delamanid:uncertain
PMD	pretomanid	fbiC	p.S762T	762	missense	NC_000962.3:1305214:G:C	23	1	1	1	0.05	L4	L4	single_or_fixed	0	-
PMD	pretomanid	fbiC	p.A620T	620	missense	NC_000962.3:1304787:G:A	23	1	1	1	0.058	L2	L2	single_or_fixed	0	clofazimine:uncertain;delamanid:uncertain
PMD	pretomanid	fbiC	p.V41M	41	missense	NC_000962.3:1303050:G:A	23	1	1	1	0.228	L1	L1	single_or_fixed	0	clofazimine:uncertain;delamanid:uncertain
PMD	pretomanid	fbiD	p.A107V	107	missense	NC_000962.3:3339436:C:T	23	1	1	1	0.228	L1	L1	single_or_fixed	0	clofazimine:uncertain;delamanid:uncertain
BDQ	bedaquiline	atpE	p.V39I	39	missense	NC_000962.3:1461158:G:A	22	1	1	1	0.047	L4	L4	single_or_fixed	0	bedaquiline:uncertain
BDQ	bedaquiline	pepQ	p.T354A	354	missense	NC_000962.3:2859358:T:C	22	1	1	1	0.241	L3	L3	single_or_fixed	0	bedaquiline:uncertain;clofazimine:uncertain
BDQ	bedaquiline	pepQ	p.D20G	20	missense	NC_000962.3:2860359:T:C	22	1	1	1	0.047	L4	L4	single_or_fixed	0	bedaquiline:uncertain;clofazimine:uncertain
COMP	rifampicin	rpoC	p.K1152N	1152	missense	NC_000962.3:766824:G:T	22	1	1	1	0.056	L2	L2	single_or_fixed	0	rifampicin:uncertain
COMP	rifampicin	rpoC	p.G1072D	1072	missense	NC_000962.3:766583:G:A	22	1	1	1	0.047	L4	L4	single_or_fixed	0	rifampicin:uncertain
MFX	moxifloxacin	gyrA	p.R480H	480	missense	NC_000962.3:8739:G:A	22	1	1	1	0.047	L4	L4	single_or_fixed	0	-
MFX	moxifloxacin	gyrA	p.Q277R	277	missense	NC_000962.3:8130:A:G	22	1	1	1	0.241	L3	L3	single_or_fixed	0	levofloxacin:uncertain;moxifloxacin:uncertain
PMD	pretomanid	fbiA	p.V45I	45	missense	NC_000962.3:3640674:G:A	22	1	1	1	0.047	L4	L4	single_or_fixed	0	-
MFX	moxifloxacin	gyrB	p.L455V	455	missense	NC_000962.3:6601:C:G	21	1	1	1	0.208	L1	L1	single_or_fixed	0	levofloxacin:uncertain;moxifloxacin:uncertain
MFX	moxifloxacin	gyrA	p.D493E	493	missense	NC_000962.3:8779:C:G	21	1	1	1	0.045	L4	L4	single_or_fixed	0	-
PMD	pretomanid	fgd1	p.G137R	137	missense	NC_000962.3:491190:G:C	21	1	1	1	0.045	L4	L4	single_or_fixed	0	-
PMD	pretomanid	fbiC	p.T681I	681	missense	NC_000962.3:1304971:C:T	21	1	1	1	0.053	L2	L2	single_or_fixed	0	clofazimine:uncertain
PMD	pretomanid	fbiC	p.P607L	607	missense	NC_000962.3:1304749:C:T	21	1	1	1	0.045	L4	L4	single_or_fixed	0	-
PMD	pretomanid	fbiB	p.R230Q	230	missense	NC_000962.3:3642222:G:A	21	1	1	1	0.208	L1	L1	single_or_fixed	0	clofazimine:uncertain;delamanid:uncertain
BDQ	bedaquiline	mmpR5	p.G87R	87	missense	NC_000962.3:779247:G:C	20	1	1	1	0.198	L1	L1	single_or_fixed	0	bedaquiline:uncertain;clofazimine:uncertain
BDQ	bedaquiline	mmpR5	p.N4T	4	missense	NC_000962.3:778999:A:C	20	1	1	1	0.219	L3	L3	single_or_fixed	0	bedaquiline:uncertain;clofazimine:uncertain
COMP	rifampicin	rpoA	p.E89Q	89	missense	NC_000962.3:3878242:C:G	20	1	1	1	0.043	L4	L4	single_or_fixed	0	rifampicin:uncertain
PMD	pretomanid	fgd1	p.K296R	296	missense	NC_000962.3:491668:A:G	20	1	1	1	0.043	L4	L4	single_or_fixed	0	clofazimine:uncertain;delamanid:uncertain
PMD	pretomanid	fgd1	p.R45C	45	missense	NC_000962.3:490914:C:T	20	1	1	1	0.043	L4	L4	single_or_fixed	0	clofazimine:uncertain;delamanid:uncertain
PMD	pretomanid	fbiC	p.G572C	572	missense	NC_000962.3:1304643:G:T	20	1	1	1	0.051	L2	L2	single_or_fixed	0	-
PMD	pretomanid	fbiC	p.C343R	343	missense	NC_000962.3:1303956:T:C	20	1	1	1	0.288	BOV	BOV	single_or_fixed	0	-
BDQ	bedaquiline	pepQ	p.E175K	175	missense	NC_000962.3:2859895:C:T	19	1	1	1	0.041	L4	L4	single_or_fixed	0	-
COMP	rifampicin	rpoC	p.T667M	667	missense	NC_000962.3:765368:C:T	19	1	1	1	0.041	L4	L4	single_or_fixed	0	rifampicin:uncertain
COMP	rifampicin	rpoC	p.T225N	225	missense	NC_000962.3:764042:C:A	19	1	1	1	0.048	L2	L2	single_or_fixed	0	rifampicin:uncertain
COMP	rifampicin	rpoC	p.R641W	641	missense	NC_000962.3:765289:C:T	19	1	1	1	0.208	L3	L3	single_or_fixed	0	rifampicin:uncertain
COMP	rifampicin	rpoC	p.K961R	961	missense	NC_000962.3:766250:A:G	19	1	1	1	0.274	BOV	BOV	single_or_fixed	0	-
COMP	rifampicin	rpoA	p.G273S	273	missense	NC_000962.3:3877690:C:T	19	1	1	1	0.188	L1	L1	single_or_fixed	0	rifampicin:uncertain
LZD	linezolid	rplC	p.E216Q	216	missense	NC_000962.3:801453:G:C	19	1	1	1	0.274	BOV	BOV	single_or_fixed	0	-
MFX	moxifloxacin	gyrB	p.A398V	398	missense	NC_000962.3:6431:C:T	19	1	1	1	0.041	L4	L4	single_or_fixed	0	levofloxacin:uncertain;moxifloxacin:uncertain
MFX	moxifloxacin	gyrB	p.I206S	206	missense	NC_000962.3:5855:T:G	19	1	1	1	0.048	L2	L2	single_or_fixed	0	levofloxacin:uncertain;moxifloxacin:uncertain
MFX	moxifloxacin	gyrB	p.P163S	163	missense	NC_000962.3:5725:C:T	19	1	1	1	0.041	L4	L4	single_or_fixed	0	levofloxacin:uncertain;moxifloxacin:uncertain
MFX	moxifloxacin	gyrA	p.D464E	464	missense	NC_000962.3:8692:T:G	19	1	1	1	0.188	L1	L1	single_or_fixed	0	levofloxacin:uncertain;moxifloxacin:uncertain
PMD	pretomanid	fbiC	p.C59Y	59	missense	NC_000962.3:1303105:G:A	19	1	1	1	0.041	L4	L4	single_or_fixed	0	clofazimine:uncertain
PMD	pretomanid	fbiC	p.V415A	415	missense	NC_000962.3:1304173:T:C	19	1	1	1	0.041	L4	L4	single_or_fixed	0	-
PMD	pretomanid	fbiC	p.A835V	835	missense	NC_000962.3:1305433:C:T	19	1	1	1	0.188	L1	L1	single_or_fixed	0	-
PMD	pretomanid	fbiC	p.D100E	100	missense	NC_000962.3:1303229:C:A	19	1	1	1	0.048	L2	L2	single_or_fixed	0	clofazimine:uncertain;delamanid:uncertain
PMD	pretomanid	fbiC	p.V428A	428	missense	NC_000962.3:1304212:T:C	19	1	1	1	1.61	L6	L6	single_or_fixed	0	-
PMD	pretomanid	fbiB	p.D410A	410	missense	NC_000962.3:3642762:A:C	19	1	1	1	0.041	L4	L4	single_or_fixed	0	-
PMD	pretomanid	fbiB	p.R409C	409	missense	NC_000962.3:3642758:C:T	19	1	1	1	0.188	L1	L1	single_or_fixed	0	-
LZD	linezolid	rplC	p.V75F	75	missense	NC_000962.3:801030:G:T	18	1	1	1	0.039	L4	L4	single_or_fixed	0	-
MFX	moxifloxacin	gyrB	p.G282V	282	missense	NC_000962.3:6083:G:T	18	1	1	1	0.179	L1	L1	single_or_fixed	0	-
MFX	moxifloxacin	gyrA	p.P123Q	123	missense	NC_000962.3:7668:C:A	18	1	1	1	0.197	L3	L3	single_or_fixed	0	moxifloxacin:uncertain
PMD	pretomanid	fgd1	p.I174V	174	missense	NC_000962.3:491301:A:G	18	1	1	1	0.039	L4	L4	single_or_fixed	0	-
PMD	pretomanid	fbiA	p.A110G	110	missense	NC_000962.3:3640870:C:G	18	1	1	1	0.039	L4	L4	single_or_fixed	0	-
LZD	linezolid	rplC	p.A107T	107	missense	NC_000962.3:801126:G:A	17	1	1	1	0.037	L4	L4	single_or_fixed	0	-
PMD	pretomanid	fbiC	p.A404P	404	missense	NC_000962.3:1304139:G:C	17	1	1	1	0.037	L4	L4	single_or_fixed	0	clofazimine:uncertain;delamanid:uncertain
PMD	pretomanid	fbiA	p.L22V	22	missense	NC_000962.3:3640605:C:G	17	1	1	1	0.186	L3	L3	single_or_fixed	0	clofazimine:uncertain;delamanid:uncertain
PMD	pretomanid	fbiB	p.M152L	152	missense	NC_000962.3:3641987:A:C	17	1	1	1	0.245	BOV	BOV	single_or_fixed	0	-
MFX	moxifloxacin	gyrA	p.G807D	807	missense	NC_000962.3:9720:G:A	16	1	1	1	0.034	L4	L4	single_or_fixed	0	-
PMD	pretomanid	fgd1	p.G224D	224	missense	NC_000962.3:491452:G:A	16	1	1	1	0.034	L4	L4	single_or_fixed	0	clofazimine:uncertain;delamanid:uncertain
PMD	pretomanid	fbiA	p.M319I	319	missense	NC_000962.3:3641498:G:A	16	1	1	1	0.041	L2	L2	single_or_fixed	0	-
PMD	pretomanid	fbiA	p.A206T	206	missense	NC_000962.3:3641157:G:A	16	1	1	1	0.041	L2	L2	single_or_fixed	0	clofazimine:uncertain;delamanid:uncertain
PMD	pretomanid	fbiB	p.M351I	351	missense	NC_000962.3:3642586:G:C	16	1	1	1	0.034	L4	L4	single_or_fixed	0	-
COMP	rifampicin	rpoC	p.Q440R	440	missense	NC_000962.3:764687:A:G	15	1	1	1	0.038	L2	L2	single_or_fixed	0	rifampicin:uncertain
COMP	rifampicin	rpoC	p.P394Q	394	missense	NC_000962.3:764549:C:A	15	1	1	1	1.271	L6	L6	single_or_fixed	0	rifampicin:uncertain
COMP	rifampicin	rpoA	p.T181S	181	missense	NC_000962.3:3877966:T:A	15	1	1	1	0.032	L4	L4	single_or_fixed	0	rifampicin:uncertain
COMP	rifampicin	rpoA	p.P121R	121	missense	NC_000962.3:3878145:G:C	15	1	1	1	0.032	L4	L4	single_or_fixed	0	rifampicin:uncertain
LZD	linezolid	rplC	p.T93A	93	missense	NC_000962.3:801084:A:G	15	1	1	1	0.032	L4	L4	single_or_fixed	0	linezolid:uncertain
MFX	moxifloxacin	gyrB	p.G255S	255	missense	NC_000962.3:6001:G:A	15	1	1	1	0.032	L4	L4	single_or_fixed	0	-
MFX	moxifloxacin	gyrB	p.A597T	597	missense	NC_000962.3:7027:G:A	15	1	1	1	0.038	L2	L2	single_or_fixed	0	levofloxacin:uncertain;moxifloxacin:uncertain
MFX	moxifloxacin	gyrA	p.E289D	289	missense	NC_000962.3:8167:A:C	15	1	1	1	0.032	L4	L4	single_or_fixed	0	levofloxacin:uncertain;moxifloxacin:uncertain
MFX	moxifloxacin	gyrA	p.D770E	770	missense	NC_000962.3:9610:C:G	15	1	1	1	0.032	L4	L4	single_or_fixed	0	-
MFX	moxifloxacin	gyrA	p.K636T	636	missense	NC_000962.3:9207:A:C	15	1	1	1	0.032	L4	L4	single_or_fixed	0	levofloxacin:uncertain;moxifloxacin:uncertain
MFX	moxifloxacin	gyrA	p.T836R	836	missense	NC_000962.3:9807:C:G	15	1	1	1	0.032	L4	L4	single_or_fixed	0	levofloxacin:uncertain;moxifloxacin:uncertain
MFX	moxifloxacin	gyrA	p.K636E	636	missense	NC_000962.3:9206:A:G	15	1	1	1	0.149	L1	L1	single_or_fixed	0	levofloxacin:uncertain;moxifloxacin:uncertain
MFX	moxifloxacin	gyrA	p.N818D	818	missense	NC_000962.3:9752:A:G	15	1	1	1	0.032	L4	L4	single_or_fixed	0	levofloxacin:uncertain;moxifloxacin:uncertain
PMD	pretomanid	fgd1	p.R247L	247	missense	NC_000962.3:491521:G:T	15	1	1	1	0.216	BOV	BOV	single_or_fixed	0	-
PMD	pretomanid	fbiC	p.D272G	272	missense	NC_000962.3:1303744:A:G	15	1	1	1	0.032	L4	L4	single_or_fixed	0	clofazimine:uncertain;delamanid:uncertain
PMD	pretomanid	fbiD	p.V44A	44	missense	NC_000962.3:3339247:T:C	15	1	1	1	0.032	L4	L4	single_or_fixed	0	-
PMD	pretomanid	fbiB	p.D66E	66	missense	NC_000962.3:3641731:C:G	15	1	1	1	0.032	L4	L4	single_or_fixed	0	clofazimine:uncertain;delamanid:uncertain
BDQ	bedaquiline	pepQ	p.K94N	94	missense	NC_000962.3:2860136:C:A	14	1	1	1	0.154	L3	L3	single_or_fixed	0	bedaquiline:uncertain;clofazimine:uncertain
BDQ	bedaquiline	pepQ	p.V328F	328	missense	NC_000962.3:2859436:C:A	14	1	1	1	0.03	L4	L4	single_or_fixed	0	bedaquiline:uncertain;clofazimine:uncertain
COMP	rifampicin	rpoC	p.S138A	138	missense	NC_000962.3:763780:T:G	14	1	1	1	0.03	L4	L4	single_or_fixed	0	-
COMP	rifampicin	rpoC	p.G594R	594	missense	NC_000962.3:765148:G:A	14	1	1	1	0.139	L1	L1	single_or_fixed	0	rifampicin:uncertain
COMP	rifampicin	rpoC	p.V1135A	1135	missense	NC_000962.3:766772:T:C	14	1	1	1	0.035	L2	L2	single_or_fixed	0	rifampicin:uncertain
COMP	rifampicin	rpoC	p.D279G	279	missense	NC_000962.3:764204:A:G	14	1	1	1	0.035	L2	L2	single_or_fixed	0	rifampicin:uncertain
COMP	rifampicin	rpoC	p.V592L	592	missense	NC_000962.3:765142:G:C	14	1	1	1	1.186	L6	L6	single_or_fixed	0	-
COMP	rifampicin	rpoC	p.R912H	912	missense	NC_000962.3:766103:G:A	14	1	1	1	0.139	L1	L1	single_or_fixed	0	rifampicin:uncertain
MFX	moxifloxacin	gyrB	p.V670F	670	missense	NC_000962.3:7246:G:T	14	1	1	1	0.035	L2	L2	single_or_fixed	0	levofloxacin:uncertain;levofloxacin:uncertain;moxifloxacin:uncertain;moxifloxacin:uncertain
MFX	moxifloxacin	gyrA	p.V278I	278	missense	NC_000962.3:8132:G:A	14	1	1	1	0.154	L3	L3	single_or_fixed	0	levofloxacin:uncertain;moxifloxacin:uncertain
MFX	moxifloxacin	gyrA	p.L358M	358	missense	NC_000962.3:8372:C:A	14	1	1	1	0.035	L2	L2	single_or_fixed	0	levofloxacin:uncertain
MFX	moxifloxacin	gyrA	p.V223I	223	missense	NC_000962.3:7967:G:A	14	1	1	1	0.154	L3	L3	single_or_fixed	0	levofloxacin:uncertain;moxifloxacin:uncertain
MFX	moxifloxacin	gyrA	p.G477E	477	missense	NC_000962.3:8730:G:A	14	1	1	1	0.139	L1	L1	single_or_fixed	0	levofloxacin:uncertain;moxifloxacin:uncertain
PMD	pretomanid	fbiA	p.D312G	312	missense	NC_000962.3:3641476:A:G	14	1	1	1	0.03	L4	L4	single_or_fixed	0	clofazimine:uncertain;delamanid:uncertain
PMD	pretomanid	fbiA	p.R304Q	304	missense	NC_000962.3:3641452:G:A	14	1	1	1	0.154	L3	L3	single_or_fixed	0	clofazimine:uncertain;delamanid:uncertain
PMD	pretomanid	fbiB	p.V52A	52	missense	NC_000962.3:3641688:T:C	14	1	1	1	0.03	L4	L4	single_or_fixed	0	-
BDQ	bedaquiline	mmpR5	p.G41A	41	missense	NC_000962.3:779110:G:C	13	1	1	1	0.028	L4	L4	single_or_fixed	0	-
BDQ	bedaquiline	atpE	p.E44D	44	missense	NC_000962.3:1461175:G:C	13	1	1	1	0.033	L2	L2	single_or_fixed	0	-
BDQ	bedaquiline	pepQ	p.D26A	26	missense	NC_000962.3:2860341:T:G	13	1	1	1	0.028	L4	L4	single_or_fixed	0	bedaquiline:uncertain;clofazimine:uncertain
COMP	rifampicin	rpoC	p.E1140D	1140	missense	NC_000962.3:766788:G:C	13	1	1	1	0.033	L2	L2	single_or_fixed	0	rifampicin:uncertain
COMP	rifampicin	rpoA	p.G122D	122	missense	NC_000962.3:3878142:C:T	13	1	1	1	0.028	L4	L4	single_or_fixed	0	rifampicin:uncertain
MFX	moxifloxacin	gyrB	p.A78D	78	missense	NC_000962.3:5471:C:A	13	1	1	1	0.033	L2	L2	single_or_fixed	0	-
MFX	moxifloxacin	gyrB	p.T378S	378	missense	NC_000962.3:6371:C:G	13	1	1	1	0.143	L3	L3	single_or_fixed	0	levofloxacin:uncertain;moxifloxacin:uncertain
MFX	moxifloxacin	gyrA	p.E317Q	317	missense	NC_000962.3:8249:G:C	13	1	1	1	0.028	L4	L4	single_or_fixed	0	-
PMD	pretomanid	fbiC	p.P420L	420	missense	NC_000962.3:1304188:C:T	13	1	1	1	0.033	L2	L2	single_or_fixed	0	clofazimine:uncertain;delamanid:uncertain
PMD	pretomanid	fbiC	p.A349V	349	missense	NC_000962.3:1303975:C:T	13	1	1	1	0.129	L1	L1	single_or_fixed	0	clofazimine:uncertain;delamanid:uncertain
PMD	pretomanid	fbiC	p.P438L	438	missense	NC_000962.3:1304242:C:T	13	1	1	1	0.028	L4	L4	single_or_fixed	0	clofazimine:uncertain;delamanid:uncertain
PMD	pretomanid	fbiC	p.D375N	375	missense	NC_000962.3:1304052:G:A	13	1	1	1	0.028	L4	L4	single_or_fixed	0	clofazimine:uncertain;delamanid:uncertain
PMD	pretomanid	fbiD	p.A20V	20	missense	NC_000962.3:3339175:C:T	13	1	1	1	0.033	L2	L2	single_or_fixed	0	clofazimine:uncertain;delamanid:uncertain
PMD	pretomanid	fbiA	p.D74E	74	missense	NC_000962.3:3640763:C:G	13	1	1	1	0.129	L1	L1	single_or_fixed	0	-
PMD	pretomanid	fbiA	p.A201P	201	missense	NC_000962.3:3641142:G:C	13	1	1	1	0.033	L2	L2	single_or_fixed	0	-
PMD	pretomanid	ddn	p.P6S	6	missense	NC_000962.3:3986858:C:T	13	1	1	1	0.129	L1	L1	single_or_fixed	0	-
PMD	pretomanid	ddn	p.S138P	138	missense	NC_000962.3:3987254:T:C	13	1	1	1	0.187	BOV	BOV	single_or_fixed	0	-
BDQ	bedaquiline	mmpR5	p.M73I	73	missense	NC_000962.3:779207:G:A	12	1	1	1	0.03	L2	L2	single_or_fixed	0	bedaquiline:uncertain;clofazimine:uncertain
BDQ	bedaquiline	pepQ	p.V211A	211	missense	NC_000962.3:2859786:A:G	12	1	1	1	0.132	L3	L3	single_or_fixed	0	-
COMP	rifampicin	rpoC	p.W484L	484	missense	NC_000962.3:764819:G:T	12	1	1	1	0.03	L2	L2	single_or_fixed	0	rifampicin:uncertain
COMP	rifampicin	rpoC	p.V517A	517	missense	NC_000962.3:764918:T:C	12	1	1	1	0.03	L2	L2	single_or_fixed	0	rifampicin:uncertain
COMP	rifampicin	rpoC	p.G1197R	1197	missense	NC_000962.3:766957:G:C	12	1	1	1	0.026	L4	L4	single_or_fixed	0	-
COMP	rifampicin	rpoC	p.V1107A	1107	missense	NC_000962.3:766688:T:C	12	1	1	1	0.026	L4	L4	single_or_fixed	0	-
COMP	rifampicin	rpoC	p.L737R	737	missense	NC_000962.3:765578:T:G	12	1	1	1	0.119	L1	L1	single_or_fixed	0	rifampicin:uncertain
COMP	rifampicin	rpoA	p.D179E	179	missense	NC_000962.3:3877970:G:T	12	1	1	1	0.026	L4	L4	single_or_fixed	0	rifampicin:uncertain
COMP	rifampicin	rpoA	p.A245V	245	missense	NC_000962.3:3877773:G:A	12	1	1	1	0.026	L4	L4	single_or_fixed	0	rifampicin:uncertain
MFX	moxifloxacin	gyrB	p.D494A	494	missense	NC_000962.3:6719:A:C	12	1	1	1	0.03	L2	L2	single_or_fixed	0	levofloxacin:uncertain;levofloxacin:uncertain;moxifloxacin:uncertain;moxifloxacin:uncertain
MFX	moxifloxacin	gyrA	p.A470E	470	missense	NC_000962.3:8709:C:A	12	1	1	1	0.026	L4	L4	single_or_fixed	0	-
PMD	pretomanid	fgd1	p.E119Q	119	missense	NC_000962.3:491136:G:C	12	1	1	1	0.026	L4	L4	single_or_fixed	0	-
PMD	pretomanid	fbiD	p.G155S	155	missense	NC_000962.3:3339579:G:A	12	1	1	1	0.119	L1	L1	single_or_fixed	0	clofazimine:uncertain;delamanid:uncertain
PMD	pretomanid	fbiA	p.S35A	35	missense	NC_000962.3:3640644:T:G	12	1	1	1	0.026	L4	L4	single_or_fixed	0	clofazimine:uncertain;delamanid:uncertain
PMD	pretomanid	fbiB	p.R409S	409	missense	NC_000962.3:3642758:C:A	12	1	1	1	0.132	L3	L3	single_or_fixed	0	clofazimine:uncertain;delamanid:uncertain
BDQ	bedaquiline	pepQ	p.A196V	196	missense	NC_000962.3:2859831:G:A	11	1	1	1	0.028	L2	L2	single_or_fixed	0	-
BDQ	bedaquiline	pepQ	p.Q262R	262	missense	NC_000962.3:2859633:T:C	11	1	1	1	0.024	L4	L4	single_or_fixed	0	bedaquiline:uncertain;clofazimine:uncertain
COMP	rifampicin	rpoC	p.E513Q	513	missense	NC_000962.3:764905:G:C	11	1	1	1	0.028	L2	L2	single_or_fixed	0	rifampicin:uncertain
COMP	rifampicin	rpoC	p.R556C	556	missense	NC_000962.3:765034:C:T	11	1	1	1	0.028	L2	L2	single_or_fixed	0	rifampicin:uncertain
COMP	rifampicin	rpoA	p.E274G	274	missense	NC_000962.3:3877686:T:C	11	1	1	1	0.028	L2	L2	single_or_fixed	0	rifampicin:uncertain
LZD	linezolid	rplC	p.L66V	66	missense	NC_000962.3:801003:C:G	11	1	1	1	0.024	L4	L4	single_or_fixed	0	-
LZD	linezolid	rplC	p.T9S	9	missense	NC_000962.3:800833:C:G	11	1	1	1	0.024	L4	L4	single_or_fixed	0	-
MFX	moxifloxacin	gyrB	p.T393S	393	missense	NC_000962.3:6416:C:G	11	1	1	1	0.024	L4	L4	single_or_fixed	0	levofloxacin:uncertain;moxifloxacin:uncertain
MFX	moxifloxacin	gyrB	p.E654A	654	missense	NC_000962.3:7199:A:C	11	1	1	1	0.024	L4	L4	single_or_fixed	0	levofloxacin:uncertain;moxifloxacin:uncertain
MFX	moxifloxacin	gyrB	p.E228Q	228	missense	NC_000962.3:5920:G:C	11	1	1	1	0.109	L1	L1	single_or_fixed	0	levofloxacin:uncertain
MFX	moxifloxacin	gyrB	p.G606S	606	missense	NC_000962.3:7054:G:A	11	1	1	1	0.024	L4	L4	single_or_fixed	0	levofloxacin:uncertain;moxifloxacin:uncertain
MFX	moxifloxacin	gyrA	p.D94N	94	missense	NC_000962.3:7580:G:A	11	1	1	1	0.024	L4	L4	single_or_fixed	1	levofloxacin:R-associated;levofloxacin:R-associated;moxifloxacin:R-associated;moxifloxacin:R-associated
MFX	moxifloxacin	gyrA	p.T355A	355	missense	NC_000962.3:8363:A:G	11	1	1	1	0.028	L2	L2	single_or_fixed	0	levofloxacin:uncertain;moxifloxacin:uncertain
MFX	moxifloxacin	gyrA	p.V372A	372	missense	NC_000962.3:8415:T:C	11	1	1	1	0.024	L4	L4	single_or_fixed	0	levofloxacin:uncertain
PMD	pretomanid	fgd1	p.A218T	218	missense	NC_000962.3:491433:G:A	11	1	1	1	0.024	L4	L4	single_or_fixed	0	-
PMD	pretomanid	fbiC	p.A827S	827	missense	NC_000962.3:1305408:G:T	11	1	1	1	0.121	L3	L3	single_or_fixed	0	-
COMP	rifampicin	rpoC	p.Y722C	722	missense	NC_000962.3:765533:A:G	10	1	1	1	0.025	L2	L2	single_or_fixed	0	rifampicin:uncertain
COMP	rifampicin	rpoC	p.D735E	735	missense	NC_000962.3:765573:C:A	10	1	1	1	0.025	L2	L2	single_or_fixed	0	rifampicin:uncertain
COMP	rifampicin	rpoC	p.Q1273R	1273	missense	NC_000962.3:767186:A:G	10	1	1	1	0.022	L4	L4	single_or_fixed	0	rifampicin:uncertain
COMP	rifampicin	rpoA	p.T332A	332	missense	NC_000962.3:3877513:T:C	10	1	1	1	0.022	L4	L4	single_or_fixed	0	rifampicin:uncertain
MFX	moxifloxacin	gyrB	p.S274G	274	missense	NC_000962.3:6058:A:G	10	1	1	1	0.022	L4	L4	single_or_fixed	0	levofloxacin:uncertain;moxifloxacin:uncertain
MFX	moxifloxacin	gyrB	p.T250S	250	missense	NC_000962.3:5987:C:G	10	1	1	1	0.11	L3	L3	single_or_fixed	0	levofloxacin:uncertain;moxifloxacin:uncertain
MFX	moxifloxacin	gyrB	p.A508V	508	missense	NC_000962.3:6761:C:T	10	1	1	1	0.099	L1	L1	single_or_fixed	0	levofloxacin:uncertain;moxifloxacin:uncertain
MFX	moxifloxacin	gyrB	p.T267S	267	missense	NC_000962.3:6038:C:G	10	1	1	1	0.099	L1	L1	single_or_fixed	0	levofloxacin:uncertain;moxifloxacin:uncertain
MFX	moxifloxacin	gyrB	p.T189S	189	missense	NC_000962.3:5804:C:G	10	1	1	1	0.022	L4	L4	single_or_fixed	0	-
MFX	moxifloxacin	gyrA	p.T135S	135	missense	NC_000962.3:7704:C:G	10	1	1	1	0.025	L2	L2	single_or_fixed	0	-
MFX	moxifloxacin	gyrA	p.D583E	583	missense	NC_000962.3:9049:C:G	10	1	1	1	0.022	L4	L4	single_or_fixed	0	levofloxacin:uncertain;moxifloxacin:uncertain
MFX	moxifloxacin	gyrA	p.A814T	814	missense	NC_000962.3:9740:G:A	10	1	1	1	0.11	L3	L3	single_or_fixed	0	levofloxacin:uncertain;moxifloxacin:uncertain
MFX	moxifloxacin	gyrA	p.R376L	376	missense	NC_000962.3:8427:G:T	10	1	1	1	0.025	L2	L2	single_or_fixed	0	levofloxacin:uncertain
MFX	moxifloxacin	gyrA	p.L205V	205	missense	NC_000962.3:7913:C:G	10	1	1	1	0.022	L4	L4	single_or_fixed	0	levofloxacin:uncertain;moxifloxacin:uncertain
MFX	moxifloxacin	gyrA	p.G351W	351	missense	NC_000962.3:8351:G:T	10	1	1	1	0.022	L4	L4	single_or_fixed	0	levofloxacin:uncertain
PMD	pretomanid	fgd1	p.A2V	2	missense	NC_000962.3:490786:C:T	10	1	1	1	0.022	L4	L4	single_or_fixed	0	clofazimine:uncertain;delamanid:uncertain
PMD	pretomanid	fgd1	p.K183T	183	missense	NC_000962.3:491329:A:C	10	1	1	1	0.022	L4	L4	single_or_fixed	0	clofazimine:uncertain;delamanid:uncertain
PMD	pretomanid	fgd1	p.H315D	315	missense	NC_000962.3:491724:C:G	10	1	1	1	0.022	L4	L4	single_or_fixed	0	clofazimine:uncertain;delamanid:uncertain
PMD	pretomanid	fbiC	p.V318I	318	missense	NC_000962.3:1303881:G:A	10	1	1	1	0.025	L2	L2	single_or_fixed	0	-
PMD	pretomanid	fbiD	p.P183L	183	missense	NC_000962.3:3339664:C:T	10	1	1	1	0.025	L2	L2	single_or_fixed	0	-
PMD	pretomanid	fbiB	p.R365G	365	missense	NC_000962.3:3642626:C:G	10	1	1	1	0.11	L3	L3	single_or_fixed	0	clofazimine:uncertain;delamanid:uncertain
PMD	pretomanid	fbiB	p.R293G	293	missense	NC_000962.3:3642410:C:G	10	1	1	1	0.022	L4	L4	single_or_fixed	0	clofazimine:uncertain;delamanid:uncertain
PMD	pretomanid	ddn	p.A47S	47	missense	NC_000962.3:3986981:G:T	10	1	1	1	0.025	L2	L2	single_or_fixed	0	-
PMD	pretomanid	ddn	p.Y65S	65	missense	NC_000962.3:3987036:A:C	10	1	1	1	0.022	L4	L4	single_or_fixed	0	delamanid:uncertain
PMD	pretomanid	ddn	p.V61G	61	missense	NC_000962.3:3987024:T:G	10	1	1	1	0.022	L4	L4	single_or_fixed	0	-
BDQ	bedaquiline	pepQ	p.I193T	193	missense	NC_000962.3:2859840:A:G	9	1	1	1	0.099	L3	L3	single_or_fixed	0	bedaquiline:uncertain;clofazimine:uncertain
BDQ	bedaquiline	pepQ	p.I249V	249	missense	NC_000962.3:2859673:T:C	9	1	1	1	0.13	BOV	BOV	single_or_fixed	0	-
COMP	rifampicin	rpoC	p.Q303L	303	missense	NC_000962.3:764276:A:T	9	1	1	1	0.099	L3	L3	single_or_fixed	0	rifampicin:uncertain
COMP	rifampicin	rpoC	p.L516V	516	missense	NC_000962.3:764914:C:G	9	1	1	1	0.019	L4	L4	single_or_fixed	0	rifampicin:uncertain
COMP	rifampicin	rpoC	p.A695V	695	missense	NC_000962.3:765452:C:T	9	1	1	1	0.019	L4	L4	single_or_fixed	0	rifampicin:uncertain
COMP	rifampicin	rpoC	p.E1140Q	1140	missense	NC_000962.3:766786:G:C	9	1	1	1	0.019	L4	L4	single_or_fixed	0	rifampicin:uncertain
COMP	rifampicin	rpoC	p.E1033G	1033	missense	NC_000962.3:766466:A:G	9	1	1	1	0.023	L2	L2	single_or_fixed	0	rifampicin:uncertain
COMP	rifampicin	rpoC	p.G945D	945	missense	NC_000962.3:766202:G:A	9	1	1	1	0.023	L2	L2	single_or_fixed	0	rifampicin:uncertain
COMP	rifampicin	rpoC	p.R741C	741	missense	NC_000962.3:765589:C:T	9	1	1	1	0.099	L3	L3	single_or_fixed	0	rifampicin:uncertain
COMP	rifampicin	rpoC	p.R1163H	1163	missense	NC_000962.3:766856:G:A	9	1	1	1	0.019	L4	L4	single_or_fixed	0	rifampicin:uncertain
COMP	rifampicin	rpoC	p.A694T	694	missense	NC_000962.3:765448:G:A	9	1	1	1	0.019	L4	L4	single_or_fixed	0	rifampicin:uncertain
COMP	rifampicin	rpoA	p.G305S	305	missense	NC_000962.3:3877594:C:T	9	1	1	1	0.019	L4	L4	single_or_fixed	0	-
LZD	linezolid	rplC	p.R214Q	214	missense	NC_000962.3:801448:G:A	9	1	1	1	0.089	L1	L1	single_or_fixed	0	linezolid:uncertain
LZD	linezolid	rplC	p.E216G	216	missense	NC_000962.3:801454:A:G	9	1	1	1	0.019	L4	L4	single_or_fixed	0	-
MFX	moxifloxacin	gyrB	p.G282D	282	missense	NC_000962.3:6083:G:A	9	1	1	1	0.019	L4	L4	single_or_fixed	0	levofloxacin:uncertain;moxifloxacin:uncertain
MFX	moxifloxacin	gyrB	p.V630G	630	missense	NC_000962.3:7127:T:G	9	1	1	1	0.023	L2	L2	single_or_fixed	0	-
MFX	moxifloxacin	gyrB	p.A175T	175	missense	NC_000962.3:5761:G:A	9	1	1	1	0.019	L4	L4	single_or_fixed	0	levofloxacin:uncertain;moxifloxacin:uncertain
MFX	moxifloxacin	gyrA	p.D199E	199	missense	NC_000962.3:7897:C:G	9	1	1	1	0.019	L4	L4	single_or_fixed	0	-
MFX	moxifloxacin	gyrA	p.I316V	316	missense	NC_000962.3:8246:A:G	9	1	1	1	0.019	L4	L4	single_or_fixed	0	-
MFX	moxifloxacin	gyrA	p.V55M	55	missense	NC_000962.3:7463:G:A	9	1	1	1	0.023	L2	L2	single_or_fixed	0	-
MFX	moxifloxacin	gyrA	p.R757C	757	missense	NC_000962.3:9569:C:T	9	1	1	1	0.019	L4	L4	single_or_fixed	0	-
MFX	moxifloxacin	gyrA	p.E386V	386	missense	NC_000962.3:8457:A:T	9	1	1	1	0.089	L1	L1	single_or_fixed	0	levofloxacin:uncertain;moxifloxacin:uncertain
MFX	moxifloxacin	gyrA	p.E412V	412	missense	NC_000962.3:8535:A:T	9	1	1	1	0.019	L4	L4	single_or_fixed	0	levofloxacin:uncertain
MFX	moxifloxacin	gyrA	p.V828L	828	missense	NC_000962.3:9782:G:T	9	1	1	1	0.13	BOV	BOV	single_or_fixed	0	-
MFX	moxifloxacin	gyrA	p.G729R	729	missense	NC_000962.3:9485:G:A	9	1	1	1	0.13	BOV	BOV	single_or_fixed	0	levofloxacin:uncertain;moxifloxacin:uncertain
PMD	pretomanid	fbiC	p.I693V	693	missense	NC_000962.3:1305006:A:G	9	1	1	1	0.099	L3	L3	single_or_fixed	0	clofazimine:uncertain;delamanid:uncertain
PMD	pretomanid	fbiC	p.L753R	753	missense	NC_000962.3:1305187:T:G	9	1	1	1	0.023	L2	L2	single_or_fixed	0	-
PMD	pretomanid	fbiC	p.D168E	168	missense	NC_000962.3:1303433:C:G	9	1	1	1	0.019	L4	L4	single_or_fixed	0	clofazimine:uncertain;delamanid:uncertain
PMD	pretomanid	fbiC	p.R81G	81	missense	NC_000962.3:1303170:A:G	9	1	1	1	0.019	L4	L4	single_or_fixed	0	-
PMD	pretomanid	fbiC	p.D407A	407	missense	NC_000962.3:1304149:A:C	9	1	1	1	0.019	L4	L4	single_or_fixed	0	-
PMD	pretomanid	fbiD	p.V79I	79	missense	NC_000962.3:3339351:G:A	9	1	1	1	0.019	L4	L4	single_or_fixed	0	-
PMD	pretomanid	fbiA	p.G277S	277	missense	NC_000962.3:3641370:G:A	9	1	1	1	0.099	L3	L3	single_or_fixed	0	clofazimine:uncertain;delamanid:uncertain
PMD	pretomanid	fbiA	p.T129I	129	missense	NC_000962.3:3640927:C:T	9	1	1	1	0.763	L6	L6	single_or_fixed	0	-
PMD	pretomanid	fbiA	p.I246V	246	missense	NC_000962.3:3641277:A:G	9	1	1	1	0.13	BOV	BOV	single_or_fixed	0	-
PMD	pretomanid	fbiB	p.S30G	30	missense	NC_000962.3:3641621:A:G	9	1	1	1	0.019	L4	L4	single_or_fixed	0	-
PMD	pretomanid	ddn	p.K19R	19	missense	NC_000962.3:3986898:A:G	9	1	1	1	0.023	L2	L2	single_or_fixed	0	-
BDQ	bedaquiline	mmpR5	p.E113K	113	missense	NC_000962.3:779325:G:A	8	1	1	1	0.02	L2	L2	single_or_fixed	0	bedaquiline:uncertain;clofazimine:uncertain
BDQ	bedaquiline	atpE	p.V57I	57	missense	NC_000962.3:1461212:G:A	8	1	1	1	0.079	L1	L1	single_or_fixed	0	-
BDQ	bedaquiline	pepQ	p.S66P	66	missense	NC_000962.3:2860222:A:G	8	1	1	1	0.017	L4	L4	single_or_fixed	0	bedaquiline:uncertain
COMP	rifampicin	rpoC	p.G200S	200	missense	NC_000962.3:763966:G:A	8	1	1	1	0.017	L4	L4	single_or_fixed	0	-
COMP	rifampicin	rpoC	p.N267T	267	missense	NC_000962.3:764168:A:C	8	1	1	1	0.017	L4	L4	single_or_fixed	0	-
COMP	rifampicin	rpoC	p.G896C	896	missense	NC_000962.3:766054:G:T	8	1	1	1	0.02	L2	L2	single_or_fixed	0	-
COMP	rifampicin	rpoA	p.L306V	306	missense	NC_000962.3:3877591:G:C	8	1	1	1	0.017	L4	L4	single_or_fixed	0	rifampicin:uncertain
COMP	rifampicin	rpoA	p.H119R	119	missense	NC_000962.3:3878151:T:C	8	1	1	1	0.02	L2	L2	single_or_fixed	0	rifampicin:uncertain
MFX	moxifloxacin	gyrB	p.D461V	461	missense	NC_000962.3:6620:A:T	8	1	1	1	0.02	L2	L2	single_or_fixed	0	levofloxacin:uncertain;moxifloxacin:uncertain
MFX	moxifloxacin	gyrB	p.R523S	523	missense	NC_000962.3:6805:C:A	8	1	1	1	0.088	L3	L3	single_or_fixed	0	levofloxacin:uncertain;moxifloxacin:uncertain
MFX	moxifloxacin	gyrB	p.M58I	58	missense	NC_000962.3:5412:G:A	8	1	1	1	0.02	L2	L2	single_or_fixed	0	levofloxacin:uncertain;moxifloxacin:uncertain
MFX	moxifloxacin	gyrB	p.D334G	334	missense	NC_000962.3:6239:A:G	8	1	1	1	0.088	L3	L3	single_or_fixed	0	levofloxacin:uncertain;moxifloxacin:uncertain
MFX	moxifloxacin	gyrA	p.T572S	572	missense	NC_000962.3:9015:C:G	8	1	1	1	0.079	L1	L1	single_or_fixed	0	-
MFX	moxifloxacin	gyrA	p.Q369R	369	missense	NC_000962.3:8406:A:G	8	1	1	1	0.115	BOV	BOV	single_or_fixed	0	-
MFX	moxifloxacin	gyrA	p.E739Q	739	missense	NC_000962.3:9515:G:C	8	1	1	1	0.017	L4	L4	single_or_fixed	0	levofloxacin:uncertain;moxifloxacin:uncertain
MFX	moxifloxacin	gyrA	p.L205M	205	missense	NC_000962.3:7913:C:A	8	1	1	1	0.678	L6	L6	single_or_fixed	0	-
MFX	moxifloxacin	gyrA	p.N330K	330	missense	NC_000962.3:8290:C:G	8	1	1	1	0.079	L1	L1	single_or_fixed	0	-
MFX	moxifloxacin	gyrA	p.A787G	787	missense	NC_000962.3:9660:C:G	8	1	1	1	0.017	L4	L4	single_or_fixed	0	levofloxacin:uncertain;moxifloxacin:uncertain
MFX	moxifloxacin	gyrA	p.D428E	428	missense	NC_000962.3:8584:C:A	8	1	1	1	0.017	L4	L4	single_or_fixed	0	-
MFX	moxifloxacin	gyrA	p.D834N	834	missense	NC_000962.3:9800:G:A	8	1	1	1	0.017	L4	L4	single_or_fixed	0	levofloxacin:uncertain
PMD	pretomanid	fgd1	p.A188G	188	missense	NC_000962.3:491344:C:G	8	1	1	1	0.02	L2	L2	single_or_fixed	0	-
PMD	pretomanid	fgd1	p.V37G	37	missense	NC_000962.3:490891:T:G	8	1	1	1	0.017	L4	L4	single_or_fixed	0	clofazimine:uncertain;delamanid:uncertain
PMD	pretomanid	fgd1	p.F79L	79	missense	NC_000962.3:491016:T:C	8	1	1	1	0.115	BOV	BOV	single_or_fixed	0	-
PMD	pretomanid	fbiC	p.V539A	539	missense	NC_000962.3:1304545:T:C	8	1	1	1	0.017	L4	L4	single_or_fixed	0	-
PMD	pretomanid	fbiC	p.V351I	351	missense	NC_000962.3:1303980:G:A	8	1	1	1	0.017	L4	L4	single_or_fixed	0	-
PMD	pretomanid	fbiC	p.R794Q	794	missense	NC_000962.3:1305310:G:A	8	1	1	1	0.017	L4	L4	single_or_fixed	0	-
PMD	pretomanid	fbiC	p.S280A	280	missense	NC_000962.3:1303767:T:G	8	1	1	1	0.017	L4	L4	single_or_fixed	0	-
PMD	pretomanid	fbiC	p.E692D	692	missense	NC_000962.3:1305005:A:C	8	1	1	1	0.017	L4	L4	single_or_fixed	0	-
PMD	pretomanid	fbiC	p.L114R	114	missense	NC_000962.3:1303270:T:G	8	1	1	1	0.088	L3	L3	single_or_fixed	0	clofazimine:uncertain;delamanid:uncertain
PMD	pretomanid	fbiC	p.V16I	16	missense	NC_000962.3:1302975:G:A	8	1	1	1	0.017	L4	L4	single_or_fixed	0	-
PMD	pretomanid	fbiC	p.G522R	522	missense	NC_000962.3:1304493:G:C	8	1	1	1	0.017	L4	L4	single_or_fixed	0	clofazimine:uncertain;delamanid:uncertain
PMD	pretomanid	fbiD	p.G74R	74	missense	NC_000962.3:3339336:G:A	8	1	1	1	0.017	L4	L4	single_or_fixed	0	clofazimine:uncertain;delamanid:uncertain
PMD	pretomanid	fbiB	p.L93S	93	missense	NC_000962.3:3641811:T:C	8	1	1	1	0.02	L2	L2	single_or_fixed	0	-
PMD	pretomanid	fbiB	p.A127T	127	missense	NC_000962.3:3641912:G:A	8	1	1	1	0.079	L1	L1	single_or_fixed	0	clofazimine:uncertain;delamanid:uncertain
BDQ	bedaquiline	mmpR5	p.R134G	134	missense	NC_000962.3:779388:C:G	7	1	1	1	0.077	L3	L3	single_or_fixed	0	bedaquiline:uncertain;clofazimine:uncertain
BDQ	bedaquiline	pepQ	p.A153G	153	missense	NC_000962.3:2859960:G:C	7	1	1	1	0.015	L4	L4	single_or_fixed	0	bedaquiline:uncertain;clofazimine:uncertain
BDQ	bedaquiline	pepQ	p.D182E	182	missense	NC_000962.3:2859872:A:C	7	1	1	1	0.018	L2	L2	single_or_fixed	0	-
BDQ	bedaquiline	pepQ	p.V104L	104	missense	NC_000962.3:2860108:C:G	7	1	1	1	0.077	L3	L3	single_or_fixed	0	bedaquiline:uncertain;clofazimine:uncertain
BDQ	bedaquiline	pepQ	p.V226G	226	missense	NC_000962.3:2859741:A:C	7	1	1	1	0.593	L6	L6	single_or_fixed	0	-
BDQ	bedaquiline	pepQ	p.S99R	99	missense	NC_000962.3:2860121:G:C	7	1	1	1	0.015	L4	L4	single_or_fixed	0	bedaquiline:uncertain;clofazimine:uncertain
BDQ	bedaquiline	pepQ	p.Y32H	32	missense	NC_000962.3:2860324:A:G	7	1	1	1	0.015	L4	L4	single_or_fixed	0	-
COMP	rifampicin	rpoC	p.A724V	724	missense	NC_000962.3:765539:C:T	7	1	1	1	0.101	BOV	BOV	single_or_fixed	0	-
COMP	rifampicin	rpoC	p.D754E	754	missense	NC_000962.3:765630:C:G	7	1	1	1	0.015	L4	L4	single_or_fixed	0	-
COMP	rifampicin	rpoC	p.T1050A	1050	missense	NC_000962.3:766516:A:G	7	1	1	1	0.015	L4	L4	single_or_fixed	0	-
COMP	rifampicin	rpoC	p.N766S	766	missense	NC_000962.3:765665:A:G	7	1	1	1	0.018	L2	L2	single_or_fixed	0	rifampicin:uncertain
COMP	rifampicin	rpoC	p.F1175L	1175	missense	NC_000962.3:766893:T:G	7	1	1	1	0.018	L2	L2	single_or_fixed	0	rifampicin:uncertain
COMP	rifampicin	rpoC	p.A172V	172	missense	NC_000962.3:763883:C:T	7	1	1	1	0.069	L1	L1	single_or_fixed	0	rifampicin:S-associated
COMP	rifampicin	rpoC	p.E1033D	1033	missense	NC_000962.3:766467:G:C	7	1	1	1	0.015	L4	L4	single_or_fixed	0	rifampicin:uncertain
COMP	rifampicin	rpoC	p.G980E	980	missense	NC_000962.3:766307:G:A	7	1	1	1	0.015	L4	L4	single_or_fixed	0	rifampicin:uncertain
COMP	rifampicin	rpoC	p.I129V	129	missense	NC_000962.3:763753:A:G	7	1	1	1	0.593	L6	L6	single_or_fixed	0	-
COMP	rifampicin	rpoC	p.D768Y	768	missense	NC_000962.3:765670:G:T	7	1	1	1	0.015	L4	L4	single_or_fixed	0	rifampicin:uncertain
COMP	rifampicin	rpoC	p.F1061L	1061	missense	NC_000962.3:766551:C:G	7	1	1	1	0.015	L4	L4	single_or_fixed	0	rifampicin:uncertain
COMP	rifampicin	rpoA	p.S203R	203	missense	NC_000962.3:3877900:T:G	7	1	1	1	0.018	L2	L2	single_or_fixed	0	rifampicin:uncertain
COMP	rifampicin	rpoA	p.A180G	180	missense	NC_000962.3:3877968:G:C	7	1	1	1	0.018	L2	L2	single_or_fixed	0	rifampicin:uncertain
MFX	moxifloxacin	gyrB	p.D342E	342	missense	NC_000962.3:6264:C:G	7	1	1	1	0.077	L3	L3	single_or_fixed	0	levofloxacin:uncertain;moxifloxacin:uncertain
MFX	moxifloxacin	gyrB	p.K247N	247	missense	NC_000962.3:5979:G:C	7	1	1	1	0.018	L2	L2	single_or_fixed	0	-
MFX	moxifloxacin	gyrB	p.T664I	664	missense	NC_000962.3:7229:C:T	7	1	1	1	0.018	L2	L2	single_or_fixed	0	levofloxacin:uncertain;moxifloxacin:uncertain
MFX	moxifloxacin	gyrB	p.S469R	469	missense	NC_000962.3:6645:C:A	7	1	1	1	0.018	L2	L2	single_or_fixed	0	-
MFX	moxifloxacin	gyrB	p.D176E	176	missense	NC_000962.3:5766:C:G	7	1	1	1	0.069	L1	L1	single_or_fixed	0	levofloxacin:uncertain;moxifloxacin:uncertain
MFX	moxifloxacin	gyrB	p.R671G	671	missense	NC_000962.3:7249:C:G	7	1	1	1	0.069	L1	L1	single_or_fixed	0	-
MFX	moxifloxacin	gyrB	p.I435L	435	missense	NC_000962.3:6541:A:C	7	1	1	1	0.015	L4	L4	single_or_fixed	0	-
MFX	moxifloxacin	gyrA	p.D94Y	94	missense	NC_000962.3:7580:G:T	7	1	1	1	0.015	L4	L4	single_or_fixed	1	levofloxacin:R-associated;levofloxacin:R-associated;moxifloxacin:R-associated;moxifloxacin:R-associated
MFX	moxifloxacin	gyrA	p.L711M	711	missense	NC_000962.3:9431:C:A	7	1	1	1	0.015	L4	L4	single_or_fixed	0	levofloxacin:uncertain;moxifloxacin:uncertain
MFX	moxifloxacin	gyrA	p.L673V	673	missense	NC_000962.3:9317:C:G	7	1	1	1	0.077	L3	L3	single_or_fixed	0	-
MFX	moxifloxacin	gyrA	p.D492N	492	missense	NC_000962.3:8774:G:A	7	1	1	1	0.018	L2	L2	single_or_fixed	0	-
MFX	moxifloxacin	gyrA	p.G729E	729	missense	NC_000962.3:9486:G:A	7	1	1	1	0.018	L2	L2	single_or_fixed	0	-
MFX	moxifloxacin	gyrA	p.G764R	764	missense	NC_000962.3:9590:G:A	7	1	1	1	0.593	L6	L6	single_or_fixed	0	levofloxacin:uncertain
MFX	moxifloxacin	gyrA	p.N656T	656	missense	NC_000962.3:9267:A:C	7	1	1	1	0.015	L4	L4	single_or_fixed	0	-
PMD	pretomanid	fgd1	p.E322D	322	missense	NC_000962.3:491747:G:C	7	1	1	1	0.015	L4	L4	single_or_fixed	0	-
PMD	pretomanid	fgd1	p.A84G	84	missense	NC_000962.3:491032:C:G	7	1	1	1	0.018	L2	L2	single_or_fixed	0	-
PMD	pretomanid	fgd1	p.A2S	2	missense	NC_000962.3:490785:G:T	7	1	1	1	0.018	L2	L2	single_or_fixed	0	-
PMD	pretomanid	fgd1	p.I193L	193	missense	NC_000962.3:491358:A:C	7	1	1	1	0.069	L1	L1	single_or_fixed	0	-
PMD	pretomanid	fgd1	p.N112K	112	missense	NC_000962.3:491117:C:A	7	1	1	1	0.015	L4	L4	single_or_fixed	0	-
PMD	pretomanid	fbiC	p.A384S	384	missense	NC_000962.3:1304079:G:T	7	1	1	1	0.015	L4	L4	single_or_fixed	0	-
PMD	pretomanid	fbiC	p.K279E	279	missense	NC_000962.3:1303764:A:G	7	1	1	1	0.015	L4	L4	single_or_fixed	0	-
PMD	pretomanid	fbiC	p.K571E	571	missense	NC_000962.3:1304640:A:G	7	1	1	1	0.018	L2	L2	single_or_fixed	0	-
PMD	pretomanid	fbiC	p.Y167H	167	missense	NC_000962.3:1303428:T:C	7	1	1	1	0.077	L3	L3	single_or_fixed	0	-
PMD	pretomanid	fbiC	p.D427H	427	missense	NC_000962.3:1304208:G:C	7	1	1	1	0.077	L3	L3	single_or_fixed	0	clofazimine:uncertain;delamanid:uncertain
PMD	pretomanid	fbiC	p.D616G	616	missense	NC_000962.3:1304776:A:G	7	1	1	1	0.018	L2	L2	single_or_fixed	0	clofazimine:uncertain;delamanid:uncertain
PMD	pretomanid	fbiC	p.G232R	232	missense	NC_000962.3:1303623:G:C	7	1	1	1	0.015	L4	L4	single_or_fixed	0	-
PMD	pretomanid	fbiC	p.T687M	687	missense	NC_000962.3:1304989:C:T	7	1	1	1	0.069	L1	L1	single_or_fixed	0	clofazimine:uncertain;delamanid:uncertain
PMD	pretomanid	fbiC	p.D53N	53	missense	NC_000962.3:1303086:G:A	7	1	1	1	0.015	L4	L4	single_or_fixed	0	-
PMD	pretomanid	fbiC	p.V584I	584	missense	NC_000962.3:1304679:G:A	7	1	1	1	0.101	BOV	BOV	single_or_fixed	0	-
PMD	pretomanid	fbiD	p.T179P	179	missense	NC_000962.3:3339651:A:C	7	1	1	1	0.015	L4	L4	single_or_fixed	0	clofazimine:uncertain;delamanid:uncertain
PMD	pretomanid	fbiD	p.H134N	134	missense	NC_000962.3:3339516:C:A	7	1	1	1	0.101	BOV	BOV	single_or_fixed	0	-
PMD	pretomanid	fbiB	p.T374K	374	missense	NC_000962.3:3642654:C:A	7	1	1	1	0.018	L2	L2	single_or_fixed	0	clofazimine:uncertain;delamanid:uncertain
PMD	pretomanid	fbiB	p.E332K	332	missense	NC_000962.3:3642527:G:A	7	1	1	1	0.015	L4	L4	single_or_fixed	0	clofazimine:uncertain
PMD	pretomanid	ddn	p.G39S	39	missense	NC_000962.3:3986957:G:A	7	1	1	1	0.015	L4	L4	single_or_fixed	0	-
BDQ	bedaquiline	mmpR5	p.L117P	117	missense	NC_000962.3:779338:T:C	6	1	1	1	0.015	L2	L2	single_or_fixed	0	bedaquiline:uncertain;clofazimine:uncertain
BDQ	bedaquiline	mmpR5	p.S2R	2	missense	NC_000962.3:778994:C:A	6	1	1	1	0.066	L3	L3	single_or_fixed	0	bedaquiline:uncertain;clofazimine:uncertain
BDQ	bedaquiline	mmpR5	p.R96W	96	missense	NC_000962.3:779274:C:T	6	1	1	1	0.015	L2	L2	single_or_fixed	0	bedaquiline:uncertain;clofazimine:uncertain
BDQ	bedaquiline	mmpR5	p.A86S	86	missense	NC_000962.3:779244:G:T	6	1	1	1	0.015	L2	L2	single_or_fixed	0	-
BDQ	bedaquiline	mmpR5	p.L60P	60	missense	NC_000962.3:779167:T:C	6	1	1	1	0.015	L2	L2	single_or_fixed	0	bedaquiline:uncertain
BDQ	bedaquiline	mmpR5	p.G37V	37	missense	NC_000962.3:779098:G:T	6	1	1	1	0.06	L1	L1	single_or_fixed	0	-
BDQ	bedaquiline	mmpR5	p.F19C	19	missense	NC_000962.3:779044:T:G	6	1	1	1	0.06	L1	L1	single_or_fixed	0	-
BDQ	bedaquiline	pepQ	p.A187E	187	missense	NC_000962.3:2859858:G:T	6	1	1	1	0.06	L1	L1	single_or_fixed	0	bedaquiline:uncertain;clofazimine:uncertain
BDQ	bedaquiline	pepQ	p.F290L	290	missense	NC_000962.3:2859548:G:C	6	1	1	1	0.066	L3	L3	single_or_fixed	0	-
BDQ	bedaquiline	pepQ	p.G116V	116	missense	NC_000962.3:2860071:C:A	6	1	1	1	0.013	L4	L4	single_or_fixed	0	-
BDQ	bedaquiline	pepQ	p.E255G	255	missense	NC_000962.3:2859654:T:C	6	1	1	1	0.086	BOV	BOV	single_or_fixed	0	-
COMP	rifampicin	rpoC	p.N283S	283	missense	NC_000962.3:764216:A:G	6	1	1	1	0.013	L4	L4	single_or_fixed	0	-
COMP	rifampicin	rpoC	p.E1073K	1073	missense	NC_000962.3:766585:G:A	6	1	1	1	0.013	L4	L4	single_or_fixed	0	rifampicin:uncertain
COMP	rifampicin	rpoC	p.E751D	751	missense	NC_000962.3:765621:G:T	6	1	1	1	0.013	L4	L4	single_or_fixed	0	-
COMP	rifampicin	rpoC	p.E183Q	183	missense	NC_000962.3:763915:G:C	6	1	1	1	0.013	L4	L4	single_or_fixed	0	-
COMP	rifampicin	rpoC	p.M515T	515	missense	NC_000962.3:764912:T:C	6	1	1	1	0.015	L2	L2	single_or_fixed	0	rifampicin:uncertain
COMP	rifampicin	rpoC	p.D660N	660	missense	NC_000962.3:765346:G:A	6	1	1	1	0.066	L3	L3	single_or_fixed	0	rifampicin:uncertain
COMP	rifampicin	rpoC	p.M983I	983	missense	NC_000962.3:766317:G:T	6	1	1	1	0.015	L2	L2	single_or_fixed	0	rifampicin:uncertain
COMP	rifampicin	rpoC	p.A511T	511	missense	NC_000962.3:764899:G:A	6	1	1	1	0.066	L3	L3	single_or_fixed	0	-
COMP	rifampicin	rpoC	p.I1157V	1157	missense	NC_000962.3:766837:A:G	6	1	1	1	0.013	L4	L4	single_or_fixed	0	-
COMP	rifampicin	rpoC	p.H767P	767	missense	NC_000962.3:765668:A:C	6	1	1	1	0.013	L4	L4	single_or_fixed	0	rifampicin:uncertain
COMP	rifampicin	rpoC	p.T1217A	1217	missense	NC_000962.3:767017:A:G	6	1	1	1	0.013	L4	L4	single_or_fixed	0	rifampicin:uncertain
LZD	linezolid	rplC	p.V36L	36	missense	NC_000962.3:800913:G:T	6	1	1	1	0.015	L2	L2	single_or_fixed	0	-
LZD	linezolid	rplC	p.A103T	103	missense	NC_000962.3:801114:G:A	6	1	1	1	0.013	L4	L4	single_or_fixed	0	-
MFX	moxifloxacin	gyrB	p.K521R	521	missense	NC_000962.3:6800:A:G	6	1	1	1	0.015	L2	L2	single_or_fixed	0	-
MFX	moxifloxacin	gyrB	p.S576I	576	missense	NC_000962.3:6965:G:T	6	1	1	1	0.06	L1	L1	single_or_fixed	0	levofloxacin:uncertain;moxifloxacin:uncertain
MFX	moxifloxacin	gyrB	p.R421H	421	missense	NC_000962.3:6500:G:A	6	1	1	1	0.013	L4	L4	single_or_fixed	0	-
MFX	moxifloxacin	gyrB	p.A593E	593	missense	NC_000962.3:7016:C:A	6	1	1	1	0.508	L6	L6	single_or_fixed	0	-
MFX	moxifloxacin	gyrB	p.R665C	665	missense	NC_000962.3:7231:C:T	6	1	1	1	0.06	L1	L1	single_or_fixed	0	levofloxacin:uncertain;moxifloxacin:uncertain
MFX	moxifloxacin	gyrB	p.I527V	527	missense	NC_000962.3:6817:A:G	6	1	1	1	0.013	L4	L4	single_or_fixed	0	levofloxacin:uncertain;moxifloxacin:uncertain
MFX	moxifloxacin	gyrB	p.G598E	598	missense	NC_000962.3:7031:G:A	6	1	1	1	0.06	L1	L1	single_or_fixed	0	levofloxacin:uncertain;moxifloxacin:uncertain
MFX	moxifloxacin	gyrA	p.D209E	209	missense	NC_000962.3:7927:C:G	6	1	1	1	0.013	L4	L4	single_or_fixed	0	-
MFX	moxifloxacin	gyrA	p.T2I	2	missense	NC_000962.3:7305:C:T	6	1	1	1	0.013	L4	L4	single_or_fixed	0	-
MFX	moxifloxacin	gyrA	p.D308E	308	missense	NC_000962.3:8224:T:G	6	1	1	1	0.013	L4	L4	single_or_fixed	0	-
MFX	moxifloxacin	gyrA	p.T735S	735	missense	NC_000962.3:9504:C:G	6	1	1	1	0.015	L2	L2	single_or_fixed	0	levofloxacin:uncertain;moxifloxacin:uncertain
MFX	moxifloxacin	gyrA	p.T4A	4	missense	NC_000962.3:7310:A:G	6	1	1	1	0.015	L2	L2	single_or_fixed	0	-
MFX	moxifloxacin	gyrA	p.Q305R	305	missense	NC_000962.3:8214:A:G	6	1	1	1	0.015	L2	L2	single_or_fixed	0	levofloxacin:uncertain;moxifloxacin:uncertain
MFX	moxifloxacin	gyrA	p.R14L	14	missense	NC_000962.3:7341:G:T	6	1	1	1	0.06	L1	L1	single_or_fixed	0	levofloxacin:uncertain;moxifloxacin:uncertain
MFX	moxifloxacin	gyrA	p.R442H	442	missense	NC_000962.3:8625:G:A	6	1	1	1	0.013	L4	L4	single_or_fixed	0	-
MFX	moxifloxacin	gyrA	p.S411A	411	missense	NC_000962.3:8531:T:G	6	1	1	1	0.013	L4	L4	single_or_fixed	0	levofloxacin:uncertain;moxifloxacin:uncertain
MFX	moxifloxacin	gyrA	p.I405V	405	missense	NC_000962.3:8513:A:G	6	1	1	1	0.086	BOV	BOV	single_or_fixed	0	-
MFX	moxifloxacin	gyrA	p.V374L	374	missense	NC_000962.3:8420:G:T	6	1	1	1	0.06	L1	L1	single_or_fixed	0	-
MFX	moxifloxacin	gyrA	p.A601P	601	missense	NC_000962.3:9101:G:C	6	1	1	1	0.013	L4	L4	single_or_fixed	0	-
MFX	moxifloxacin	gyrA	p.E412G	412	missense	NC_000962.3:8535:A:G	6	1	1	1	0.06	L1	L1	single_or_fixed	0	levofloxacin:uncertain;moxifloxacin:uncertain
MFX	moxifloxacin	gyrA	p.L356M	356	missense	NC_000962.3:8366:C:A	6	1	1	1	0.06	L1	L1	single_or_fixed	0	-
PMD	pretomanid	fgd1	p.Q47K	47	missense	NC_000962.3:490920:C:A	6	1	1	1	0.013	L4	L4	single_or_fixed	0	-
PMD	pretomanid	fgd1	p.Q47L	47	missense	NC_000962.3:490921:A:T	6	1	1	1	0.015	L2	L2	single_or_fixed	0	clofazimine:uncertain;delamanid:uncertain
PMD	pretomanid	fgd1	p.G168R	168	missense	NC_000962.3:491283:G:A	6	1	1	1	0.013	L4	L4	single_or_fixed	0	clofazimine:uncertain;delamanid:uncertain
PMD	pretomanid	fbiC	p.P607A	607	missense	NC_000962.3:1304748:C:G	6	1	1	1	0.013	L4	L4	single_or_fixed	0	-
PMD	pretomanid	fbiC	p.V830I	830	missense	NC_000962.3:1305417:G:A	6	1	1	1	0.013	L4	L4	single_or_fixed	0	-
PMD	pretomanid	fbiC	p.A132T	132	missense	NC_000962.3:1303323:G:A	6	1	1	1	0.015	L2	L2	single_or_fixed	0	-
PMD	pretomanid	fbiC	p.A378E	378	missense	NC_000962.3:1304062:C:A	6	1	1	1	0.015	L2	L2	single_or_fixed	0	clofazimine:uncertain;delamanid:uncertain
PMD	pretomanid	fbiC	p.A594S	594	missense	NC_000962.3:1304709:G:T	6	1	1	1	0.015	L2	L2	single_or_fixed	0	clofazimine:uncertain;delamanid:uncertain
PMD	pretomanid	fbiC	p.P19R	19	missense	NC_000962.3:1302985:C:G	6	1	1	1	0.015	L2	L2	single_or_fixed	0	-
PMD	pretomanid	fbiC	p.A345G	345	missense	NC_000962.3:1303963:C:G	6	1	1	1	0.013	L4	L4	single_or_fixed	0	-
PMD	pretomanid	fbiC	p.P843Q	843	missense	NC_000962.3:1305457:C:A	6	1	1	1	0.508	L6	L6	single_or_fixed	0	-
PMD	pretomanid	fbiC	p.I291V	291	missense	NC_000962.3:1303800:A:G	6	1	1	1	0.06	L1	L1	single_or_fixed	0	-
PMD	pretomanid	fbiC	p.I453V	453	missense	NC_000962.3:1304286:A:G	6	1	1	1	0.013	L4	L4	single_or_fixed	0	clofazimine:uncertain;delamanid:uncertain
PMD	pretomanid	fbiC	p.K226E	226	missense	NC_000962.3:1303605:A:G	6	1	1	1	0.086	BOV	BOV	single_or_fixed	0	-
PMD	pretomanid	fbiD	p.V189I	189	missense	NC_000962.3:3339681:G:A	6	1	1	1	0.015	L2	L2	single_or_fixed	0	-
PMD	pretomanid	fbiD	p.V211G	211	missense	NC_000962.3:3339748:T:G	6	1	1	1	0.015	L2	L2	single_or_fixed	0	-
PMD	pretomanid	fbiD	p.D78N	78	missense	NC_000962.3:3339348:G:A	6	1	1	1	0.013	L4	L4	single_or_fixed	0	clofazimine:uncertain;delamanid:uncertain
PMD	pretomanid	fbiD	p.E127Q	127	missense	NC_000962.3:3339495:G:C	6	1	1	1	0.013	L4	L4	single_or_fixed	0	-
PMD	pretomanid	fbiD	p.L47V	47	missense	NC_000962.3:3339255:T:G	6	1	1	1	0.086	BOV	BOV	single_or_fixed	0	-
PMD	pretomanid	fbiA	p.T258A	258	missense	NC_000962.3:3641313:A:G	6	1	1	1	0.013	L4	L4	single_or_fixed	0	-
PMD	pretomanid	fbiA	p.T302P	302	missense	NC_000962.3:3641445:A:C	6	1	1	1	0.015	L2	L2	single_or_fixed	0	-
PMD	pretomanid	fbiA	p.S42C	42	missense	NC_000962.3:3640665:A:T	6	1	1	1	0.015	L2	L2	single_or_fixed	0	clofazimine:uncertain;delamanid:uncertain
PMD	pretomanid	fbiA	p.D38Y	38	missense	NC_000962.3:3640653:G:T	6	1	1	1	0.066	L3	L3	single_or_fixed	0	-
PMD	pretomanid	fbiA	p.N314K	314	missense	NC_000962.3:3641483:C:A	6	1	1	1	0.013	L4	L4	single_or_fixed	0	clofazimine:uncertain;delamanid:uncertain
PMD	pretomanid	fbiB	p.D437G	437	missense	NC_000962.3:3642843:A:G	6	1	1	1	0.015	L2	L2	single_or_fixed	0	clofazimine:uncertain;delamanid:uncertain
PMD	pretomanid	fbiB	p.A328V	328	missense	NC_000962.3:3642516:C:T	6	1	1	1	0.086	BOV	BOV	single_or_fixed	0	-
PMD	pretomanid	fbiB	p.S8F	8	missense	NC_000962.3:3641556:C:T	6	1	1	1	0.06	L1	L1	single_or_fixed	0	-
PMD	pretomanid	fbiB	p.D367A	367	missense	NC_000962.3:3642633:A:C	6	1	1	1	0.013	L4	L4	single_or_fixed	0	-
PMD	pretomanid	ddn	p.V127F	127	missense	NC_000962.3:3987221:G:T	6	1	1	1	0.066	L3	L3	single_or_fixed	0	delamanid:uncertain
PMD	pretomanid	ddn	p.E83Q	83	missense	NC_000962.3:3987089:G:C	6	1	1	1	0.06	L1	L1	single_or_fixed	0	-
PMD	pretomanid	ddn	p.G70V	70	missense	NC_000962.3:3987051:G:T	6	1	1	1	0.06	L1	L1	single_or_fixed	0	delamanid:uncertain
PMD	pretomanid	ddn	p.W20*	20	stop_gained	NC_000962.3:3986902:G:A	6	1	1	1	0.013	L4	L4	single_or_fixed	1	delamanid:R-associated
BDQ	bedaquiline	mmpR5	p.L43P	43	missense	NC_000962.3:779116:T:C	5	1	1	1	0.013	L2	L2	single_or_fixed	0	-
BDQ	bedaquiline	mmpR5	p.R109Q	109	missense	NC_000962.3:779314:G:A	5	1	1	1	0.05	L1	L1	single_or_fixed	0	-
BDQ	bedaquiline	mmpR5	p.E104*	104	stop_gained	NC_000962.3:779298:G:T	5	1	1	1	0.05	L1	L1	single_or_fixed	1	bedaquiline:R-associated;clofazimine:R-associated
BDQ	bedaquiline	atpE	p.I66M	66	missense	NC_000962.3:1461241:C:G	5	1	1	1	0.013	L2	L2	single_or_fixed	1	bedaquiline:R-associated
BDQ	bedaquiline	atpE	p.I16V	16	missense	NC_000962.3:1461089:A:G	5	1	1	1	0.05	L1	L1	single_or_fixed	0	-
BDQ	bedaquiline	pepQ	p.V298I	298	missense	NC_000962.3:2859526:C:T	5	1	1	1	0.011	L4	L4	single_or_fixed	0	bedaquiline:uncertain;clofazimine:uncertain
BDQ	bedaquiline	pepQ	p.A282T	282	missense	NC_000962.3:2859574:C:T	5	1	1	1	0.011	L4	L4	single_or_fixed	0	-
BDQ	bedaquiline	pepQ	p.S17A	17	missense	NC_000962.3:2860369:A:C	5	1	1	1	0.011	L4	L4	single_or_fixed	0	-
BDQ	bedaquiline	pepQ	p.I28R	28	missense	NC_000962.3:2860335:A:C	5	1	1	1	0.013	L2	L2	single_or_fixed	0	bedaquiline:uncertain;clofazimine:uncertain
BDQ	bedaquiline	pepQ	p.D283G	283	missense	NC_000962.3:2859570:T:C	5	1	1	1	0.011	L4	L4	single_or_fixed	0	-
BDQ	bedaquiline	pepQ	p.V158L	158	missense	NC_000962.3:2859946:C:A	5	1	1	1	0.011	L4	L4	single_or_fixed	0	-
BDQ	bedaquiline	pepQ	p.V324M	324	missense	NC_000962.3:2859448:C:T	5	1	1	1	0.011	L4	L4	single_or_fixed	0	bedaquiline:uncertain;clofazimine:uncertain
BDQ	bedaquiline	pepQ	p.R81S	81	missense	NC_000962.3:2860177:G:T	5	1	1	1	0.072	BOV	BOV	single_or_fixed	0	-
BDQ	bedaquiline	pepQ	p.T2I	2	missense	NC_000962.3:2860413:G:A	5	1	1	1	0.072	BOV	BOV	single_or_fixed	0	-
COMP	rifampicin	rpoC	p.A542G	542	missense	NC_000962.3:764993:C:G	5	1	1	1	0.011	L4	L4	single_or_fixed	0	rifampicin:uncertain
COMP	rifampicin	rpoC	p.P678S	678	missense	NC_000962.3:765400:C:T	5	1	1	1	0.072	BOV	BOV	single_or_fixed	0	-
COMP	rifampicin	rpoC	p.N1239D	1239	missense	NC_000962.3:767083:A:G	5	1	1	1	0.013	L2	L2	single_or_fixed	0	rifampicin:uncertain
COMP	rifampicin	rpoC	p.P678R	678	missense	NC_000962.3:765401:C:G	5	1	1	1	0.013	L2	L2	single_or_fixed	0	-
COMP	rifampicin	rpoC	p.D57A	57	missense	NC_000962.3:763538:A:C	5	1	1	1	0.013	L2	L2	single_or_fixed	0	rifampicin:uncertain
COMP	rifampicin	rpoC	p.G1108S	1108	missense	NC_000962.3:766690:G:A	5	1	1	1	0.013	L2	L2	single_or_fixed	0	rifampicin:uncertain
COMP	rifampicin	rpoC	p.Y599C	599	missense	NC_000962.3:765164:A:G	5	1	1	1	0.013	L2	L2	single_or_fixed	0	-
COMP	rifampicin	rpoC	p.P1118L	1118	missense	NC_000962.3:766721:C:T	5	1	1	1	0.011	L4	L4	single_or_fixed	0	rifampicin:uncertain
COMP	rifampicin	rpoC	p.E1289G	1289	missense	NC_000962.3:767234:A:G	5	1	1	1	0.072	BOV	BOV	single_or_fixed	0	rifampicin:uncertain
COMP	rifampicin	rpoC	p.A856T	856	missense	NC_000962.3:765934:G:A	5	1	1	1	0.011	L4	L4	single_or_fixed	0	-
COMP	rifampicin	rpoC	p.R752G	752	missense	NC_000962.3:765622:C:G	5	1	1	1	0.072	BOV	BOV	single_or_fixed	0	-
COMP	rifampicin	rpoC	p.S1148L	1148	missense	NC_000962.3:766811:C:T	5	1	1	1	0.011	L4	L4	single_or_fixed	0	-
COMP	rifampicin	rpoC	p.T589A	589	missense	NC_000962.3:765133:A:G	5	1	1	1	0.011	L4	L4	single_or_fixed	0	-
COMP	rifampicin	rpoC	p.I358V	358	missense	NC_000962.3:764440:A:G	5	1	1	1	0.011	L4	L4	single_or_fixed	0	rifampicin:uncertain
COMP	rifampicin	rpoC	p.A193V	193	missense	NC_000962.3:763946:C:T	5	1	1	1	0.011	L4	L4	single_or_fixed	0	rifampicin:uncertain
COMP	rifampicin	rpoC	p.V898L	898	missense	NC_000962.3:766060:G:C	5	1	1	1	0.011	L4	L4	single_or_fixed	0	-
COMP	rifampicin	rpoC	p.D783E	783	missense	NC_000962.3:765717:C:G	5	1	1	1	0.011	L4	L4	single_or_fixed	0	rifampicin:uncertain
COMP	rifampicin	rpoA	p.S53G	53	missense	NC_000962.3:3878350:T:C	5	1	1	1	0.013	L2	L2	single_or_fixed	0	rifampicin:uncertain
COMP	rifampicin	rpoA	p.E137G	137	missense	NC_000962.3:3878097:T:C	5	1	1	1	0.013	L2	L2	single_or_fixed	0	rifampicin:uncertain
COMP	rifampicin	rpoA	p.T181I	181	missense	NC_000962.3:3877965:G:A	5	1	1	1	0.013	L2	L2	single_or_fixed	0	rifampicin:uncertain
COMP	rifampicin	rpoA	p.Y336H	336	missense	NC_000962.3:3877501:A:G	5	1	1	1	0.011	L4	L4	single_or_fixed	0	rifampicin:uncertain
COMP	rifampicin	rpoA	p.Y261C	261	missense	NC_000962.3:3877725:T:C	5	1	1	1	0.011	L4	L4	single_or_fixed	0	-
LZD	linezolid	rplC	p.R133H	133	missense	NC_000962.3:801205:G:A	5	1	1	1	0.011	L4	L4	single_or_fixed	0	-
LZD	linezolid	rplC	p.N63T	63	missense	NC_000962.3:800995:A:C	5	1	1	1	0.011	L4	L4	single_or_fixed	0	-
LZD	linezolid	rplC	p.G131S	131	missense	NC_000962.3:801198:G:A	5	1	1	1	0.013	L2	L2	single_or_fixed	0	linezolid:uncertain
LZD	linezolid	rplC	p.G168R	168	missense	NC_000962.3:801309:G:C	5	1	1	1	0.05	L1	L1	single_or_fixed	0	linezolid:uncertain
LZD	linezolid	rplC	p.G125S	125	missense	NC_000962.3:801180:G:A	5	1	1	1	0.011	L4	L4	single_or_fixed	0	-
MFX	moxifloxacin	gyrB	p.V427M	427	missense	NC_000962.3:6517:G:A	5	1	1	1	0.011	L4	L4	single_or_fixed	0	levofloxacin:uncertain;moxifloxacin:uncertain
MFX	moxifloxacin	gyrB	p.T283P	283	missense	NC_000962.3:6085:A:C	5	1	1	1	0.011	L4	L4	single_or_fixed	0	-
MFX	moxifloxacin	gyrB	p.D340E	340	missense	NC_000962.3:6258:C:A	5	1	1	1	0.011	L4	L4	single_or_fixed	0	-
MFX	moxifloxacin	gyrB	p.D640A	640	missense	NC_000962.3:7157:A:C	5	1	1	1	0.011	L4	L4	single_or_fixed	0	levofloxacin:uncertain;moxifloxacin:uncertain
MFX	moxifloxacin	gyrB	p.S363R	363	missense	NC_000962.3:6325:A:C	5	1	1	1	0.055	L3	L3	single_or_fixed	0	levofloxacin:uncertain;moxifloxacin:uncertain
MFX	moxifloxacin	gyrB	p.T664S	664	missense	NC_000962.3:7229:C:G	5	1	1	1	0.011	L4	L4	single_or_fixed	0	-
MFX	moxifloxacin	gyrB	p.A242V	242	missense	NC_000962.3:5963:C:T	5	1	1	1	0.013	L2	L2	single_or_fixed	0	-
MFX	moxifloxacin	gyrB	p.K262N	262	missense	NC_000962.3:6024:A:C	5	1	1	1	0.013	L2	L2	single_or_fixed	0	-
MFX	moxifloxacin	gyrB	p.G203V	203	missense	NC_000962.3:5846:G:T	5	1	1	1	0.013	L2	L2	single_or_fixed	0	levofloxacin:uncertain
MFX	moxifloxacin	gyrB	p.D259E	259	missense	NC_000962.3:6015:C:G	5	1	1	1	0.011	L4	L4	single_or_fixed	0	levofloxacin:uncertain;moxifloxacin:uncertain
MFX	moxifloxacin	gyrB	p.A533G	533	missense	NC_000962.3:6836:C:G	5	1	1	1	0.05	L1	L1	single_or_fixed	0	-
MFX	moxifloxacin	gyrB	p.T209A	209	missense	NC_000962.3:5863:A:G	5	1	1	1	0.011	L4	L4	single_or_fixed	0	levofloxacin:uncertain;moxifloxacin:uncertain
MFX	moxifloxacin	gyrB	p.V226I	226	missense	NC_000962.3:5914:G:A	5	1	1	1	0.011	L4	L4	single_or_fixed	0	-
MFX	moxifloxacin	gyrB	p.E39G	39	missense	NC_000962.3:5354:A:G	5	1	1	1	0.05	L1	L1	single_or_fixed	0	-
MFX	moxifloxacin	gyrB	p.M474I	474	missense	NC_000962.3:6660:G:A	5	1	1	1	0.011	L4	L4	single_or_fixed	0	-
MFX	moxifloxacin	gyrB	p.K166E	166	missense	NC_000962.3:5734:A:G	5	1	1	1	0.05	L1	L1	single_or_fixed	0	-
MFX	moxifloxacin	gyrA	p.D94A	94	missense	NC_000962.3:7581:A:C	5	1	1	1	0.011	L4	L4	single_or_fixed	1	levofloxacin:R-associated;levofloxacin:R-associated;moxifloxacin:R-associated;moxifloxacin:R-associated
MFX	moxifloxacin	gyrA	p.A90S	90	missense	NC_000962.3:7568:G:T	5	1	1	1	0.011	L4	L4	single_or_fixed	0	-
MFX	moxifloxacin	gyrA	p.L566W	566	missense	NC_000962.3:8997:T:G	5	1	1	1	0.011	L4	L4	single_or_fixed	0	levofloxacin:uncertain;moxifloxacin:uncertain
MFX	moxifloxacin	gyrA	p.P154L	154	missense	NC_000962.3:7761:C:T	5	1	1	1	0.011	L4	L4	single_or_fixed	0	levofloxacin:uncertain;moxifloxacin:uncertain
MFX	moxifloxacin	gyrA	p.I499V	499	missense	NC_000962.3:8795:A:G	5	1	1	1	0.011	L4	L4	single_or_fixed	0	-
MFX	moxifloxacin	gyrA	p.T638N	638	missense	NC_000962.3:9213:C:A	5	1	1	1	0.013	L2	L2	single_or_fixed	0	levofloxacin:uncertain;moxifloxacin:uncertain
MFX	moxifloxacin	gyrA	p.D515N	515	missense	NC_000962.3:8843:G:A	5	1	1	1	0.013	L2	L2	single_or_fixed	0	levofloxacin:uncertain;moxifloxacin:uncertain
MFX	moxifloxacin	gyrA	p.V259L	259	missense	NC_000962.3:8075:G:T	5	1	1	1	0.013	L2	L2	single_or_fixed	0	-
MFX	moxifloxacin	gyrA	p.G491S	491	missense	NC_000962.3:8771:G:A	5	1	1	1	0.055	L3	L3	single_or_fixed	0	-
MFX	moxifloxacin	gyrA	p.A40T	40	missense	NC_000962.3:7418:G:A	5	1	1	1	0.013	L2	L2	single_or_fixed	0	levofloxacin:uncertain
MFX	moxifloxacin	gyrA	p.R169W	169	missense	NC_000962.3:7805:C:T	5	1	1	1	0.013	L2	L2	single_or_fixed	0	-
MFX	moxifloxacin	gyrA	p.I189V	189	missense	NC_000962.3:7865:A:G	5	1	1	1	0.011	L4	L4	single_or_fixed	0	levofloxacin:uncertain;moxifloxacin:uncertain
MFX	moxifloxacin	gyrA	p.A198G	198	missense	NC_000962.3:7893:C:G	5	1	1	1	0.05	L1	L1	single_or_fixed	0	levofloxacin:uncertain;moxifloxacin:uncertain
MFX	moxifloxacin	gyrA	p.I408V	408	missense	NC_000962.3:8522:A:G	5	1	1	1	0.05	L1	L1	single_or_fixed	0	levofloxacin:uncertain
MFX	moxifloxacin	gyrA	p.P741S	741	missense	NC_000962.3:9521:C:T	5	1	1	1	0.05	L1	L1	single_or_fixed	0	-
MFX	moxifloxacin	gyrA	p.G63A	63	missense	NC_000962.3:7488:G:C	5	1	1	1	0.05	L1	L1	single_or_fixed	0	moxifloxacin:uncertain
MFX	moxifloxacin	gyrA	p.T339I	339	missense	NC_000962.3:8316:C:T	5	1	1	1	0.011	L4	L4	single_or_fixed	0	-
MFX	moxifloxacin	gyrA	p.V753I	753	missense	NC_000962.3:9557:G:A	5	1	1	1	0.424	L6	L6	single_or_fixed	0	-
MFX	moxifloxacin	gyrA	p.V544M	544	missense	NC_000962.3:8930:G:A	5	1	1	1	0.011	L4	L4	single_or_fixed	0	-
MFX	moxifloxacin	gyrA	p.A406T	406	missense	NC_000962.3:8516:G:A	5	1	1	1	0.011	L4	L4	single_or_fixed	0	-
MFX	moxifloxacin	gyrA	p.F202L	202	missense	NC_000962.3:7906:C:G	5	1	1	1	0.011	L4	L4	single_or_fixed	0	-
MFX	moxifloxacin	gyrA	p.D293Y	293	missense	NC_000962.3:8177:G:T	5	1	1	1	0.011	L4	L4	single_or_fixed	0	levofloxacin:uncertain;moxifloxacin:uncertain
MFX	moxifloxacin	gyrA	p.K319N	319	missense	NC_000962.3:8257:G:C	5	1	1	1	0.011	L4	L4	single_or_fixed	0	levofloxacin:uncertain;moxifloxacin:uncertain
MFX	moxifloxacin	gyrA	p.P604T	604	missense	NC_000962.3:9110:C:A	5	1	1	1	0.011	L4	L4	single_or_fixed	0	levofloxacin:uncertain
MFX	moxifloxacin	gyrA	p.S822T	822	missense	NC_000962.3:9765:G:C	5	1	1	1	0.072	BOV	BOV	single_or_fixed	0	-
PMD	pretomanid	fgd1	p.D153E	153	missense	NC_000962.3:491240:C:G	5	1	1	1	0.011	L4	L4	single_or_fixed	0	-
PMD	pretomanid	fgd1	p.D263N	263	missense	NC_000962.3:491568:G:A	5	1	1	1	0.05	L1	L1	single_or_fixed	0	-
PMD	pretomanid	fgd1	p.Q141E	141	missense	NC_000962.3:491202:C:G	5	1	1	1	0.011	L4	L4	single_or_fixed	0	-
PMD	pretomanid	fgd1	p.E19D	19	missense	NC_000962.3:490838:G:T	5	1	1	1	0.013	L2	L2	single_or_fixed	0	clofazimine:uncertain;delamanid:uncertain
PMD	pretomanid	fgd1	p.F90S	90	missense	NC_000962.3:491050:T:C	5	1	1	1	0.013	L2	L2	single_or_fixed	0	clofazimine:uncertain
PMD	pretomanid	fgd1	p.A35V	35	missense	NC_000962.3:490885:C:T	5	1	1	1	0.011	L4	L4	single_or_fixed	0	clofazimine:uncertain;delamanid:uncertain
PMD	pretomanid	fbiC	p.I691V	691	missense	NC_000962.3:1305000:A:G	5	1	1	1	0.011	L4	L4	single_or_fixed	0	-
PMD	pretomanid	fbiC	p.V720I	720	missense	NC_000962.3:1305087:G:A	5	1	1	1	0.011	L4	L4	single_or_fixed	0	-
PMD	pretomanid	fbiC	p.D313G	313	missense	NC_000962.3:1303867:A:G	5	1	1	1	0.013	L2	L2	single_or_fixed	0	clofazimine:uncertain;delamanid:uncertain
PMD	pretomanid	fbiC	p.K682R	682	missense	NC_000962.3:1304974:A:G	5	1	1	1	0.013	L2	L2	single_or_fixed	0	clofazimine:uncertain;delamanid:uncertain
PMD	pretomanid	fbiC	p.W155R	155	missense	NC_000962.3:1303392:T:C	5	1	1	1	0.011	L4	L4	single_or_fixed	0	-
PMD	pretomanid	fbiC	p.I263V	263	missense	NC_000962.3:1303716:A:G	5	1	1	1	0.011	L4	L4	single_or_fixed	0	-
PMD	pretomanid	fbiC	p.V625A	625	missense	NC_000962.3:1304803:T:C	5	1	1	1	0.05	L1	L1	single_or_fixed	0	-
PMD	pretomanid	fbiC	p.S172C	172	missense	NC_000962.3:1303444:C:G	5	1	1	1	0.011	L4	L4	single_or_fixed	0	clofazimine:uncertain;delamanid:uncertain
PMD	pretomanid	fbiC	p.T146I	146	missense	NC_000962.3:1303366:C:T	5	1	1	1	0.011	L4	L4	single_or_fixed	0	-
PMD	pretomanid	fbiD	p.R169Q	169	missense	NC_000962.3:3339622:G:A	5	1	1	1	0.013	L2	L2	single_or_fixed	0	clofazimine:uncertain;delamanid:uncertain
PMD	pretomanid	fbiD	p.A107T	107	missense	NC_000962.3:3339435:G:A	5	1	1	1	0.013	L2	L2	single_or_fixed	0	-
PMD	pretomanid	fbiA	p.R14G	14	missense	NC_000962.3:3640581:C:G	5	1	1	1	0.011	L4	L4	single_or_fixed	0	-
PMD	pretomanid	fbiA	p.A190T	190	missense	NC_000962.3:3641109:G:A	5	1	1	1	0.013	L2	L2	single_or_fixed	0	clofazimine:uncertain;delamanid:uncertain
PMD	pretomanid	fbiA	p.S184T	184	missense	NC_000962.3:3641092:G:C	5	1	1	1	0.055	L3	L3	single_or_fixed	0	clofazimine:uncertain;delamanid:uncertain
PMD	pretomanid	fbiA	p.V306M	306	missense	NC_000962.3:3641457:G:A	5	1	1	1	0.011	L4	L4	single_or_fixed	0	clofazimine:uncertain;delamanid:uncertain
PMD	pretomanid	fbiB	p.P440S	440	missense	NC_000962.3:3642851:C:T	5	1	1	1	0.05	L1	L1	single_or_fixed	0	clofazimine:uncertain;delamanid:uncertain
PMD	pretomanid	fbiB	p.T131A	131	missense	NC_000962.3:3641924:A:G	5	1	1	1	0.013	L2	L2	single_or_fixed	0	-
PMD	pretomanid	fbiB	p.R293W	293	missense	NC_000962.3:3642410:C:T	5	1	1	1	0.05	L1	L1	single_or_fixed	0	-
PMD	pretomanid	fbiB	p.T292A	292	missense	NC_000962.3:3642407:A:G	5	1	1	1	0.011	L4	L4	single_or_fixed	0	clofazimine:uncertain;delamanid:uncertain
PMD	pretomanid	fbiB	p.Q339R	339	missense	NC_000962.3:3642549:A:G	5	1	1	1	0.011	L4	L4	single_or_fixed	0	clofazimine:uncertain;delamanid:uncertain
PMD	pretomanid	fbiB	p.R70T	70	missense	NC_000962.3:3641742:G:C	5	1	1	1	0.072	BOV	BOV	single_or_fixed	0	-
PMD	pretomanid	ddn	p.R72Q	72	missense	NC_000962.3:3987057:G:A	5	1	1	1	0.011	L4	L4	single_or_fixed	0	delamanid:uncertain
PMD	pretomanid	ddn	p.T140I	140	missense	NC_000962.3:3987261:C:T	5	1	1	1	0.011	L4	L4	single_or_fixed	0	-
BDQ	bedaquiline	mmpR5	p.R160Q	160	missense	NC_000962.3:779467:G:A	4	1	1	1	0.009	L4	L4	single_or_fixed	0	-
BDQ	bedaquiline	mmpR5	p.R38*	38	stop_gained	NC_000962.3:779100:C:T	4	1	1	1	0.009	L4	L4	single_or_fixed	1	bedaquiline:R-associated;clofazimine:R-associated
BDQ	bedaquiline	mmpR5	p.V149I	149	missense	NC_000962.3:779433:G:A	4	1	1	1	0.04	L1	L1	single_or_fixed	0	-
BDQ	bedaquiline	mmpR5	p.M146I	146	missense	NC_000962.3:779426:G:A	4	1	1	1	0.04	L1	L1	single_or_fixed	0	-
BDQ	bedaquiline	mmpR5	p.Q76E	76	missense	NC_000962.3:779214:C:G	4	1	1	1	0.044	L3	L3	single_or_fixed	0	bedaquiline:uncertain;clofazimine:uncertain
BDQ	bedaquiline	mmpR5	p.Y145C	145	missense	NC_000962.3:779422:A:G	4	1	1	1	0.01	L2	L2	single_or_fixed	0	-
BDQ	bedaquiline	mmpR5	p.G126D	126	missense	NC_000962.3:779365:G:A	4	1	1	1	0.04	L1	L1	single_or_fixed	0	-
BDQ	bedaquiline	mmpR5	p.N148H	148	missense	NC_000962.3:779430:A:C	4	1	1	1	0.04	L1	L1	single_or_fixed	0	clofazimine:uncertain
BDQ	bedaquiline	mmpR5	p.Q9*	9	stop_gained	NC_000962.3:779013:C:T	4	1	1	1	0.009	L4	L4	single_or_fixed	1	bedaquiline:R-associated;clofazimine:R-associated
BDQ	bedaquiline	pepQ	p.D8H	8	missense	NC_000962.3:2860396:C:G	4	1	1	1	0.009	L4	L4	single_or_fixed	0	-
BDQ	bedaquiline	pepQ	p.D151G	151	missense	NC_000962.3:2859966:T:C	4	1	1	1	0.01	L2	L2	single_or_fixed	0	-
BDQ	bedaquiline	pepQ	p.V336A	336	missense	NC_000962.3:2859411:A:G	4	1	1	1	0.01	L2	L2	single_or_fixed	0	-
BDQ	bedaquiline	pepQ	p.L145V	145	missense	NC_000962.3:2859985:G:C	4	1	1	1	0.01	L2	L2	single_or_fixed	0	-
BDQ	bedaquiline	pepQ	p.A198T	198	missense	NC_000962.3:2859826:C:T	4	1	1	1	0.04	L1	L1	single_or_fixed	0	-
BDQ	bedaquiline	pepQ	p.V53M	53	missense	NC_000962.3:2860261:C:T	4	1	1	1	0.04	L1	L1	single_or_fixed	0	clofazimine:uncertain
BDQ	bedaquiline	pepQ	p.A355V	355	missense	NC_000962.3:2859354:G:A	4	1	1	1	0.009	L4	L4	single_or_fixed	0	-
COMP	rifampicin	rpoC	p.A648D	648	missense	NC_000962.3:765311:C:A	4	1	1	1	0.04	L1	L1	single_or_fixed	0	rifampicin:uncertain
COMP	rifampicin	rpoC	p.E488D	488	missense	NC_000962.3:764832:A:C	4	1	1	1	0.01	L2	L2	single_or_fixed	0	rifampicin:uncertain
COMP	rifampicin	rpoC	p.S1115L	1115	missense	NC_000962.3:766712:C:T	4	1	1	1	0.009	L4	L4	single_or_fixed	0	rifampicin:uncertain
COMP	rifampicin	rpoC	p.Y915F	915	missense	NC_000962.3:766112:A:T	4	1	1	1	0.009	L4	L4	single_or_fixed	0	-
COMP	rifampicin	rpoC	p.M663I	663	missense	NC_000962.3:765357:G:C	4	1	1	1	0.009	L4	L4	single_or_fixed	0	rifampicin:uncertain
COMP	rifampicin	rpoC	p.Q657H	657	missense	NC_000962.3:765339:G:T	4	1	1	1	0.009	L4	L4	single_or_fixed	0	-
COMP	rifampicin	rpoC	p.M663I	663	missense	NC_000962.3:765357:G:T	4	1	1	1	0.009	L4	L4	single_or_fixed	0	rifampicin:uncertain
COMP	rifampicin	rpoC	p.G655S	655	missense	NC_000962.3:765331:G:A	4	1	1	1	0.044	L3	L3	single_or_fixed	0	rifampicin:uncertain
COMP	rifampicin	rpoC	p.D714N	714	missense	NC_000962.3:765508:G:A	4	1	1	1	0.01	L2	L2	single_or_fixed	0	rifampicin:uncertain
COMP	rifampicin	rpoC	p.V1076F	1076	missense	NC_000962.3:766594:G:T	4	1	1	1	0.01	L2	L2	single_or_fixed	0	-
COMP	rifampicin	rpoC	p.T812A	812	missense	NC_000962.3:765802:A:G	4	1	1	1	0.01	L2	L2	single_or_fixed	0	rifampicin:uncertain
COMP	rifampicin	rpoC	p.R282L	282	missense	NC_000962.3:764213:G:T	4	1	1	1	0.01	L2	L2	single_or_fixed	0	rifampicin:uncertain
COMP	rifampicin	rpoC	p.A1202D	1202	missense	NC_000962.3:766973:C:A	4	1	1	1	0.01	L2	L2	single_or_fixed	0	rifampicin:uncertain
COMP	rifampicin	rpoC	p.D943E	943	missense	NC_000962.3:766197:C:A	4	1	1	1	0.01	L2	L2	single_or_fixed	0	rifampicin:uncertain
COMP	rifampicin	rpoC	p.G311R	311	missense	NC_000962.3:764299:G:C	4	1	1	1	0.01	L2	L2	single_or_fixed	0	rifampicin:uncertain
COMP	rifampicin	rpoC	p.P682Q	682	missense	NC_000962.3:765413:C:A	4	1	1	1	0.01	L2	L2	single_or_fixed	0	-
COMP	rifampicin	rpoC	p.M983V	983	missense	NC_000962.3:766315:A:G	4	1	1	1	0.01	L2	L2	single_or_fixed	0	rifampicin:uncertain
COMP	rifampicin	rpoC	p.P658L	658	missense	NC_000962.3:765341:C:T	4	1	1	1	0.044	L3	L3	single_or_fixed	0	rifampicin:uncertain
COMP	rifampicin	rpoC	p.D1117E	1117	missense	NC_000962.3:766719:C:A	4	1	1	1	0.01	L2	L2	single_or_fixed	0	-
COMP	rifampicin	rpoC	p.H1091P	1091	missense	NC_000962.3:766640:A:C	4	1	1	1	0.01	L2	L2	single_or_fixed	0	-
COMP	rifampicin	rpoC	p.L1055V	1055	missense	NC_000962.3:766531:C:G	4	1	1	1	0.01	L2	L2	single_or_fixed	0	-
COMP	rifampicin	rpoC	p.S1115P	1115	missense	NC_000962.3:766711:T:C	4	1	1	1	0.01	L2	L2	single_or_fixed	0	-
COMP	rifampicin	rpoC	p.T909M	909	missense	NC_000962.3:766094:C:T	4	1	1	1	0.009	L4	L4	single_or_fixed	0	rifampicin:uncertain
COMP	rifampicin	rpoC	p.A929G	929	missense	NC_000962.3:766154:C:G	4	1	1	1	0.009	L4	L4	single_or_fixed	0	rifampicin:uncertain
COMP	rifampicin	rpoC	p.F1175C	1175	missense	NC_000962.3:766892:T:G	4	1	1	1	0.899	L5	L5	single_or_fixed	0	rifampicin:uncertain
COMP	rifampicin	rpoC	p.Q415R	415	missense	NC_000962.3:764612:A:G	4	1	1	1	0.009	L4	L4	single_or_fixed	0	rifampicin:uncertain
COMP	rifampicin	rpoC	p.D913E	913	missense	NC_000962.3:766107:C:G	4	1	1	1	3.922	BOV_AFRI	BOV_AFRI	single_or_fixed	0	-
COMP	rifampicin	rpoC	p.A316T	316	missense	NC_000962.3:764314:G:A	4	1	1	1	0.009	L4	L4	single_or_fixed	0	rifampicin:uncertain
COMP	rifampicin	rpoC	p.M559L	559	missense	NC_000962.3:765043:A:C	4	1	1	1	0.009	L4	L4	single_or_fixed	0	-
COMP	rifampicin	rpoC	p.V1138G	1138	missense	NC_000962.3:766781:T:G	4	1	1	1	0.009	L4	L4	single_or_fixed	0	rifampicin:uncertain
COMP	rifampicin	rpoC	p.V1305I	1305	missense	NC_000962.3:767281:G:A	4	1	1	1	0.009	L4	L4	single_or_fixed	0	-
COMP	rifampicin	rpoC	p.K717M	717	missense	NC_000962.3:765518:A:T	4	1	1	1	0.009	L4	L4	single_or_fixed	0	rifampicin:uncertain
COMP	rifampicin	rpoC	p.E932K	932	missense	NC_000962.3:766162:G:A	4	1	1	1	0.009	L4	L4	single_or_fixed	0	rifampicin:uncertain
COMP	rifampicin	rpoC	p.A994T	994	missense	NC_000962.3:766348:G:A	4	1	1	1	0.009	L4	L4	single_or_fixed	0	rifampicin:uncertain
COMP	rifampicin	rpoC	p.L39R	39	missense	NC_000962.3:763484:T:G	4	1	1	1	0.009	L4	L4	single_or_fixed	0	rifampicin:uncertain
COMP	rifampicin	rpoC	p.G855S	855	missense	NC_000962.3:765931:G:A	4	1	1	1	0.009	L4	L4	single_or_fixed	0	rifampicin:uncertain
COMP	rifampicin	rpoC	p.K632N	632	missense	NC_000962.3:765264:G:C	4	1	1	1	0.009	L4	L4	single_or_fixed	0	-
COMP	rifampicin	rpoC	p.R1054G	1054	missense	NC_000962.3:766528:C:G	4	1	1	1	0.009	L4	L4	single_or_fixed	0	-
COMP	rifampicin	rpoC	p.L446V	446	missense	NC_000962.3:764704:C:G	4	1	1	1	0.009	L4	L4	single_or_fixed	0	rifampicin:uncertain
COMP	rifampicin	rpoC	p.P309S	309	missense	NC_000962.3:764293:C:T	4	1	1	1	0.009	L4	L4	single_or_fixed	0	-
COMP	rifampicin	rpoA	p.P121S	121	missense	NC_000962.3:3878146:G:A	4	1	1	1	0.009	L4	L4	single_or_fixed	0	rifampicin:uncertain
COMP	rifampicin	rpoA	p.T332I	332	missense	NC_000962.3:3877512:G:A	4	1	1	1	0.058	BOV	BOV	single_or_fixed	0	-
COMP	rifampicin	rpoA	p.V325A	325	missense	NC_000962.3:3877533:A:G	4	1	1	1	0.009	L4	L4	single_or_fixed	0	-
COMP	rifampicin	rpoA	p.P25L	25	missense	NC_000962.3:3878433:G:A	4	1	1	1	0.01	L2	L2	single_or_fixed	0	-
COMP	rifampicin	rpoA	p.G58R	58	missense	NC_000962.3:3878335:C:G	4	1	1	1	0.009	L4	L4	single_or_fixed	0	rifampicin:uncertain
COMP	rifampicin	rpoA	p.A335T	335	missense	NC_000962.3:3877504:C:T	4	1	1	1	0.009	L4	L4	single_or_fixed	0	-
LZD	linezolid	rplC	p.R79L	79	missense	NC_000962.3:801043:G:T	4	1	1	1	0.044	L3	L3	single_or_fixed	0	linezolid:uncertain
LZD	linezolid	rplC	p.V177A	177	missense	NC_000962.3:801337:T:C	4	1	1	1	0.04	L1	L1	single_or_fixed	0	-
LZD	linezolid	rplC	p.M13V	13	missense	NC_000962.3:800844:A:G	4	1	1	1	0.009	L4	L4	single_or_fixed	0	-
MFX	moxifloxacin	gyrB	p.D51H	51	missense	NC_000962.3:5389:G:C	4	1	1	1	0.009	L4	L4	single_or_fixed	0	-
MFX	moxifloxacin	gyrB	p.P439A	439	missense	NC_000962.3:6553:C:G	4	1	1	1	0.009	L4	L4	single_or_fixed	0	levofloxacin:uncertain;moxifloxacin:uncertain
MFX	moxifloxacin	gyrB	p.V407L	407	missense	NC_000962.3:6457:G:T	4	1	1	1	0.044	L3	L3	single_or_fixed	0	levofloxacin:uncertain;moxifloxacin:uncertain
MFX	moxifloxacin	gyrB	p.A410T	410	missense	NC_000962.3:6466:G:A	4	1	1	1	0.009	L4	L4	single_or_fixed	0	-
MFX	moxifloxacin	gyrB	p.F396L	396	missense	NC_000962.3:6426:T:A	4	1	1	1	0.01	L2	L2	single_or_fixed	0	-
MFX	moxifloxacin	gyrB	p.E604G	604	missense	NC_000962.3:7049:A:G	4	1	1	1	0.01	L2	L2	single_or_fixed	0	levofloxacin:uncertain;moxifloxacin:uncertain
MFX	moxifloxacin	gyrB	p.V171A	171	missense	NC_000962.3:5750:T:C	4	1	1	1	0.01	L2	L2	single_or_fixed	0	-
MFX	moxifloxacin	gyrB	p.A78T	78	missense	NC_000962.3:5470:G:A	4	1	1	1	0.01	L2	L2	single_or_fixed	0	levofloxacin:uncertain
MFX	moxifloxacin	gyrB	p.S413A	413	missense	NC_000962.3:6475:T:G	4	1	1	1	0.04	L1	L1	single_or_fixed	0	levofloxacin:uncertain;moxifloxacin:uncertain
MFX	moxifloxacin	gyrB	p.H252Y	252	missense	NC_000962.3:5992:C:T	4	1	1	1	0.009	L4	L4	single_or_fixed	0	levofloxacin:uncertain
MFX	moxifloxacin	gyrB	p.T214I	214	missense	NC_000962.3:5879:C:T	4	1	1	1	0.058	BOV	BOV	single_or_fixed	0	-
MFX	moxifloxacin	gyrB	p.A432V	432	missense	NC_000962.3:6533:C:T	4	1	1	1	0.04	L1	L1	single_or_fixed	0	levofloxacin:uncertain;moxifloxacin:uncertain
MFX	moxifloxacin	gyrB	p.E379G	379	missense	NC_000962.3:6374:A:G	4	1	1	1	0.04	L1	L1	single_or_fixed	0	levofloxacin:uncertain;moxifloxacin:uncertain
MFX	moxifloxacin	gyrB	p.R634L	634	missense	NC_000962.3:7139:G:T	4	1	1	1	0.009	L4	L4	single_or_fixed	0	levofloxacin:uncertain;moxifloxacin:uncertain
MFX	moxifloxacin	gyrB	p.R451H	451	missense	NC_000962.3:6590:G:A	4	1	1	1	0.04	L1	L1	single_or_fixed	0	levofloxacin:uncertain;moxifloxacin:uncertain
MFX	moxifloxacin	gyrB	p.R523H	523	missense	NC_000962.3:6806:G:A	4	1	1	1	0.009	L4	L4	single_or_fixed	0	levofloxacin:uncertain
MFX	moxifloxacin	gyrB	p.N558S	558	missense	NC_000962.3:6911:A:G	4	1	1	1	0.04	L1	L1	single_or_fixed	0	-
MFX	moxifloxacin	gyrB	p.A295G	295	missense	NC_000962.3:6122:C:G	4	1	1	1	0.009	L4	L4	single_or_fixed	0	-
MFX	moxifloxacin	gyrB	p.S279C	279	missense	NC_000962.3:6074:C:G	4	1	1	1	0.009	L4	L4	single_or_fixed	0	-
MFX	moxifloxacin	gyrA	p.D94H	94	missense	NC_000962.3:7580:G:C	4	1	1	1	0.009	L4	L4	single_or_fixed	1	levofloxacin:R-associated;levofloxacin:R-associated;moxifloxacin:R-associated;moxifloxacin:R-associated
MFX	moxifloxacin	gyrA	p.I189M	189	missense	NC_000962.3:7867:C:G	4	1	1	1	0.009	L4	L4	single_or_fixed	0	levofloxacin:uncertain;moxifloxacin:uncertain
MFX	moxifloxacin	gyrA	p.R292Q	292	missense	NC_000962.3:8175:G:A	4	1	1	1	0.009	L4	L4	single_or_fixed	0	-
MFX	moxifloxacin	gyrA	p.F640V	640	missense	NC_000962.3:9218:T:G	4	1	1	1	0.009	L4	L4	single_or_fixed	0	levofloxacin:uncertain;moxifloxacin:uncertain
MFX	moxifloxacin	gyrA	p.K325E	325	missense	NC_000962.3:8273:A:G	4	1	1	1	0.009	L4	L4	single_or_fixed	0	-
MFX	moxifloxacin	gyrA	p.N385D	385	missense	NC_000962.3:8453:A:G	4	1	1	1	0.058	BOV	BOV	single_or_fixed	0	-
MFX	moxifloxacin	gyrA	p.R320H	320	missense	NC_000962.3:8259:G:A	4	1	1	1	0.01	L2	L2	single_or_fixed	0	-
MFX	moxifloxacin	gyrA	p.V750A	750	missense	NC_000962.3:9549:T:C	4	1	1	1	0.044	L3	L3	single_or_fixed	0	levofloxacin:uncertain;moxifloxacin:uncertain
MFX	moxifloxacin	gyrA	p.I287T	287	missense	NC_000962.3:8160:T:C	4	1	1	1	0.01	L2	L2	single_or_fixed	0	-
MFX	moxifloxacin	gyrA	p.D619E	619	missense	NC_000962.3:9157:C:A	4	1	1	1	0.044	L3	L3	single_or_fixed	0	-
MFX	moxifloxacin	gyrA	p.Y107D	107	missense	NC_000962.3:7619:T:G	4	1	1	1	0.01	L2	L2	single_or_fixed	0	-
MFX	moxifloxacin	gyrA	p.D199G	199	missense	NC_000962.3:7896:A:G	4	1	1	1	0.044	L3	L3	single_or_fixed	0	-
MFX	moxifloxacin	gyrA	p.V291L	291	missense	NC_000962.3:8171:G:C	4	1	1	1	0.04	L1	L1	single_or_fixed	0	-
MFX	moxifloxacin	gyrA	p.T215A	215	missense	NC_000962.3:7943:A:G	4	1	1	1	0.04	L1	L1	single_or_fixed	0	-
MFX	moxifloxacin	gyrA	p.D552A	552	missense	NC_000962.3:8955:A:C	4	1	1	1	0.009	L4	L4	single_or_fixed	0	-
MFX	moxifloxacin	gyrA	p.A827T	827	missense	NC_000962.3:9779:G:A	4	1	1	1	0.04	L1	L1	single_or_fixed	0	-
MFX	moxifloxacin	gyrA	p.R615G	615	missense	NC_000962.3:9143:C:G	4	1	1	1	0.009	L4	L4	single_or_fixed	0	levofloxacin:uncertain;moxifloxacin:uncertain
MFX	moxifloxacin	gyrA	p.D367E	367	missense	NC_000962.3:8401:C:G	4	1	1	1	0.04	L1	L1	single_or_fixed	0	levofloxacin:uncertain;moxifloxacin:uncertain
MFX	moxifloxacin	gyrA	p.A689V	689	missense	NC_000962.3:9366:C:T	4	1	1	1	0.04	L1	L1	single_or_fixed	0	levofloxacin:uncertain;moxifloxacin:uncertain
MFX	moxifloxacin	gyrA	p.D771N	771	missense	NC_000962.3:9611:G:A	4	1	1	1	0.04	L1	L1	single_or_fixed	0	-
MFX	moxifloxacin	gyrA	p.T164M	164	missense	NC_000962.3:7791:C:T	4	1	1	1	0.04	L1	L1	single_or_fixed	0	-
MFX	moxifloxacin	gyrA	p.R382L	382	missense	NC_000962.3:8445:G:T	4	1	1	1	0.009	L4	L4	single_or_fixed	0	-
MFX	moxifloxacin	gyrA	p.S642C	642	missense	NC_000962.3:9225:C:G	4	1	1	1	0.009	L4	L4	single_or_fixed	0	levofloxacin:uncertain;moxifloxacin:uncertain
MFX	moxifloxacin	gyrA	p.P621S	621	missense	NC_000962.3:9161:C:T	4	1	1	1	0.009	L4	L4	single_or_fixed	0	-
MFX	moxifloxacin	gyrA	p.V753G	753	missense	NC_000962.3:9558:T:G	4	1	1	1	0.009	L4	L4	single_or_fixed	0	-
MFX	moxifloxacin	gyrA	p.R320C	320	missense	NC_000962.3:8258:C:T	4	1	1	1	0.009	L4	L4	single_or_fixed	0	-
MFX	moxifloxacin	gyrA	p.E459Q	459	missense	NC_000962.3:8675:G:C	4	1	1	1	0.009	L4	L4	single_or_fixed	0	-
MFX	moxifloxacin	gyrA	p.I153V	153	missense	NC_000962.3:7757:A:G	4	1	1	1	0.009	L4	L4	single_or_fixed	0	levofloxacin:uncertain
MFX	moxifloxacin	gyrA	p.D199E	199	missense	NC_000962.3:7897:C:A	4	1	1	1	0.009	L4	L4	single_or_fixed	0	-
PMD	pretomanid	fgd1	p.N66K	66	missense	NC_000962.3:490979:C:G	4	1	1	1	0.009	L4	L4	single_or_fixed	0	-
PMD	pretomanid	fgd1	p.P52S	52	missense	NC_000962.3:490935:C:T	4	1	1	1	0.01	L2	L2	single_or_fixed	0	-
PMD	pretomanid	fgd1	p.G71D	71	missense	NC_000962.3:490993:G:A	4	1	1	1	0.044	L3	L3	single_or_fixed	0	-
PMD	pretomanid	fgd1	p.E119D	119	missense	NC_000962.3:491138:G:T	4	1	1	1	0.044	L3	L3	single_or_fixed	0	clofazimine:uncertain;delamanid:uncertain
PMD	pretomanid	fgd1	p.A272S	272	missense	NC_000962.3:491595:G:T	4	1	1	1	0.009	L4	L4	single_or_fixed	0	-
PMD	pretomanid	fgd1	p.V301L	301	missense	NC_000962.3:491682:G:C	4	1	1	1	0.009	L4	L4	single_or_fixed	0	-
PMD	pretomanid	fgd1	p.P239L	239	missense	NC_000962.3:491497:C:T	4	1	1	1	0.058	BOV	BOV	single_or_fixed	0	-
PMD	pretomanid	fgd1	p.K158N	158	missense	NC_000962.3:491255:G:C	4	1	1	1	0.009	L4	L4	single_or_fixed	0	-
PMD	pretomanid	fbiC	p.A467D	467	missense	NC_000962.3:1304329:C:A	4	1	1	1	0.009	L4	L4	single_or_fixed	0	-
PMD	pretomanid	fbiC	p.A529T	529	missense	NC_000962.3:1304514:G:A	4	1	1	1	0.009	L4	L4	single_or_fixed	0	-
PMD	pretomanid	fbiC	p.R154H	154	missense	NC_000962.3:1303390:G:A	4	1	1	1	0.009	L4	L4	single_or_fixed	0	-
PMD	pretomanid	fbiC	p.D387N	387	missense	NC_000962.3:1304088:G:A	4	1	1	1	0.01	L2	L2	single_or_fixed	0	-
PMD	pretomanid	fbiC	p.E299V	299	missense	NC_000962.3:1303825:A:T	4	1	1	1	0.01	L2	L2	single_or_fixed	0	clofazimine:uncertain;delamanid:uncertain
PMD	pretomanid	fbiC	p.P78S	78	missense	NC_000962.3:1303161:C:T	4	1	1	1	0.01	L2	L2	single_or_fixed	0	-
PMD	pretomanid	fbiC	p.M812I	812	missense	NC_000962.3:1305365:G:A	4	1	1	1	0.044	L3	L3	single_or_fixed	0	clofazimine:uncertain;delamanid:uncertain
PMD	pretomanid	fbiC	p.F306L	306	missense	NC_000962.3:1303847:C:G	4	1	1	1	0.044	L3	L3	single_or_fixed	0	clofazimine:uncertain;delamanid:uncertain
PMD	pretomanid	fbiC	p.V713L	713	missense	NC_000962.3:1305066:G:C	4	1	1	1	0.01	L2	L2	single_or_fixed	0	clofazimine:uncertain;delamanid:uncertain
PMD	pretomanid	fbiC	p.T218A	218	missense	NC_000962.3:1303581:A:G	4	1	1	1	0.01	L2	L2	single_or_fixed	0	-
PMD	pretomanid	fbiC	p.A345T	345	missense	NC_000962.3:1303962:G:A	4	1	1	1	0.01	L2	L2	single_or_fixed	0	-
PMD	pretomanid	fbiC	p.E823D	823	missense	NC_000962.3:1305398:A:C	4	1	1	1	3.922	BOV_AFRI	BOV_AFRI	single_or_fixed	0	-
PMD	pretomanid	fbiC	p.G74C	74	missense	NC_000962.3:1303149:G:T	4	1	1	1	0.04	L1	L1	single_or_fixed	0	-
PMD	pretomanid	fbiC	p.T560A	560	missense	NC_000962.3:1304607:A:G	4	1	1	1	0.009	L4	L4	single_or_fixed	0	-
PMD	pretomanid	fbiC	p.P193S	193	missense	NC_000962.3:1303506:C:T	4	1	1	1	0.009	L4	L4	single_or_fixed	0	-
PMD	pretomanid	fbiC	p.A451T	451	missense	NC_000962.3:1304280:G:A	4	1	1	1	0.04	L1	L1	single_or_fixed	0	-
PMD	pretomanid	fbiC	p.L26F	26	missense	NC_000962.3:1303007:G:C	4	1	1	1	0.009	L4	L4	single_or_fixed	0	-
PMD	pretomanid	fbiC	p.A639T	639	missense	NC_000962.3:1304844:G:A	4	1	1	1	0.009	L4	L4	single_or_fixed	0	-
PMD	pretomanid	fbiD	p.T48I	48	missense	NC_000962.3:3339259:C:T	4	1	1	1	0.009	L4	L4	single_or_fixed	0	-
PMD	pretomanid	fbiD	p.D9N	9	missense	NC_000962.3:3339141:G:A	4	1	1	1	0.009	L4	L4	single_or_fixed	0	-
PMD	pretomanid	fbiD	p.A157T	157	missense	NC_000962.3:3339585:G:A	4	1	1	1	0.04	L1	L1	single_or_fixed	0	-
PMD	pretomanid	fbiA	p.Q120R	120	missense	NC_000962.3:3640900:A:G	4	1	1	1	0.009	L4	L4	single_or_fixed	0	clofazimine:uncertain;delamanid:uncertain
PMD	pretomanid	fbiA	p.D266E	266	missense	NC_000962.3:3641339:T:A	4	1	1	1	0.009	L4	L4	single_or_fixed	0	-
PMD	pretomanid	fbiA	p.P138L	138	missense	NC_000962.3:3640954:C:T	4	1	1	1	0.044	L3	L3	single_or_fixed	0	-
PMD	pretomanid	fbiA	p.R230C	230	missense	NC_000962.3:3641229:C:T	4	1	1	1	0.01	L2	L2	single_or_fixed	0	-
PMD	pretomanid	fbiA	p.V301L	301	missense	NC_000962.3:3641442:G:T	4	1	1	1	0.009	L4	L4	single_or_fixed	0	-
PMD	pretomanid	fbiA	p.G78S	78	missense	NC_000962.3:3640773:G:A	4	1	1	1	0.009	L4	L4	single_or_fixed	0	clofazimine:uncertain;delamanid:uncertain
PMD	pretomanid	fbiA	p.Q170H	170	missense	NC_000962.3:3641051:G:C	4	1	1	1	0.04	L1	L1	single_or_fixed	0	-
PMD	pretomanid	fbiA	p.G71C	71	missense	NC_000962.3:3640752:G:T	4	1	1	1	0.009	L4	L4	single_or_fixed	0	-
PMD	pretomanid	fbiA	p.M210L	210	missense	NC_000962.3:3641169:A:C	4	1	1	1	0.009	L4	L4	single_or_fixed	0	-
PMD	pretomanid	fbiB	p.S54A	54	missense	NC_000962.3:3641693:T:G	4	1	1	1	0.01	L2	L2	single_or_fixed	0	-
PMD	pretomanid	fbiB	p.E282D	282	missense	NC_000962.3:3642379:G:C	4	1	1	1	0.01	L2	L2	single_or_fixed	0	-
PMD	pretomanid	fbiB	p.A37T	37	missense	NC_000962.3:3641642:G:A	4	1	1	1	0.01	L2	L2	single_or_fixed	0	-
PMD	pretomanid	fbiB	p.I402T	402	missense	NC_000962.3:3642738:T:C	4	1	1	1	0.01	L2	L2	single_or_fixed	0	-
PMD	pretomanid	fbiB	p.V33I	33	missense	NC_000962.3:3641630:G:A	4	1	1	1	0.01	L2	L2	single_or_fixed	0	-
PMD	pretomanid	fbiB	p.P182L	182	missense	NC_000962.3:3642078:C:T	4	1	1	1	0.339	L6	L6	single_or_fixed	0	-
PMD	pretomanid	fbiB	p.P270L	270	missense	NC_000962.3:3642342:C:T	4	1	1	1	0.009	L4	L4	single_or_fixed	0	-
PMD	pretomanid	fbiB	p.I18N	18	missense	NC_000962.3:3641586:T:A	4	1	1	1	0.04	L1	L1	single_or_fixed	0	clofazimine:uncertain;delamanid:uncertain
PMD	pretomanid	fbiB	p.D109E	109	missense	NC_000962.3:3641860:C:A	4	1	1	1	0.009	L4	L4	single_or_fixed	0	clofazimine:uncertain;delamanid:uncertain
PMD	pretomanid	fbiB	p.R137G	137	missense	NC_000962.3:3641942:C:G	4	1	1	1	0.04	L1	L1	single_or_fixed	0	-
PMD	pretomanid	ddn	p.G36S	36	missense	NC_000962.3:3986948:G:A	4	1	1	1	0.01	L2	L2	single_or_fixed	0	-
PMD	pretomanid	ddn	p.W27*	27	stop_gained	NC_000962.3:3986922:G:A	4	1	1	1	0.04	L1	L1	single_or_fixed	1	delamanid:R-associated
BDQ	bedaquiline	mmpR5	p.S68G	68	missense	NC_000962.3:779190:A:G	3	1	1	1	0.008	L2	L2	single_or_fixed	0	bedaquiline:uncertain;bedaquiline:uncertain;clofazimine:uncertain;clofazimine:uncertain
BDQ	bedaquiline	mmpR5	p.Q51R	51	missense	NC_000962.3:779140:A:G	3	1	1	1	0.008	L2	L2	single_or_fixed	0	bedaquiline:uncertain;clofazimine:uncertain
BDQ	bedaquiline	mmpR5	p.W42R	42	missense	NC_000962.3:779112:T:C	3	1	1	1	0.008	L2	L2	single_or_fixed	0	bedaquiline:uncertain;clofazimine:uncertain
BDQ	bedaquiline	mmpR5	p.R72Q	72	missense	NC_000962.3:779203:G:A	3	1	1	1	0.008	L2	L2	single_or_fixed	0	clofazimine:uncertain
BDQ	bedaquiline	mmpR5	p.I67S	67	missense	NC_000962.3:779188:T:G	3	1	1	1	0.008	L2	L2	single_or_fixed	1	bedaquiline:R-associated;clofazimine:R-associated
BDQ	bedaquiline	mmpR5	p.D165N	165	missense	NC_000962.3:779481:G:A	3	1	1	1	0.033	L3	L3	single_or_fixed	0	-
BDQ	bedaquiline	mmpR5	p.L83P	83	missense	NC_000962.3:779236:T:C	3	1	1	1	0.008	L2	L2	single_or_fixed	0	bedaquiline:uncertain;clofazimine:uncertain
BDQ	bedaquiline	mmpR5	p.T58P	58	missense	NC_000962.3:779160:A:C	3	1	1	1	0.008	L2	L2	single_or_fixed	0	bedaquiline:uncertain;clofazimine:uncertain
BDQ	bedaquiline	mmpR5	p.R89L	89	missense	NC_000962.3:779254:G:T	3	1	1	1	0.008	L2	L2	single_or_fixed	0	bedaquiline:uncertain;clofazimine:uncertain
BDQ	bedaquiline	mmpR5	p.A153P	153	missense	NC_000962.3:779445:G:C	3	1	1	1	0.008	L2	L2	single_or_fixed	0	-
BDQ	bedaquiline	mmpR5	p.A144G	144	missense	NC_000962.3:779419:C:G	3	1	1	1	0.008	L2	L2	single_or_fixed	0	-
BDQ	bedaquiline	mmpR5	p.S158N	158	missense	NC_000962.3:779461:G:A	3	1	1	1	0.008	L2	L2	single_or_fixed	0	-
BDQ	bedaquiline	mmpR5	p.A84T	84	missense	NC_000962.3:779238:G:A	3	1	1	1	0.008	L2	L2	single_or_fixed	0	clofazimine:uncertain
BDQ	bedaquiline	mmpR5	p.Q22R	22	missense	NC_000962.3:779053:A:G	3	1	1	1	0.006	L4	L4	single_or_fixed	0	bedaquiline:uncertain;clofazimine:uncertain
BDQ	bedaquiline	mmpR5	p.F79S	79	missense	NC_000962.3:779224:T:C	3	1	1	1	0.03	L1	L1	single_or_fixed	0	-
BDQ	bedaquiline	mmpR5	p.E54V	54	missense	NC_000962.3:779149:A:T	3	1	1	1	0.043	BOV	BOV	single_or_fixed	0	-
BDQ	bedaquiline	mmpR5	p.R107G	107	missense	NC_000962.3:779307:C:G	3	1	1	1	0.006	L4	L4	single_or_fixed	0	-
BDQ	bedaquiline	mmpR5	p.D165A	165	missense	NC_000962.3:779482:A:C	3	1	1	1	0.043	BOV	BOV	single_or_fixed	0	-
BDQ	bedaquiline	atpE	p.E61D	61	missense	NC_000962.3:1461226:G:C	3	1	1	1	0.008	L2	L2	single_or_fixed	1	bedaquiline:R-associated
BDQ	bedaquiline	pepQ	p.V310A	310	missense	NC_000962.3:2859489:A:G	3	1	1	1	0.006	L4	L4	single_or_fixed	0	-
BDQ	bedaquiline	pepQ	p.G272E	272	missense	NC_000962.3:2859603:C:T	3	1	1	1	0.006	L4	L4	single_or_fixed	0	-
BDQ	bedaquiline	pepQ	p.T363I	363	missense	NC_000962.3:2859330:G:A	3	1	1	1	0.006	L4	L4	single_or_fixed	0	-
BDQ	bedaquiline	pepQ	p.H100R	100	missense	NC_000962.3:2860119:T:C	3	1	1	1	0.008	L2	L2	single_or_fixed	0	-
BDQ	bedaquiline	pepQ	p.A201G	201	missense	NC_000962.3:2859816:G:C	3	1	1	1	0.008	L2	L2	single_or_fixed	0	-
BDQ	bedaquiline	pepQ	p.A90T	90	missense	NC_000962.3:2860150:C:T	3	1	1	1	0.033	L3	L3	single_or_fixed	0	-
BDQ	bedaquiline	pepQ	p.T2K	2	missense	NC_000962.3:2860413:G:T	3	1	1	1	0.006	L4	L4	single_or_fixed	0	-
BDQ	bedaquiline	pepQ	p.L163V	163	missense	NC_000962.3:2859931:G:C	3	1	1	1	0.03	L1	L1	single_or_fixed	0	-
BDQ	bedaquiline	pepQ	p.V101L	101	missense	NC_000962.3:2860117:C:G	3	1	1	1	0.006	L4	L4	single_or_fixed	0	bedaquiline:uncertain;clofazimine:uncertain
BDQ	bedaquiline	pepQ	p.G93E	93	missense	NC_000962.3:2860140:C:T	3	1	1	1	0.03	L1	L1	single_or_fixed	0	-
BDQ	bedaquiline	pepQ	p.E115A	115	missense	NC_000962.3:2860074:T:G	3	1	1	1	0.006	L4	L4	single_or_fixed	0	-
BDQ	bedaquiline	pepQ	p.P366T	366	missense	NC_000962.3:2859322:G:T	3	1	1	1	0.03	L1	L1	single_or_fixed	0	-
BDQ	bedaquiline	pepQ	p.R206Q	206	missense	NC_000962.3:2859801:C:T	3	1	1	1	0.03	L1	L1	single_or_fixed	0	-
BDQ	bedaquiline	pepQ	p.E191V	191	missense	NC_000962.3:2859846:T:A	3	1	1	1	0.006	L4	L4	single_or_fixed	0	bedaquiline:uncertain;clofazimine:uncertain
BDQ	bedaquiline	pepQ	p.V172M	172	missense	NC_000962.3:2859904:C:T	3	1	1	1	0.006	L4	L4	single_or_fixed	0	-
BDQ	bedaquiline	pepQ	p.E368K	368	missense	NC_000962.3:2859316:C:T	3	1	1	1	0.006	L4	L4	single_or_fixed	0	-
BDQ	bedaquiline	pepQ	p.A137S	137	missense	NC_000962.3:2860009:C:A	3	1	1	1	0.006	L4	L4	single_or_fixed	0	bedaquiline:uncertain;clofazimine:uncertain
BDQ	bedaquiline	pepQ	p.P266A	266	missense	NC_000962.3:2859622:G:C	3	1	1	1	0.03	L1	L1	single_or_fixed	0	-
BDQ	bedaquiline	pepQ	p.V238M	238	missense	NC_000962.3:2859706:C:T	3	1	1	1	0.03	L1	L1	single_or_fixed	0	-
BDQ	bedaquiline	pepQ	p.G88S	88	missense	NC_000962.3:2860156:C:T	3	1	1	1	0.006	L4	L4	single_or_fixed	0	-
BDQ	bedaquiline	pepQ	p.G41R	41	missense	NC_000962.3:2860297:C:G	3	1	1	1	0.006	L4	L4	single_or_fixed	0	-
BDQ	bedaquiline	pepQ	p.A64T	64	missense	NC_000962.3:2860228:C:T	3	1	1	1	0.006	L4	L4	single_or_fixed	0	-
BDQ	bedaquiline	pepQ	p.A16V	16	missense	NC_000962.3:2860371:G:A	3	1	1	1	0.006	L4	L4	single_or_fixed	0	-
COMP	rifampicin	rpoC	p.D595N	595	missense	NC_000962.3:765151:G:A	3	1	1	1	0.006	L4	L4	single_or_fixed	0	-
COMP	rifampicin	rpoC	p.D928G	928	missense	NC_000962.3:766151:A:G	3	1	1	1	0.006	L4	L4	single_or_fixed	0	-
COMP	rifampicin	rpoC	p.Y722H	722	missense	NC_000962.3:765532:T:C	3	1	1	1	0.006	L4	L4	single_or_fixed	0	rifampicin:uncertain
COMP	rifampicin	rpoC	p.E1022D	1022	missense	NC_000962.3:766434:G:C	3	1	1	1	0.006	L4	L4	single_or_fixed	0	rifampicin:uncertain
COMP	rifampicin	rpoC	p.M983I	983	missense	NC_000962.3:766317:G:A	3	1	1	1	0.008	L2	L2	single_or_fixed	0	rifampicin:uncertain
COMP	rifampicin	rpoC	p.R1163L	1163	missense	NC_000962.3:766856:G:T	3	1	1	1	0.006	L4	L4	single_or_fixed	0	rifampicin:uncertain
COMP	rifampicin	rpoC	p.S276T	276	missense	NC_000962.3:764194:T:A	3	1	1	1	0.006	L4	L4	single_or_fixed	0	-
COMP	rifampicin	rpoC	p.A622S	622	missense	NC_000962.3:765232:G:T	3	1	1	1	0.006	L4	L4	single_or_fixed	0	-
COMP	rifampicin	rpoC	p.S1172A	1172	missense	NC_000962.3:766882:T:G	3	1	1	1	0.006	L4	L4	single_or_fixed	0	rifampicin:uncertain
COMP	rifampicin	rpoC	p.I646V	646	missense	NC_000962.3:765304:A:G	3	1	1	1	0.006	L4	L4	single_or_fixed	0	rifampicin:uncertain
COMP	rifampicin	rpoC	p.M733K	733	missense	NC_000962.3:765566:T:A	3	1	1	1	0.008	L2	L2	single_or_fixed	0	rifampicin:uncertain
COMP	rifampicin	rpoC	p.E323G	323	missense	NC_000962.3:764336:A:G	3	1	1	1	0.008	L2	L2	single_or_fixed	0	rifampicin:uncertain
COMP	rifampicin	rpoC	p.D869E	869	missense	NC_000962.3:765975:C:A	3	1	1	1	0.008	L2	L2	single_or_fixed	0	rifampicin:uncertain
COMP	rifampicin	rpoC	p.Q1139L	1139	missense	NC_000962.3:766784:A:T	3	1	1	1	0.008	L2	L2	single_or_fixed	0	rifampicin:uncertain
COMP	rifampicin	rpoC	p.A969D	969	missense	NC_000962.3:766274:C:A	3	1	1	1	0.008	L2	L2	single_or_fixed	0	rifampicin:uncertain
COMP	rifampicin	rpoC	p.D747E	747	missense	NC_000962.3:765609:C:G	3	1	1	1	0.008	L2	L2	single_or_fixed	0	rifampicin:uncertain
COMP	rifampicin	rpoC	p.A230E	230	missense	NC_000962.3:764057:C:A	3	1	1	1	0.008	L2	L2	single_or_fixed	0	rifampicin:uncertain
COMP	rifampicin	rpoC	p.I997T	997	missense	NC_000962.3:766358:T:C	3	1	1	1	0.008	L2	L2	single_or_fixed	0	rifampicin:uncertain
COMP	rifampicin	rpoC	p.R981L	981	missense	NC_000962.3:766310:G:T	3	1	1	1	0.008	L2	L2	single_or_fixed	0	rifampicin:uncertain
COMP	rifampicin	rpoC	p.N564D	564	missense	NC_000962.3:765058:A:G	3	1	1	1	0.008	L2	L2	single_or_fixed	0	rifampicin:uncertain
COMP	rifampicin	rpoC	p.G669S	669	missense	NC_000962.3:765373:G:A	3	1	1	1	0.008	L2	L2	single_or_fixed	0	rifampicin:uncertain
COMP	rifampicin	rpoC	p.E769G	769	missense	NC_000962.3:765674:A:G	3	1	1	1	0.008	L2	L2	single_or_fixed	0	rifampicin:uncertain
COMP	rifampicin	rpoC	p.T137A	137	missense	NC_000962.3:763777:A:G	3	1	1	1	0.008	L2	L2	single_or_fixed	0	-
COMP	rifampicin	rpoC	p.A172G	172	missense	NC_000962.3:763883:C:G	3	1	1	1	0.033	L3	L3	single_or_fixed	0	rifampicin:uncertain
COMP	rifampicin	rpoC	p.L823M	823	missense	NC_000962.3:765835:C:A	3	1	1	1	0.008	L2	L2	single_or_fixed	0	-
COMP	rifampicin	rpoC	p.V431L	431	missense	NC_000962.3:764659:G:T	3	1	1	1	0.008	L2	L2	single_or_fixed	0	rifampicin:uncertain
COMP	rifampicin	rpoC	p.V517E	517	missense	NC_000962.3:764918:T:A	3	1	1	1	0.008	L2	L2	single_or_fixed	0	-
COMP	rifampicin	rpoC	p.V1121L	1121	missense	NC_000962.3:766729:G:C	3	1	1	1	0.008	L2	L2	single_or_fixed	0	-
COMP	rifampicin	rpoC	p.N698T	698	missense	NC_000962.3:765461:A:C	3	1	1	1	0.008	L2	L2	single_or_fixed	0	rifampicin:uncertain
COMP	rifampicin	rpoC	p.G934S	934	missense	NC_000962.3:766168:G:A	3	1	1	1	0.008	L2	L2	single_or_fixed	0	rifampicin:uncertain
COMP	rifampicin	rpoC	p.P682S	682	missense	NC_000962.3:765412:C:T	3	1	1	1	0.008	L2	L2	single_or_fixed	0	rifampicin:uncertain
COMP	rifampicin	rpoC	p.H1119D	1119	missense	NC_000962.3:766723:C:G	3	1	1	1	0.008	L2	L2	single_or_fixed	0	-
COMP	rifampicin	rpoC	p.E1113A	1113	missense	NC_000962.3:766706:A:C	3	1	1	1	0.008	L2	L2	single_or_fixed	0	-
COMP	rifampicin	rpoC	p.S971N	971	missense	NC_000962.3:766280:G:A	3	1	1	1	0.008	L2	L2	single_or_fixed	0	-
COMP	rifampicin	rpoC	p.F1175L	1175	missense	NC_000962.3:766891:T:C	3	1	1	1	0.03	L1	L1	single_or_fixed	0	rifampicin:uncertain
COMP	rifampicin	rpoC	p.E1129G	1129	missense	NC_000962.3:766754:A:G	3	1	1	1	0.03	L1	L1	single_or_fixed	0	-
COMP	rifampicin	rpoC	p.E1106K	1106	missense	NC_000962.3:766684:G:A	3	1	1	1	0.03	L1	L1	single_or_fixed	0	-
COMP	rifampicin	rpoC	p.V775G	775	missense	NC_000962.3:765692:T:G	3	1	1	1	0.006	L4	L4	single_or_fixed	0	rifampicin:uncertain
COMP	rifampicin	rpoC	p.E96D	96	missense	NC_000962.3:763656:G:T	3	1	1	1	0.006	L4	L4	single_or_fixed	0	-
COMP	rifampicin	rpoC	p.P231L	231	missense	NC_000962.3:764060:C:T	3	1	1	1	0.006	L4	L4	single_or_fixed	0	rifampicin:uncertain
COMP	rifampicin	rpoC	p.T985A	985	missense	NC_000962.3:766321:A:G	3	1	1	1	0.006	L4	L4	single_or_fixed	0	-
COMP	rifampicin	rpoC	p.G1108C	1108	missense	NC_000962.3:766690:G:T	3	1	1	1	0.006	L4	L4	single_or_fixed	0	rifampicin:uncertain
COMP	rifampicin	rpoC	p.E1033Q	1033	missense	NC_000962.3:766465:G:C	3	1	1	1	0.006	L4	L4	single_or_fixed	0	rifampicin:uncertain
COMP	rifampicin	rpoC	p.G254S	254	missense	NC_000962.3:764128:G:A	3	1	1	1	0.006	L4	L4	single_or_fixed	0	rifampicin:uncertain
COMP	rifampicin	rpoC	p.R173Q	173	missense	NC_000962.3:763886:G:A	3	1	1	1	0.006	L4	L4	single_or_fixed	0	rifampicin:uncertain
COMP	rifampicin	rpoC	p.E1074D	1074	missense	NC_000962.3:766590:A:C	3	1	1	1	0.006	L4	L4	single_or_fixed	0	rifampicin:uncertain
COMP	rifampicin	rpoC	p.K71N	71	missense	NC_000962.3:763581:G:C	3	1	1	1	0.006	L4	L4	single_or_fixed	0	rifampicin:uncertain
COMP	rifampicin	rpoC	p.I997V	997	missense	NC_000962.3:766357:A:G	3	1	1	1	0.006	L4	L4	single_or_fixed	0	rifampicin:uncertain
COMP	rifampicin	rpoC	p.L151R	151	missense	NC_000962.3:763820:T:G	3	1	1	1	0.006	L4	L4	single_or_fixed	0	rifampicin:uncertain
COMP	rifampicin	rpoC	p.V684G	684	missense	NC_000962.3:765419:T:G	3	1	1	1	0.006	L4	L4	single_or_fixed	0	-
COMP	rifampicin	rpoC	p.K1063N	1063	missense	NC_000962.3:766557:G:T	3	1	1	1	0.006	L4	L4	single_or_fixed	0	-
COMP	rifampicin	rpoC	p.P835A	835	missense	NC_000962.3:765871:C:G	3	1	1	1	0.03	L1	L1	single_or_fixed	0	-
COMP	rifampicin	rpoC	p.I949M	949	missense	NC_000962.3:766215:T:G	3	1	1	1	0.03	L1	L1	single_or_fixed	0	-
COMP	rifampicin	rpoC	p.E49A	49	missense	NC_000962.3:763514:A:C	3	1	1	1	0.006	L4	L4	single_or_fixed	0	rifampicin:uncertain
COMP	rifampicin	rpoC	p.T638A	638	missense	NC_000962.3:765280:A:G	3	1	1	1	0.043	BOV	BOV	single_or_fixed	0	-
COMP	rifampicin	rpoC	p.N5D	5	missense	NC_000962.3:763381:A:G	3	1	1	1	0.03	L1	L1	single_or_fixed	0	-
COMP	rifampicin	rpoC	p.R624H	624	missense	NC_000962.3:765239:G:A	3	1	1	1	0.03	L1	L1	single_or_fixed	0	rifampicin:uncertain
COMP	rifampicin	rpoC	p.L405P	405	missense	NC_000962.3:764582:T:C	3	1	1	1	0.006	L4	L4	single_or_fixed	0	rifampicin:uncertain
COMP	rifampicin	rpoC	p.A1047P	1047	missense	NC_000962.3:766507:G:C	3	1	1	1	0.006	L4	L4	single_or_fixed	0	rifampicin:uncertain
COMP	rifampicin	rpoC	p.V1031M	1031	missense	NC_000962.3:766459:G:A	3	1	1	1	0.03	L1	L1	single_or_fixed	0	rifampicin:uncertain
COMP	rifampicin	rpoC	p.R166S	166	missense	NC_000962.3:763864:C:A	3	1	1	1	0.03	L1	L1	single_or_fixed	0	-
COMP	rifampicin	rpoC	p.E608Q	608	missense	NC_000962.3:765190:G:C	3	1	1	1	0.03	L1	L1	single_or_fixed	0	rifampicin:uncertain
COMP	rifampicin	rpoC	p.K779T	779	missense	NC_000962.3:765704:A:C	3	1	1	1	0.006	L4	L4	single_or_fixed	0	rifampicin:uncertain
COMP	rifampicin	rpoC	p.A664T	664	missense	NC_000962.3:765358:G:A	3	1	1	1	0.006	L4	L4	single_or_fixed	0	-
COMP	rifampicin	rpoA	p.Q5H	5	missense	NC_000962.3:3878492:C:A	3	1	1	1	0.006	L4	L4	single_or_fixed	0	rifampicin:uncertain
COMP	rifampicin	rpoA	p.D16E	16	missense	NC_000962.3:3878459:G:C	3	1	1	1	0.006	L4	L4	single_or_fixed	0	-
COMP	rifampicin	rpoA	p.G108S	108	missense	NC_000962.3:3878185:C:T	3	1	1	1	0.033	L3	L3	single_or_fixed	0	rifampicin:uncertain
COMP	rifampicin	rpoA	p.R182P	182	missense	NC_000962.3:3877962:C:G	3	1	1	1	0.033	L3	L3	single_or_fixed	0	-
COMP	rifampicin	rpoA	p.M95V	95	missense	NC_000962.3:3878224:T:C	3	1	1	1	0.006	L4	L4	single_or_fixed	0	rifampicin:uncertain
COMP	rifampicin	rpoA	p.D252Y	252	missense	NC_000962.3:3877753:C:A	3	1	1	1	0.03	L1	L1	single_or_fixed	0	-
COMP	rifampicin	rpoA	p.K309T	309	missense	NC_000962.3:3877581:T:G	3	1	1	1	0.006	L4	L4	single_or_fixed	0	-
COMP	rifampicin	rpoA	p.N129S	129	missense	NC_000962.3:3878121:T:C	3	1	1	1	0.006	L4	L4	single_or_fixed	0	rifampicin:uncertain
COMP	rifampicin	rpoA	p.S318A	318	missense	NC_000962.3:3877555:A:C	3	1	1	1	0.006	L4	L4	single_or_fixed	0	-
LZD	linezolid	rplC	p.A72T	72	missense	NC_000962.3:801021:G:A	3	1	1	1	0.033	L3	L3	single_or_fixed	0	linezolid:uncertain
LZD	linezolid	rplC	p.R44L	44	missense	NC_000962.3:800938:G:T	3	1	1	1	0.008	L2	L2	single_or_fixed	0	linezolid:uncertain
LZD	linezolid	rplC	p.E94D	94	missense	NC_000962.3:801089:G:C	3	1	1	1	0.006	L4	L4	single_or_fixed	0	-
LZD	linezolid	rplC	p.G46D	46	missense	NC_000962.3:800944:G:A	3	1	1	1	0.03	L1	L1	single_or_fixed	0	-
LZD	linezolid	rplC	p.T115M	115	missense	NC_000962.3:801151:C:T	3	1	1	1	0.006	L4	L4	single_or_fixed	0	-
LZD	linezolid	rplC	p.Y80C	80	missense	NC_000962.3:801046:A:G	3	1	1	1	0.006	L4	L4	single_or_fixed	0	linezolid:uncertain
LZD	linezolid	rplC	p.R165W	165	missense	NC_000962.3:801300:C:T	3	1	1	1	0.03	L1	L1	single_or_fixed	0	-
LZD	linezolid	rplC	p.D87V	87	missense	NC_000962.3:801067:A:T	3	1	1	1	0.006	L4	L4	single_or_fixed	0	-
MFX	moxifloxacin	gyrB	p.L156R	156	missense	NC_000962.3:5705:T:G	3	1	1	1	0.006	L4	L4	single_or_fixed	0	levofloxacin:uncertain
MFX	moxifloxacin	gyrB	p.A62G	62	missense	NC_000962.3:5423:C:G	3	1	1	1	0.006	L4	L4	single_or_fixed	0	-
MFX	moxifloxacin	gyrB	p.S248G	248	missense	NC_000962.3:5980:A:G	3	1	1	1	0.033	L3	L3	single_or_fixed	0	levofloxacin:uncertain;moxifloxacin:uncertain
MFX	moxifloxacin	gyrB	p.A332T	332	missense	NC_000962.3:6232:G:A	3	1	1	1	0.033	L3	L3	single_or_fixed	0	-
MFX	moxifloxacin	gyrB	p.L555V	555	missense	NC_000962.3:6901:C:G	3	1	1	1	0.03	L1	L1	single_or_fixed	0	levofloxacin:uncertain;moxifloxacin:uncertain
MFX	moxifloxacin	gyrB	p.A178T	178	missense	NC_000962.3:5770:G:A	3	1	1	1	0.254	L6	L6	single_or_fixed	0	-
MFX	moxifloxacin	gyrB	p.D472H	472	missense	NC_000962.3:6652:G:C	3	1	1	1	0.03	L1	L1	single_or_fixed	0	-
MFX	moxifloxacin	gyrB	p.S466P	466	missense	NC_000962.3:6634:T:C	3	1	1	1	0.006	L4	L4	single_or_fixed	0	levofloxacin:uncertain
MFX	moxifloxacin	gyrB	p.E623D	623	missense	NC_000962.3:7107:G:C	3	1	1	1	0.033	L3	L3	single_or_fixed	0	levofloxacin:uncertain;moxifloxacin:uncertain
MFX	moxifloxacin	gyrB	p.I350T	350	missense	NC_000962.3:6287:T:C	3	1	1	1	0.008	L2	L2	single_or_fixed	0	-
MFX	moxifloxacin	gyrB	p.L522V	522	missense	NC_000962.3:6802:C:G	3	1	1	1	0.008	L2	L2	single_or_fixed	0	levofloxacin:uncertain;moxifloxacin:uncertain
MFX	moxifloxacin	gyrB	p.A323S	323	missense	NC_000962.3:6205:G:T	3	1	1	1	0.008	L2	L2	single_or_fixed	0	-
MFX	moxifloxacin	gyrB	p.V407L	407	missense	NC_000962.3:6457:G:C	3	1	1	1	0.008	L2	L2	single_or_fixed	0	levofloxacin:uncertain;moxifloxacin:uncertain
MFX	moxifloxacin	gyrB	p.A419S	419	missense	NC_000962.3:6493:G:T	3	1	1	1	0.033	L3	L3	single_or_fixed	0	-
MFX	moxifloxacin	gyrB	p.E21D	21	missense	NC_000962.3:5301:A:C	3	1	1	1	0.006	L4	L4	single_or_fixed	0	levofloxacin:uncertain;moxifloxacin:uncertain
MFX	moxifloxacin	gyrB	p.D434H	434	missense	NC_000962.3:6538:G:C	3	1	1	1	0.03	L1	L1	single_or_fixed	0	levofloxacin:uncertain;moxifloxacin:uncertain
MFX	moxifloxacin	gyrB	p.T167R	167	missense	NC_000962.3:5738:C:G	3	1	1	1	0.006	L4	L4	single_or_fixed	0	-
MFX	moxifloxacin	gyrB	p.D210Y	210	missense	NC_000962.3:5866:G:T	3	1	1	1	0.006	L4	L4	single_or_fixed	0	-
MFX	moxifloxacin	gyrB	p.A403V	403	missense	NC_000962.3:6446:C:T	3	1	1	1	0.006	L4	L4	single_or_fixed	0	levofloxacin:uncertain;moxifloxacin:uncertain
MFX	moxifloxacin	gyrB	p.A237G	237	missense	NC_000962.3:5948:C:G	3	1	1	1	0.006	L4	L4	single_or_fixed	0	levofloxacin:uncertain;moxifloxacin:uncertain
MFX	moxifloxacin	gyrB	p.A3S	3	missense	NC_000962.3:5245:G:T	3	1	1	1	0.03	L1	L1	single_or_fixed	0	-
MFX	moxifloxacin	gyrB	p.Q635H	635	missense	NC_000962.3:7143:A:C	3	1	1	1	0.006	L4	L4	single_or_fixed	0	-
MFX	moxifloxacin	gyrB	p.A432G	432	missense	NC_000962.3:6533:C:G	3	1	1	1	0.006	L4	L4	single_or_fixed	0	-
MFX	moxifloxacin	gyrB	p.E604V	604	missense	NC_000962.3:7049:A:T	3	1	1	1	0.006	L4	L4	single_or_fixed	0	levofloxacin:uncertain;moxifloxacin:uncertain
MFX	moxifloxacin	gyrB	p.E21Q	21	missense	NC_000962.3:5299:G:C	3	1	1	1	0.006	L4	L4	single_or_fixed	0	levofloxacin:uncertain;moxifloxacin:uncertain
MFX	moxifloxacin	gyrB	p.A419V	419	missense	NC_000962.3:6494:C:T	3	1	1	1	0.006	L4	L4	single_or_fixed	0	-
MFX	moxifloxacin	gyrB	p.D340G	340	missense	NC_000962.3:6257:A:G	3	1	1	1	0.03	L1	L1	single_or_fixed	0	levofloxacin:uncertain;moxifloxacin:uncertain
MFX	moxifloxacin	gyrB	p.A504E	504	missense	NC_000962.3:6749:C:A	3	1	1	1	0.006	L4	L4	single_or_fixed	0	-
MFX	moxifloxacin	gyrB	p.G594R	594	missense	NC_000962.3:7018:G:C	3	1	1	1	0.006	L4	L4	single_or_fixed	0	levofloxacin:uncertain;moxifloxacin:uncertain
MFX	moxifloxacin	gyrB	p.A643G	643	missense	NC_000962.3:7166:C:G	3	1	1	1	0.03	L1	L1	single_or_fixed	0	-
MFX	moxifloxacin	gyrB	p.S322T	322	missense	NC_000962.3:6203:G:C	3	1	1	1	0.03	L1	L1	single_or_fixed	0	-
MFX	moxifloxacin	gyrB	p.K521N	521	missense	NC_000962.3:6801:G:C	3	1	1	1	0.006	L4	L4	single_or_fixed	0	moxifloxacin:uncertain
MFX	moxifloxacin	gyrB	p.E489Q	489	missense	NC_000962.3:6703:G:C	3	1	1	1	0.006	L4	L4	single_or_fixed	0	levofloxacin:uncertain;moxifloxacin:uncertain
MFX	moxifloxacin	gyrB	p.S300L	300	missense	NC_000962.3:6137:C:T	3	1	1	1	0.03	L1	L1	single_or_fixed	0	-
MFX	moxifloxacin	gyrB	p.G256C	256	missense	NC_000962.3:6004:G:T	3	1	1	1	0.006	L4	L4	single_or_fixed	0	-
MFX	moxifloxacin	gyrB	p.I506F	506	missense	NC_000962.3:6754:A:T	3	1	1	1	0.006	L4	L4	single_or_fixed	0	-
MFX	moxifloxacin	gyrB	p.E184K	184	missense	NC_000962.3:5788:G:A	3	1	1	1	0.006	L4	L4	single_or_fixed	0	-
MFX	moxifloxacin	gyrB	p.T183P	183	missense	NC_000962.3:5785:A:C	3	1	1	1	0.006	L4	L4	single_or_fixed	0	-
MFX	moxifloxacin	gyrA	p.T572N	572	missense	NC_000962.3:9015:C:A	3	1	1	1	0.006	L4	L4	single_or_fixed	0	levofloxacin:uncertain;moxifloxacin:uncertain
MFX	moxifloxacin	gyrA	p.V783L	783	missense	NC_000962.3:9647:G:C	3	1	1	1	0.006	L4	L4	single_or_fixed	0	levofloxacin:uncertain;moxifloxacin:uncertain
MFX	moxifloxacin	gyrA	p.A74V	74	missense	NC_000962.3:7521:C:T	3	1	1	1	0.006	L4	L4	single_or_fixed	0	levofloxacin:uncertain;moxifloxacin:uncertain
MFX	moxifloxacin	gyrA	p.D708A	708	missense	NC_000962.3:9423:A:C	3	1	1	1	0.006	L4	L4	single_or_fixed	0	-
MFX	moxifloxacin	gyrA	p.F152L	152	missense	NC_000962.3:7754:T:C	3	1	1	1	0.006	L4	L4	single_or_fixed	0	levofloxacin:uncertain;moxifloxacin:uncertain
MFX	moxifloxacin	gyrA	p.Y364D	364	missense	NC_000962.3:8390:T:G	3	1	1	1	0.008	L2	L2	single_or_fixed	0	levofloxacin:uncertain
MFX	moxifloxacin	gyrA	p.R718P	718	missense	NC_000962.3:9453:G:C	3	1	1	1	0.008	L2	L2	single_or_fixed	0	-
MFX	moxifloxacin	gyrA	p.K633R	633	missense	NC_000962.3:9198:A:G	3	1	1	1	0.006	L4	L4	single_or_fixed	0	levofloxacin:uncertain;moxifloxacin:uncertain
MFX	moxifloxacin	gyrA	p.A71G	71	missense	NC_000962.3:7512:C:G	3	1	1	1	0.006	L4	L4	single_or_fixed	0	-
MFX	moxifloxacin	gyrA	p.N629K	629	missense	NC_000962.3:9187:C:A	3	1	1	1	0.03	L1	L1	single_or_fixed	0	levofloxacin:uncertain;moxifloxacin:uncertain
MFX	moxifloxacin	gyrA	p.G503R	503	missense	NC_000962.3:8807:G:C	3	1	1	1	0.006	L4	L4	single_or_fixed	0	levofloxacin:uncertain;moxifloxacin:uncertain
MFX	moxifloxacin	gyrA	p.P17S	17	missense	NC_000962.3:7349:C:T	3	1	1	1	0.03	L1	L1	single_or_fixed	0	levofloxacin:uncertain;moxifloxacin:uncertain
MFX	moxifloxacin	gyrA	p.R474W	474	missense	NC_000962.3:8720:C:T	3	1	1	1	0.008	L2	L2	single_or_fixed	0	-
MFX	moxifloxacin	gyrA	p.M220R	220	missense	NC_000962.3:7959:T:G	3	1	1	1	0.008	L2	L2	single_or_fixed	0	levofloxacin:uncertain;moxifloxacin:uncertain
MFX	moxifloxacin	gyrA	p.V257I	257	missense	NC_000962.3:8069:G:A	3	1	1	1	0.008	L2	L2	single_or_fixed	0	-
MFX	moxifloxacin	gyrA	p.G729A	729	missense	NC_000962.3:9486:G:C	3	1	1	1	0.033	L3	L3	single_or_fixed	0	-
MFX	moxifloxacin	gyrA	p.R450S	450	missense	NC_000962.3:8648:C:A	3	1	1	1	0.008	L2	L2	single_or_fixed	0	levofloxacin:uncertain;moxifloxacin:uncertain
MFX	moxifloxacin	gyrA	p.K319E	319	missense	NC_000962.3:8255:A:G	3	1	1	1	0.008	L2	L2	single_or_fixed	0	levofloxacin:uncertain;moxifloxacin:uncertain
MFX	moxifloxacin	gyrA	p.A591V	591	missense	NC_000962.3:9072:C:T	3	1	1	1	0.008	L2	L2	single_or_fixed	0	levofloxacin:uncertain;moxifloxacin:uncertain
MFX	moxifloxacin	gyrA	p.A696V	696	missense	NC_000962.3:9387:C:T	3	1	1	1	0.008	L2	L2	single_or_fixed	0	levofloxacin:uncertain;moxifloxacin:uncertain
MFX	moxifloxacin	gyrA	p.A512G	512	missense	NC_000962.3:8835:C:G	3	1	1	1	0.033	L3	L3	single_or_fixed	0	levofloxacin:uncertain;moxifloxacin:uncertain
MFX	moxifloxacin	gyrA	p.L549V	549	missense	NC_000962.3:8945:T:G	3	1	1	1	0.033	L3	L3	single_or_fixed	0	levofloxacin:uncertain;moxifloxacin:uncertain
MFX	moxifloxacin	gyrA	p.Q475P	475	missense	NC_000962.3:8724:A:C	3	1	1	1	0.033	L3	L3	single_or_fixed	0	levofloxacin:uncertain;moxifloxacin:uncertain
MFX	moxifloxacin	gyrA	p.F202S	202	missense	NC_000962.3:7905:T:C	3	1	1	1	0.033	L3	L3	single_or_fixed	0	-
MFX	moxifloxacin	gyrA	p.E147D	147	missense	NC_000962.3:7741:G:T	3	1	1	1	0.008	L2	L2	single_or_fixed	0	levofloxacin:uncertain
MFX	moxifloxacin	gyrA	p.D402E	402	missense	NC_000962.3:8506:C:G	3	1	1	1	0.008	L2	L2	single_or_fixed	0	levofloxacin:uncertain
MFX	moxifloxacin	gyrA	p.P171L	171	missense	NC_000962.3:7812:C:T	3	1	1	1	0.008	L2	L2	single_or_fixed	0	-
MFX	moxifloxacin	gyrA	p.R313C	313	missense	NC_000962.3:8237:C:T	3	1	1	1	0.008	L2	L2	single_or_fixed	0	-
MFX	moxifloxacin	gyrA	p.D834G	834	missense	NC_000962.3:9801:A:G	3	1	1	1	0.03	L1	L1	single_or_fixed	0	-
MFX	moxifloxacin	gyrA	p.P229S	229	missense	NC_000962.3:7985:C:T	3	1	1	1	0.006	L4	L4	single_or_fixed	0	-
MFX	moxifloxacin	gyrA	p.H208Y	208	missense	NC_000962.3:7922:C:T	3	1	1	1	0.006	L4	L4	single_or_fixed	0	-
MFX	moxifloxacin	gyrA	p.Q835P	835	missense	NC_000962.3:9804:A:C	3	1	1	1	0.03	L1	L1	single_or_fixed	0	-
MFX	moxifloxacin	gyrA	p.G782D	782	missense	NC_000962.3:9645:G:A	3	1	1	1	0.03	L1	L1	single_or_fixed	0	-
MFX	moxifloxacin	gyrA	p.G239S	239	missense	NC_000962.3:8015:G:A	3	1	1	1	0.006	L4	L4	single_or_fixed	0	-
MFX	moxifloxacin	gyrA	p.N656K	656	missense	NC_000962.3:9268:C:A	3	1	1	1	0.006	L4	L4	single_or_fixed	0	-
MFX	moxifloxacin	gyrA	p.D467A	467	missense	NC_000962.3:8700:A:C	3	1	1	1	0.006	L4	L4	single_or_fixed	0	-
MFX	moxifloxacin	gyrA	p.A463V	463	missense	NC_000962.3:8688:C:T	3	1	1	1	0.006	L4	L4	single_or_fixed	0	-
MFX	moxifloxacin	gyrA	p.D46G	46	missense	NC_000962.3:7437:A:G	3	1	1	1	0.006	L4	L4	single_or_fixed	0	-
MFX	moxifloxacin	gyrA	p.Q475R	475	missense	NC_000962.3:8724:A:G	3	1	1	1	0.006	L4	L4	single_or_fixed	0	levofloxacin:uncertain
MFX	moxifloxacin	gyrA	p.E605G	605	missense	NC_000962.3:9114:A:G	3	1	1	1	0.03	L1	L1	single_or_fixed	0	levofloxacin:uncertain
MFX	moxifloxacin	gyrA	p.I408T	408	missense	NC_000962.3:8523:T:C	3	1	1	1	0.03	L1	L1	single_or_fixed	0	levofloxacin:uncertain
MFX	moxifloxacin	gyrA	p.S300F	300	missense	NC_000962.3:8199:C:T	3	1	1	1	0.006	L4	L4	single_or_fixed	0	-
MFX	moxifloxacin	gyrA	p.P8L	8	missense	NC_000962.3:7323:C:T	3	1	1	1	0.03	L1	L1	single_or_fixed	0	levofloxacin:uncertain;moxifloxacin:uncertain
MFX	moxifloxacin	gyrA	p.D415N	415	missense	NC_000962.3:8543:G:A	3	1	1	1	0.006	L4	L4	single_or_fixed	0	levofloxacin:uncertain;moxifloxacin:uncertain
MFX	moxifloxacin	gyrA	p.E738D	738	missense	NC_000962.3:9514:G:C	3	1	1	1	0.006	L4	L4	single_or_fixed	0	levofloxacin:uncertain;moxifloxacin:uncertain
MFX	moxifloxacin	gyrA	p.S62F	62	missense	NC_000962.3:7485:C:T	3	1	1	1	0.03	L1	L1	single_or_fixed	0	levofloxacin:uncertain;moxifloxacin:uncertain
MFX	moxifloxacin	gyrA	p.V323M	323	missense	NC_000962.3:8267:G:A	3	1	1	1	0.03	L1	L1	single_or_fixed	0	-
MFX	moxifloxacin	gyrA	p.D687N	687	missense	NC_000962.3:9359:G:A	3	1	1	1	0.03	L1	L1	single_or_fixed	0	levofloxacin:uncertain;moxifloxacin:uncertain
MFX	moxifloxacin	gyrA	p.G823V	823	missense	NC_000962.3:9768:G:T	3	1	1	1	0.006	L4	L4	single_or_fixed	0	-
MFX	moxifloxacin	gyrA	p.R758Q	758	missense	NC_000962.3:9573:G:A	3	1	1	1	0.03	L1	L1	single_or_fixed	0	-
MFX	moxifloxacin	gyrA	p.R264C	264	missense	NC_000962.3:8090:C:T	3	1	1	1	0.043	BOV	BOV	single_or_fixed	0	-
MFX	moxifloxacin	gyrA	p.Q449H	449	missense	NC_000962.3:8647:G:T	3	1	1	1	0.006	L4	L4	single_or_fixed	0	-
MFX	moxifloxacin	gyrA	p.L813F	813	missense	NC_000962.3:9739:G:C	3	1	1	1	0.006	L4	L4	single_or_fixed	0	-
MFX	moxifloxacin	gyrA	p.D426E	426	missense	NC_000962.3:8578:C:A	3	1	1	1	0.006	L4	L4	single_or_fixed	0	-
MFX	moxifloxacin	gyrA	p.K471I	471	missense	NC_000962.3:8712:A:T	3	1	1	1	0.03	L1	L1	single_or_fixed	0	-
MFX	moxifloxacin	gyrA	p.G720A	720	missense	NC_000962.3:9459:G:C	3	1	1	1	0.03	L1	L1	single_or_fixed	0	-
MFX	moxifloxacin	gyrA	p.D687E	687	missense	NC_000962.3:9361:C:G	3	1	1	1	0.03	L1	L1	single_or_fixed	0	-
PMD	pretomanid	fgd1	p.A16V	16	missense	NC_000962.3:490828:C:T	3	1	1	1	0.006	L4	L4	single_or_fixed	0	-
PMD	pretomanid	fgd1	p.Y118S	118	missense	NC_000962.3:491134:A:C	3	1	1	1	0.033	L3	L3	single_or_fixed	0	clofazimine:uncertain;delamanid:uncertain
PMD	pretomanid	fgd1	p.D33G	33	missense	NC_000962.3:490879:A:G	3	1	1	1	0.008	L2	L2	single_or_fixed	0	clofazimine:uncertain;delamanid:uncertain
PMD	pretomanid	fgd1	p.Y81H	81	missense	NC_000962.3:491022:T:C	3	1	1	1	0.008	L2	L2	single_or_fixed	0	clofazimine:uncertain;delamanid:uncertain
PMD	pretomanid	fgd1	p.Q42R	42	missense	NC_000962.3:490906:A:G	3	1	1	1	0.008	L2	L2	single_or_fixed	0	-
PMD	pretomanid	fgd1	p.P265L	265	missense	NC_000962.3:491575:C:T	3	1	1	1	0.033	L3	L3	single_or_fixed	0	-
PMD	pretomanid	fgd1	p.E13G	13	missense	NC_000962.3:490819:A:G	3	1	1	1	0.008	L2	L2	single_or_fixed	0	-
PMD	pretomanid	fgd1	p.A210P	210	missense	NC_000962.3:491409:G:C	3	1	1	1	0.008	L2	L2	single_or_fixed	0	-
PMD	pretomanid	fgd1	p.A29T	29	missense	NC_000962.3:490866:G:A	3	1	1	1	0.03	L1	L1	single_or_fixed	0	-
PMD	pretomanid	fgd1	p.G145A	145	missense	NC_000962.3:491215:G:C	3	1	1	1	0.674	L5	L5	single_or_fixed	0	-
PMD	pretomanid	fgd1	p.V37A	37	missense	NC_000962.3:490891:T:C	3	1	1	1	0.006	L4	L4	single_or_fixed	0	-
PMD	pretomanid	fgd1	p.I262V	262	missense	NC_000962.3:491565:A:G	3	1	1	1	0.006	L4	L4	single_or_fixed	0	-
PMD	pretomanid	fgd1	p.G152A	152	missense	NC_000962.3:491236:G:C	3	1	1	1	0.03	L1	L1	single_or_fixed	0	-
PMD	pretomanid	fgd1	p.R318H	318	missense	NC_000962.3:491734:G:A	3	1	1	1	0.043	BOV	BOV	single_or_fixed	0	-
PMD	pretomanid	fgd1	p.D238N	238	missense	NC_000962.3:491493:G:A	3	1	1	1	0.03	L1	L1	single_or_fixed	0	-
PMD	pretomanid	fgd1	p.A242V	242	missense	NC_000962.3:491506:C:T	3	1	1	1	0.006	L4	L4	single_or_fixed	0	-
PMD	pretomanid	fgd1	p.A188V	188	missense	NC_000962.3:491344:C:T	3	1	1	1	0.006	L4	L4	single_or_fixed	0	-
PMD	pretomanid	fbiC	p.A404G	404	missense	NC_000962.3:1304140:C:G	3	1	1	1	0.006	L4	L4	single_or_fixed	0	-
PMD	pretomanid	fbiC	p.S120G	120	missense	NC_000962.3:1303287:A:G	3	1	1	1	0.006	L4	L4	single_or_fixed	0	-
PMD	pretomanid	fbiC	p.V593I	593	missense	NC_000962.3:1304706:G:A	3	1	1	1	0.006	L4	L4	single_or_fixed	0	-
PMD	pretomanid	fbiC	p.G512S	512	missense	NC_000962.3:1304463:G:A	3	1	1	1	0.006	L4	L4	single_or_fixed	0	-
PMD	pretomanid	fbiC	p.E312D	312	missense	NC_000962.3:1303865:G:C	3	1	1	1	0.006	L4	L4	single_or_fixed	0	-
PMD	pretomanid	fbiC	p.A659V	659	missense	NC_000962.3:1304905:C:T	3	1	1	1	0.033	L3	L3	single_or_fixed	0	clofazimine:uncertain;delamanid:uncertain
PMD	pretomanid	fbiC	p.A497T	497	missense	NC_000962.3:1304418:G:A	3	1	1	1	0.03	L1	L1	single_or_fixed	0	-
PMD	pretomanid	fbiC	p.D439A	439	missense	NC_000962.3:1304245:A:C	3	1	1	1	0.006	L4	L4	single_or_fixed	0	-
PMD	pretomanid	fbiC	p.N429K	429	missense	NC_000962.3:1304216:C:G	3	1	1	1	0.006	L4	L4	single_or_fixed	0	-
PMD	pretomanid	fbiC	p.L204F	204	missense	NC_000962.3:1303539:C:T	3	1	1	1	0.008	L2	L2	single_or_fixed	0	-
PMD	pretomanid	fbiC	p.R550C	550	missense	NC_000962.3:1304577:C:T	3	1	1	1	0.008	L2	L2	single_or_fixed	0	-
PMD	pretomanid	fbiC	p.P761L	761	missense	NC_000962.3:1305211:C:T	3	1	1	1	0.008	L2	L2	single_or_fixed	0	clofazimine:uncertain;delamanid:uncertain
PMD	pretomanid	fbiC	p.H481Y	481	missense	NC_000962.3:1304370:C:T	3	1	1	1	0.008	L2	L2	single_or_fixed	0	-
PMD	pretomanid	fbiC	p.G522S	522	missense	NC_000962.3:1304493:G:A	3	1	1	1	0.033	L3	L3	single_or_fixed	0	-
PMD	pretomanid	fbiC	p.R296H	296	missense	NC_000962.3:1303816:G:A	3	1	1	1	0.033	L3	L3	single_or_fixed	0	-
PMD	pretomanid	fbiC	p.D308G	308	missense	NC_000962.3:1303852:A:G	3	1	1	1	0.033	L3	L3	single_or_fixed	0	-
PMD	pretomanid	fbiC	p.I253M	253	missense	NC_000962.3:1303688:T:G	3	1	1	1	0.033	L3	L3	single_or_fixed	0	-
PMD	pretomanid	fbiC	p.A404V	404	missense	NC_000962.3:1304140:C:T	3	1	1	1	0.008	L2	L2	single_or_fixed	0	-
PMD	pretomanid	fbiC	p.G646R	646	missense	NC_000962.3:1304865:G:A	3	1	1	1	0.033	L3	L3	single_or_fixed	0	-
PMD	pretomanid	fbiC	p.L228I	228	missense	NC_000962.3:1303611:C:A	3	1	1	1	0.008	L2	L2	single_or_fixed	0	-
PMD	pretomanid	fbiC	p.P111L	111	missense	NC_000962.3:1303261:C:T	3	1	1	1	0.008	L2	L2	single_or_fixed	0	-
PMD	pretomanid	fbiC	p.A804V	804	missense	NC_000962.3:1305340:C:T	3	1	1	1	0.008	L2	L2	single_or_fixed	0	-
PMD	pretomanid	fbiC	p.E699G	699	missense	NC_000962.3:1305025:A:G	3	1	1	1	0.008	L2	L2	single_or_fixed	0	-
PMD	pretomanid	fbiC	p.A50T	50	missense	NC_000962.3:1303077:G:A	3	1	1	1	0.254	L6	L6	single_or_fixed	0	-
PMD	pretomanid	fbiC	p.R7W	7	missense	NC_000962.3:1302948:C:T	3	1	1	1	0.254	L6	L6	single_or_fixed	0	-
PMD	pretomanid	fbiC	p.T695K	695	missense	NC_000962.3:1305013:C:A	3	1	1	1	0.006	L4	L4	single_or_fixed	0	-
PMD	pretomanid	fbiC	p.R764H	764	missense	NC_000962.3:1305220:G:A	3	1	1	1	0.043	BOV	BOV	single_or_fixed	0	-
PMD	pretomanid	fbiC	p.E598D	598	missense	NC_000962.3:1304723:A:C	3	1	1	1	0.006	L4	L4	single_or_fixed	0	clofazimine:uncertain;delamanid:uncertain
PMD	pretomanid	fbiC	p.E312K	312	missense	NC_000962.3:1303863:G:A	3	1	1	1	0.03	L1	L1	single_or_fixed	0	-
PMD	pretomanid	fbiC	p.G285E	285	missense	NC_000962.3:1303783:G:A	3	1	1	1	0.006	L4	L4	single_or_fixed	0	clofazimine:uncertain;delamanid:uncertain
PMD	pretomanid	fbiC	p.P334S	334	missense	NC_000962.3:1303929:C:T	3	1	1	1	0.03	L1	L1	single_or_fixed	0	-
PMD	pretomanid	fbiC	p.D573E	573	missense	NC_000962.3:1304648:C:A	3	1	1	1	0.03	L1	L1	single_or_fixed	0	-
PMD	pretomanid	fbiC	p.A239G	239	missense	NC_000962.3:1303645:C:G	3	1	1	1	0.03	L1	L1	single_or_fixed	0	-
PMD	pretomanid	fbiC	p.P408L	408	missense	NC_000962.3:1304152:C:T	3	1	1	1	0.006	L4	L4	single_or_fixed	0	-
PMD	pretomanid	fbiC	p.H103Y	103	missense	NC_000962.3:1303236:C:T	3	1	1	1	0.006	L4	L4	single_or_fixed	0	-
PMD	pretomanid	fbiC	p.A208V	208	missense	NC_000962.3:1303552:C:T	3	1	1	1	0.006	L4	L4	single_or_fixed	0	-
PMD	pretomanid	fbiC	p.R165L	165	missense	NC_000962.3:1303423:G:T	3	1	1	1	0.006	L4	L4	single_or_fixed	0	-
PMD	pretomanid	fbiC	p.E342Q	342	missense	NC_000962.3:1303953:G:C	3	1	1	1	0.03	L1	L1	single_or_fixed	0	-
PMD	pretomanid	fbiC	p.S197T	197	missense	NC_000962.3:1303519:G:C	3	1	1	1	0.006	L4	L4	single_or_fixed	0	-
PMD	pretomanid	fbiC	p.E823Q	823	missense	NC_000962.3:1305396:G:C	3	1	1	1	0.006	L4	L4	single_or_fixed	0	-
PMD	pretomanid	fbiD	p.S31A	31	missense	NC_000962.3:3339207:T:G	3	1	1	1	0.008	L2	L2	single_or_fixed	0	-
PMD	pretomanid	fbiD	p.V39A	39	missense	NC_000962.3:3339232:T:C	3	1	1	1	0.008	L2	L2	single_or_fixed	0	-
PMD	pretomanid	fbiD	p.P91S	91	missense	NC_000962.3:3339387:C:T	3	1	1	1	0.033	L3	L3	single_or_fixed	0	clofazimine:uncertain;delamanid:uncertain
PMD	pretomanid	fbiD	p.A73T	73	missense	NC_000962.3:3339333:G:A	3	1	1	1	0.008	L2	L2	single_or_fixed	0	-
PMD	pretomanid	fbiD	p.A210T	210	missense	NC_000962.3:3339744:G:A	3	1	1	1	0.254	L6	L6	single_or_fixed	0	-
PMD	pretomanid	fbiD	p.R133H	133	missense	NC_000962.3:3339514:G:A	3	1	1	1	0.006	L4	L4	single_or_fixed	0	-
PMD	pretomanid	fbiD	p.R172H	172	missense	NC_000962.3:3339631:G:A	3	1	1	1	0.03	L1	L1	single_or_fixed	0	-
PMD	pretomanid	fbiD	p.C187F	187	missense	NC_000962.3:3339676:G:T	3	1	1	1	0.006	L4	L4	single_or_fixed	0	-
PMD	pretomanid	fbiD	p.Q123R	123	missense	NC_000962.3:3339484:A:G	3	1	1	1	0.03	L1	L1	single_or_fixed	0	clofazimine:uncertain;delamanid:uncertain
PMD	pretomanid	fbiA	p.A30T	30	missense	NC_000962.3:3640629:G:A	3	1	1	1	0.006	L4	L4	single_or_fixed	0	clofazimine:uncertain
PMD	pretomanid	fbiA	p.R321S	321	missense	NC_000962.3:3641502:C:A	3	1	1	1	0.033	L3	L3	single_or_fixed	0	clofazimine:uncertain;delamanid:uncertain
PMD	pretomanid	fbiA	p.D83N	83	missense	NC_000962.3:3640788:G:A	3	1	1	1	0.008	L2	L2	single_or_fixed	0	clofazimine:uncertain
PMD	pretomanid	fbiA	p.H183Q	183	missense	NC_000962.3:3641090:C:G	3	1	1	1	0.033	L3	L3	single_or_fixed	0	clofazimine:uncertain;delamanid:uncertain
PMD	pretomanid	fbiA	p.A296V	296	missense	NC_000962.3:3641428:C:T	3	1	1	1	0.008	L2	L2	single_or_fixed	0	-
PMD	pretomanid	fbiA	p.I53V	53	missense	NC_000962.3:3640698:A:G	3	1	1	1	0.008	L2	L2	single_or_fixed	0	clofazimine:uncertain;delamanid:uncertain
PMD	pretomanid	fbiA	p.I229M	229	missense	NC_000962.3:3641228:T:G	3	1	1	1	0.008	L2	L2	single_or_fixed	0	clofazimine:uncertain;delamanid:uncertain
PMD	pretomanid	fbiA	p.A29T	29	missense	NC_000962.3:3640626:G:A	3	1	1	1	0.008	L2	L2	single_or_fixed	0	clofazimine:uncertain;delamanid:uncertain
PMD	pretomanid	fbiA	p.A131T	131	missense	NC_000962.3:3640932:G:A	3	1	1	1	0.006	L4	L4	single_or_fixed	0	-
PMD	pretomanid	fbiA	p.E249K	249	missense	NC_000962.3:3641286:G:A	3	1	1	1	0.043	BOV	BOV	single_or_fixed	0	-
PMD	pretomanid	fbiA	p.A110V	110	missense	NC_000962.3:3640870:C:T	3	1	1	1	0.254	L6	L6	single_or_fixed	0	-
PMD	pretomanid	fbiA	p.V330A	330	missense	NC_000962.3:3641530:T:C	3	1	1	1	0.006	L4	L4	single_or_fixed	0	-
PMD	pretomanid	fbiA	p.E130D	130	missense	NC_000962.3:3640931:G:T	3	1	1	1	0.03	L1	L1	single_or_fixed	0	clofazimine:uncertain;delamanid:uncertain
PMD	pretomanid	fbiA	p.V301M	301	missense	NC_000962.3:3641442:G:A	3	1	1	1	0.03	L1	L1	single_or_fixed	0	-
PMD	pretomanid	fbiA	p.D100N	100	missense	NC_000962.3:3640839:G:A	3	1	1	1	0.006	L4	L4	single_or_fixed	0	clofazimine:uncertain;delamanid:uncertain
PMD	pretomanid	fbiA	p.D38E	38	missense	NC_000962.3:3640655:C:A	3	1	1	1	0.043	BOV	BOV	single_or_fixed	0	-
PMD	pretomanid	fbiA	p.D205A	205	missense	NC_000962.3:3641155:A:C	3	1	1	1	0.03	L1	L1	single_or_fixed	0	-
PMD	pretomanid	fbiA	p.A322V	322	missense	NC_000962.3:3641506:C:T	3	1	1	1	0.006	L4	L4	single_or_fixed	0	-
PMD	pretomanid	fbiA	p.V320I	320	missense	NC_000962.3:3641499:G:A	3	1	1	1	0.006	L4	L4	single_or_fixed	0	-
PMD	pretomanid	fbiA	p.I53M	53	missense	NC_000962.3:3640700:C:G	3	1	1	1	0.006	L4	L4	single_or_fixed	0	-
PMD	pretomanid	fbiA	p.Q76E	76	missense	NC_000962.3:3640767:C:G	3	1	1	1	0.006	L4	L4	single_or_fixed	0	-
PMD	pretomanid	fbiB	p.A171S	171	missense	NC_000962.3:3642044:G:T	3	1	1	1	0.006	L4	L4	single_or_fixed	0	-
PMD	pretomanid	fbiB	p.L393V	393	missense	NC_000962.3:3642710:C:G	3	1	1	1	0.006	L4	L4	single_or_fixed	0	-
PMD	pretomanid	fbiB	p.A441V	441	missense	NC_000962.3:3642855:C:T	3	1	1	1	0.008	L2	L2	single_or_fixed	0	clofazimine:uncertain;delamanid:uncertain
PMD	pretomanid	fbiB	p.F373I	373	missense	NC_000962.3:3642650:T:A	3	1	1	1	0.008	L2	L2	single_or_fixed	0	-
PMD	pretomanid	fbiB	p.V188M	188	missense	NC_000962.3:3642095:G:A	3	1	1	1	0.033	L3	L3	single_or_fixed	0	-
PMD	pretomanid	fbiB	p.R409H	409	missense	NC_000962.3:3642759:G:A	3	1	1	1	0.006	L4	L4	single_or_fixed	0	-
PMD	pretomanid	fbiB	p.D203N	203	missense	NC_000962.3:3642140:G:A	3	1	1	1	0.03	L1	L1	single_or_fixed	0	-
PMD	pretomanid	fbiB	p.T371A	371	missense	NC_000962.3:3642644:A:G	3	1	1	1	0.03	L1	L1	single_or_fixed	0	-
PMD	pretomanid	fbiB	p.R261K	261	missense	NC_000962.3:3642315:G:A	3	1	1	1	0.006	L4	L4	single_or_fixed	0	-
PMD	pretomanid	fbiB	p.D355H	355	missense	NC_000962.3:3642596:G:C	3	1	1	1	0.006	L4	L4	single_or_fixed	0	-
PMD	pretomanid	fbiB	p.A171T	171	missense	NC_000962.3:3642044:G:A	3	1	1	1	0.03	L1	L1	single_or_fixed	0	-
PMD	pretomanid	fbiB	p.K206N	206	missense	NC_000962.3:3642151:A:C	3	1	1	1	0.006	L4	L4	single_or_fixed	0	clofazimine:uncertain;delamanid:uncertain
PMD	pretomanid	fbiB	p.T212A	212	missense	NC_000962.3:3642167:A:G	3	1	1	1	0.006	L4	L4	single_or_fixed	0	clofazimine:uncertain;delamanid:uncertain
PMD	pretomanid	fbiB	p.D320N	320	missense	NC_000962.3:3642491:G:A	3	1	1	1	0.006	L4	L4	single_or_fixed	0	-
PMD	pretomanid	fbiB	p.A368T	368	missense	NC_000962.3:3642635:G:A	3	1	1	1	0.006	L4	L4	single_or_fixed	0	-
PMD	pretomanid	ddn	p.S78Y	78	missense	NC_000962.3:3987075:C:A	3	1	1	1	0.008	L2	L2	single_or_fixed	0	-
PMD	pretomanid	ddn	p.T26A	26	missense	NC_000962.3:3986918:A:G	3	1	1	1	0.008	L2	L2	single_or_fixed	0	-
PMD	pretomanid	ddn	p.V106L	106	missense	NC_000962.3:3987158:G:T	3	1	1	1	0.008	L2	L2	single_or_fixed	0	-
PMD	pretomanid	ddn	p.V147M	147	missense	NC_000962.3:3987281:G:A	3	1	1	1	0.033	L3	L3	single_or_fixed	0	-
PMD	pretomanid	ddn	p.V98A	98	missense	NC_000962.3:3987135:T:C	3	1	1	1	0.008	L2	L2	single_or_fixed	0	delamanid:uncertain
PMD	pretomanid	ddn	p.P124S	124	missense	NC_000962.3:3987212:C:T	3	1	1	1	0.008	L2	L2	single_or_fixed	0	delamanid:uncertain
PMD	pretomanid	ddn	p.R119S	119	missense	NC_000962.3:3987197:C:A	3	1	1	1	0.008	L2	L2	single_or_fixed	0	-
PMD	pretomanid	ddn	p.S132C	132	missense	NC_000962.3:3987236:A:T	3	1	1	1	0.03	L1	L1	single_or_fixed	0	-
PMD	pretomanid	ddn	p.T51A	51	missense	NC_000962.3:3986993:A:G	3	1	1	1	0.03	L1	L1	single_or_fixed	0	-
PMD	pretomanid	ddn	p.K43E	43	missense	NC_000962.3:3986969:A:G	3	1	1	1	0.03	L1	L1	single_or_fixed	0	-
PMD	pretomanid	ddn	p.T50N	50	missense	NC_000962.3:3986991:C:A	3	1	1	1	0.03	L1	L1	single_or_fixed	0	-
BDQ	bedaquiline	mmpR5	p.Y26*	26	stop_gained	NC_000962.3:779066:T:G	2	1	1	1	0.005	L2	L2	single_or_fixed	1	bedaquiline:R-associated;clofazimine:R-associated
BDQ	bedaquiline	mmpR5	p.Y145*	145	stop_gained	NC_000962.3:779423:T:G	2	1	1	1	0.004	L4	L4	single_or_fixed	1	bedaquiline:R-associated;clofazimine:R-associated
BDQ	bedaquiline	mmpR5	p.S151P	151	missense	NC_000962.3:779439:T:C	2	1	1	1	0.005	L2	L2	single_or_fixed	0	bedaquiline:uncertain;clofazimine:uncertain
BDQ	bedaquiline	mmpR5	p.M17V	17	missense	NC_000962.3:779037:A:G	2	1	1	1	0.004	L4	L4	single_or_fixed	0	bedaquiline:uncertain;clofazimine:uncertain
BDQ	bedaquiline	mmpR5	p.G66E	66	missense	NC_000962.3:779185:G:A	2	1	1	1	0.005	L2	L2	single_or_fixed	0	-
BDQ	bedaquiline	mmpR5	p.L40F	40	missense	NC_000962.3:779108:G:C	2	1	1	1	0.022	L3	L3	single_or_fixed	0	bedaquiline:uncertain;clofazimine:uncertain
BDQ	bedaquiline	mmpR5	p.Y145H	145	missense	NC_000962.3:779421:T:C	2	1	1	1	0.022	L3	L3	single_or_fixed	0	bedaquiline:uncertain;clofazimine:uncertain
BDQ	bedaquiline	mmpR5	p.R107C	107	missense	NC_000962.3:779307:C:T	2	1	1	1	0.022	L3	L3	single_or_fixed	0	bedaquiline:uncertain;clofazimine:uncertain
BDQ	bedaquiline	mmpR5	p.G66V	66	missense	NC_000962.3:779185:G:T	2	1	1	1	0.005	L2	L2	single_or_fixed	0	-
BDQ	bedaquiline	mmpR5	p.Q159*	159	stop_gained	NC_000962.3:779463:C:T	2	1	1	1	0.005	L2	L2	single_or_fixed	1	bedaquiline:R-associated;clofazimine:R-associated
BDQ	bedaquiline	mmpR5	p.Y157C	157	missense	NC_000962.3:779458:A:G	2	1	1	1	0.005	L2	L2	single_or_fixed	0	-
BDQ	bedaquiline	mmpR5	p.E21D	21	missense	NC_000962.3:779051:A:C	2	1	1	1	0.022	L3	L3	single_or_fixed	0	-
BDQ	bedaquiline	mmpR5	p.F93L	93	missense	NC_000962.3:779267:C:A	2	1	1	1	0.022	L3	L3	single_or_fixed	0	bedaquiline:uncertain;clofazimine:uncertain
BDQ	bedaquiline	mmpR5	p.M146I	146	missense	NC_000962.3:779426:G:T	2	1	1	1	0.005	L2	L2	single_or_fixed	0	-
BDQ	bedaquiline	mmpR5	p.Q22E	22	missense	NC_000962.3:779052:C:G	2	1	1	1	0.005	L2	L2	single_or_fixed	0	-
BDQ	bedaquiline	mmpR5	p.A59T	59	missense	NC_000962.3:779163:G:A	2	1	1	1	0.005	L2	L2	single_or_fixed	0	-
BDQ	bedaquiline	mmpR5	p.A102D	102	missense	NC_000962.3:779293:C:A	2	1	1	1	0.005	L2	L2	single_or_fixed	0	bedaquiline:uncertain;clofazimine:uncertain
BDQ	bedaquiline	mmpR5	p.T69A	69	missense	NC_000962.3:779193:A:G	2	1	1	1	0.005	L2	L2	single_or_fixed	0	-
BDQ	bedaquiline	mmpR5	p.I67T	67	missense	NC_000962.3:779188:T:C	2	1	1	1	0.005	L2	L2	single_or_fixed	0	-
BDQ	bedaquiline	mmpR5	p.R137Q	137	missense	NC_000962.3:779398:G:A	2	1	1	1	0.004	L4	L4	single_or_fixed	0	-
BDQ	bedaquiline	mmpR5	p.A118T	118	missense	NC_000962.3:779340:G:A	2	1	1	1	0.004	L4	L4	single_or_fixed	0	-
BDQ	bedaquiline	mmpR5	p.M111T	111	missense	NC_000962.3:779320:T:C	2	1	1	1	0.02	L1	L1	single_or_fixed	0	clofazimine:uncertain
BDQ	bedaquiline	mmpR5	p.F27V	27	missense	NC_000962.3:779067:T:G	2	1	1	1	0.004	L4	L4	single_or_fixed	0	-
BDQ	bedaquiline	mmpR5	p.E54K	54	missense	NC_000962.3:779148:G:A	2	1	1	1	0.004	L4	L4	single_or_fixed	0	clofazimine:uncertain
BDQ	bedaquiline	mmpR5	p.R156Q	156	missense	NC_000962.3:779455:G:A	2	1	1	1	0.02	L1	L1	single_or_fixed	0	bedaquiline:uncertain;clofazimine:uncertain
BDQ	bedaquiline	mmpR5	p.D5N	5	missense	NC_000962.3:779001:G:A	2	1	1	1	0.004	L4	L4	single_or_fixed	0	bedaquiline:uncertain;clofazimine:uncertain
BDQ	bedaquiline	mmpR5	p.N98S	98	missense	NC_000962.3:779281:A:G	2	1	1	1	0.004	L4	L4	single_or_fixed	0	-
BDQ	bedaquiline	mmpR5	p.D15A	15	missense	NC_000962.3:779032:A:C	2	1	1	1	0.004	L4	L4	single_or_fixed	0	-
BDQ	bedaquiline	mmpR5	p.E54G	54	missense	NC_000962.3:779149:A:G	2	1	1	1	0.02	L1	L1	single_or_fixed	0	-
BDQ	bedaquiline	mmpR5	p.G66R	66	missense	NC_000962.3:779184:G:C	2	1	1	1	0.004	L4	L4	single_or_fixed	0	-
BDQ	bedaquiline	mmpR5	p.P97L	97	missense	NC_000962.3:779278:C:T	2	1	1	1	0.004	L4	L4	single_or_fixed	0	-
BDQ	bedaquiline	mmpR5	p.A124V	124	missense	NC_000962.3:779359:C:T	2	1	1	1	0.004	L4	L4	single_or_fixed	0	-
BDQ	bedaquiline	mmpR5	p.G24C	24	missense	NC_000962.3:779058:G:T	2	1	1	1	0.004	L4	L4	single_or_fixed	0	bedaquiline:uncertain
BDQ	bedaquiline	mmpR5	p.Y92*	92	stop_gained	NC_000962.3:779264:T:A	2	1	1	1	0.02	L1	L1	single_or_fixed	1	bedaquiline:R-associated
BDQ	bedaquiline	atpE	p.F76L	76	missense	NC_000962.3:1461271:C:A	2	1	1	1	0.004	L4	L4	single_or_fixed	0	bedaquiline:uncertain
BDQ	bedaquiline	atpE	p.A18G	18	missense	NC_000962.3:1461096:C:G	2	1	1	1	0.004	L4	L4	single_or_fixed	0	-
BDQ	bedaquiline	atpE	p.S37A	37	missense	NC_000962.3:1461152:T:G	2	1	1	1	0.005	L2	L2	single_or_fixed	0	bedaquiline:uncertain
BDQ	bedaquiline	atpE	p.L35F	35	missense	NC_000962.3:1461146:C:T	2	1	1	1	0.029	BOV	BOV	single_or_fixed	0	-
BDQ	bedaquiline	atpE	p.N33K	33	missense	NC_000962.3:1461142:C:A	2	1	1	1	0.169	L6	L6	single_or_fixed	0	-
BDQ	bedaquiline	atpE	p.G12S	12	missense	NC_000962.3:1461077:G:A	2	1	1	1	0.02	L1	L1	single_or_fixed	0	-
BDQ	bedaquiline	atpE	p.A45V	45	missense	NC_000962.3:1461177:C:T	2	1	1	1	0.004	L4	L4	single_or_fixed	0	bedaquiline:uncertain
BDQ	bedaquiline	pepQ	p.R170W	170	missense	NC_000962.3:2859910:G:A	2	1	1	1	0.005	L2	L2	single_or_fixed	0	bedaquiline:uncertain;clofazimine:uncertain
BDQ	bedaquiline	pepQ	p.G41C	41	missense	NC_000962.3:2860297:C:A	2	1	1	1	0.004	L4	L4	single_or_fixed	0	-
BDQ	bedaquiline	pepQ	p.T127I	127	missense	NC_000962.3:2860038:G:A	2	1	1	1	0.169	L6	L6	single_or_fixed	0	-
BDQ	bedaquiline	pepQ	p.G309E	309	missense	NC_000962.3:2859492:C:T	2	1	1	1	0.004	L4	L4	single_or_fixed	0	-
BDQ	bedaquiline	pepQ	p.Q13E	13	missense	NC_000962.3:2860381:G:C	2	1	1	1	0.022	L3	L3	single_or_fixed	0	-
BDQ	bedaquiline	pepQ	p.G91S	91	missense	NC_000962.3:2860147:C:T	2	1	1	1	0.005	L2	L2	single_or_fixed	0	-
BDQ	bedaquiline	pepQ	p.A152V	152	missense	NC_000962.3:2859963:G:A	2	1	1	1	0.005	L2	L2	single_or_fixed	0	-
BDQ	bedaquiline	pepQ	p.M180V	180	missense	NC_000962.3:2859880:T:C	2	1	1	1	0.022	L3	L3	single_or_fixed	0	bedaquiline:uncertain;clofazimine:uncertain
BDQ	bedaquiline	pepQ	p.E177D	177	missense	NC_000962.3:2859887:C:G	2	1	1	1	0.022	L3	L3	single_or_fixed	0	bedaquiline:uncertain;clofazimine:uncertain
BDQ	bedaquiline	pepQ	p.G285D	285	missense	NC_000962.3:2859564:C:T	2	1	1	1	0.005	L2	L2	single_or_fixed	0	-
BDQ	bedaquiline	pepQ	p.P165Q	165	missense	NC_000962.3:2859924:G:T	2	1	1	1	0.022	L3	L3	single_or_fixed	0	bedaquiline:uncertain;clofazimine:uncertain
BDQ	bedaquiline	pepQ	p.A87S	87	missense	NC_000962.3:2860159:C:A	2	1	1	1	0.005	L2	L2	single_or_fixed	0	-
BDQ	bedaquiline	pepQ	p.T56I	56	missense	NC_000962.3:2860251:G:A	2	1	1	1	0.005	L2	L2	single_or_fixed	0	-
BDQ	bedaquiline	pepQ	p.G356W	356	missense	NC_000962.3:2859352:C:A	2	1	1	1	0.022	L3	L3	single_or_fixed	0	-
BDQ	bedaquiline	pepQ	p.A55V	55	missense	NC_000962.3:2860254:G:A	2	1	1	1	0.005	L2	L2	single_or_fixed	0	-
BDQ	bedaquiline	pepQ	p.L317V	317	missense	NC_000962.3:2859469:G:C	2	1	1	1	0.005	L2	L2	single_or_fixed	0	-
BDQ	bedaquiline	pepQ	p.T348A	348	missense	NC_000962.3:2859376:T:C	2	1	1	1	0.005	L2	L2	single_or_fixed	0	-
BDQ	bedaquiline	pepQ	p.I220L	220	missense	NC_000962.3:2859760:T:G	2	1	1	1	0.004	L4	L4	single_or_fixed	0	-
BDQ	bedaquiline	pepQ	p.P359L	359	missense	NC_000962.3:2859342:G:A	2	1	1	1	0.02	L1	L1	single_or_fixed	0	-
BDQ	bedaquiline	pepQ	p.V214F	214	missense	NC_000962.3:2859778:C:A	2	1	1	1	0.004	L4	L4	single_or_fixed	0	-
BDQ	bedaquiline	pepQ	p.R271Q	271	missense	NC_000962.3:2859606:C:T	2	1	1	1	0.02	L1	L1	single_or_fixed	0	-
BDQ	bedaquiline	pepQ	p.G58S	58	missense	NC_000962.3:2860246:C:T	2	1	1	1	0.004	L4	L4	single_or_fixed	0	-
BDQ	bedaquiline	pepQ	p.T311A	311	missense	NC_000962.3:2859487:T:C	2	1	1	1	0.169	L6	L6	single_or_fixed	0	-
BDQ	bedaquiline	pepQ	p.L179R	179	missense	NC_000962.3:2859882:A:C	2	1	1	1	0.004	L4	L4	single_or_fixed	0	-
BDQ	bedaquiline	pepQ	p.K241T	241	missense	NC_000962.3:2859696:T:G	2	1	1	1	0.004	L4	L4	single_or_fixed	0	-
BDQ	bedaquiline	pepQ	p.Q63H	63	missense	NC_000962.3:2860229:C:A	2	1	1	1	0.169	L6	L6	single_or_fixed	0	-
BDQ	bedaquiline	pepQ	p.A178V	178	missense	NC_000962.3:2859885:G:A	2	1	1	1	0.004	L4	L4	single_or_fixed	0	-
BDQ	bedaquiline	pepQ	p.A12T	12	missense	NC_000962.3:2860384:C:T	2	1	1	1	0.02	L1	L1	single_or_fixed	0	-
BDQ	bedaquiline	pepQ	p.M180T	180	missense	NC_000962.3:2859879:A:G	2	1	1	1	0.02	L1	L1	single_or_fixed	0	bedaquiline:uncertain;clofazimine:uncertain
BDQ	bedaquiline	pepQ	p.G112D	112	missense	NC_000962.3:2860083:C:T	2	1	1	1	0.004	L4	L4	single_or_fixed	0	bedaquiline:uncertain;clofazimine:uncertain
BDQ	bedaquiline	pepQ	p.V104M	104	missense	NC_000962.3:2860108:C:T	2	1	1	1	0.004	L4	L4	single_or_fixed	0	-
BDQ	bedaquiline	pepQ	p.L107R	107	missense	NC_000962.3:2860098:A:C	2	1	1	1	0.004	L4	L4	single_or_fixed	0	bedaquiline:uncertain;clofazimine:uncertain
BDQ	bedaquiline	pepQ	p.N118D	118	missense	NC_000962.3:2860066:T:C	2	1	1	1	0.004	L4	L4	single_or_fixed	0	bedaquiline:uncertain;clofazimine:uncertain
BDQ	bedaquiline	pepQ	p.F290L	290	missense	NC_000962.3:2859550:A:G	2	1	1	1	0.004	L4	L4	single_or_fixed	0	-
BDQ	bedaquiline	pepQ	p.S130L	130	missense	NC_000962.3:2860029:G:A	2	1	1	1	0.004	L4	L4	single_or_fixed	0	bedaquiline:uncertain;clofazimine:uncertain
BDQ	bedaquiline	pepQ	p.A21S	21	missense	NC_000962.3:2860357:C:A	2	1	1	1	0.02	L1	L1	single_or_fixed	0	-
BDQ	bedaquiline	pepQ	p.G96R	96	missense	NC_000962.3:2860132:C:G	2	1	1	1	0.004	L4	L4	single_or_fixed	0	-
BDQ	bedaquiline	pepQ	p.E191D	191	missense	NC_000962.3:2859845:C:G	2	1	1	1	0.004	L4	L4	single_or_fixed	0	-
BDQ	bedaquiline	pepQ	p.A305V	305	missense	NC_000962.3:2859504:G:A	2	1	1	1	0.004	L4	L4	single_or_fixed	0	bedaquiline:uncertain;clofazimine:uncertain
BDQ	bedaquiline	pepQ	p.P266L	266	missense	NC_000962.3:2859621:G:A	2	1	1	1	0.02	L1	L1	single_or_fixed	0	-
BDQ	bedaquiline	pepQ	p.G267R	267	missense	NC_000962.3:2859619:C:G	2	1	1	1	0.004	L4	L4	single_or_fixed	0	-
BDQ	bedaquiline	pepQ	p.P165S	165	missense	NC_000962.3:2859925:G:A	2	1	1	1	0.02	L1	L1	single_or_fixed	0	-
BDQ	bedaquiline	pepQ	p.A65D	65	missense	NC_000962.3:2860224:G:T	2	1	1	1	0.004	L4	L4	single_or_fixed	0	-
BDQ	bedaquiline	pepQ	p.R77H	77	missense	NC_000962.3:2860188:C:T	2	1	1	1	0.004	L4	L4	single_or_fixed	0	-
BDQ	bedaquiline	pepQ	p.P352L	352	missense	NC_000962.3:2859363:G:A	2	1	1	1	0.004	L4	L4	single_or_fixed	0	-
BDQ	bedaquiline	pepQ	p.L95V	95	missense	NC_000962.3:2860135:G:C	2	1	1	1	0.004	L4	L4	single_or_fixed	0	-
BDQ	bedaquiline	pepQ	p.K350Q	350	missense	NC_000962.3:2859370:T:G	2	1	1	1	0.004	L4	L4	single_or_fixed	0	-
BDQ	bedaquiline	pepQ	p.F365L	365	missense	NC_000962.3:2859325:A:G	2	1	1	1	0.169	L6	L6	single_or_fixed	0	-
BDQ	bedaquiline	pepQ	p.I28V	28	missense	NC_000962.3:2860336:T:C	2	1	1	1	0.02	L1	L1	single_or_fixed	0	-
BDQ	bedaquiline	pepQ	p.K9N	9	missense	NC_000962.3:2860391:C:G	2	1	1	1	0.004	L4	L4	single_or_fixed	0	-
COMP	rifampicin	rpoC	p.I128V	128	missense	NC_000962.3:763750:A:G	2	1	1	1	0.02	L1	L1	single_or_fixed	0	-
COMP	rifampicin	rpoC	p.I937V	937	missense	NC_000962.3:766177:A:G	2	1	1	1	0.004	L4	L4	single_or_fixed	0	-
COMP	rifampicin	rpoC	p.R963C	963	missense	NC_000962.3:766255:C:T	2	1	1	1	0.004	L4	L4	single_or_fixed	0	rifampicin:uncertain
COMP	rifampicin	rpoC	p.T825S	825	missense	NC_000962.3:765842:C:G	2	1	1	1	0.005	L2	L2	single_or_fixed	0	rifampicin:uncertain
COMP	rifampicin	rpoC	p.I34V	34	missense	NC_000962.3:763468:A:G	2	1	1	1	0.005	L2	L2	single_or_fixed	0	rifampicin:uncertain
COMP	rifampicin	rpoC	p.E275D	275	missense	NC_000962.3:764193:G:C	2	1	1	1	0.004	L4	L4	single_or_fixed	0	-
COMP	rifampicin	rpoC	p.M1208T	1208	missense	NC_000962.3:766991:T:C	2	1	1	1	0.004	L4	L4	single_or_fixed	0	rifampicin:uncertain
COMP	rifampicin	rpoC	p.V490A	490	missense	NC_000962.3:764837:T:C	2	1	1	1	0.029	BOV	BOV	single_or_fixed	0	-
COMP	rifampicin	rpoC	p.E939A	939	missense	NC_000962.3:766184:A:C	2	1	1	1	0.004	L4	L4	single_or_fixed	0	-
COMP	rifampicin	rpoC	p.K50Q	50	missense	NC_000962.3:763516:A:C	2	1	1	1	0.02	L1	L1	single_or_fixed	0	-
COMP	rifampicin	rpoC	p.I1270S	1270	missense	NC_000962.3:767177:T:G	2	1	1	1	0.004	L4	L4	single_or_fixed	0	rifampicin:uncertain
COMP	rifampicin	rpoC	p.Q1084E	1084	missense	NC_000962.3:766618:C:G	2	1	1	1	0.004	L4	L4	single_or_fixed	0	-
COMP	rifampicin	rpoC	p.P231R	231	missense	NC_000962.3:764060:C:G	2	1	1	1	0.004	L4	L4	single_or_fixed	0	-
COMP	rifampicin	rpoC	p.H767R	767	missense	NC_000962.3:765668:A:G	2	1	1	1	0.004	L4	L4	single_or_fixed	0	-
COMP	rifampicin	rpoC	p.L446M	446	missense	NC_000962.3:764704:C:A	2	1	1	1	0.005	L2	L2	single_or_fixed	0	-
COMP	rifampicin	rpoC	p.H1150Y	1150	missense	NC_000962.3:766816:C:T	2	1	1	1	0.005	L2	L2	single_or_fixed	0	-
COMP	rifampicin	rpoC	p.K715E	715	missense	NC_000962.3:765511:A:G	2	1	1	1	0.005	L2	L2	single_or_fixed	0	-
COMP	rifampicin	rpoC	p.Q1131E	1131	missense	NC_000962.3:766759:C:G	2	1	1	1	0.005	L2	L2	single_or_fixed	0	-
COMP	rifampicin	rpoC	p.G1114R	1114	missense	NC_000962.3:766708:G:C	2	1	1	1	0.005	L2	L2	single_or_fixed	0	rifampicin:uncertain
COMP	rifampicin	rpoC	p.R1083Q	1083	missense	NC_000962.3:766616:G:A	2	1	1	1	0.005	L2	L2	single_or_fixed	0	rifampicin:uncertain
COMP	rifampicin	rpoC	p.V709L	709	missense	NC_000962.3:765493:G:C	2	1	1	1	0.005	L2	L2	single_or_fixed	0	-
COMP	rifampicin	rpoC	p.E1120G	1120	missense	NC_000962.3:766727:A:G	2	1	1	1	0.005	L2	L2	single_or_fixed	0	rifampicin:uncertain
COMP	rifampicin	rpoC	p.R556S	556	missense	NC_000962.3:765034:C:A	2	1	1	1	0.005	L2	L2	single_or_fixed	0	rifampicin:uncertain
COMP	rifampicin	rpoC	p.K779E	779	missense	NC_000962.3:765703:A:G	2	1	1	1	0.022	L3	L3	single_or_fixed	0	-
COMP	rifampicin	rpoC	p.I565M	565	missense	NC_000962.3:765063:C:G	2	1	1	1	0.005	L2	L2	single_or_fixed	0	rifampicin:uncertain
COMP	rifampicin	rpoC	p.H606Y	606	missense	NC_000962.3:765184:C:T	2	1	1	1	0.005	L2	L2	single_or_fixed	0	-
COMP	rifampicin	rpoC	p.D943H	943	missense	NC_000962.3:766195:G:C	2	1	1	1	0.005	L2	L2	single_or_fixed	0	rifampicin:uncertain
COMP	rifampicin	rpoC	p.E1033D	1033	missense	NC_000962.3:766467:G:T	2	1	1	1	0.005	L2	L2	single_or_fixed	0	rifampicin:uncertain
COMP	rifampicin	rpoC	p.E273D	273	missense	NC_000962.3:764187:A:C	2	1	1	1	0.005	L2	L2	single_or_fixed	0	-
COMP	rifampicin	rpoC	p.G680R	680	missense	NC_000962.3:765406:G:C	2	1	1	1	0.022	L3	L3	single_or_fixed	0	rifampicin:uncertain
COMP	rifampicin	rpoC	p.L1245R	1245	missense	NC_000962.3:767102:T:G	2	1	1	1	0.005	L2	L2	single_or_fixed	0	rifampicin:uncertain
COMP	rifampicin	rpoC	p.G411S	411	missense	NC_000962.3:764599:G:A	2	1	1	1	0.005	L2	L2	single_or_fixed	0	rifampicin:uncertain
COMP	rifampicin	rpoC	p.S614L	614	missense	NC_000962.3:765209:C:T	2	1	1	1	0.022	L3	L3	single_or_fixed	0	rifampicin:uncertain
COMP	rifampicin	rpoC	p.A788V	788	missense	NC_000962.3:765731:C:T	2	1	1	1	0.005	L2	L2	single_or_fixed	0	rifampicin:uncertain
COMP	rifampicin	rpoC	p.P739T	739	missense	NC_000962.3:765583:C:A	2	1	1	1	0.005	L2	L2	single_or_fixed	0	rifampicin:uncertain
COMP	rifampicin	rpoC	p.Q1110H	1110	missense	NC_000962.3:766698:G:C	2	1	1	1	0.005	L2	L2	single_or_fixed	0	rifampicin:uncertain
COMP	rifampicin	rpoC	p.L516Q	516	missense	NC_000962.3:764915:T:A	2	1	1	1	0.005	L2	L2	single_or_fixed	0	-
COMP	rifampicin	rpoC	p.L293I	293	missense	NC_000962.3:764245:C:A	2	1	1	1	0.022	L3	L3	single_or_fixed	0	rifampicin:uncertain
COMP	rifampicin	rpoC	p.D192Y	192	missense	NC_000962.3:763942:G:T	2	1	1	1	0.005	L2	L2	single_or_fixed	0	-
COMP	rifampicin	rpoC	p.G610D	610	missense	NC_000962.3:765197:G:A	2	1	1	1	0.022	L3	L3	single_or_fixed	0	-
COMP	rifampicin	rpoC	p.T609P	609	missense	NC_000962.3:765193:A:C	2	1	1	1	0.005	L2	L2	single_or_fixed	0	-
COMP	rifampicin	rpoC	p.V775M	775	missense	NC_000962.3:765691:G:A	2	1	1	1	0.005	L2	L2	single_or_fixed	0	rifampicin:uncertain
COMP	rifampicin	rpoC	p.A951P	951	missense	NC_000962.3:766219:G:C	2	1	1	1	0.005	L2	L2	single_or_fixed	0	-
COMP	rifampicin	rpoC	p.P947S	947	missense	NC_000962.3:766207:C:T	2	1	1	1	0.005	L2	L2	single_or_fixed	0	rifampicin:uncertain
COMP	rifampicin	rpoC	p.L340F	340	missense	NC_000962.3:764388:G:T	2	1	1	1	0.005	L2	L2	single_or_fixed	0	rifampicin:uncertain
COMP	rifampicin	rpoC	p.D1243H	1243	missense	NC_000962.3:767095:G:C	2	1	1	1	0.005	L2	L2	single_or_fixed	0	rifampicin:uncertain
COMP	rifampicin	rpoC	p.T967K	967	missense	NC_000962.3:766268:C:A	2	1	1	1	0.005	L2	L2	single_or_fixed	0	rifampicin:uncertain
COMP	rifampicin	rpoC	p.A549V	549	missense	NC_000962.3:765014:C:T	2	1	1	1	0.005	L2	L2	single_or_fixed	0	-
COMP	rifampicin	rpoC	p.E591D	591	missense	NC_000962.3:765141:G:T	2	1	1	1	0.005	L2	L2	single_or_fixed	0	rifampicin:uncertain
COMP	rifampicin	rpoC	p.R981C	981	missense	NC_000962.3:766309:C:T	2	1	1	1	0.005	L2	L2	single_or_fixed	0	-
COMP	rifampicin	rpoC	p.E154Q	154	missense	NC_000962.3:763828:G:C	2	1	1	1	0.005	L2	L2	single_or_fixed	0	-
COMP	rifampicin	rpoC	p.P947R	947	missense	NC_000962.3:766208:C:G	2	1	1	1	0.005	L2	L2	single_or_fixed	0	-
COMP	rifampicin	rpoC	p.E169D	169	missense	NC_000962.3:763875:A:C	2	1	1	1	0.005	L2	L2	single_or_fixed	0	-
COMP	rifampicin	rpoC	p.S1100Y	1100	missense	NC_000962.3:766667:C:A	2	1	1	1	0.005	L2	L2	single_or_fixed	0	-
COMP	rifampicin	rpoC	p.R963H	963	missense	NC_000962.3:766256:G:A	2	1	1	1	0.005	L2	L2	single_or_fixed	0	-
COMP	rifampicin	rpoC	p.R11S	11	missense	NC_000962.3:763399:C:A	2	1	1	1	0.022	L3	L3	single_or_fixed	0	rifampicin:uncertain
COMP	rifampicin	rpoC	p.E493G	493	missense	NC_000962.3:764846:A:G	2	1	1	1	0.005	L2	L2	single_or_fixed	0	-
COMP	rifampicin	rpoC	p.V1121M	1121	missense	NC_000962.3:766729:G:A	2	1	1	1	0.005	L2	L2	single_or_fixed	0	-
COMP	rifampicin	rpoC	p.E250D	250	missense	NC_000962.3:764118:G:T	2	1	1	1	0.005	L2	L2	single_or_fixed	0	-
COMP	rifampicin	rpoC	p.D714E	714	missense	NC_000962.3:765510:C:A	2	1	1	1	0.005	L2	L2	single_or_fixed	0	rifampicin:uncertain
COMP	rifampicin	rpoC	p.D735E	735	missense	NC_000962.3:765573:C:G	2	1	1	1	0.005	L2	L2	single_or_fixed	0	rifampicin:uncertain
COMP	rifampicin	rpoC	p.Y793C	793	missense	NC_000962.3:765746:A:G	2	1	1	1	0.005	L2	L2	single_or_fixed	0	-
COMP	rifampicin	rpoC	p.D269G	269	missense	NC_000962.3:764174:A:G	2	1	1	1	0.005	L2	L2	single_or_fixed	0	-
COMP	rifampicin	rpoC	p.Q435H	435	missense	NC_000962.3:764673:G:C	2	1	1	1	0.005	L2	L2	single_or_fixed	0	rifampicin:uncertain
COMP	rifampicin	rpoC	p.I1149M	1149	missense	NC_000962.3:766815:C:G	2	1	1	1	0.022	L3	L3	single_or_fixed	0	-
COMP	rifampicin	rpoC	p.P495A	495	missense	NC_000962.3:764851:C:G	2	1	1	1	0.005	L2	L2	single_or_fixed	0	rifampicin:uncertain
COMP	rifampicin	rpoC	p.P827T	827	missense	NC_000962.3:765847:C:A	2	1	1	1	0.005	L2	L2	single_or_fixed	0	-
COMP	rifampicin	rpoC	p.I565S	565	missense	NC_000962.3:765062:T:G	2	1	1	1	0.005	L2	L2	single_or_fixed	0	-
COMP	rifampicin	rpoC	p.R841C	841	missense	NC_000962.3:765889:C:T	2	1	1	1	0.005	L2	L2	single_or_fixed	0	-
COMP	rifampicin	rpoC	p.E518K	518	missense	NC_000962.3:764920:G:A	2	1	1	1	0.022	L3	L3	single_or_fixed	0	rifampicin:uncertain
COMP	rifampicin	rpoC	p.E1129D	1129	missense	NC_000962.3:766755:G:T	2	1	1	1	0.005	L2	L2	single_or_fixed	0	-
COMP	rifampicin	rpoC	p.E1113K	1113	missense	NC_000962.3:766705:G:A	2	1	1	1	0.022	L3	L3	single_or_fixed	0	rifampicin:uncertain
COMP	rifampicin	rpoC	p.Y915H	915	missense	NC_000962.3:766111:T:C	2	1	1	1	0.005	L2	L2	single_or_fixed	0	-
COMP	rifampicin	rpoC	p.I851L	851	missense	NC_000962.3:765919:A:C	2	1	1	1	0.005	L2	L2	single_or_fixed	0	-
COMP	rifampicin	rpoC	p.A1044S	1044	missense	NC_000962.3:766498:G:T	2	1	1	1	0.005	L2	L2	single_or_fixed	0	-
COMP	rifampicin	rpoC	p.K717Q	717	missense	NC_000962.3:765517:A:C	2	1	1	1	0.005	L2	L2	single_or_fixed	0	-
COMP	rifampicin	rpoC	p.D804E	804	missense	NC_000962.3:765780:C:A	2	1	1	1	0.022	L3	L3	single_or_fixed	0	-
COMP	rifampicin	rpoC	p.E259D	259	missense	NC_000962.3:764145:G:C	2	1	1	1	0.005	L2	L2	single_or_fixed	0	-
COMP	rifampicin	rpoC	p.Y1267N	1267	missense	NC_000962.3:767167:T:A	2	1	1	1	0.005	L2	L2	single_or_fixed	0	rifampicin:uncertain
COMP	rifampicin	rpoC	p.D795Y	795	missense	NC_000962.3:765751:G:T	2	1	1	1	0.02	L1	L1	single_or_fixed	0	rifampicin:uncertain
COMP	rifampicin	rpoC	p.P833S	833	missense	NC_000962.3:765865:C:T	2	1	1	1	0.004	L4	L4	single_or_fixed	0	-
COMP	rifampicin	rpoC	p.G604R	604	missense	NC_000962.3:765178:G:C	2	1	1	1	0.02	L1	L1	single_or_fixed	0	rifampicin:uncertain
COMP	rifampicin	rpoC	p.G956D	956	missense	NC_000962.3:766235:G:A	2	1	1	1	0.02	L1	L1	single_or_fixed	0	rifampicin:uncertain
COMP	rifampicin	rpoC	p.E617D	617	missense	NC_000962.3:765219:A:T	2	1	1	1	0.02	L1	L1	single_or_fixed	0	rifampicin:uncertain
COMP	rifampicin	rpoC	p.K758Q	758	missense	NC_000962.3:765640:A:C	2	1	1	1	0.02	L1	L1	single_or_fixed	0	-
COMP	rifampicin	rpoC	p.D1243G	1243	missense	NC_000962.3:767096:A:G	2	1	1	1	0.004	L4	L4	single_or_fixed	0	-
COMP	rifampicin	rpoC	p.P739L	739	missense	NC_000962.3:765584:C:T	2	1	1	1	0.004	L4	L4	single_or_fixed	0	-
COMP	rifampicin	rpoC	p.K632T	632	missense	NC_000962.3:765263:A:C	2	1	1	1	5.0	L7	L7	lineage_marker	0	-
COMP	rifampicin	rpoC	p.K1244E	1244	missense	NC_000962.3:767098:A:G	2	1	1	1	0.004	L4	L4	single_or_fixed	0	rifampicin:uncertain
COMP	rifampicin	rpoC	p.A1300V	1300	missense	NC_000962.3:767267:C:T	2	1	1	1	0.004	L4	L4	single_or_fixed	0	rifampicin:uncertain
COMP	rifampicin	rpoC	p.V692G	692	missense	NC_000962.3:765443:T:G	2	1	1	1	0.004	L4	L4	single_or_fixed	0	-
COMP	rifampicin	rpoC	p.E830A	830	missense	NC_000962.3:765857:A:C	2	1	1	1	0.004	L4	L4	single_or_fixed	0	rifampicin:uncertain
COMP	rifampicin	rpoC	p.E147D	147	missense	NC_000962.3:763809:G:C	2	1	1	1	0.004	L4	L4	single_or_fixed	0	-
COMP	rifampicin	rpoC	p.D57N	57	missense	NC_000962.3:763537:G:A	2	1	1	1	0.004	L4	L4	single_or_fixed	0	-
COMP	rifampicin	rpoC	p.A258T	258	missense	NC_000962.3:764140:G:A	2	1	1	1	0.004	L4	L4	single_or_fixed	0	-
COMP	rifampicin	rpoC	p.Q262R	262	missense	NC_000962.3:764153:A:G	2	1	1	1	0.004	L4	L4	single_or_fixed	0	rifampicin:uncertain
COMP	rifampicin	rpoC	p.V197I	197	missense	NC_000962.3:763957:G:A	2	1	1	1	0.004	L4	L4	single_or_fixed	0	rifampicin:uncertain
COMP	rifampicin	rpoC	p.A1213V	1213	missense	NC_000962.3:767006:C:T	2	1	1	1	0.004	L4	L4	single_or_fixed	0	rifampicin:uncertain
COMP	rifampicin	rpoC	p.M820I	820	missense	NC_000962.3:765828:G:A	2	1	1	1	0.004	L4	L4	single_or_fixed	0	-
COMP	rifampicin	rpoC	p.R752H	752	missense	NC_000962.3:765623:G:A	2	1	1	1	0.02	L1	L1	single_or_fixed	0	rifampicin:uncertain
COMP	rifampicin	rpoC	p.V930I	930	missense	NC_000962.3:766156:G:A	2	1	1	1	0.02	L1	L1	single_or_fixed	0	rifampicin:uncertain
COMP	rifampicin	rpoC	p.A905P	905	missense	NC_000962.3:766081:G:C	2	1	1	1	0.02	L1	L1	single_or_fixed	0	-
COMP	rifampicin	rpoC	p.L910V	910	missense	NC_000962.3:766096:C:G	2	1	1	1	0.02	L1	L1	single_or_fixed	0	-
COMP	rifampicin	rpoC	p.E518Q	518	missense	NC_000962.3:764920:G:C	2	1	1	1	0.004	L4	L4	single_or_fixed	0	rifampicin:uncertain
COMP	rifampicin	rpoC	p.I851S	851	missense	NC_000962.3:765920:T:G	2	1	1	1	0.004	L4	L4	single_or_fixed	0	rifampicin:uncertain
COMP	rifampicin	rpoC	p.R1159C	1159	missense	NC_000962.3:766843:C:T	2	1	1	1	0.004	L4	L4	single_or_fixed	0	-
COMP	rifampicin	rpoC	p.P546L	546	missense	NC_000962.3:765005:C:T	2	1	1	1	0.02	L1	L1	single_or_fixed	0	-
COMP	rifampicin	rpoC	p.L360V	360	missense	NC_000962.3:764446:C:G	2	1	1	1	0.004	L4	L4	single_or_fixed	0	rifampicin:uncertain
COMP	rifampicin	rpoC	p.P615L	615	missense	NC_000962.3:765212:C:T	2	1	1	1	0.004	L4	L4	single_or_fixed	0	-
COMP	rifampicin	rpoC	p.M1208I	1208	missense	NC_000962.3:766992:G:A	2	1	1	1	0.02	L1	L1	single_or_fixed	0	rifampicin:uncertain
COMP	rifampicin	rpoC	p.E1022K	1022	missense	NC_000962.3:766432:G:A	2	1	1	1	0.004	L4	L4	single_or_fixed	0	rifampicin:uncertain
COMP	rifampicin	rpoC	p.R1085Q	1085	missense	NC_000962.3:766622:G:A	2	1	1	1	0.004	L4	L4	single_or_fixed	0	-
COMP	rifampicin	rpoC	p.E518D	518	missense	NC_000962.3:764922:A:T	2	1	1	1	0.004	L4	L4	single_or_fixed	0	rifampicin:uncertain
COMP	rifampicin	rpoC	p.A1195V	1195	missense	NC_000962.3:766952:C:T	2	1	1	1	0.02	L1	L1	single_or_fixed	0	rifampicin:uncertain
COMP	rifampicin	rpoC	p.G63A	63	missense	NC_000962.3:763556:G:C	2	1	1	1	0.02	L1	L1	single_or_fixed	0	rifampicin:uncertain
COMP	rifampicin	rpoC	p.E1113D	1113	missense	NC_000962.3:766707:A:C	2	1	1	1	0.004	L4	L4	single_or_fixed	0	rifampicin:uncertain
COMP	rifampicin	rpoC	p.E259K	259	missense	NC_000962.3:764143:G:A	2	1	1	1	0.02	L1	L1	single_or_fixed	0	rifampicin:uncertain
COMP	rifampicin	rpoC	p.M541T	541	missense	NC_000962.3:764990:T:C	2	1	1	1	0.004	L4	L4	single_or_fixed	0	rifampicin:uncertain
COMP	rifampicin	rpoC	p.G311S	311	missense	NC_000962.3:764299:G:A	2	1	1	1	0.004	L4	L4	single_or_fixed	0	rifampicin:uncertain
COMP	rifampicin	rpoC	p.L650R	650	missense	NC_000962.3:765317:T:G	2	1	1	1	0.004	L4	L4	single_or_fixed	0	rifampicin:uncertain
COMP	rifampicin	rpoC	p.I619V	619	missense	NC_000962.3:765223:A:G	2	1	1	1	0.02	L1	L1	single_or_fixed	0	rifampicin:uncertain
COMP	rifampicin	rpoC	p.A710V	710	missense	NC_000962.3:765497:C:T	2	1	1	1	0.004	L4	L4	single_or_fixed	0	rifampicin:uncertain
COMP	rifampicin	rpoC	p.R1083G	1083	missense	NC_000962.3:766615:C:G	2	1	1	1	0.004	L4	L4	single_or_fixed	0	rifampicin:uncertain
COMP	rifampicin	rpoC	p.T638I	638	missense	NC_000962.3:765281:C:T	2	1	1	1	0.004	L4	L4	single_or_fixed	0	rifampicin:uncertain
COMP	rifampicin	rpoC	p.E220K	220	missense	NC_000962.3:764026:G:A	2	1	1	1	0.004	L4	L4	single_or_fixed	0	-
COMP	rifampicin	rpoC	p.D217E	217	missense	NC_000962.3:764019:C:G	2	1	1	1	0.004	L4	L4	single_or_fixed	0	rifampicin:uncertain
COMP	rifampicin	rpoC	p.D210G	210	missense	NC_000962.3:763997:A:G	2	1	1	1	0.004	L4	L4	single_or_fixed	0	-
COMP	rifampicin	rpoC	p.S838A	838	missense	NC_000962.3:765880:T:G	2	1	1	1	0.004	L4	L4	single_or_fixed	0	-
COMP	rifampicin	rpoC	p.V82M	82	missense	NC_000962.3:763612:G:A	2	1	1	1	0.02	L1	L1	single_or_fixed	0	-
COMP	rifampicin	rpoC	p.A301V	301	missense	NC_000962.3:764270:C:T	2	1	1	1	0.004	L4	L4	single_or_fixed	0	-
COMP	rifampicin	rpoC	p.A1202V	1202	missense	NC_000962.3:766973:C:T	2	1	1	1	0.004	L4	L4	single_or_fixed	0	-
COMP	rifampicin	rpoC	p.K758R	758	missense	NC_000962.3:765641:A:G	2	1	1	1	0.004	L4	L4	single_or_fixed	0	-
COMP	rifampicin	rpoC	p.V592F	592	missense	NC_000962.3:765142:G:T	2	1	1	1	0.004	L4	L4	single_or_fixed	0	rifampicin:uncertain
COMP	rifampicin	rpoC	p.I1080M	1080	missense	NC_000962.3:766608:C:G	2	1	1	1	0.004	L4	L4	single_or_fixed	0	rifampicin:uncertain
COMP	rifampicin	rpoC	p.T227S	227	missense	NC_000962.3:764048:C:G	2	1	1	1	0.029	BOV	BOV	single_or_fixed	0	-
COMP	rifampicin	rpoC	p.A153T	153	missense	NC_000962.3:763825:G:A	2	1	1	1	0.004	L4	L4	single_or_fixed	0	rifampicin:uncertain
COMP	rifampicin	rpoC	p.A448G	448	missense	NC_000962.3:764711:C:G	2	1	1	1	0.004	L4	L4	single_or_fixed	0	-
COMP	rifampicin	rpoC	p.E27Q	27	missense	NC_000962.3:763447:G:C	2	1	1	1	0.029	BOV	BOV	single_or_fixed	0	-
COMP	rifampicin	rpoC	p.Y749C	749	missense	NC_000962.3:765614:A:G	2	1	1	1	0.02	L1	L1	single_or_fixed	0	-
COMP	rifampicin	rpoC	p.H1133N	1133	missense	NC_000962.3:766765:C:A	2	1	1	1	0.02	L1	L1	single_or_fixed	0	rifampicin:uncertain
COMP	rifampicin	rpoC	p.E1073Q	1073	missense	NC_000962.3:766585:G:C	2	1	1	1	0.02	L1	L1	single_or_fixed	0	rifampicin:uncertain
COMP	rifampicin	rpoC	p.V899I	899	missense	NC_000962.3:766063:G:A	2	1	1	1	0.004	L4	L4	single_or_fixed	0	-
COMP	rifampicin	rpoC	p.P601Q	601	missense	NC_000962.3:765170:C:A	2	1	1	1	0.004	L4	L4	single_or_fixed	0	rifampicin:uncertain
COMP	rifampicin	rpoC	p.S1242N	1242	missense	NC_000962.3:767093:G:A	2	1	1	1	0.004	L4	L4	single_or_fixed	0	rifampicin:uncertain
COMP	rifampicin	rpoC	p.D1070Y	1070	missense	NC_000962.3:766576:G:T	2	1	1	1	0.004	L4	L4	single_or_fixed	0	-
COMP	rifampicin	rpoC	p.V803A	803	missense	NC_000962.3:765776:T:C	2	1	1	1	0.029	BOV	BOV	single_or_fixed	0	-
COMP	rifampicin	rpoC	p.L497S	497	missense	NC_000962.3:764858:T:C	2	1	1	1	0.004	L4	L4	single_or_fixed	0	-
COMP	rifampicin	rpoC	p.M327I	327	missense	NC_000962.3:764349:G:A	2	1	1	1	0.004	L4	L4	single_or_fixed	0	-
COMP	rifampicin	rpoC	p.E1228A	1228	missense	NC_000962.3:767051:A:C	2	1	1	1	0.004	L4	L4	single_or_fixed	0	rifampicin:uncertain
COMP	rifampicin	rpoC	p.R278Q	278	missense	NC_000962.3:764201:G:A	2	1	1	1	0.004	L4	L4	single_or_fixed	0	rifampicin:uncertain
COMP	rifampicin	rpoC	p.G956S	956	missense	NC_000962.3:766234:G:A	2	1	1	1	0.004	L4	L4	single_or_fixed	0	-
COMP	rifampicin	rpoC	p.D1218G	1218	missense	NC_000962.3:767021:A:G	2	1	1	1	0.004	L4	L4	single_or_fixed	0	rifampicin:uncertain
COMP	rifampicin	rpoC	p.T924N	924	missense	NC_000962.3:766139:C:A	2	1	1	1	0.02	L1	L1	single_or_fixed	0	-
COMP	rifampicin	rpoC	p.S1313G	1313	missense	NC_000962.3:767305:A:G	2	1	1	1	0.02	L1	L1	single_or_fixed	0	-
COMP	rifampicin	rpoC	p.L399H	399	missense	NC_000962.3:764564:T:A	2	1	1	1	0.004	L4	L4	single_or_fixed	0	-
COMP	rifampicin	rpoC	p.G1114D	1114	missense	NC_000962.3:766709:G:A	2	1	1	1	0.004	L4	L4	single_or_fixed	0	-
COMP	rifampicin	rpoA	p.S10F	10	missense	NC_000962.3:3878478:G:A	2	1	1	1	0.02	L1	L1	single_or_fixed	0	rifampicin:uncertain
COMP	rifampicin	rpoA	p.A321S	321	missense	NC_000962.3:3877546:C:A	2	1	1	1	0.004	L4	L4	single_or_fixed	0	rifampicin:uncertain
COMP	rifampicin	rpoA	p.T106A	106	missense	NC_000962.3:3878191:T:C	2	1	1	1	0.449	L5	L5	single_or_fixed	0	-
COMP	rifampicin	rpoA	p.P148L	148	missense	NC_000962.3:3878064:G:A	2	1	1	1	0.02	L1	L1	single_or_fixed	0	rifampicin:uncertain
COMP	rifampicin	rpoA	p.A222V	222	missense	NC_000962.3:3877842:G:A	2	1	1	1	0.004	L4	L4	single_or_fixed	0	rifampicin:uncertain
COMP	rifampicin	rpoA	p.S82N	82	missense	NC_000962.3:3878262:C:T	2	1	1	1	0.022	L3	L3	single_or_fixed	0	rifampicin:uncertain
COMP	rifampicin	rpoA	p.P317S	317	missense	NC_000962.3:3877558:G:A	2	1	1	1	0.005	L2	L2	single_or_fixed	0	-
COMP	rifampicin	rpoA	p.M123L	123	missense	NC_000962.3:3878140:T:G	2	1	1	1	0.005	L2	L2	single_or_fixed	0	rifampicin:uncertain
COMP	rifampicin	rpoA	p.V150A	150	missense	NC_000962.3:3878058:A:G	2	1	1	1	0.005	L2	L2	single_or_fixed	0	-
COMP	rifampicin	rpoA	p.I202T	202	missense	NC_000962.3:3877902:A:G	2	1	1	1	0.005	L2	L2	single_or_fixed	0	-
COMP	rifampicin	rpoA	p.D252G	252	missense	NC_000962.3:3877752:T:C	2	1	1	1	0.022	L3	L3	single_or_fixed	0	-
COMP	rifampicin	rpoA	p.Q151K	151	missense	NC_000962.3:3878056:G:T	2	1	1	1	0.005	L2	L2	single_or_fixed	0	-
COMP	rifampicin	rpoA	p.P113S	113	missense	NC_000962.3:3878170:G:A	2	1	1	1	0.004	L4	L4	single_or_fixed	0	rifampicin:uncertain
COMP	rifampicin	rpoA	p.E267K	267	missense	NC_000962.3:3877708:C:T	2	1	1	1	0.004	L4	L4	single_or_fixed	0	-
COMP	rifampicin	rpoA	p.V66G	66	missense	NC_000962.3:3878310:A:C	2	1	1	1	0.169	L6	L6	single_or_fixed	0	-
COMP	rifampicin	rpoA	p.I125V	125	missense	NC_000962.3:3878134:T:C	2	1	1	1	0.02	L1	L1	single_or_fixed	0	rifampicin:uncertain
COMP	rifampicin	rpoA	p.R6L	6	missense	NC_000962.3:3878490:C:A	2	1	1	1	0.004	L4	L4	single_or_fixed	0	-
COMP	rifampicin	rpoA	p.P312T	312	missense	NC_000962.3:3877573:G:T	2	1	1	1	0.004	L4	L4	single_or_fixed	0	rifampicin:uncertain
COMP	rifampicin	rpoA	p.K265R	265	missense	NC_000962.3:3877713:T:C	2	1	1	1	0.004	L4	L4	single_or_fixed	0	-
COMP	rifampicin	rpoA	p.I54S	54	missense	NC_000962.3:3878346:A:C	2	1	1	1	0.004	L4	L4	single_or_fixed	0	-
COMP	rifampicin	rpoA	p.K300M	300	missense	NC_000962.3:3877608:T:A	2	1	1	1	0.004	L4	L4	single_or_fixed	0	rifampicin:uncertain
COMP	rifampicin	rpoA	p.A207V	207	missense	NC_000962.3:3877887:G:A	2	1	1	1	0.02	L1	L1	single_or_fixed	0	rifampicin:uncertain
COMP	rifampicin	rpoA	p.V258A	258	missense	NC_000962.3:3877734:A:G	2	1	1	1	0.004	L4	L4	single_or_fixed	0	-
COMP	rifampicin	rpoA	p.S10Y	10	missense	NC_000962.3:3878478:G:T	2	1	1	1	0.029	BOV	BOV	single_or_fixed	0	-
COMP	rifampicin	rpoA	p.A277E	277	missense	NC_000962.3:3877677:G:T	2	1	1	1	0.004	L4	L4	single_or_fixed	0	-
COMP	rifampicin	rpoA	p.A245T	245	missense	NC_000962.3:3877774:C:T	2	1	1	1	0.004	L4	L4	single_or_fixed	0	-
COMP	rifampicin	rpoA	p.H302Y	302	missense	NC_000962.3:3877603:G:A	2	1	1	1	0.004	L4	L4	single_or_fixed	0	rifampicin:uncertain
COMP	rifampicin	rpoA	p.D195E	195	missense	NC_000962.3:3877922:G:C	2	1	1	1	0.004	L4	L4	single_or_fixed	0	rifampicin:uncertain
COMP	rifampicin	rpoA	p.K213R	213	missense	NC_000962.3:3877869:T:C	2	1	1	1	0.029	BOV	BOV	single_or_fixed	0	-
COMP	rifampicin	rpoA	p.G115A	115	missense	NC_000962.3:3878163:C:G	2	1	1	1	0.004	L4	L4	single_or_fixed	0	rifampicin:uncertain
COMP	rifampicin	rpoA	p.R223G	223	missense	NC_000962.3:3877840:G:C	2	1	1	1	0.029	BOV	BOV	single_or_fixed	0	-
COMP	rifampicin	rpoA	p.S246P	246	missense	NC_000962.3:3877771:A:G	2	1	1	1	0.004	L4	L4	single_or_fixed	0	-
COMP	rifampicin	rpoA	p.R55S	55	missense	NC_000962.3:3878344:G:T	2	1	1	1	0.004	L4	L4	single_or_fixed	0	rifampicin:uncertain
COMP	rifampicin	rpoA	p.E240K	240	missense	NC_000962.3:3877789:C:T	2	1	1	1	0.004	L4	L4	single_or_fixed	0	-
COMP	rifampicin	rpoA	p.V216A	216	missense	NC_000962.3:3877860:A:G	2	1	1	1	0.004	L4	L4	single_or_fixed	0	-
COMP	rifampicin	rpoA	p.P163L	163	missense	NC_000962.3:3878019:G:A	2	1	1	1	0.02	L1	L1	single_or_fixed	0	-
LZD	linezolid	rplC	p.G215D	215	missense	NC_000962.3:801451:G:A	2	1	1	1	0.004	L4	L4	single_or_fixed	0	-
LZD	linezolid	rplC	p.A124V	124	missense	NC_000962.3:801178:C:T	2	1	1	1	0.005	L2	L2	single_or_fixed	0	-
LZD	linezolid	rplC	p.T202N	202	missense	NC_000962.3:801412:C:A	2	1	1	1	0.004	L4	L4	single_or_fixed	0	-
LZD	linezolid	rplC	p.L7R	7	missense	NC_000962.3:800827:T:G	2	1	1	1	0.022	L3	L3	single_or_fixed	0	-
LZD	linezolid	rplC	p.R146S	146	missense	NC_000962.3:801243:C:A	2	1	1	1	0.005	L2	L2	single_or_fixed	0	-
LZD	linezolid	rplC	p.D173G	173	missense	NC_000962.3:801325:A:G	2	1	1	1	0.005	L2	L2	single_or_fixed	0	linezolid:uncertain
LZD	linezolid	rplC	p.V23G	23	missense	NC_000962.3:800875:T:G	2	1	1	1	0.022	L3	L3	single_or_fixed	0	-
LZD	linezolid	rplC	p.L86M	86	missense	NC_000962.3:801063:C:A	2	1	1	1	0.005	L2	L2	single_or_fixed	0	-
LZD	linezolid	rplC	p.K217N	217	missense	NC_000962.3:801458:G:T	2	1	1	1	0.005	L2	L2	single_or_fixed	0	-
LZD	linezolid	rplC	p.K61E	61	missense	NC_000962.3:800988:A:G	2	1	1	1	0.005	L2	L2	single_or_fixed	0	-
LZD	linezolid	rplC	p.Q96H	96	missense	NC_000962.3:801095:G:C	2	1	1	1	0.005	L2	L2	single_or_fixed	0	-
LZD	linezolid	rplC	p.H145Y	145	missense	NC_000962.3:801240:C:T	2	1	1	1	0.022	L3	L3	single_or_fixed	0	-
LZD	linezolid	rplC	p.V114M	114	missense	NC_000962.3:801147:G:A	2	1	1	1	0.02	L1	L1	single_or_fixed	0	-
LZD	linezolid	rplC	p.E100Q	100	missense	NC_000962.3:801105:G:C	2	1	1	1	0.004	L4	L4	single_or_fixed	0	-
LZD	linezolid	rplC	p.V198L	198	missense	NC_000962.3:801399:G:C	2	1	1	1	0.169	L6	L6	single_or_fixed	0	-
LZD	linezolid	rplC	p.S138R	138	missense	NC_000962.3:801219:A:C	2	1	1	1	0.004	L4	L4	single_or_fixed	0	linezolid:uncertain
LZD	linezolid	rplC	p.G98R	98	missense	NC_000962.3:801099:G:C	2	1	1	1	0.02	L1	L1	single_or_fixed	0	linezolid:uncertain
LZD	linezolid	rplC	p.V24I	24	missense	NC_000962.3:800877:G:A	2	1	1	1	0.029	BOV	BOV	single_or_fixed	0	-
LZD	linezolid	rplC	p.R169W	169	missense	NC_000962.3:801312:C:T	2	1	1	1	0.02	L1	L1	single_or_fixed	0	-
LZD	linezolid	rplC	p.P33T	33	missense	NC_000962.3:800904:C:A	2	1	1	1	0.02	L1	L1	single_or_fixed	0	-
LZD	linezolid	rplC	p.M127I	127	missense	NC_000962.3:801188:G:T	2	1	1	1	0.004	L4	L4	single_or_fixed	0	-
LZD	linezolid	rplC	p.G32A	32	missense	NC_000962.3:800902:G:C	2	1	1	1	0.004	L4	L4	single_or_fixed	0	-
LZD	linezolid	rplC	p.E56K	56	missense	NC_000962.3:800973:G:A	2	1	1	1	0.004	L4	L4	single_or_fixed	0	-
LZD	linezolid	rplC	p.A82G	82	missense	NC_000962.3:801052:C:G	2	1	1	1	0.004	L4	L4	single_or_fixed	0	-
LZD	linezolid	rplC	p.S48T	48	missense	NC_000962.3:800950:G:C	2	1	1	1	0.02	L1	L1	single_or_fixed	0	-
LZD	linezolid	rplC	p.D45Y	45	missense	NC_000962.3:800940:G:T	2	1	1	1	0.004	L4	L4	single_or_fixed	0	-
LZD	linezolid	rplC	p.T14M	14	missense	NC_000962.3:800848:C:T	2	1	1	1	0.02	L1	L1	single_or_fixed	0	-
LZD	linezolid	rplC	p.T117A	117	missense	NC_000962.3:801156:A:G	2	1	1	1	0.02	L1	L1	single_or_fixed	0	-
MFX	moxifloxacin	gyrB	p.S279F	279	missense	NC_000962.3:6074:C:T	2	1	1	1	0.004	L4	L4	single_or_fixed	0	moxifloxacin:uncertain
MFX	moxifloxacin	gyrB	p.D97E	97	missense	NC_000962.3:5529:C:G	2	1	1	1	0.004	L4	L4	single_or_fixed	0	levofloxacin:uncertain;moxifloxacin:uncertain
MFX	moxifloxacin	gyrB	p.D669E	669	missense	NC_000962.3:7245:T:A	2	1	1	1	0.004	L4	L4	single_or_fixed	0	-
MFX	moxifloxacin	gyrB	p.T373A	373	missense	NC_000962.3:6355:A:G	2	1	1	1	0.004	L4	L4	single_or_fixed	0	levofloxacin:uncertain;moxifloxacin:uncertain
MFX	moxifloxacin	gyrB	p.P439L	439	missense	NC_000962.3:6554:C:T	2	1	1	1	0.005	L2	L2	single_or_fixed	0	-
MFX	moxifloxacin	gyrB	p.I478V	478	missense	NC_000962.3:6670:A:G	2	1	1	1	0.004	L4	L4	single_or_fixed	0	-
MFX	moxifloxacin	gyrB	p.D210N	210	missense	NC_000962.3:5866:G:A	2	1	1	1	0.004	L4	L4	single_or_fixed	0	-
MFX	moxifloxacin	gyrB	p.A270P	270	missense	NC_000962.3:6046:G:C	2	1	1	1	0.004	L4	L4	single_or_fixed	0	-
MFX	moxifloxacin	gyrB	p.K603N	603	missense	NC_000962.3:7047:G:C	2	1	1	1	0.022	L3	L3	single_or_fixed	0	moxifloxacin:uncertain
MFX	moxifloxacin	gyrB	p.D349E	349	missense	NC_000962.3:6285:T:G	2	1	1	1	0.005	L2	L2	single_or_fixed	0	-
MFX	moxifloxacin	gyrB	p.A3T	3	missense	NC_000962.3:5245:G:A	2	1	1	1	0.005	L2	L2	single_or_fixed	0	-
MFX	moxifloxacin	gyrB	p.T164A	164	missense	NC_000962.3:5728:A:G	2	1	1	1	0.005	L2	L2	single_or_fixed	0	-
MFX	moxifloxacin	gyrB	p.A2T	2	missense	NC_000962.3:5242:G:A	2	1	1	1	0.005	L2	L2	single_or_fixed	0	-
MFX	moxifloxacin	gyrB	p.P177H	177	missense	NC_000962.3:5768:C:A	2	1	1	1	0.005	L2	L2	single_or_fixed	0	levofloxacin:uncertain;moxifloxacin:uncertain
MFX	moxifloxacin	gyrB	p.S224N	224	missense	NC_000962.3:5909:G:A	2	1	1	1	0.022	L3	L3	single_or_fixed	0	-
MFX	moxifloxacin	gyrB	p.A2S	2	missense	NC_000962.3:5242:G:T	2	1	1	1	0.005	L2	L2	single_or_fixed	0	levofloxacin:uncertain;moxifloxacin:uncertain
MFX	moxifloxacin	gyrB	p.I486V	486	missense	NC_000962.3:6694:A:G	2	1	1	1	0.005	L2	L2	single_or_fixed	0	levofloxacin:uncertain;moxifloxacin:uncertain
MFX	moxifloxacin	gyrB	p.V218L	218	missense	NC_000962.3:5890:G:C	2	1	1	1	0.022	L3	L3	single_or_fixed	0	-
MFX	moxifloxacin	gyrB	p.S466T	466	missense	NC_000962.3:6634:T:A	2	1	1	1	0.005	L2	L2	single_or_fixed	0	-
MFX	moxifloxacin	gyrB	p.A597V	597	missense	NC_000962.3:7028:C:T	2	1	1	1	0.022	L3	L3	single_or_fixed	0	-
MFX	moxifloxacin	gyrB	p.E352Q	352	missense	NC_000962.3:6292:G:C	2	1	1	1	0.022	L3	L3	single_or_fixed	0	-
MFX	moxifloxacin	gyrB	p.E397D	397	missense	NC_000962.3:6429:A:C	2	1	1	1	0.022	L3	L3	single_or_fixed	0	levofloxacin:uncertain;moxifloxacin:uncertain
MFX	moxifloxacin	gyrB	p.H272N	272	missense	NC_000962.3:6052:C:A	2	1	1	1	0.022	L3	L3	single_or_fixed	0	-
MFX	moxifloxacin	gyrB	p.L375V	375	missense	NC_000962.3:6361:T:G	2	1	1	1	0.022	L3	L3	single_or_fixed	0	levofloxacin:uncertain;moxifloxacin:uncertain
MFX	moxifloxacin	gyrB	p.D10N	10	missense	NC_000962.3:5266:G:A	2	1	1	1	0.022	L3	L3	single_or_fixed	0	-
MFX	moxifloxacin	gyrB	p.R523C	523	missense	NC_000962.3:6805:C:T	2	1	1	1	0.005	L2	L2	single_or_fixed	0	levofloxacin:uncertain;moxifloxacin:uncertain
MFX	moxifloxacin	gyrB	p.A644T	644	missense	NC_000962.3:7168:G:A	2	1	1	1	0.022	L3	L3	single_or_fixed	0	-
MFX	moxifloxacin	gyrB	p.L257P	257	missense	NC_000962.3:6008:T:C	2	1	1	1	0.005	L2	L2	single_or_fixed	0	levofloxacin:uncertain;moxifloxacin:uncertain
MFX	moxifloxacin	gyrB	p.C388G	388	missense	NC_000962.3:6400:T:G	2	1	1	1	0.005	L2	L2	single_or_fixed	0	levofloxacin:uncertain;moxifloxacin:uncertain
MFX	moxifloxacin	gyrB	p.A467T	467	missense	NC_000962.3:6637:G:A	2	1	1	1	0.022	L3	L3	single_or_fixed	0	levofloxacin:uncertain;moxifloxacin:uncertain
MFX	moxifloxacin	gyrB	p.I275V	275	missense	NC_000962.3:6061:A:G	2	1	1	1	0.005	L2	L2	single_or_fixed	0	-
MFX	moxifloxacin	gyrB	p.A8T	8	missense	NC_000962.3:5260:G:A	2	1	1	1	0.005	L2	L2	single_or_fixed	0	-
MFX	moxifloxacin	gyrB	p.G510D	510	missense	NC_000962.3:6767:G:A	2	1	1	1	0.005	L2	L2	single_or_fixed	0	levofloxacin:uncertain
MFX	moxifloxacin	gyrB	p.S240F	240	missense	NC_000962.3:5957:C:T	2	1	1	1	0.005	L2	L2	single_or_fixed	0	-
MFX	moxifloxacin	gyrB	p.V561A	561	missense	NC_000962.3:6920:T:C	2	1	1	1	0.005	L2	L2	single_or_fixed	0	-
MFX	moxifloxacin	gyrB	p.K202N	202	missense	NC_000962.3:5844:G:C	2	1	1	1	0.005	L2	L2	single_or_fixed	0	-
MFX	moxifloxacin	gyrB	p.N294H	294	missense	NC_000962.3:6118:A:C	2	1	1	1	0.005	L2	L2	single_or_fixed	0	-
MFX	moxifloxacin	gyrB	p.T214P	214	missense	NC_000962.3:5878:A:C	2	1	1	1	0.005	L2	L2	single_or_fixed	0	moxifloxacin:uncertain
MFX	moxifloxacin	gyrB	p.F562V	562	missense	NC_000962.3:6922:T:G	2	1	1	1	0.005	L2	L2	single_or_fixed	0	-
MFX	moxifloxacin	gyrB	p.D110E	110	missense	NC_000962.3:5568:C:G	2	1	1	1	0.022	L3	L3	single_or_fixed	0	-
MFX	moxifloxacin	gyrB	p.P628H	628	missense	NC_000962.3:7121:C:A	2	1	1	1	0.005	L2	L2	single_or_fixed	0	-
MFX	moxifloxacin	gyrB	p.A667S	667	missense	NC_000962.3:7237:G:T	2	1	1	1	0.005	L2	L2	single_or_fixed	0	-
MFX	moxifloxacin	gyrB	p.S363I	363	missense	NC_000962.3:6326:G:T	2	1	1	1	0.022	L3	L3	single_or_fixed	0	-
MFX	moxifloxacin	gyrB	p.Q476E	476	missense	NC_000962.3:6664:C:G	2	1	1	1	0.02	L1	L1	single_or_fixed	0	levofloxacin:uncertain;moxifloxacin:uncertain
MFX	moxifloxacin	gyrB	p.F672L	672	missense	NC_000962.3:7254:C:A	2	1	1	1	0.02	L1	L1	single_or_fixed	0	-
MFX	moxifloxacin	gyrB	p.K159N	159	missense	NC_000962.3:5715:G:T	2	1	1	1	0.004	L4	L4	single_or_fixed	0	-
MFX	moxifloxacin	gyrB	p.P578T	578	missense	NC_000962.3:6970:C:A	2	1	1	1	0.02	L1	L1	single_or_fixed	0	-
MFX	moxifloxacin	gyrB	p.R587C	587	missense	NC_000962.3:6997:C:T	2	1	1	1	0.004	L4	L4	single_or_fixed	0	-
MFX	moxifloxacin	gyrB	p.S629A	629	missense	NC_000962.3:7123:T:G	2	1	1	1	0.02	L1	L1	single_or_fixed	0	levofloxacin:uncertain
MFX	moxifloxacin	gyrB	p.L595R	595	missense	NC_000962.3:7022:T:G	2	1	1	1	0.004	L4	L4	single_or_fixed	0	-
MFX	moxifloxacin	gyrB	p.T507A	507	missense	NC_000962.3:6757:A:G	2	1	1	1	0.02	L1	L1	single_or_fixed	0	levofloxacin:uncertain
MFX	moxifloxacin	gyrB	p.K452N	452	missense	NC_000962.3:6594:G:T	2	1	1	1	0.004	L4	L4	single_or_fixed	0	levofloxacin:uncertain;moxifloxacin:uncertain
MFX	moxifloxacin	gyrB	p.E623Q	623	missense	NC_000962.3:7105:G:C	2	1	1	1	0.004	L4	L4	single_or_fixed	0	-
MFX	moxifloxacin	gyrB	p.L547F	547	missense	NC_000962.3:6879:G:C	2	1	1	1	0.004	L4	L4	single_or_fixed	0	-
MFX	moxifloxacin	gyrB	p.F251V	251	missense	NC_000962.3:5989:T:G	2	1	1	1	0.004	L4	L4	single_or_fixed	0	-
MFX	moxifloxacin	gyrB	p.E151G	151	missense	NC_000962.3:5690:A:G	2	1	1	1	0.169	L6	L6	single_or_fixed	0	-
MFX	moxifloxacin	gyrB	p.K498N	498	missense	NC_000962.3:6732:G:C	2	1	1	1	0.004	L4	L4	single_or_fixed	0	levofloxacin:uncertain;moxifloxacin:uncertain
MFX	moxifloxacin	gyrB	p.T101I	101	missense	NC_000962.3:5540:C:T	2	1	1	1	0.004	L4	L4	single_or_fixed	0	-
MFX	moxifloxacin	gyrB	p.D669G	669	missense	NC_000962.3:7244:A:G	2	1	1	1	0.02	L1	L1	single_or_fixed	0	-
MFX	moxifloxacin	gyrB	p.P400H	400	missense	NC_000962.3:6437:C:A	2	1	1	1	0.169	L6	L6	single_or_fixed	0	-
MFX	moxifloxacin	gyrB	p.N389Y	389	missense	NC_000962.3:6403:A:T	2	1	1	1	0.004	L4	L4	single_or_fixed	0	-
MFX	moxifloxacin	gyrB	p.D494G	494	missense	NC_000962.3:6719:A:G	2	1	1	1	0.004	L4	L4	single_or_fixed	0	-
MFX	moxifloxacin	gyrB	p.A57T	57	missense	NC_000962.3:5407:G:A	2	1	1	1	0.004	L4	L4	single_or_fixed	0	-
MFX	moxifloxacin	gyrB	p.K526N	526	missense	NC_000962.3:6816:G:C	2	1	1	1	0.004	L4	L4	single_or_fixed	0	levofloxacin:uncertain;moxifloxacin:uncertain
MFX	moxifloxacin	gyrB	p.L509P	509	missense	NC_000962.3:6764:T:C	2	1	1	1	0.004	L4	L4	single_or_fixed	0	levofloxacin:uncertain;moxifloxacin:uncertain
MFX	moxifloxacin	gyrB	p.A115V	115	missense	NC_000962.3:5582:C:T	2	1	1	1	0.02	L1	L1	single_or_fixed	0	levofloxacin:uncertain;moxifloxacin:uncertain
MFX	moxifloxacin	gyrB	p.V54A	54	missense	NC_000962.3:5399:T:C	2	1	1	1	0.169	L6	L6	single_or_fixed	0	-
MFX	moxifloxacin	gyrB	p.T183K	183	missense	NC_000962.3:5786:C:A	2	1	1	1	0.029	BOV	BOV	single_or_fixed	0	-
MFX	moxifloxacin	gyrB	p.K333N	333	missense	NC_000962.3:6237:G:C	2	1	1	1	0.029	BOV	BOV	single_or_fixed	0	-
MFX	moxifloxacin	gyrB	p.A564T	564	missense	NC_000962.3:6928:G:A	2	1	1	1	0.02	L1	L1	single_or_fixed	0	levofloxacin:uncertain;moxifloxacin:uncertain
MFX	moxifloxacin	gyrB	p.A2G	2	missense	NC_000962.3:5243:C:G	2	1	1	1	0.029	BOV	BOV	single_or_fixed	0	-
MFX	moxifloxacin	gyrB	p.K159M	159	missense	NC_000962.3:5714:A:T	2	1	1	1	0.02	L1	L1	single_or_fixed	0	levofloxacin:uncertain;moxifloxacin:uncertain
MFX	moxifloxacin	gyrB	p.E71D	71	missense	NC_000962.3:5451:G:T	2	1	1	1	0.004	L4	L4	single_or_fixed	0	levofloxacin:uncertain
MFX	moxifloxacin	gyrB	p.L158V	158	missense	NC_000962.3:5710:C:G	2	1	1	1	0.004	L4	L4	single_or_fixed	0	-
MFX	moxifloxacin	gyrB	p.S541C	541	missense	NC_000962.3:6860:C:G	2	1	1	1	0.02	L1	L1	single_or_fixed	0	-
MFX	moxifloxacin	gyrB	p.E21K	21	missense	NC_000962.3:5299:G:A	2	1	1	1	0.02	L1	L1	single_or_fixed	0	levofloxacin:uncertain;moxifloxacin:uncertain
MFX	moxifloxacin	gyrB	p.M616I	616	missense	NC_000962.3:7086:G:T	2	1	1	1	0.004	L4	L4	single_or_fixed	0	-
MFX	moxifloxacin	gyrB	p.R335C	335	missense	NC_000962.3:6241:C:T	2	1	1	1	0.004	L4	L4	single_or_fixed	0	-
MFX	moxifloxacin	gyrB	p.P439R	439	missense	NC_000962.3:6554:C:G	2	1	1	1	0.004	L4	L4	single_or_fixed	0	levofloxacin:uncertain;moxifloxacin:uncertain
MFX	moxifloxacin	gyrB	p.G73A	73	missense	NC_000962.3:5456:G:C	2	1	1	1	0.004	L4	L4	single_or_fixed	0	-
MFX	moxifloxacin	gyrB	p.I601T	601	missense	NC_000962.3:7040:T:C	2	1	1	1	0.004	L4	L4	single_or_fixed	0	levofloxacin:uncertain;moxifloxacin:uncertain
MFX	moxifloxacin	gyrB	p.I506M	506	missense	NC_000962.3:6756:C:G	2	1	1	1	0.004	L4	L4	single_or_fixed	0	levofloxacin:uncertain
MFX	moxifloxacin	gyrB	p.H244Y	244	missense	NC_000962.3:5968:C:T	2	1	1	1	0.02	L1	L1	single_or_fixed	0	-
MFX	moxifloxacin	gyrB	p.V54I	54	missense	NC_000962.3:5398:G:A	2	1	1	1	0.02	L1	L1	single_or_fixed	0	-
MFX	moxifloxacin	gyrB	p.Q574R	574	missense	NC_000962.3:6959:A:G	2	1	1	1	0.02	L1	L1	single_or_fixed	0	-
MFX	moxifloxacin	gyrB	p.K165N	165	missense	NC_000962.3:5733:G:C	2	1	1	1	0.004	L4	L4	single_or_fixed	0	levofloxacin:uncertain
MFX	moxifloxacin	gyrB	p.T433A	433	missense	NC_000962.3:6535:A:G	2	1	1	1	0.029	BOV	BOV	single_or_fixed	0	-
MFX	moxifloxacin	gyrB	p.A323G	323	missense	NC_000962.3:6206:C:G	2	1	1	1	0.004	L4	L4	single_or_fixed	0	-
MFX	moxifloxacin	gyrB	p.E221D	221	missense	NC_000962.3:5901:A:C	2	1	1	1	0.004	L4	L4	single_or_fixed	0	-
MFX	moxifloxacin	gyrB	p.P578L	578	missense	NC_000962.3:6971:C:T	2	1	1	1	0.029	BOV	BOV	single_or_fixed	0	-
MFX	moxifloxacin	gyrB	p.R192H	192	missense	NC_000962.3:5813:G:A	2	1	1	1	0.004	L4	L4	single_or_fixed	0	moxifloxacin:uncertain
MFX	moxifloxacin	gyrB	p.D220H	220	missense	NC_000962.3:5896:G:C	2	1	1	1	0.02	L1	L1	single_or_fixed	0	-
MFX	moxifloxacin	gyrB	p.T241I	241	missense	NC_000962.3:5960:C:T	2	1	1	1	0.004	L4	L4	single_or_fixed	0	-
MFX	moxifloxacin	gyrB	p.Q148E	148	missense	NC_000962.3:5680:C:G	2	1	1	1	0.004	L4	L4	single_or_fixed	0	-
MFX	moxifloxacin	gyrB	p.D210H	210	missense	NC_000962.3:5866:G:C	2	1	1	1	0.029	BOV	BOV	single_or_fixed	0	-
MFX	moxifloxacin	gyrB	p.Q565E	565	missense	NC_000962.3:6931:C:G	2	1	1	1	0.004	L4	L4	single_or_fixed	0	-
MFX	moxifloxacin	gyrB	p.E76D	76	missense	NC_000962.3:5466:G:C	2	1	1	1	0.004	L4	L4	single_or_fixed	0	levofloxacin:uncertain;moxifloxacin:uncertain
MFX	moxifloxacin	gyrB	p.D277E	277	missense	NC_000962.3:6069:C:G	2	1	1	1	0.004	L4	L4	single_or_fixed	0	-
MFX	moxifloxacin	gyrB	p.I505M	505	missense	NC_000962.3:6753:C:G	2	1	1	1	0.004	L4	L4	single_or_fixed	0	-
MFX	moxifloxacin	gyrB	p.G470S	470	missense	NC_000962.3:6646:G:A	2	1	1	1	0.004	L4	L4	single_or_fixed	0	moxifloxacin:uncertain
MFX	moxifloxacin	gyrB	p.G31C	31	missense	NC_000962.3:5329:G:T	2	1	1	1	0.004	L4	L4	single_or_fixed	0	-
MFX	moxifloxacin	gyrB	p.G143E	143	missense	NC_000962.3:5666:G:A	2	1	1	1	0.02	L1	L1	single_or_fixed	0	-
MFX	moxifloxacin	gyrB	p.E592G	592	missense	NC_000962.3:7013:A:G	2	1	1	1	0.004	L4	L4	single_or_fixed	0	-
MFX	moxifloxacin	gyrB	p.D645E	645	missense	NC_000962.3:7173:C:A	2	1	1	1	0.02	L1	L1	single_or_fixed	0	levofloxacin:uncertain;moxifloxacin:uncertain
MFX	moxifloxacin	gyrB	p.P177S	177	missense	NC_000962.3:5767:C:T	2	1	1	1	0.02	L1	L1	single_or_fixed	0	-
MFX	moxifloxacin	gyrB	p.M616I	616	missense	NC_000962.3:7086:G:C	2	1	1	1	0.02	L1	L1	single_or_fixed	0	-
MFX	moxifloxacin	gyrB	p.P177A	177	missense	NC_000962.3:5767:C:G	2	1	1	1	0.02	L1	L1	single_or_fixed	0	-
MFX	moxifloxacin	gyrB	p.N309D	309	missense	NC_000962.3:6163:A:G	2	1	1	1	0.004	L4	L4	single_or_fixed	0	-
MFX	moxifloxacin	gyrB	p.A432T	432	missense	NC_000962.3:6532:G:A	2	1	1	1	0.004	L4	L4	single_or_fixed	0	-
MFX	moxifloxacin	gyrA	p.N282K	282	missense	NC_000962.3:8146:C:G	2	1	1	1	0.004	L4	L4	single_or_fixed	0	levofloxacin:uncertain;moxifloxacin:uncertain
MFX	moxifloxacin	gyrA	p.G351A	351	missense	NC_000962.3:8352:G:C	2	1	1	1	0.004	L4	L4	single_or_fixed	0	levofloxacin:uncertain;moxifloxacin:uncertain
MFX	moxifloxacin	gyrA	p.A204V	204	missense	NC_000962.3:7911:C:T	2	1	1	1	0.005	L2	L2	single_or_fixed	0	-
MFX	moxifloxacin	gyrA	p.Y364H	364	missense	NC_000962.3:8390:T:C	2	1	1	1	0.004	L4	L4	single_or_fixed	0	-
MFX	moxifloxacin	gyrA	p.T230S	230	missense	NC_000962.3:7989:C:G	2	1	1	1	0.022	L3	L3	single_or_fixed	0	levofloxacin:uncertain;moxifloxacin:uncertain
MFX	moxifloxacin	gyrA	p.V51G	51	missense	NC_000962.3:7452:T:G	2	1	1	1	0.004	L4	L4	single_or_fixed	0	-
MFX	moxifloxacin	gyrA	p.E258D	258	missense	NC_000962.3:8074:G:T	2	1	1	1	0.449	L5	L5	single_or_fixed	0	-
MFX	moxifloxacin	gyrA	p.V783L	783	missense	NC_000962.3:9647:G:T	2	1	1	1	0.004	L4	L4	single_or_fixed	0	levofloxacin:uncertain;moxifloxacin:uncertain
MFX	moxifloxacin	gyrA	p.I707V	707	missense	NC_000962.3:9419:A:G	2	1	1	1	0.02	L1	L1	single_or_fixed	0	levofloxacin:uncertain;moxifloxacin:uncertain
MFX	moxifloxacin	gyrA	p.K799R	799	missense	NC_000962.3:9696:A:G	2	1	1	1	0.004	L4	L4	single_or_fixed	0	levofloxacin:uncertain;moxifloxacin:uncertain
MFX	moxifloxacin	gyrA	p.R387Q	387	missense	NC_000962.3:8460:G:A	2	1	1	1	0.004	L4	L4	single_or_fixed	0	levofloxacin:uncertain;moxifloxacin:uncertain
MFX	moxifloxacin	gyrA	p.G823A	823	missense	NC_000962.3:9768:G:C	2	1	1	1	0.022	L3	L3	single_or_fixed	0	-
MFX	moxifloxacin	gyrA	p.N838S	838	missense	NC_000962.3:9813:A:G	2	1	1	1	0.005	L2	L2	single_or_fixed	0	-
MFX	moxifloxacin	gyrA	p.G249S	249	missense	NC_000962.3:8045:G:A	2	1	1	1	0.005	L2	L2	single_or_fixed	0	-
MFX	moxifloxacin	gyrA	p.I737M	737	missense	NC_000962.3:9511:C:G	2	1	1	1	0.005	L2	L2	single_or_fixed	0	-
MFX	moxifloxacin	gyrA	p.R592S	592	missense	NC_000962.3:9074:C:A	2	1	1	1	0.005	L2	L2	single_or_fixed	0	-
MFX	moxifloxacin	gyrA	p.M141T	141	missense	NC_000962.3:7722:T:C	2	1	1	1	0.022	L3	L3	single_or_fixed	0	levofloxacin:uncertain;moxifloxacin:uncertain
MFX	moxifloxacin	gyrA	p.P102H	102	missense	NC_000962.3:7605:C:A	2	1	1	1	0.005	L2	L2	single_or_fixed	0	-
MFX	moxifloxacin	gyrA	p.V327L	327	missense	NC_000962.3:8279:G:T	2	1	1	1	0.022	L3	L3	single_or_fixed	0	levofloxacin:uncertain;moxifloxacin:uncertain
MFX	moxifloxacin	gyrA	p.A689G	689	missense	NC_000962.3:9366:C:G	2	1	1	1	0.022	L3	L3	single_or_fixed	0	-
MFX	moxifloxacin	gyrA	p.A445G	445	missense	NC_000962.3:8634:C:G	2	1	1	1	0.022	L3	L3	single_or_fixed	0	-
MFX	moxifloxacin	gyrA	p.A90E	90	missense	NC_000962.3:7569:C:A	2	1	1	1	0.022	L3	L3	single_or_fixed	0	levofloxacin:uncertain;levofloxacin:uncertain;moxifloxacin:uncertain;moxifloxacin:uncertain
MFX	moxifloxacin	gyrA	p.D111N	111	missense	NC_000962.3:7631:G:A	2	1	1	1	0.022	L3	L3	single_or_fixed	0	-
MFX	moxifloxacin	gyrA	p.L381V	381	missense	NC_000962.3:8441:C:G	2	1	1	1	0.005	L2	L2	single_or_fixed	0	-
MFX	moxifloxacin	gyrA	p.D146G	146	missense	NC_000962.3:7737:A:G	2	1	1	1	0.005	L2	L2	single_or_fixed	0	-
MFX	moxifloxacin	gyrA	p.N831K	831	missense	NC_000962.3:9793:C:G	2	1	1	1	0.022	L3	L3	single_or_fixed	0	levofloxacin:uncertain;moxifloxacin:uncertain
MFX	moxifloxacin	gyrA	p.T590A	590	missense	NC_000962.3:9068:A:G	2	1	1	1	0.022	L3	L3	single_or_fixed	0	levofloxacin:uncertain;moxifloxacin:uncertain
MFX	moxifloxacin	gyrA	p.K333N	333	missense	NC_000962.3:8299:G:C	2	1	1	1	0.022	L3	L3	single_or_fixed	0	levofloxacin:uncertain;moxifloxacin:uncertain
MFX	moxifloxacin	gyrA	p.P275A	275	missense	NC_000962.3:8123:C:G	2	1	1	1	0.022	L3	L3	single_or_fixed	0	levofloxacin:uncertain;moxifloxacin:uncertain
MFX	moxifloxacin	gyrA	p.D13N	13	missense	NC_000962.3:7337:G:A	2	1	1	1	0.022	L3	L3	single_or_fixed	0	-
MFX	moxifloxacin	gyrA	p.R375W	375	missense	NC_000962.3:8423:C:T	2	1	1	1	0.022	L3	L3	single_or_fixed	0	-
MFX	moxifloxacin	gyrA	p.Q545H	545	missense	NC_000962.3:8935:G:C	2	1	1	1	0.022	L3	L3	single_or_fixed	0	-
MFX	moxifloxacin	gyrA	p.S237P	237	missense	NC_000962.3:8009:T:C	2	1	1	1	0.022	L3	L3	single_or_fixed	0	levofloxacin:uncertain;moxifloxacin:uncertain
MFX	moxifloxacin	gyrA	p.E412A	412	missense	NC_000962.3:8535:A:C	2	1	1	1	0.005	L2	L2	single_or_fixed	0	levofloxacin:uncertain;moxifloxacin:uncertain
MFX	moxifloxacin	gyrA	p.L653V	653	missense	NC_000962.3:9257:C:G	2	1	1	1	0.005	L2	L2	single_or_fixed	0	levofloxacin:uncertain;moxifloxacin:uncertain
MFX	moxifloxacin	gyrA	p.V165M	165	missense	NC_000962.3:7793:G:A	2	1	1	1	0.022	L3	L3	single_or_fixed	0	-
MFX	moxifloxacin	gyrA	p.N838T	838	missense	NC_000962.3:9813:A:C	2	1	1	1	0.005	L2	L2	single_or_fixed	0	-
MFX	moxifloxacin	gyrA	p.R757S	757	missense	NC_000962.3:9569:C:A	2	1	1	1	0.005	L2	L2	single_or_fixed	0	-
MFX	moxifloxacin	gyrA	p.A512S	512	missense	NC_000962.3:8834:G:T	2	1	1	1	0.005	L2	L2	single_or_fixed	0	levofloxacin:uncertain
MFX	moxifloxacin	gyrA	p.S728A	728	missense	NC_000962.3:9482:T:G	2	1	1	1	0.005	L2	L2	single_or_fixed	0	levofloxacin:uncertain;moxifloxacin:uncertain
MFX	moxifloxacin	gyrA	p.D532E	532	missense	NC_000962.3:8896:T:G	2	1	1	1	0.005	L2	L2	single_or_fixed	0	levofloxacin:uncertain
MFX	moxifloxacin	gyrA	p.D824E	824	missense	NC_000962.3:9772:C:A	2	1	1	1	0.022	L3	L3	single_or_fixed	0	levofloxacin:uncertain;moxifloxacin:uncertain
MFX	moxifloxacin	gyrA	p.R418G	418	missense	NC_000962.3:8552:C:G	2	1	1	1	0.022	L3	L3	single_or_fixed	0	-
MFX	moxifloxacin	gyrA	p.R450H	450	missense	NC_000962.3:8649:G:A	2	1	1	1	0.005	L2	L2	single_or_fixed	0	-
MFX	moxifloxacin	gyrA	p.Y365C	365	missense	NC_000962.3:8394:A:G	2	1	1	1	0.005	L2	L2	single_or_fixed	0	-
MFX	moxifloxacin	gyrA	p.N831D	831	missense	NC_000962.3:9791:A:G	2	1	1	1	0.005	L2	L2	single_or_fixed	0	levofloxacin:uncertain
MFX	moxifloxacin	gyrA	p.T246A	246	missense	NC_000962.3:8036:A:G	2	1	1	1	0.005	L2	L2	single_or_fixed	0	levofloxacin:uncertain
MFX	moxifloxacin	gyrA	p.D10E	10	missense	NC_000962.3:7330:C:G	2	1	1	1	0.005	L2	L2	single_or_fixed	0	-
MFX	moxifloxacin	gyrA	p.T335A	335	missense	NC_000962.3:8303:A:G	2	1	1	1	0.005	L2	L2	single_or_fixed	0	-
MFX	moxifloxacin	gyrA	p.A526T	526	missense	NC_000962.3:8876:G:A	2	1	1	1	0.005	L2	L2	single_or_fixed	0	-
MFX	moxifloxacin	gyrA	p.I153L	153	missense	NC_000962.3:7757:A:C	2	1	1	1	0.005	L2	L2	single_or_fixed	0	-
MFX	moxifloxacin	gyrA	p.K530R	530	missense	NC_000962.3:8889:A:G	2	1	1	1	0.022	L3	L3	single_or_fixed	0	-
MFX	moxifloxacin	gyrA	p.D708H	708	missense	NC_000962.3:9422:G:C	2	1	1	1	0.022	L3	L3	single_or_fixed	0	-
MFX	moxifloxacin	gyrA	p.D467E	467	missense	NC_000962.3:8701:C:G	2	1	1	1	0.022	L3	L3	single_or_fixed	0	moxifloxacin:uncertain
MFX	moxifloxacin	gyrA	p.N207K	207	missense	NC_000962.3:7921:T:G	2	1	1	1	0.004	L4	L4	single_or_fixed	0	-
MFX	moxifloxacin	gyrA	p.D553E	553	missense	NC_000962.3:8959:C:A	2	1	1	1	0.004	L4	L4	single_or_fixed	0	-
MFX	moxifloxacin	gyrA	p.A601S	601	missense	NC_000962.3:9101:G:T	2	1	1	1	0.004	L4	L4	single_or_fixed	0	-
MFX	moxifloxacin	gyrA	p.D453E	453	missense	NC_000962.3:8659:C:A	2	1	1	1	0.004	L4	L4	single_or_fixed	0	-
MFX	moxifloxacin	gyrA	p.V366I	366	missense	NC_000962.3:8396:G:A	2	1	1	1	0.02	L1	L1	single_or_fixed	0	-
MFX	moxifloxacin	gyrA	p.R357Q	357	missense	NC_000962.3:8370:G:A	2	1	1	1	0.02	L1	L1	single_or_fixed	0	-
MFX	moxifloxacin	gyrA	p.R392G	392	missense	NC_000962.3:8474:C:G	2	1	1	1	0.004	L4	L4	single_or_fixed	0	-
MFX	moxifloxacin	gyrA	p.R644C	644	missense	NC_000962.3:9230:C:T	2	1	1	1	0.02	L1	L1	single_or_fixed	0	-
MFX	moxifloxacin	gyrA	p.R375L	375	missense	NC_000962.3:8424:G:T	2	1	1	1	0.02	L1	L1	single_or_fixed	0	-
MFX	moxifloxacin	gyrA	p.L296V	296	missense	NC_000962.3:8186:C:G	2	1	1	1	0.02	L1	L1	single_or_fixed	0	-
MFX	moxifloxacin	gyrA	p.S168G	168	missense	NC_000962.3:7802:A:G	2	1	1	1	0.004	L4	L4	single_or_fixed	0	-
MFX	moxifloxacin	gyrA	p.T778A	778	missense	NC_000962.3:9632:A:G	2	1	1	1	0.004	L4	L4	single_or_fixed	0	-
MFX	moxifloxacin	gyrA	p.F60S	60	missense	NC_000962.3:7479:T:C	2	1	1	1	0.004	L4	L4	single_or_fixed	0	-
MFX	moxifloxacin	gyrA	p.D492Y	492	missense	NC_000962.3:8774:G:T	2	1	1	1	0.004	L4	L4	single_or_fixed	0	-
MFX	moxifloxacin	gyrA	p.E461Q	461	missense	NC_000962.3:8681:G:C	2	1	1	1	0.449	L5	L5	single_or_fixed	0	-
MFX	moxifloxacin	gyrA	p.R26S	26	missense	NC_000962.3:7376:C:A	2	1	1	1	0.004	L4	L4	single_or_fixed	0	-
MFX	moxifloxacin	gyrA	p.A241V	241	missense	NC_000962.3:8022:C:T	2	1	1	1	0.029	BOV	BOV	single_or_fixed	0	-
MFX	moxifloxacin	gyrA	p.P585R	585	missense	NC_000962.3:9054:C:G	2	1	1	1	0.169	L6	L6	single_or_fixed	0	-
MFX	moxifloxacin	gyrA	p.D488A	488	missense	NC_000962.3:8763:A:C	2	1	1	1	0.02	L1	L1	single_or_fixed	0	levofloxacin:uncertain;moxifloxacin:uncertain
MFX	moxifloxacin	gyrA	p.I153M	153	missense	NC_000962.3:7759:C:G	2	1	1	1	0.004	L4	L4	single_or_fixed	0	levofloxacin:uncertain;moxifloxacin:uncertain
MFX	moxifloxacin	gyrA	p.V479M	479	missense	NC_000962.3:8735:G:A	2	1	1	1	0.004	L4	L4	single_or_fixed	0	levofloxacin:uncertain;moxifloxacin:uncertain
MFX	moxifloxacin	gyrA	p.A347V	347	missense	NC_000962.3:8340:C:T	2	1	1	1	0.004	L4	L4	single_or_fixed	0	levofloxacin:uncertain;moxifloxacin:uncertain
MFX	moxifloxacin	gyrA	p.H52Q	52	missense	NC_000962.3:7456:T:G	2	1	1	1	0.004	L4	L4	single_or_fixed	0	-
MFX	moxifloxacin	gyrA	p.N826H	826	missense	NC_000962.3:9776:A:C	2	1	1	1	0.004	L4	L4	single_or_fixed	0	levofloxacin:uncertain;moxifloxacin:uncertain
MFX	moxifloxacin	gyrA	p.G503R	503	missense	NC_000962.3:8807:G:A	2	1	1	1	0.02	L1	L1	single_or_fixed	0	levofloxacin:uncertain;moxifloxacin:uncertain
MFX	moxifloxacin	gyrA	p.S286L	286	missense	NC_000962.3:8157:C:T	2	1	1	1	0.02	L1	L1	single_or_fixed	0	-
MFX	moxifloxacin	gyrA	p.V651A	651	missense	NC_000962.3:9252:T:C	2	1	1	1	0.004	L4	L4	single_or_fixed	0	levofloxacin:uncertain;moxifloxacin:uncertain
MFX	moxifloxacin	gyrA	p.I362M	362	missense	NC_000962.3:8386:C:G	2	1	1	1	0.004	L4	L4	single_or_fixed	0	-
MFX	moxifloxacin	gyrA	p.G702A	702	missense	NC_000962.3:9405:G:C	2	1	1	1	0.029	BOV	BOV	single_or_fixed	0	-
MFX	moxifloxacin	gyrA	p.E140Q	140	missense	NC_000962.3:7718:G:C	2	1	1	1	0.004	L4	L4	single_or_fixed	0	-
MFX	moxifloxacin	gyrA	p.D293N	293	missense	NC_000962.3:8177:G:A	2	1	1	1	0.004	L4	L4	single_or_fixed	0	-
MFX	moxifloxacin	gyrA	p.L465Q	465	missense	NC_000962.3:8694:T:A	2	1	1	1	0.004	L4	L4	single_or_fixed	0	levofloxacin:uncertain;moxifloxacin:uncertain
MFX	moxifloxacin	gyrA	p.M99I	99	missense	NC_000962.3:7597:G:A	2	1	1	1	0.004	L4	L4	single_or_fixed	0	levofloxacin:uncertain;moxifloxacin:uncertain
MFX	moxifloxacin	gyrA	p.K793N	793	missense	NC_000962.3:9679:G:C	2	1	1	1	0.004	L4	L4	single_or_fixed	0	-
MFX	moxifloxacin	gyrA	p.V663A	663	missense	NC_000962.3:9288:T:C	2	1	1	1	0.004	L4	L4	single_or_fixed	0	-
MFX	moxifloxacin	gyrA	p.L401V	401	missense	NC_000962.3:8501:C:G	2	1	1	1	0.004	L4	L4	single_or_fixed	0	levofloxacin:uncertain;moxifloxacin:uncertain
MFX	moxifloxacin	gyrA	p.V479L	479	missense	NC_000962.3:8735:G:C	2	1	1	1	0.004	L4	L4	single_or_fixed	0	-
MFX	moxifloxacin	gyrA	p.P604R	604	missense	NC_000962.3:9111:C:G	2	1	1	1	0.004	L4	L4	single_or_fixed	0	-
MFX	moxifloxacin	gyrA	p.V366F	366	missense	NC_000962.3:8396:G:T	2	1	1	1	0.004	L4	L4	single_or_fixed	0	-
MFX	moxifloxacin	gyrA	p.R448H	448	missense	NC_000962.3:8643:G:A	2	1	1	1	0.004	L4	L4	single_or_fixed	0	-
MFX	moxifloxacin	gyrA	p.G661A	661	missense	NC_000962.3:9282:G:C	2	1	1	1	0.02	L1	L1	single_or_fixed	0	-
MFX	moxifloxacin	gyrA	p.G795R	795	missense	NC_000962.3:9683:G:A	2	1	1	1	0.02	L1	L1	single_or_fixed	0	levofloxacin:uncertain;moxifloxacin:uncertain
MFX	moxifloxacin	gyrA	p.L751V	751	missense	NC_000962.3:9551:C:G	2	1	1	1	0.004	L4	L4	single_or_fixed	0	-
MFX	moxifloxacin	gyrA	p.E140A	140	missense	NC_000962.3:7719:A:C	2	1	1	1	0.004	L4	L4	single_or_fixed	0	-
MFX	moxifloxacin	gyrA	p.H334Y	334	missense	NC_000962.3:8300:C:T	2	1	1	1	0.004	L4	L4	single_or_fixed	0	levofloxacin:uncertain;moxifloxacin:uncertain
MFX	moxifloxacin	gyrA	p.V404L	404	missense	NC_000962.3:8510:G:C	2	1	1	1	0.004	L4	L4	single_or_fixed	0	-
MFX	moxifloxacin	gyrA	p.L566S	566	missense	NC_000962.3:8997:T:C	2	1	1	1	0.02	L1	L1	single_or_fixed	0	-
MFX	moxifloxacin	gyrA	p.A512T	512	missense	NC_000962.3:8834:G:A	2	1	1	1	0.02	L1	L1	single_or_fixed	0	levofloxacin:uncertain;moxifloxacin:uncertain
MFX	moxifloxacin	gyrA	p.G265D	265	missense	NC_000962.3:8094:G:A	2	1	1	1	0.004	L4	L4	single_or_fixed	0	levofloxacin:uncertain
MFX	moxifloxacin	gyrA	p.Y107H	107	missense	NC_000962.3:7619:T:C	2	1	1	1	0.004	L4	L4	single_or_fixed	0	-
MFX	moxifloxacin	gyrA	p.A788V	788	missense	NC_000962.3:9663:C:T	2	1	1	1	0.004	L4	L4	single_or_fixed	0	levofloxacin:uncertain
MFX	moxifloxacin	gyrA	p.P741L	741	missense	NC_000962.3:9522:C:T	2	1	1	1	0.02	L1	L1	single_or_fixed	0	-
MFX	moxifloxacin	gyrA	p.Q594R	594	missense	NC_000962.3:9081:A:G	2	1	1	1	0.004	L4	L4	single_or_fixed	0	levofloxacin:uncertain;moxifloxacin:uncertain
MFX	moxifloxacin	gyrA	p.G694C	694	missense	NC_000962.3:9380:G:T	2	1	1	1	0.02	L1	L1	single_or_fixed	0	-
MFX	moxifloxacin	gyrA	p.D415A	415	missense	NC_000962.3:8544:A:C	2	1	1	1	0.004	L4	L4	single_or_fixed	0	levofloxacin:uncertain
MFX	moxifloxacin	gyrA	p.V37F	37	missense	NC_000962.3:7409:G:T	2	1	1	1	0.02	L1	L1	single_or_fixed	0	-
MFX	moxifloxacin	gyrA	p.L425V	425	missense	NC_000962.3:8573:C:G	2	1	1	1	0.004	L4	L4	single_or_fixed	0	-
MFX	moxifloxacin	gyrA	p.T5M	5	missense	NC_000962.3:7314:C:T	2	1	1	1	0.02	L1	L1	single_or_fixed	0	-
MFX	moxifloxacin	gyrA	p.R106S	106	missense	NC_000962.3:7616:C:A	2	1	1	1	0.029	BOV	BOV	single_or_fixed	0	-
MFX	moxifloxacin	gyrA	p.E147K	147	missense	NC_000962.3:7739:G:A	2	1	1	1	0.02	L1	L1	single_or_fixed	0	-
MFX	moxifloxacin	gyrA	p.R264S	264	missense	NC_000962.3:8090:C:A	2	1	1	1	0.004	L4	L4	single_or_fixed	0	-
MFX	moxifloxacin	gyrA	p.V310F	310	missense	NC_000962.3:8228:G:T	2	1	1	1	0.004	L4	L4	single_or_fixed	0	moxifloxacin:uncertain
MFX	moxifloxacin	gyrA	p.A297D	297	missense	NC_000962.3:8190:C:A	2	1	1	1	0.004	L4	L4	single_or_fixed	0	levofloxacin:uncertain
MFX	moxifloxacin	gyrA	p.E738K	738	missense	NC_000962.3:9512:G:A	2	1	1	1	0.02	L1	L1	single_or_fixed	0	-
MFX	moxifloxacin	gyrA	p.L407R	407	missense	NC_000962.3:8520:T:G	2	1	1	1	0.029	BOV	BOV	single_or_fixed	0	-
MFX	moxifloxacin	gyrA	p.T521S	521	missense	NC_000962.3:8862:C:G	2	1	1	1	0.004	L4	L4	single_or_fixed	0	-
MFX	moxifloxacin	gyrA	p.D834A	834	missense	NC_000962.3:9801:A:C	2	1	1	1	0.004	L4	L4	single_or_fixed	0	-
MFX	moxifloxacin	gyrA	p.R480L	480	missense	NC_000962.3:8739:G:T	2	1	1	1	0.004	L4	L4	single_or_fixed	0	-
MFX	moxifloxacin	gyrA	p.G221W	221	missense	NC_000962.3:7961:G:T	2	1	1	1	0.004	L4	L4	single_or_fixed	0	-
MFX	moxifloxacin	gyrA	p.A765T	765	missense	NC_000962.3:9593:G:A	2	1	1	1	0.004	L4	L4	single_or_fixed	0	-
MFX	moxifloxacin	gyrA	p.I373S	373	missense	NC_000962.3:8418:T:G	2	1	1	1	0.004	L4	L4	single_or_fixed	0	-
MFX	moxifloxacin	gyrA	p.Q433P	433	missense	NC_000962.3:8598:A:C	2	1	1	1	0.004	L4	L4	single_or_fixed	0	-
MFX	moxifloxacin	gyrA	p.A243T	243	missense	NC_000962.3:8027:G:A	2	1	1	1	0.004	L4	L4	single_or_fixed	0	-
MFX	moxifloxacin	gyrA	p.M693I	693	missense	NC_000962.3:9379:G:C	2	1	1	1	0.004	L4	L4	single_or_fixed	0	-
MFX	moxifloxacin	gyrA	p.M139I	139	missense	NC_000962.3:7717:G:C	2	1	1	1	0.004	L4	L4	single_or_fixed	0	-
MFX	moxifloxacin	gyrA	p.R489G	489	missense	NC_000962.3:8765:A:G	2	1	1	1	0.02	L1	L1	single_or_fixed	0	-
MFX	moxifloxacin	gyrA	p.V518A	518	missense	NC_000962.3:8853:T:C	2	1	1	1	0.004	L4	L4	single_or_fixed	0	-
MFX	moxifloxacin	gyrA	p.G832A	832	missense	NC_000962.3:9795:G:C	2	1	1	1	0.02	L1	L1	single_or_fixed	0	-
MFX	moxifloxacin	gyrA	p.L659V	659	missense	NC_000962.3:9275:C:G	2	1	1	1	0.02	L1	L1	single_or_fixed	0	levofloxacin:uncertain;moxifloxacin:uncertain
MFX	moxifloxacin	gyrA	p.E514D	514	missense	NC_000962.3:8842:G:C	2	1	1	1	0.004	L4	L4	single_or_fixed	0	-
MFX	moxifloxacin	gyrA	p.Q238H	238	missense	NC_000962.3:8014:G:C	2	1	1	1	0.004	L4	L4	single_or_fixed	0	-
MFX	moxifloxacin	gyrA	p.A406P	406	missense	NC_000962.3:8516:G:C	2	1	1	1	0.004	L4	L4	single_or_fixed	0	moxifloxacin:uncertain
MFX	moxifloxacin	gyrA	p.Y622H	622	missense	NC_000962.3:9164:T:C	2	1	1	1	0.02	L1	L1	single_or_fixed	0	-
MFX	moxifloxacin	gyrA	p.A288P	288	missense	NC_000962.3:8162:G:C	2	1	1	1	0.02	L1	L1	single_or_fixed	0	-
MFX	moxifloxacin	gyrA	p.A794S	794	missense	NC_000962.3:9680:G:T	2	1	1	1	0.02	L1	L1	single_or_fixed	0	-
MFX	moxifloxacin	gyrA	p.T686I	686	missense	NC_000962.3:9357:C:T	2	1	1	1	0.004	L4	L4	single_or_fixed	0	-
MFX	moxifloxacin	gyrA	p.E688D	688	missense	NC_000962.3:9364:G:C	2	1	1	1	0.004	L4	L4	single_or_fixed	0	-
PMD	pretomanid	fgd1	p.A180V	180	missense	NC_000962.3:491320:C:T	2	1	1	1	0.004	L4	L4	single_or_fixed	0	-
PMD	pretomanid	fgd1	p.A293T	293	missense	NC_000962.3:491658:G:A	2	1	1	1	0.004	L4	L4	single_or_fixed	0	-
PMD	pretomanid	fgd1	p.K259E	259	missense	NC_000962.3:491556:A:G	2	1	1	1	0.005	L2	L2	single_or_fixed	0	-
PMD	pretomanid	fgd1	p.D219G	219	missense	NC_000962.3:491437:A:G	2	1	1	1	0.005	L2	L2	single_or_fixed	0	-
PMD	pretomanid	fgd1	p.T36P	36	missense	NC_000962.3:490887:A:C	2	1	1	1	0.005	L2	L2	single_or_fixed	0	-
PMD	pretomanid	fgd1	p.R212L	212	missense	NC_000962.3:491416:G:T	2	1	1	1	0.022	L3	L3	single_or_fixed	0	clofazimine:uncertain;delamanid:uncertain
PMD	pretomanid	fgd1	p.A256T	256	missense	NC_000962.3:491547:G:A	2	1	1	1	0.022	L3	L3	single_or_fixed	0	-
PMD	pretomanid	fgd1	p.A216G	216	missense	NC_000962.3:491428:C:G	2	1	1	1	0.022	L3	L3	single_or_fixed	0	clofazimine:uncertain;delamanid:uncertain
PMD	pretomanid	fgd1	p.A274V	274	missense	NC_000962.3:491602:C:T	2	1	1	1	0.005	L2	L2	single_or_fixed	0	-
PMD	pretomanid	fgd1	p.D223Y	223	missense	NC_000962.3:491448:G:T	2	1	1	1	0.005	L2	L2	single_or_fixed	0	-
PMD	pretomanid	fgd1	p.D219N	219	missense	NC_000962.3:491436:G:A	2	1	1	1	0.005	L2	L2	single_or_fixed	0	-
PMD	pretomanid	fgd1	p.G159V	159	missense	NC_000962.3:491257:G:T	2	1	1	1	0.004	L4	L4	single_or_fixed	0	-
PMD	pretomanid	fgd1	p.R331S	331	missense	NC_000962.3:491774:G:C	2	1	1	1	0.02	L1	L1	single_or_fixed	0	-
PMD	pretomanid	fgd1	p.F79S	79	missense	NC_000962.3:491017:T:C	2	1	1	1	0.004	L4	L4	single_or_fixed	0	-
PMD	pretomanid	fgd1	p.M58T	58	missense	NC_000962.3:490954:T:C	2	1	1	1	0.029	BOV	BOV	single_or_fixed	0	-
PMD	pretomanid	fgd1	p.Y300C	300	missense	NC_000962.3:491680:A:G	2	1	1	1	0.169	L6	L6	single_or_fixed	0	-
PMD	pretomanid	fgd1	p.D263E	263	missense	NC_000962.3:491570:C:G	2	1	1	1	0.004	L4	L4	single_or_fixed	0	-
PMD	pretomanid	fgd1	p.A312S	312	missense	NC_000962.3:491715:G:T	2	1	1	1	0.169	L6	L6	single_or_fixed	0	-
PMD	pretomanid	fgd1	p.Q325*	325	stop_gained	NC_000962.3:491754:C:T	2	1	1	1	0.169	L6	L6	single_or_fixed	1	clofazimine:uncertain;delamanid:R-associated
PMD	pretomanid	fgd1	p.T72P	72	missense	NC_000962.3:490995:A:C	2	1	1	1	0.004	L4	L4	single_or_fixed	0	-
PMD	pretomanid	fgd1	p.A293V	293	missense	NC_000962.3:491659:C:T	2	1	1	1	0.02	L1	L1	single_or_fixed	0	clofazimine:uncertain
PMD	pretomanid	fgd1	p.A130T	130	missense	NC_000962.3:491169:G:A	2	1	1	1	0.004	L4	L4	single_or_fixed	0	-
PMD	pretomanid	fgd1	p.A182V	182	missense	NC_000962.3:491326:C:T	2	1	1	1	0.004	L4	L4	single_or_fixed	0	-
PMD	pretomanid	fgd1	p.T107A	107	missense	NC_000962.3:491100:A:G	2	1	1	1	0.004	L4	L4	single_or_fixed	0	-
PMD	pretomanid	fgd1	p.L252Q	252	missense	NC_000962.3:491536:T:A	2	1	1	1	0.02	L1	L1	single_or_fixed	0	-
PMD	pretomanid	fgd1	p.Y300S	300	missense	NC_000962.3:491680:A:C	2	1	1	1	0.004	L4	L4	single_or_fixed	0	-
PMD	pretomanid	fgd1	p.V21I	21	missense	NC_000962.3:490842:G:A	2	1	1	1	0.02	L1	L1	single_or_fixed	0	-
PMD	pretomanid	fgd1	p.M93V	93	missense	NC_000962.3:491058:A:G	2	1	1	1	0.004	L4	L4	single_or_fixed	0	-
PMD	pretomanid	fgd1	p.A10P	10	missense	NC_000962.3:490809:G:C	2	1	1	1	0.004	L4	L4	single_or_fixed	0	-
PMD	pretomanid	fgd1	p.D263H	263	missense	NC_000962.3:491568:G:C	2	1	1	1	0.004	L4	L4	single_or_fixed	0	-
PMD	pretomanid	fbiC	p.M388L	388	missense	NC_000962.3:1304091:A:C	2	1	1	1	0.004	L4	L4	single_or_fixed	0	-
PMD	pretomanid	fbiC	p.M201L	201	missense	NC_000962.3:1303530:A:C	2	1	1	1	0.004	L4	L4	single_or_fixed	0	-
PMD	pretomanid	fbiC	p.R780C	780	missense	NC_000962.3:1305267:C:T	2	1	1	1	0.004	L4	L4	single_or_fixed	0	-
PMD	pretomanid	fbiC	p.H103R	103	missense	NC_000962.3:1303237:A:G	2	1	1	1	0.022	L3	L3	single_or_fixed	0	clofazimine:uncertain;delamanid:uncertain
PMD	pretomanid	fbiC	p.S169F	169	missense	NC_000962.3:1303435:C:T	2	1	1	1	0.004	L4	L4	single_or_fixed	0	-
PMD	pretomanid	fbiC	p.A384V	384	missense	NC_000962.3:1304080:C:T	2	1	1	1	0.004	L4	L4	single_or_fixed	0	-
PMD	pretomanid	fbiC	p.G445D	445	missense	NC_000962.3:1304263:G:A	2	1	1	1	0.022	L3	L3	single_or_fixed	0	-
PMD	pretomanid	fbiC	p.Q747H	747	missense	NC_000962.3:1305170:G:C	2	1	1	1	0.005	L2	L2	single_or_fixed	0	-
PMD	pretomanid	fbiC	p.A321T	321	missense	NC_000962.3:1303890:G:A	2	1	1	1	0.005	L2	L2	single_or_fixed	0	-
PMD	pretomanid	fbiC	p.P420S	420	missense	NC_000962.3:1304187:C:T	2	1	1	1	0.022	L3	L3	single_or_fixed	0	clofazimine:uncertain;delamanid:uncertain
PMD	pretomanid	fbiC	p.G194S	194	missense	NC_000962.3:1303509:G:A	2	1	1	1	0.005	L2	L2	single_or_fixed	0	-
PMD	pretomanid	fbiC	p.A271T	271	missense	NC_000962.3:1303740:G:A	2	1	1	1	0.005	L2	L2	single_or_fixed	0	-
PMD	pretomanid	fbiC	p.R159G	159	missense	NC_000962.3:1303404:C:G	2	1	1	1	0.022	L3	L3	single_or_fixed	0	-
PMD	pretomanid	fbiC	p.G603S	603	missense	NC_000962.3:1304736:G:A	2	1	1	1	0.022	L3	L3	single_or_fixed	0	-
PMD	pretomanid	fbiC	p.T38K	38	missense	NC_000962.3:1303042:C:A	2	1	1	1	0.022	L3	L3	single_or_fixed	0	clofazimine:uncertain
PMD	pretomanid	fbiC	p.A623V	623	missense	NC_000962.3:1304797:C:T	2	1	1	1	0.005	L2	L2	single_or_fixed	0	clofazimine:uncertain;delamanid:uncertain
PMD	pretomanid	fbiC	p.W354*	354	stop_gained	NC_000962.3:1303990:G:A	2	1	1	1	0.005	L2	L2	single_or_fixed	1	clofazimine:uncertain;delamanid:R-associated
PMD	pretomanid	fbiC	p.A469S	469	missense	NC_000962.3:1304334:G:T	2	1	1	1	0.005	L2	L2	single_or_fixed	0	-
PMD	pretomanid	fbiC	p.P362S	362	missense	NC_000962.3:1304013:C:T	2	1	1	1	0.005	L2	L2	single_or_fixed	0	-
PMD	pretomanid	fbiC	p.W444G	444	missense	NC_000962.3:1304259:T:G	2	1	1	1	0.022	L3	L3	single_or_fixed	0	-
PMD	pretomanid	fbiC	p.L466V	466	missense	NC_000962.3:1304325:C:G	2	1	1	1	0.022	L3	L3	single_or_fixed	0	-
PMD	pretomanid	fbiC	p.G36S	36	missense	NC_000962.3:1303035:G:A	2	1	1	1	0.005	L2	L2	single_or_fixed	0	-
PMD	pretomanid	fbiC	p.R732H	732	missense	NC_000962.3:1305124:G:A	2	1	1	1	0.005	L2	L2	single_or_fixed	0	-
PMD	pretomanid	fbiC	p.P238A	238	missense	NC_000962.3:1303641:C:G	2	1	1	1	0.005	L2	L2	single_or_fixed	0	-
PMD	pretomanid	fbiC	p.S172A	172	missense	NC_000962.3:1303443:T:G	2	1	1	1	0.005	L2	L2	single_or_fixed	0	-
PMD	pretomanid	fbiC	p.V793A	793	missense	NC_000962.3:1305307:T:C	2	1	1	1	0.005	L2	L2	single_or_fixed	0	-
PMD	pretomanid	fbiC	p.E224D	224	missense	NC_000962.3:1303601:A:C	2	1	1	1	0.005	L2	L2	single_or_fixed	0	-
PMD	pretomanid	fbiC	p.V599A	599	missense	NC_000962.3:1304725:T:C	2	1	1	1	0.004	L4	L4	single_or_fixed	0	-
PMD	pretomanid	fbiC	p.V540A	540	missense	NC_000962.3:1304548:T:C	2	1	1	1	0.004	L4	L4	single_or_fixed	0	-
PMD	pretomanid	fbiC	p.V495M	495	missense	NC_000962.3:1304412:G:A	2	1	1	1	0.004	L4	L4	single_or_fixed	0	-
PMD	pretomanid	fbiC	p.S87L	87	missense	NC_000962.3:1303189:C:T	2	1	1	1	0.004	L4	L4	single_or_fixed	0	-
PMD	pretomanid	fbiC	p.V581I	581	missense	NC_000962.3:1304670:G:A	2	1	1	1	0.004	L4	L4	single_or_fixed	0	-
PMD	pretomanid	fbiC	p.A856P	856	missense	NC_000962.3:1305495:G:C	2	1	1	1	0.169	L6	L6	single_or_fixed	0	-
PMD	pretomanid	fbiC	p.T519I	519	missense	NC_000962.3:1304485:C:T	2	1	1	1	0.02	L1	L1	single_or_fixed	0	-
PMD	pretomanid	fbiC	p.I638L	638	missense	NC_000962.3:1304841:A:C	2	1	1	1	0.029	BOV	BOV	single_or_fixed	0	-
PMD	pretomanid	fbiC	p.P15S	15	missense	NC_000962.3:1302972:C:T	2	1	1	1	0.004	L4	L4	single_or_fixed	0	-
PMD	pretomanid	fbiC	p.L466M	466	missense	NC_000962.3:1304325:C:A	2	1	1	1	0.004	L4	L4	single_or_fixed	0	-
PMD	pretomanid	fbiC	p.T185A	185	missense	NC_000962.3:1303482:A:G	2	1	1	1	0.169	L6	L6	single_or_fixed	0	-
PMD	pretomanid	fbiC	p.A827D	827	missense	NC_000962.3:1305409:C:A	2	1	1	1	1.961	BOV_AFRI	BOV_AFRI	single_or_fixed	0	-
PMD	pretomanid	fbiC	p.I816V	816	missense	NC_000962.3:1305375:A:G	2	1	1	1	0.449	L5	L5	single_or_fixed	0	-
PMD	pretomanid	fbiC	p.E658D	658	missense	NC_000962.3:1304903:G:C	2	1	1	1	0.02	L1	L1	single_or_fixed	0	-
PMD	pretomanid	fbiC	p.V37G	37	missense	NC_000962.3:1303039:T:G	2	1	1	1	0.004	L4	L4	single_or_fixed	0	-
PMD	pretomanid	fbiC	p.G512C	512	missense	NC_000962.3:1304463:G:T	2	1	1	1	0.004	L4	L4	single_or_fixed	0	-
PMD	pretomanid	fbiC	p.R243G	243	missense	NC_000962.3:1303656:C:G	2	1	1	1	0.02	L1	L1	single_or_fixed	0	clofazimine:uncertain;delamanid:uncertain
PMD	pretomanid	fbiC	p.R330P	330	missense	NC_000962.3:1303918:G:C	2	1	1	1	0.02	L1	L1	single_or_fixed	0	-
PMD	pretomanid	fbiC	p.G310*	310	stop_gained	NC_000962.3:1303857:G:T	2	1	1	1	0.02	L1	L1	single_or_fixed	1	clofazimine:uncertain;delamanid:R-associated
PMD	pretomanid	fbiC	p.K622R	622	missense	NC_000962.3:1304794:A:G	2	1	1	1	0.02	L1	L1	single_or_fixed	0	clofazimine:uncertain;delamanid:uncertain
PMD	pretomanid	fbiC	p.I781V	781	missense	NC_000962.3:1305270:A:G	2	1	1	1	0.004	L4	L4	single_or_fixed	0	clofazimine:uncertain;delamanid:uncertain
PMD	pretomanid	fbiC	p.T493A	493	missense	NC_000962.3:1304406:A:G	2	1	1	1	0.02	L1	L1	single_or_fixed	0	-
PMD	pretomanid	fbiC	p.I605V	605	missense	NC_000962.3:1304742:A:G	2	1	1	1	0.02	L1	L1	single_or_fixed	0	-
PMD	pretomanid	fbiC	p.C343W	343	missense	NC_000962.3:1303958:C:G	2	1	1	1	0.004	L4	L4	single_or_fixed	0	-
PMD	pretomanid	fbiC	p.E474A	474	missense	NC_000962.3:1304350:A:C	2	1	1	1	0.029	BOV	BOV	single_or_fixed	0	-
PMD	pretomanid	fbiC	p.T612A	612	missense	NC_000962.3:1304763:A:G	2	1	1	1	0.004	L4	L4	single_or_fixed	0	-
PMD	pretomanid	fbiC	p.D521G	521	missense	NC_000962.3:1304491:A:G	2	1	1	1	0.004	L4	L4	single_or_fixed	0	clofazimine:uncertain;delamanid:uncertain
PMD	pretomanid	fbiC	p.P334A	334	missense	NC_000962.3:1303929:C:G	2	1	1	1	0.02	L1	L1	single_or_fixed	0	clofazimine:uncertain;delamanid:uncertain
PMD	pretomanid	fbiC	p.K113T	113	missense	NC_000962.3:1303267:A:C	2	1	1	1	0.004	L4	L4	single_or_fixed	0	clofazimine:uncertain;delamanid:uncertain
PMD	pretomanid	fbiC	p.I406F	406	missense	NC_000962.3:1304145:A:T	2	1	1	1	0.004	L4	L4	single_or_fixed	0	clofazimine:uncertain;delamanid:uncertain
PMD	pretomanid	fbiC	p.R133C	133	missense	NC_000962.3:1303326:C:T	2	1	1	1	0.004	L4	L4	single_or_fixed	0	-
PMD	pretomanid	fbiC	p.D353G	353	missense	NC_000962.3:1303987:A:G	2	1	1	1	0.004	L4	L4	single_or_fixed	0	-
PMD	pretomanid	fbiC	p.S826L	826	missense	NC_000962.3:1305406:C:T	2	1	1	1	0.02	L1	L1	single_or_fixed	0	-
PMD	pretomanid	fbiC	p.T612I	612	missense	NC_000962.3:1304764:C:T	2	1	1	1	0.029	BOV	BOV	single_or_fixed	0	-
PMD	pretomanid	fbiC	p.A418T	418	missense	NC_000962.3:1304181:G:A	2	1	1	1	0.004	L4	L4	single_or_fixed	0	-
PMD	pretomanid	fbiC	p.G779S	779	missense	NC_000962.3:1305264:G:A	2	1	1	1	0.02	L1	L1	single_or_fixed	0	-
PMD	pretomanid	fbiC	p.P759S	759	missense	NC_000962.3:1305204:C:T	2	1	1	1	0.004	L4	L4	single_or_fixed	0	-
PMD	pretomanid	fbiC	p.D168G	168	missense	NC_000962.3:1303432:A:G	2	1	1	1	0.029	BOV	BOV	single_or_fixed	0	-
PMD	pretomanid	fbiC	p.D575H	575	missense	NC_000962.3:1304652:G:C	2	1	1	1	0.029	BOV	BOV	single_or_fixed	0	-
PMD	pretomanid	fbiC	p.E127D	127	missense	NC_000962.3:1303310:G:C	2	1	1	1	0.004	L4	L4	single_or_fixed	0	-
PMD	pretomanid	fbiC	p.A721S	721	missense	NC_000962.3:1305090:G:T	2	1	1	1	0.004	L4	L4	single_or_fixed	0	-
PMD	pretomanid	fbiC	p.K89N	89	missense	NC_000962.3:1303196:G:T	2	1	1	1	0.004	L4	L4	single_or_fixed	0	-
PMD	pretomanid	fbiC	p.T121M	121	missense	NC_000962.3:1303291:C:T	2	1	1	1	0.004	L4	L4	single_or_fixed	0	-
PMD	pretomanid	fbiC	p.G77E	77	missense	NC_000962.3:1303159:G:A	2	1	1	1	0.004	L4	L4	single_or_fixed	0	-
PMD	pretomanid	fbiC	p.V793L	793	missense	NC_000962.3:1305306:G:C	2	1	1	1	0.004	L4	L4	single_or_fixed	0	-
PMD	pretomanid	fbiC	p.R446W	446	missense	NC_000962.3:1304265:C:T	2	1	1	1	0.02	L1	L1	single_or_fixed	0	-
PMD	pretomanid	fbiC	p.D341N	341	missense	NC_000962.3:1303950:G:A	2	1	1	1	0.029	BOV	BOV	single_or_fixed	0	-
PMD	pretomanid	fbiC	p.T597S	597	missense	NC_000962.3:1304718:A:T	2	1	1	1	0.004	L4	L4	single_or_fixed	0	-
PMD	pretomanid	fbiC	p.S648N	648	missense	NC_000962.3:1304872:G:A	2	1	1	1	0.02	L1	L1	single_or_fixed	0	-
PMD	pretomanid	fbiC	p.T695A	695	missense	NC_000962.3:1305012:A:G	2	1	1	1	0.004	L4	L4	single_or_fixed	0	-
PMD	pretomanid	fbiC	p.M329V	329	missense	NC_000962.3:1303914:A:G	2	1	1	1	0.02	L1	L1	single_or_fixed	0	-
PMD	pretomanid	fbiC	p.V745M	745	missense	NC_000962.3:1305162:G:A	2	1	1	1	0.004	L4	L4	single_or_fixed	0	clofazimine:uncertain;delamanid:uncertain
PMD	pretomanid	fbiC	p.A756G	756	missense	NC_000962.3:1305196:C:G	2	1	1	1	0.004	L4	L4	single_or_fixed	0	-
PMD	pretomanid	fbiC	p.G163D	163	missense	NC_000962.3:1303417:G:A	2	1	1	1	0.004	L4	L4	single_or_fixed	0	-
PMD	pretomanid	fbiD	p.A210S	210	missense	NC_000962.3:3339744:G:T	2	1	1	1	0.005	L2	L2	single_or_fixed	0	clofazimine:uncertain;delamanid:uncertain
PMD	pretomanid	fbiD	p.G180E	180	missense	NC_000962.3:3339655:G:A	2	1	1	1	0.005	L2	L2	single_or_fixed	0	-
PMD	pretomanid	fbiD	p.V16I	16	missense	NC_000962.3:3339162:G:A	2	1	1	1	0.02	L1	L1	single_or_fixed	0	-
PMD	pretomanid	fbiD	p.A206T	206	missense	NC_000962.3:3339732:G:A	2	1	1	1	0.02	L1	L1	single_or_fixed	0	-
PMD	pretomanid	fbiD	p.R209Q	209	missense	NC_000962.3:3339742:G:A	2	1	1	1	0.004	L4	L4	single_or_fixed	0	clofazimine:uncertain;delamanid:uncertain
PMD	pretomanid	fbiD	p.G106V	106	missense	NC_000962.3:3339433:G:T	2	1	1	1	0.004	L4	L4	single_or_fixed	0	-
PMD	pretomanid	fbiD	p.R214H	214	missense	NC_000962.3:3339757:G:A	2	1	1	1	0.004	L4	L4	single_or_fixed	0	-
PMD	pretomanid	fbiD	p.R101L	101	missense	NC_000962.3:3339418:G:T	2	1	1	1	0.004	L4	L4	single_or_fixed	0	clofazimine:uncertain;delamanid:uncertain
PMD	pretomanid	fbiD	p.A71E	71	missense	NC_000962.3:3339328:C:A	2	1	1	1	0.02	L1	L1	single_or_fixed	0	clofazimine:uncertain
PMD	pretomanid	fbiD	p.P160T	160	missense	NC_000962.3:3339594:C:A	2	1	1	1	0.004	L4	L4	single_or_fixed	0	-
PMD	pretomanid	fbiD	p.A181S	181	missense	NC_000962.3:3339657:G:T	2	1	1	1	0.02	L1	L1	single_or_fixed	0	-
PMD	pretomanid	fbiD	p.A128V	128	missense	NC_000962.3:3339499:C:T	2	1	1	1	0.029	BOV	BOV	single_or_fixed	0	-
PMD	pretomanid	fbiD	p.P28R	28	missense	NC_000962.3:3339199:C:G	2	1	1	1	0.004	L4	L4	single_or_fixed	0	-
PMD	pretomanid	fbiD	p.A68V	68	missense	NC_000962.3:3339319:C:T	2	1	1	1	0.004	L4	L4	single_or_fixed	0	-
PMD	pretomanid	fbiA	p.E249G	249	missense	NC_000962.3:3641287:A:G	2	1	1	1	0.004	L4	L4	single_or_fixed	0	-
PMD	pretomanid	fbiA	p.D134N	134	missense	NC_000962.3:3640941:G:A	2	1	1	1	0.005	L2	L2	single_or_fixed	0	-
PMD	pretomanid	fbiA	p.V58I	58	missense	NC_000962.3:3640713:G:A	2	1	1	1	0.004	L4	L4	single_or_fixed	0	-
PMD	pretomanid	fbiA	p.C287Y	287	missense	NC_000962.3:3641401:G:A	2	1	1	1	0.005	L2	L2	single_or_fixed	0	clofazimine:uncertain;delamanid:uncertain
PMD	pretomanid	fbiA	p.I167V	167	missense	NC_000962.3:3641040:A:G	2	1	1	1	0.005	L2	L2	single_or_fixed	0	-
PMD	pretomanid	fbiA	p.A178G	178	missense	NC_000962.3:3641074:C:G	2	1	1	1	0.005	L2	L2	single_or_fixed	0	-
PMD	pretomanid	fbiA	p.I53T	53	missense	NC_000962.3:3640699:T:C	2	1	1	1	0.005	L2	L2	single_or_fixed	0	clofazimine:uncertain;delamanid:uncertain
PMD	pretomanid	fbiA	p.C280G	280	missense	NC_000962.3:3641379:T:G	2	1	1	1	0.022	L3	L3	single_or_fixed	0	clofazimine:uncertain;delamanid:uncertain
PMD	pretomanid	fbiA	p.S42G	42	missense	NC_000962.3:3640665:A:G	2	1	1	1	0.005	L2	L2	single_or_fixed	0	clofazimine:uncertain;delamanid:uncertain
PMD	pretomanid	fbiA	p.A222T	222	missense	NC_000962.3:3641205:G:A	2	1	1	1	0.005	L2	L2	single_or_fixed	0	clofazimine:uncertain;delamanid:uncertain
PMD	pretomanid	fbiA	p.A232E	232	missense	NC_000962.3:3641236:C:A	2	1	1	1	0.022	L3	L3	single_or_fixed	0	-
PMD	pretomanid	fbiA	p.H34Q	34	missense	NC_000962.3:3640643:C:G	2	1	1	1	0.022	L3	L3	single_or_fixed	0	-
PMD	pretomanid	fbiA	p.A33D	33	missense	NC_000962.3:3640639:C:A	2	1	1	1	0.005	L2	L2	single_or_fixed	0	clofazimine:uncertain;delamanid:uncertain
PMD	pretomanid	fbiA	p.Q117R	117	missense	NC_000962.3:3640891:A:G	2	1	1	1	0.022	L3	L3	single_or_fixed	0	-
PMD	pretomanid	fbiA	p.G248D	248	missense	NC_000962.3:3641284:G:A	2	1	1	1	0.005	L2	L2	single_or_fixed	0	-
PMD	pretomanid	fbiA	p.D148N	148	missense	NC_000962.3:3640983:G:A	2	1	1	1	0.02	L1	L1	single_or_fixed	0	-
PMD	pretomanid	fbiA	p.I246T	246	missense	NC_000962.3:3641278:T:C	2	1	1	1	0.004	L4	L4	single_or_fixed	0	-
PMD	pretomanid	fbiA	p.P138A	138	missense	NC_000962.3:3640953:C:G	2	1	1	1	0.169	L6	L6	single_or_fixed	0	-
PMD	pretomanid	fbiA	p.G293A	293	missense	NC_000962.3:3641419:G:C	2	1	1	1	0.004	L4	L4	single_or_fixed	0	clofazimine:uncertain;delamanid:uncertain
PMD	pretomanid	fbiA	p.P245S	245	missense	NC_000962.3:3641274:C:T	2	1	1	1	0.004	L4	L4	single_or_fixed	0	clofazimine:uncertain;delamanid:uncertain
PMD	pretomanid	fbiA	p.D38A	38	missense	NC_000962.3:3640654:A:C	2	1	1	1	0.004	L4	L4	single_or_fixed	0	-
PMD	pretomanid	fbiA	p.H87Y	87	missense	NC_000962.3:3640800:C:T	2	1	1	1	0.004	L4	L4	single_or_fixed	0	-
PMD	pretomanid	fbiA	p.Q90H	90	missense	NC_000962.3:3640811:G:C	2	1	1	1	0.004	L4	L4	single_or_fixed	0	-
PMD	pretomanid	fbiA	p.P124L	124	missense	NC_000962.3:3640912:C:T	2	1	1	1	0.004	L4	L4	single_or_fixed	0	-
PMD	pretomanid	fbiA	p.P227T	227	missense	NC_000962.3:3641220:C:A	2	1	1	1	0.004	L4	L4	single_or_fixed	0	clofazimine:uncertain;delamanid:uncertain
PMD	pretomanid	fbiA	p.A331V	331	missense	NC_000962.3:3641533:C:T	2	1	1	1	0.029	BOV	BOV	single_or_fixed	0	-
PMD	pretomanid	fbiA	p.A296S	296	missense	NC_000962.3:3641427:G:T	2	1	1	1	0.02	L1	L1	single_or_fixed	0	clofazimine:uncertain
PMD	pretomanid	fbiA	p.V272A	272	missense	NC_000962.3:3641356:T:C	2	1	1	1	0.02	L1	L1	single_or_fixed	0	-
PMD	pretomanid	fbiA	p.A166T	166	missense	NC_000962.3:3641037:G:A	2	1	1	1	0.004	L4	L4	single_or_fixed	0	-
PMD	pretomanid	fbiA	p.D299N	299	missense	NC_000962.3:3641436:G:A	2	1	1	1	0.02	L1	L1	single_or_fixed	0	-
PMD	pretomanid	fbiA	p.V160L	160	missense	NC_000962.3:3641019:G:C	2	1	1	1	0.02	L1	L1	single_or_fixed	0	-
PMD	pretomanid	fbiA	p.G264E	264	missense	NC_000962.3:3641332:G:A	2	1	1	1	0.02	L1	L1	single_or_fixed	0	-
PMD	pretomanid	fbiA	p.M255I	255	missense	NC_000962.3:3641306:G:T	2	1	1	1	0.004	L4	L4	single_or_fixed	0	-
PMD	pretomanid	fbiA	p.Q40H	40	missense	NC_000962.3:3640661:A:C	2	1	1	1	0.029	BOV	BOV	single_or_fixed	0	-
PMD	pretomanid	fbiA	p.D74A	74	missense	NC_000962.3:3640762:A:C	2	1	1	1	0.004	L4	L4	single_or_fixed	0	-
PMD	pretomanid	fbiA	p.E130G	130	missense	NC_000962.3:3640930:A:G	2	1	1	1	0.004	L4	L4	single_or_fixed	0	-
PMD	pretomanid	fbiA	p.V93M	93	missense	NC_000962.3:3640818:G:A	2	1	1	1	0.004	L4	L4	single_or_fixed	0	-
PMD	pretomanid	fbiA	p.Q179R	179	missense	NC_000962.3:3641077:A:G	2	1	1	1	0.004	L4	L4	single_or_fixed	0	-
PMD	pretomanid	fbiA	p.V306A	306	missense	NC_000962.3:3641458:T:C	2	1	1	1	0.004	L4	L4	single_or_fixed	0	-
PMD	pretomanid	fbiA	p.G277A	277	missense	NC_000962.3:3641371:G:C	2	1	1	1	0.004	L4	L4	single_or_fixed	0	-
PMD	pretomanid	fbiA	p.G300R	300	missense	NC_000962.3:3641439:G:A	2	1	1	1	0.004	L4	L4	single_or_fixed	0	clofazimine:uncertain
PMD	pretomanid	fbiA	p.Q90E	90	missense	NC_000962.3:3640809:C:G	2	1	1	1	0.004	L4	L4	single_or_fixed	0	-
PMD	pretomanid	fbiA	p.D266E	266	missense	NC_000962.3:3641339:T:G	2	1	1	1	0.004	L4	L4	single_or_fixed	0	-
PMD	pretomanid	fbiB	p.T212M	212	missense	NC_000962.3:3642168:C:T	2	1	1	1	0.004	L4	L4	single_or_fixed	0	-
PMD	pretomanid	fbiB	p.E65G	65	missense	NC_000962.3:3641727:A:G	2	1	1	1	0.004	L4	L4	single_or_fixed	0	-
PMD	pretomanid	fbiB	p.D225N	225	missense	NC_000962.3:3642206:G:A	2	1	1	1	0.022	L3	L3	single_or_fixed	0	clofazimine:uncertain
PMD	pretomanid	fbiB	p.V263I	263	missense	NC_000962.3:3642320:G:A	2	1	1	1	0.02	L1	L1	single_or_fixed	0	-
PMD	pretomanid	fbiB	p.G135A	135	missense	NC_000962.3:3641937:G:C	2	1	1	1	0.004	L4	L4	single_or_fixed	0	-
PMD	pretomanid	fbiB	p.P438S	438	missense	NC_000962.3:3642845:C:T	2	1	1	1	0.005	L2	L2	single_or_fixed	0	-
PMD	pretomanid	fbiB	p.A155T	155	missense	NC_000962.3:3641996:G:A	2	1	1	1	0.022	L3	L3	single_or_fixed	0	-
PMD	pretomanid	fbiB	p.P345T	345	missense	NC_000962.3:3642566:C:A	2	1	1	1	0.022	L3	L3	single_or_fixed	0	-
PMD	pretomanid	fbiB	p.S433P	433	missense	NC_000962.3:3642830:T:C	2	1	1	1	0.005	L2	L2	single_or_fixed	0	clofazimine:uncertain;delamanid:uncertain
PMD	pretomanid	fbiB	p.T371I	371	missense	NC_000962.3:3642645:C:T	2	1	1	1	0.005	L2	L2	single_or_fixed	0	clofazimine:uncertain;delamanid:uncertain
PMD	pretomanid	fbiB	p.I446T	446	missense	NC_000962.3:3642870:T:C	2	1	1	1	0.005	L2	L2	single_or_fixed	0	clofazimine:uncertain;delamanid:uncertain
PMD	pretomanid	fbiB	p.A380S	380	missense	NC_000962.3:3642671:G:T	2	1	1	1	0.022	L3	L3	single_or_fixed	0	-
PMD	pretomanid	fbiB	p.A119T	119	missense	NC_000962.3:3641888:G:A	2	1	1	1	0.022	L3	L3	single_or_fixed	0	-
PMD	pretomanid	fbiB	p.A304D	304	missense	NC_000962.3:3642444:C:A	2	1	1	1	0.005	L2	L2	single_or_fixed	0	clofazimine:uncertain;delamanid:uncertain
PMD	pretomanid	fbiB	p.P303T	303	missense	NC_000962.3:3642440:C:A	2	1	1	1	0.005	L2	L2	single_or_fixed	0	clofazimine:uncertain;delamanid:uncertain
PMD	pretomanid	fbiB	p.Y183C	183	missense	NC_000962.3:3642081:A:G	2	1	1	1	0.005	L2	L2	single_or_fixed	0	clofazimine:uncertain;delamanid:uncertain
PMD	pretomanid	fbiB	p.D367E	367	missense	NC_000962.3:3642634:C:A	2	1	1	1	0.022	L3	L3	single_or_fixed	0	-
PMD	pretomanid	fbiB	p.D355N	355	missense	NC_000962.3:3642596:G:A	2	1	1	1	0.022	L3	L3	single_or_fixed	0	-
PMD	pretomanid	fbiB	p.D124N	124	missense	NC_000962.3:3641903:G:A	2	1	1	1	0.022	L3	L3	single_or_fixed	0	-
PMD	pretomanid	fbiB	p.D362N	362	missense	NC_000962.3:3642617:G:A	2	1	1	1	0.022	L3	L3	single_or_fixed	0	-
PMD	pretomanid	fbiB	p.M313L	313	missense	NC_000962.3:3642470:A:C	2	1	1	1	0.005	L2	L2	single_or_fixed	0	-
PMD	pretomanid	fbiB	p.D274G	274	missense	NC_000962.3:3642354:A:G	2	1	1	1	0.005	L2	L2	single_or_fixed	0	-
PMD	pretomanid	fbiB	p.G325D	325	missense	NC_000962.3:3642507:G:A	2	1	1	1	0.005	L2	L2	single_or_fixed	0	-
PMD	pretomanid	fbiB	p.L326S	326	missense	NC_000962.3:3642510:T:C	2	1	1	1	0.005	L2	L2	single_or_fixed	0	-
PMD	pretomanid	fbiB	p.D410H	410	missense	NC_000962.3:3642761:G:C	2	1	1	1	0.004	L4	L4	single_or_fixed	0	-
PMD	pretomanid	fbiB	p.D430H	430	missense	NC_000962.3:3642821:G:C	2	1	1	1	0.004	L4	L4	single_or_fixed	0	clofazimine:uncertain;delamanid:uncertain
PMD	pretomanid	fbiB	p.R312W	312	missense	NC_000962.3:3642467:C:T	2	1	1	1	0.02	L1	L1	single_or_fixed	0	-
PMD	pretomanid	fbiB	p.E13K	13	missense	NC_000962.3:3641570:G:A	2	1	1	1	0.02	L1	L1	single_or_fixed	0	-
PMD	pretomanid	fbiB	p.Y342D	342	missense	NC_000962.3:3642557:T:G	2	1	1	1	0.02	L1	L1	single_or_fixed	0	-
PMD	pretomanid	fbiB	p.P361S	361	missense	NC_000962.3:3642614:C:T	2	1	1	1	0.449	L5	L5	single_or_fixed	0	-
PMD	pretomanid	fbiB	p.A405T	405	missense	NC_000962.3:3642746:G:A	2	1	1	1	0.02	L1	L1	single_or_fixed	0	-
PMD	pretomanid	fbiB	p.A36V	36	missense	NC_000962.3:3641640:C:T	2	1	1	1	0.02	L1	L1	single_or_fixed	0	delamanid:uncertain
PMD	pretomanid	fbiB	p.P25R	25	missense	NC_000962.3:3641607:C:G	2	1	1	1	0.004	L4	L4	single_or_fixed	0	clofazimine:uncertain;delamanid:uncertain
PMD	pretomanid	fbiB	p.R334W	334	missense	NC_000962.3:3642533:C:T	2	1	1	1	0.004	L4	L4	single_or_fixed	0	-
PMD	pretomanid	fbiB	p.R133H	133	missense	NC_000962.3:3641931:G:A	2	1	1	1	0.02	L1	L1	single_or_fixed	0	-
PMD	pretomanid	fbiB	p.D315N	315	missense	NC_000962.3:3642476:G:A	2	1	1	1	0.004	L4	L4	single_or_fixed	0	-
PMD	pretomanid	fbiB	p.A134T	134	missense	NC_000962.3:3641933:G:A	2	1	1	1	0.02	L1	L1	single_or_fixed	0	-
PMD	pretomanid	fbiB	p.V17I	17	missense	NC_000962.3:3641582:G:A	2	1	1	1	0.004	L4	L4	single_or_fixed	0	clofazimine:uncertain;delamanid:uncertain
PMD	pretomanid	fbiB	p.A281T	281	missense	NC_000962.3:3642374:G:A	2	1	1	1	0.449	L5	L5	single_or_fixed	0	-
PMD	pretomanid	fbiB	p.A405D	405	missense	NC_000962.3:3642747:C:A	2	1	1	1	0.004	L4	L4	single_or_fixed	0	-
PMD	pretomanid	fbiB	p.R84G	84	missense	NC_000962.3:3641783:C:G	2	1	1	1	0.02	L1	L1	single_or_fixed	0	-
PMD	pretomanid	ddn	p.G53D	53	missense	NC_000962.3:3987000:G:A	2	1	1	1	0.005	L2	L2	single_or_fixed	0	delamanid:uncertain
PMD	pretomanid	ddn	p.P6L	6	missense	NC_000962.3:3986859:C:T	2	1	1	1	0.005	L2	L2	single_or_fixed	0	-
PMD	pretomanid	ddn	p.T56A	56	missense	NC_000962.3:3987008:A:G	2	1	1	1	0.022	L3	L3	single_or_fixed	0	delamanid:uncertain
PMD	pretomanid	ddn	p.G80R	80	missense	NC_000962.3:3987080:G:C	2	1	1	1	0.022	L3	L3	single_or_fixed	0	-
PMD	pretomanid	ddn	p.V106M	106	missense	NC_000962.3:3987158:G:A	2	1	1	1	0.005	L2	L2	single_or_fixed	0	delamanid:uncertain
PMD	pretomanid	ddn	p.K103E	103	missense	NC_000962.3:3987149:A:G	2	1	1	1	0.005	L2	L2	single_or_fixed	0	-
PMD	pretomanid	ddn	p.T110S	110	missense	NC_000962.3:3987171:C:G	2	1	1	1	0.005	L2	L2	single_or_fixed	0	-
PMD	pretomanid	ddn	p.I74T	74	missense	NC_000962.3:3987063:T:C	2	1	1	1	0.022	L3	L3	single_or_fixed	0	-
PMD	pretomanid	ddn	p.M87I	87	missense	NC_000962.3:3987103:G:T	2	1	1	1	0.005	L2	L2	single_or_fixed	0	delamanid:uncertain
PMD	pretomanid	ddn	p.L9M	9	missense	NC_000962.3:3986867:C:A	2	1	1	1	0.022	L3	L3	single_or_fixed	0	-
PMD	pretomanid	ddn	p.N32T	32	missense	NC_000962.3:3986937:A:C	2	1	1	1	0.004	L4	L4	single_or_fixed	0	-
PMD	pretomanid	ddn	p.V100I	100	missense	NC_000962.3:3987140:G:A	2	1	1	1	0.169	L6	L6	single_or_fixed	0	-
PMD	pretomanid	ddn	p.W20R	20	missense	NC_000962.3:3986900:T:C	2	1	1	1	0.004	L4	L4	single_or_fixed	0	-
PMD	pretomanid	ddn	p.T40A	40	missense	NC_000962.3:3986960:A:G	2	1	1	1	0.004	L4	L4	single_or_fixed	0	delamanid:uncertain
PMD	pretomanid	ddn	p.Q58K	58	missense	NC_000962.3:3987014:C:A	2	1	1	1	0.02	L1	L1	single_or_fixed	0	-
PMD	pretomanid	ddn	p.N62K	62	missense	NC_000962.3:3987028:C:A	2	1	1	1	0.02	L1	L1	single_or_fixed	0	-
PMD	pretomanid	ddn	p.N91D	91	missense	NC_000962.3:3987113:A:G	2	1	1	1	0.004	L4	L4	single_or_fixed	0	-
PMD	pretomanid	ddn	p.E83A	83	missense	NC_000962.3:3987090:A:C	2	1	1	1	0.004	L4	L4	single_or_fixed	0	delamanid:uncertain
PMD	pretomanid	ddn	p.P12R	12	missense	NC_000962.3:3986877:C:G	2	1	1	1	0.02	L1	L1	single_or_fixed	0	-
PMD	pretomanid	ddn	p.Q125P	125	missense	NC_000962.3:3987216:A:C	2	1	1	1	0.004	L4	L4	single_or_fixed	0	-
PMD	pretomanid	ddn	p.M21I	21	missense	NC_000962.3:3986905:G:T	2	1	1	1	0.004	L4	L4	single_or_fixed	0	-
PMD	pretomanid	ddn	p.P2T	2	missense	NC_000962.3:3986846:C:A	2	1	1	1	0.02	L1	L1	single_or_fixed	0	-
PMD	pretomanid	ddn	p.M129I	129	missense	NC_000962.3:3987229:G:A	2	1	1	1	0.029	BOV	BOV	single_or_fixed	0	-
PMD	pretomanid	ddn	p.Q134P	134	missense	NC_000962.3:3987243:A:C	2	1	1	1	0.02	L1	L1	single_or_fixed	0	-
PMD	pretomanid	ddn	p.G70S	70	missense	NC_000962.3:3987050:G:A	2	1	1	1	0.004	L4	L4	single_or_fixed	0	-
BDQ	bedaquiline	mmpR5	p.P48L	48	missense	NC_000962.3:779131:C:T	1	1	1	1	0.002	L4	L4	single_or_fixed	0	bedaquiline:uncertain;clofazimine:uncertain
BDQ	bedaquiline	mmpR5	p.R72L	72	missense	NC_000962.3:779203:G:T	1	1	1	1	0.011	L3	L3	single_or_fixed	0	-
BDQ	bedaquiline	mmpR5	p.G24V	24	missense	NC_000962.3:779059:G:T	1	1	1	1	0.003	L2	L2	single_or_fixed	0	-
BDQ	bedaquiline	mmpR5	p.L136P	136	missense	NC_000962.3:779395:T:C	1	1	1	1	0.011	L3	L3	single_or_fixed	0	bedaquiline:uncertain
BDQ	bedaquiline	mmpR5	p.L154P	154	missense	NC_000962.3:779449:T:C	1	1	1	1	0.01	L1	L1	single_or_fixed	0	-
BDQ	bedaquiline	mmpR5	p.R105H	105	missense	NC_000962.3:779302:G:A	1	1	1	1	0.01	L1	L1	single_or_fixed	0	-
BDQ	bedaquiline	mmpR5	p.G25C	25	missense	NC_000962.3:779061:G:T	1	1	1	1	0.002	L4	L4	single_or_fixed	0	bedaquiline:uncertain;clofazimine:uncertain
BDQ	bedaquiline	mmpR5	p.G25S	25	missense	NC_000962.3:779061:G:A	1	1	1	1	0.003	L2	L2	single_or_fixed	0	-
BDQ	bedaquiline	mmpR5	p.R94W	94	missense	NC_000962.3:779268:C:T	1	1	1	1	0.003	L2	L2	single_or_fixed	0	bedaquiline:uncertain;clofazimine:uncertain
BDQ	bedaquiline	mmpR5	p.L114P	114	missense	NC_000962.3:779329:T:C	1	1	1	1	0.003	L2	L2	single_or_fixed	0	-
BDQ	bedaquiline	mmpR5	p.L40W	40	missense	NC_000962.3:779107:T:G	1	1	1	1	0.003	L2	L2	single_or_fixed	0	-
BDQ	bedaquiline	mmpR5	p.L125P	125	missense	NC_000962.3:779362:T:C	1	1	1	1	0.011	L3	L3	single_or_fixed	0	-
BDQ	bedaquiline	mmpR5	p.D47H	47	missense	NC_000962.3:779127:G:C	1	1	1	1	0.002	L4	L4	single_or_fixed	0	-
BDQ	bedaquiline	mmpR5	p.G41V	41	missense	NC_000962.3:779110:G:T	1	1	1	1	0.002	L4	L4	single_or_fixed	0	-
BDQ	bedaquiline	mmpR5	p.R105G	105	missense	NC_000962.3:779301:C:G	1	1	1	1	0.002	L4	L4	single_or_fixed	0	-
BDQ	bedaquiline	mmpR5	p.R34L	34	missense	NC_000962.3:779089:G:T	1	1	1	1	0.002	L4	L4	single_or_fixed	0	-
BDQ	bedaquiline	mmpR5	p.A112T	112	missense	NC_000962.3:779322:G:A	1	1	1	1	0.003	L2	L2	single_or_fixed	0	-
BDQ	bedaquiline	mmpR5	p.T33P	33	missense	NC_000962.3:779085:A:C	1	1	1	1	0.003	L2	L2	single_or_fixed	0	-
BDQ	bedaquiline	mmpR5	p.I75V	75	missense	NC_000962.3:779211:A:G	1	1	1	1	0.011	L3	L3	single_or_fixed	0	clofazimine:uncertain
BDQ	bedaquiline	mmpR5	p.S63R	63	missense	NC_000962.3:779177:C:A	1	1	1	1	0.011	L3	L3	single_or_fixed	0	bedaquiline:uncertain;bedaquiline:uncertain;clofazimine:uncertain
BDQ	bedaquiline	mmpR5	p.M10I	10	missense	NC_000962.3:779018:G:C	1	1	1	1	0.011	L3	L3	single_or_fixed	0	bedaquiline:uncertain;clofazimine:uncertain
BDQ	bedaquiline	mmpR5	p.V150G	150	missense	NC_000962.3:779437:T:G	1	1	1	1	0.003	L2	L2	single_or_fixed	0	-
BDQ	bedaquiline	mmpR5	p.A99P	99	missense	NC_000962.3:779283:G:C	1	1	1	1	0.003	L2	L2	single_or_fixed	0	bedaquiline:uncertain;clofazimine:uncertain
BDQ	bedaquiline	mmpR5	p.D8G	8	missense	NC_000962.3:779011:A:G	1	1	1	1	0.011	L3	L3	single_or_fixed	0	bedaquiline:uncertain;clofazimine:uncertain
BDQ	bedaquiline	mmpR5	p.S53A	53	missense	NC_000962.3:779145:T:G	1	1	1	1	0.003	L2	L2	single_or_fixed	0	-
BDQ	bedaquiline	mmpR5	p.R109P	109	missense	NC_000962.3:779314:G:C	1	1	1	1	0.003	L2	L2	single_or_fixed	0	bedaquiline:uncertain
BDQ	bedaquiline	mmpR5	p.C46G	46	missense	NC_000962.3:779124:T:G	1	1	1	1	0.003	L2	L2	single_or_fixed	0	bedaquiline:uncertain;clofazimine:uncertain
BDQ	bedaquiline	mmpR5	p.Q76K	76	missense	NC_000962.3:779214:C:A	1	1	1	1	0.011	L3	L3	single_or_fixed	0	bedaquiline:uncertain
BDQ	bedaquiline	mmpR5	p.E113*	113	stop_gained	NC_000962.3:779325:G:T	1	1	1	1	0.003	L2	L2	single_or_fixed	1	bedaquiline:R-associated;clofazimine:R-associated
BDQ	bedaquiline	mmpR5	p.F79L	79	missense	NC_000962.3:779225:C:A	1	1	1	1	0.003	L2	L2	single_or_fixed	0	bedaquiline:uncertain
BDQ	bedaquiline	mmpR5	p.A101E	101	missense	NC_000962.3:779290:C:A	1	1	1	1	0.003	L2	L2	single_or_fixed	0	bedaquiline:uncertain;clofazimine:uncertain
BDQ	bedaquiline	mmpR5	p.I67L	67	missense	NC_000962.3:779187:A:C	1	1	1	1	0.011	L3	L3	single_or_fixed	0	bedaquiline:uncertain;clofazimine:uncertain
BDQ	bedaquiline	mmpR5	p.I67V	67	missense	NC_000962.3:779187:A:G	1	1	1	1	0.003	L2	L2	single_or_fixed	0	-
BDQ	bedaquiline	mmpR5	p.F19S	19	missense	NC_000962.3:779044:T:C	1	1	1	1	0.003	L2	L2	single_or_fixed	0	bedaquiline:uncertain;clofazimine:uncertain
BDQ	bedaquiline	mmpR5	p.Y26C	26	missense	NC_000962.3:779065:A:G	1	1	1	1	0.003	L2	L2	single_or_fixed	0	bedaquiline:uncertain;clofazimine:uncertain
BDQ	bedaquiline	mmpR5	p.P14S	14	missense	NC_000962.3:779028:C:T	1	1	1	1	0.003	L2	L2	single_or_fixed	0	bedaquiline:uncertain;clofazimine:uncertain
BDQ	bedaquiline	mmpR5	p.S52P	52	missense	NC_000962.3:779142:T:C	1	1	1	1	0.003	L2	L2	single_or_fixed	0	bedaquiline:uncertain;clofazimine:uncertain
BDQ	bedaquiline	mmpR5	p.A86T	86	missense	NC_000962.3:779244:G:A	1	1	1	1	0.011	L3	L3	single_or_fixed	0	-
BDQ	bedaquiline	mmpR5	p.L40M	40	missense	NC_000962.3:779106:T:A	1	1	1	1	0.003	L2	L2	single_or_fixed	0	bedaquiline:uncertain;clofazimine:uncertain
BDQ	bedaquiline	mmpR5	p.A153V	153	missense	NC_000962.3:779446:C:T	1	1	1	1	0.011	L3	L3	single_or_fixed	0	-
BDQ	bedaquiline	mmpR5	p.M146L	146	missense	NC_000962.3:779424:A:C	1	1	1	1	0.011	L3	L3	single_or_fixed	0	-
BDQ	bedaquiline	mmpR5	p.E18D	18	missense	NC_000962.3:779042:A:T	1	1	1	1	0.003	L2	L2	single_or_fixed	0	-
BDQ	bedaquiline	mmpR5	p.A153G	153	missense	NC_000962.3:779446:C:G	1	1	1	1	0.003	L2	L2	single_or_fixed	0	-
BDQ	bedaquiline	mmpR5	p.G78R	78	missense	NC_000962.3:779220:G:A	1	1	1	1	0.003	L2	L2	single_or_fixed	0	bedaquiline:uncertain
BDQ	bedaquiline	mmpR5	p.A112D	112	missense	NC_000962.3:779323:C:A	1	1	1	1	0.003	L2	L2	single_or_fixed	0	-
BDQ	bedaquiline	mmpR5	p.L39S	39	missense	NC_000962.3:779104:T:C	1	1	1	1	0.003	L2	L2	single_or_fixed	0	-
BDQ	bedaquiline	mmpR5	p.L83H	83	missense	NC_000962.3:779236:T:A	1	1	1	1	0.003	L2	L2	single_or_fixed	0	bedaquiline:uncertain;clofazimine:uncertain
BDQ	bedaquiline	mmpR5	p.L56P	56	missense	NC_000962.3:779155:T:C	1	1	1	1	0.003	L2	L2	single_or_fixed	0	bedaquiline:uncertain;clofazimine:uncertain
BDQ	bedaquiline	mmpR5	p.E147D	147	missense	NC_000962.3:779429:G:C	1	1	1	1	0.003	L2	L2	single_or_fixed	0	bedaquiline:uncertain;clofazimine:uncertain
BDQ	bedaquiline	mmpR5	p.G65W	65	missense	NC_000962.3:779181:G:T	1	1	1	1	0.003	L2	L2	single_or_fixed	0	-
BDQ	bedaquiline	mmpR5	p.G103A	103	missense	NC_000962.3:779296:G:C	1	1	1	1	0.003	L2	L2	single_or_fixed	0	-
BDQ	bedaquiline	mmpR5	p.A110V	110	missense	NC_000962.3:779317:C:T	1	1	1	1	0.003	L2	L2	single_or_fixed	0	bedaquiline:uncertain;clofazimine:uncertain
BDQ	bedaquiline	mmpR5	p.L40F	40	missense	NC_000962.3:779108:G:T	1	1	1	1	0.003	L2	L2	single_or_fixed	0	bedaquiline:uncertain;clofazimine:uncertain
BDQ	bedaquiline	mmpR5	p.W42G	42	missense	NC_000962.3:779112:T:G	1	1	1	1	0.003	L2	L2	single_or_fixed	0	-
BDQ	bedaquiline	mmpR5	p.V85D	85	missense	NC_000962.3:779242:T:A	1	1	1	1	0.003	L2	L2	single_or_fixed	0	-
BDQ	bedaquiline	mmpR5	p.A12P	12	missense	NC_000962.3:779022:G:C	1	1	1	1	0.003	L2	L2	single_or_fixed	0	-
BDQ	bedaquiline	mmpR5	p.A12V	12	missense	NC_000962.3:779023:C:T	1	1	1	1	0.003	L2	L2	single_or_fixed	0	-
BDQ	bedaquiline	mmpR5	p.P130R	130	missense	NC_000962.3:779377:C:G	1	1	1	1	0.003	L2	L2	single_or_fixed	0	-
BDQ	bedaquiline	mmpR5	p.T69P	69	missense	NC_000962.3:779193:A:C	1	1	1	1	0.003	L2	L2	single_or_fixed	0	bedaquiline:uncertain;clofazimine:uncertain
BDQ	bedaquiline	mmpR5	p.V85F	85	missense	NC_000962.3:779241:G:T	1	1	1	1	0.003	L2	L2	single_or_fixed	0	-
BDQ	bedaquiline	mmpR5	p.F79L	79	missense	NC_000962.3:779223:T:C	1	1	1	1	0.003	L2	L2	single_or_fixed	0	bedaquiline:uncertain
BDQ	bedaquiline	mmpR5	p.G65V	65	missense	NC_000962.3:779182:G:T	1	1	1	1	0.003	L2	L2	single_or_fixed	0	-
BDQ	bedaquiline	mmpR5	p.F100C	100	missense	NC_000962.3:779287:T:G	1	1	1	1	0.003	L2	L2	single_or_fixed	0	-
BDQ	bedaquiline	mmpR5	p.L136Q	136	missense	NC_000962.3:779395:T:A	1	1	1	1	0.003	L2	L2	single_or_fixed	0	-
BDQ	bedaquiline	mmpR5	p.F100L	100	missense	NC_000962.3:779286:T:C	1	1	1	1	0.003	L2	L2	single_or_fixed	0	-
BDQ	bedaquiline	mmpR5	p.M73I	73	missense	NC_000962.3:779207:G:T	1	1	1	1	0.003	L2	L2	single_or_fixed	0	bedaquiline:uncertain;clofazimine:uncertain
BDQ	bedaquiline	mmpR5	p.F100L	100	missense	NC_000962.3:779288:C:A	1	1	1	1	0.003	L2	L2	single_or_fixed	0	-
BDQ	bedaquiline	mmpR5	p.G37R	37	missense	NC_000962.3:779097:G:C	1	1	1	1	0.003	L2	L2	single_or_fixed	0	-
BDQ	bedaquiline	mmpR5	p.S31R	31	missense	NC_000962.3:779079:A:C	1	1	1	1	0.011	L3	L3	single_or_fixed	0	-
BDQ	bedaquiline	mmpR5	p.Q51*	51	stop_gained	NC_000962.3:779139:C:T	1	1	1	1	0.003	L2	L2	single_or_fixed	1	bedaquiline:R-associated;clofazimine:R-associated
BDQ	bedaquiline	mmpR5	p.A128T	128	missense	NC_000962.3:779370:G:A	1	1	1	1	0.003	L2	L2	single_or_fixed	0	-
BDQ	bedaquiline	mmpR5	p.M146K	146	missense	NC_000962.3:779425:T:A	1	1	1	1	0.003	L2	L2	single_or_fixed	0	-
BDQ	bedaquiline	mmpR5	p.A112V	112	missense	NC_000962.3:779323:C:T	1	1	1	1	0.011	L3	L3	single_or_fixed	0	-
BDQ	bedaquiline	mmpR5	p.R94L	94	missense	NC_000962.3:779269:G:T	1	1	1	1	0.003	L2	L2	single_or_fixed	0	-
BDQ	bedaquiline	mmpR5	p.G66R	66	missense	NC_000962.3:779184:G:A	1	1	1	1	0.003	L2	L2	single_or_fixed	0	-
BDQ	bedaquiline	mmpR5	p.V149G	149	missense	NC_000962.3:779434:T:G	1	1	1	1	0.01	L1	L1	single_or_fixed	0	-
BDQ	bedaquiline	mmpR5	p.E104K	104	missense	NC_000962.3:779298:G:A	1	1	1	1	0.002	L4	L4	single_or_fixed	0	bedaquiline:uncertain;clofazimine:uncertain
BDQ	bedaquiline	mmpR5	p.V20F	20	missense	NC_000962.3:779046:G:T	1	1	1	1	0.01	L1	L1	single_or_fixed	0	-
BDQ	bedaquiline	mmpR5	p.V7F	7	missense	NC_000962.3:779007:G:T	1	1	1	1	0.01	L1	L1	single_or_fixed	0	-
BDQ	bedaquiline	mmpR5	p.E54A	54	missense	NC_000962.3:779149:A:C	1	1	1	1	0.01	L1	L1	single_or_fixed	0	-
BDQ	bedaquiline	mmpR5	p.E13*	13	stop_gained	NC_000962.3:779025:G:T	1	1	1	1	0.002	L4	L4	single_or_fixed	1	bedaquiline:R-associated;clofazimine:R-associated
BDQ	bedaquiline	mmpR5	p.E49K	49	missense	NC_000962.3:779133:G:A	1	1	1	1	0.085	L6	L6	single_or_fixed	0	-
BDQ	bedaquiline	mmpR5	p.L142P	142	missense	NC_000962.3:779413:T:C	1	1	1	1	0.085	L6	L6	single_or_fixed	0	bedaquiline:uncertain
BDQ	bedaquiline	mmpR5	p.A86D	86	missense	NC_000962.3:779245:C:A	1	1	1	1	0.002	L4	L4	single_or_fixed	0	-
BDQ	bedaquiline	mmpR5	p.G11V	11	missense	NC_000962.3:779020:G:T	1	1	1	1	0.002	L4	L4	single_or_fixed	0	-
BDQ	bedaquiline	mmpR5	p.L114M	114	missense	NC_000962.3:779328:C:A	1	1	1	1	0.01	L1	L1	single_or_fixed	0	-
BDQ	bedaquiline	mmpR5	p.D8A	8	missense	NC_000962.3:779011:A:C	1	1	1	1	0.002	L4	L4	single_or_fixed	0	-
BDQ	bedaquiline	mmpR5	p.R34Q	34	missense	NC_000962.3:779089:G:A	1	1	1	1	0.01	L1	L1	single_or_fixed	0	bedaquiline:uncertain
BDQ	bedaquiline	mmpR5	p.R96L	96	missense	NC_000962.3:779275:G:T	1	1	1	1	0.002	L4	L4	single_or_fixed	0	bedaquiline:uncertain;clofazimine:uncertain
BDQ	bedaquiline	mmpR5	p.S158R	158	missense	NC_000962.3:779462:C:G	1	1	1	1	0.002	L4	L4	single_or_fixed	0	bedaquiline:uncertain;clofazimine:uncertain
BDQ	bedaquiline	mmpR5	p.G78V	78	missense	NC_000962.3:779221:G:T	1	1	1	1	0.002	L4	L4	single_or_fixed	0	-
BDQ	bedaquiline	mmpR5	p.E147D	147	missense	NC_000962.3:779429:G:T	1	1	1	1	0.002	L4	L4	single_or_fixed	0	bedaquiline:uncertain;clofazimine:uncertain
BDQ	bedaquiline	mmpR5	p.G126S	126	missense	NC_000962.3:779364:G:A	1	1	1	1	0.01	L1	L1	single_or_fixed	0	-
BDQ	bedaquiline	mmpR5	p.M139I	139	missense	NC_000962.3:779405:G:T	1	1	1	1	0.01	L1	L1	single_or_fixed	0	bedaquiline:uncertain;clofazimine:uncertain
BDQ	bedaquiline	mmpR5	p.P97T	97	missense	NC_000962.3:779277:C:A	1	1	1	1	0.002	L4	L4	single_or_fixed	0	-
BDQ	bedaquiline	mmpR5	p.A124P	124	missense	NC_000962.3:779358:G:C	1	1	1	1	0.002	L4	L4	single_or_fixed	0	clofazimine:uncertain
BDQ	bedaquiline	mmpR5	p.V85A	85	missense	NC_000962.3:779242:T:C	1	1	1	1	0.002	L4	L4	single_or_fixed	0	bedaquiline:uncertain;clofazimine:uncertain
BDQ	bedaquiline	mmpR5	p.S158R	158	missense	NC_000962.3:779462:C:A	1	1	1	1	0.01	L1	L1	single_or_fixed	0	bedaquiline:uncertain;clofazimine:uncertain
BDQ	bedaquiline	mmpR5	p.L83F	83	missense	NC_000962.3:779235:C:T	1	1	1	1	0.01	L1	L1	single_or_fixed	0	clofazimine:uncertain
BDQ	bedaquiline	mmpR5	p.M23I	23	missense	NC_000962.3:779057:G:C	1	1	1	1	0.002	L4	L4	single_or_fixed	0	-
BDQ	bedaquiline	mmpR5	p.L95W	95	missense	NC_000962.3:779272:T:G	1	1	1	1	0.01	L1	L1	single_or_fixed	0	-
BDQ	bedaquiline	mmpR5	p.A62V	62	missense	NC_000962.3:779173:C:T	1	1	1	1	0.002	L4	L4	single_or_fixed	0	-
BDQ	bedaquiline	mmpR5	p.A59P	59	missense	NC_000962.3:779163:G:C	1	1	1	1	0.002	L4	L4	single_or_fixed	0	-
BDQ	bedaquiline	mmpR5	p.S63N	63	missense	NC_000962.3:779176:G:A	1	1	1	1	0.002	L4	L4	single_or_fixed	0	-
BDQ	bedaquiline	mmpR5	p.G78A	78	missense	NC_000962.3:779221:G:C	1	1	1	1	0.01	L1	L1	single_or_fixed	0	-
BDQ	bedaquiline	mmpR5	p.G65E	65	missense	NC_000962.3:779182:G:A	1	1	1	1	0.01	L1	L1	single_or_fixed	0	bedaquiline:uncertain
BDQ	bedaquiline	mmpR5	p.N70K	70	missense	NC_000962.3:779198:T:G	1	1	1	1	0.01	L1	L1	single_or_fixed	0	bedaquiline:uncertain;clofazimine:uncertain
BDQ	bedaquiline	mmpR5	p.G87V	87	missense	NC_000962.3:779248:G:T	1	1	1	1	0.01	L1	L1	single_or_fixed	0	-
BDQ	bedaquiline	mmpR5	p.R135Q	135	missense	NC_000962.3:779392:G:A	1	1	1	1	0.002	L4	L4	single_or_fixed	0	-
BDQ	bedaquiline	mmpR5	p.R72G	72	missense	NC_000962.3:779202:C:G	1	1	1	1	0.002	L4	L4	single_or_fixed	0	-
BDQ	bedaquiline	mmpR5	p.E138A	138	missense	NC_000962.3:779401:A:C	1	1	1	1	0.085	L6	L6	single_or_fixed	0	-
BDQ	bedaquiline	mmpR5	p.Q131*	131	stop_gained	NC_000962.3:779379:C:T	1	1	1	1	0.002	L4	L4	single_or_fixed	1	bedaquiline:R-associated;clofazimine:R-associated
BDQ	bedaquiline	mmpR5	p.S64G	64	missense	NC_000962.3:779178:A:G	1	1	1	1	0.002	L4	L4	single_or_fixed	0	-
BDQ	bedaquiline	mmpR5	p.G87A	87	missense	NC_000962.3:779248:G:C	1	1	1	1	0.002	L4	L4	single_or_fixed	0	-
BDQ	bedaquiline	mmpR5	p.C46Y	46	missense	NC_000962.3:779125:G:A	1	1	1	1	0.002	L4	L4	single_or_fixed	0	bedaquiline:uncertain;clofazimine:uncertain
BDQ	bedaquiline	mmpR5	p.W42*	42	stop_gained	NC_000962.3:779114:G:A	1	1	1	1	0.002	L4	L4	single_or_fixed	1	bedaquiline:R-associated
BDQ	bedaquiline	mmpR5	p.G41D	41	missense	NC_000962.3:779110:G:A	1	1	1	1	0.01	L1	L1	single_or_fixed	0	bedaquiline:uncertain
BDQ	bedaquiline	mmpR5	p.Y26S	26	missense	NC_000962.3:779065:A:C	1	1	1	1	0.002	L4	L4	single_or_fixed	0	-
BDQ	bedaquiline	mmpR5	p.D8N	8	missense	NC_000962.3:779010:G:A	1	1	1	1	0.002	L4	L4	single_or_fixed	0	-
BDQ	bedaquiline	mmpR5	p.N70Y	70	missense	NC_000962.3:779196:A:T	1	1	1	1	0.01	L1	L1	single_or_fixed	0	-
BDQ	bedaquiline	mmpR5	p.L142V	142	missense	NC_000962.3:779412:C:G	1	1	1	1	0.01	L1	L1	single_or_fixed	0	-
BDQ	bedaquiline	mmpR5	p.A101V	101	missense	NC_000962.3:779290:C:T	1	1	1	1	0.002	L4	L4	single_or_fixed	0	-
BDQ	bedaquiline	mmpR5	p.P130L	130	missense	NC_000962.3:779377:C:T	1	1	1	1	0.002	L4	L4	single_or_fixed	0	-
BDQ	bedaquiline	mmpR5	p.E21G	21	missense	NC_000962.3:779050:A:G	1	1	1	1	0.01	L1	L1	single_or_fixed	0	-
BDQ	bedaquiline	mmpR5	p.A84G	84	missense	NC_000962.3:779239:C:G	1	1	1	1	0.01	L1	L1	single_or_fixed	0	-
BDQ	bedaquiline	mmpR5	p.L142M	142	missense	NC_000962.3:779412:C:A	1	1	1	1	0.002	L4	L4	single_or_fixed	0	-
BDQ	bedaquiline	mmpR5	p.R105S	105	missense	NC_000962.3:779301:C:A	1	1	1	1	0.002	L4	L4	single_or_fixed	0	bedaquiline:uncertain
BDQ	bedaquiline	mmpR5	p.S64R	64	missense	NC_000962.3:779178:A:C	1	1	1	1	0.01	L1	L1	single_or_fixed	0	-
BDQ	bedaquiline	mmpR5	p.Q76*	76	stop_gained	NC_000962.3:779214:C:T	1	1	1	1	0.002	L4	L4	single_or_fixed	1	bedaquiline:R-associated;clofazimine:R-associated
BDQ	bedaquiline	mmpR5	p.E28A	28	missense	NC_000962.3:779071:A:C	1	1	1	1	0.002	L4	L4	single_or_fixed	0	-
BDQ	bedaquiline	mmpR5	p.E163K	163	missense	NC_000962.3:779475:G:A	1	1	1	1	0.011	L3	L3	single_or_fixed	0	-
BDQ	bedaquiline	mmpR5	p.Q76R	76	missense	NC_000962.3:779215:A:G	1	1	1	1	0.002	L4	L4	single_or_fixed	0	bedaquiline:uncertain;clofazimine:uncertain
BDQ	bedaquiline	atpE	p.E61D	61	missense	NC_000962.3:1461226:G:T	1	1	1	1	0.003	L2	L2	single_or_fixed	1	bedaquiline:R-associated
BDQ	bedaquiline	atpE	p.D28G	28	missense	NC_000962.3:1461126:A:G	1	1	1	1	0.003	L2	L2	single_or_fixed	1	bedaquiline:R-associated
BDQ	bedaquiline	atpE	p.A63V	63	missense	NC_000962.3:1461231:C:T	1	1	1	1	0.003	L2	L2	single_or_fixed	0	bedaquiline:uncertain
BDQ	bedaquiline	atpE	p.R48W	48	missense	NC_000962.3:1461185:C:T	1	1	1	1	0.011	L3	L3	single_or_fixed	0	-
BDQ	bedaquiline	atpE	p.A18S	18	missense	NC_000962.3:1461095:G:T	1	1	1	1	0.011	L3	L3	single_or_fixed	0	-
BDQ	bedaquiline	atpE	p.A62T	62	missense	NC_000962.3:1461227:G:A	1	1	1	1	0.003	L2	L2	single_or_fixed	0	bedaquiline:uncertain
BDQ	bedaquiline	atpE	p.G47R	47	missense	NC_000962.3:1461182:G:A	1	1	1	1	0.003	L2	L2	single_or_fixed	0	-
BDQ	bedaquiline	atpE	p.G14A	14	missense	NC_000962.3:1461084:G:C	1	1	1	1	0.003	L2	L2	single_or_fixed	0	-
BDQ	bedaquiline	atpE	p.A6T	6	missense	NC_000962.3:1461059:G:A	1	1	1	1	0.003	L2	L2	single_or_fixed	0	-
BDQ	bedaquiline	atpE	p.G25A	25	missense	NC_000962.3:1461117:G:C	1	1	1	1	0.003	L2	L2	single_or_fixed	0	-
BDQ	bedaquiline	atpE	p.G13S	13	missense	NC_000962.3:1461080:G:A	1	1	1	1	0.01	L1	L1	single_or_fixed	0	-
BDQ	bedaquiline	atpE	p.S37C	37	missense	NC_000962.3:1461153:C:G	1	1	1	1	0.002	L4	L4	single_or_fixed	0	-
BDQ	bedaquiline	atpE	p.I26V	26	missense	NC_000962.3:1461119:A:G	1	1	1	1	0.002	L4	L4	single_or_fixed	0	-
BDQ	bedaquiline	atpE	p.A77T	77	missense	NC_000962.3:1461272:G:A	1	1	1	1	0.01	L1	L1	single_or_fixed	0	-
BDQ	bedaquiline	atpE	p.F50L	50	missense	NC_000962.3:1461193:C:A	1	1	1	1	0.002	L4	L4	single_or_fixed	0	-
BDQ	bedaquiline	atpE	p.T51P	51	missense	NC_000962.3:1461194:A:C	1	1	1	1	0.01	L1	L1	single_or_fixed	0	-
BDQ	bedaquiline	pepQ	p.T62A	62	missense	NC_000962.3:2860234:T:C	1	1	1	1	0.002	L4	L4	single_or_fixed	0	-
BDQ	bedaquiline	pepQ	p.A313T	313	missense	NC_000962.3:2859481:C:T	1	1	1	1	0.002	L4	L4	single_or_fixed	0	-
BDQ	bedaquiline	pepQ	p.G309R	309	missense	NC_000962.3:2859493:C:T	1	1	1	1	0.011	L3	L3	single_or_fixed	0	-
BDQ	bedaquiline	pepQ	p.S34L	34	missense	NC_000962.3:2860317:G:A	1	1	1	1	0.002	L4	L4	single_or_fixed	0	-
BDQ	bedaquiline	pepQ	p.V73A	73	missense	NC_000962.3:2860200:A:G	1	1	1	1	0.002	L4	L4	single_or_fixed	0	-
BDQ	bedaquiline	pepQ	p.L71V	71	missense	NC_000962.3:2860207:G:C	1	1	1	1	0.011	L3	L3	single_or_fixed	0	-
BDQ	bedaquiline	pepQ	p.P331R	331	missense	NC_000962.3:2859426:G:C	1	1	1	1	0.011	L3	L3	single_or_fixed	0	-
BDQ	bedaquiline	pepQ	p.P366S	366	missense	NC_000962.3:2859322:G:A	1	1	1	1	0.003	L2	L2	single_or_fixed	0	-
BDQ	bedaquiline	pepQ	p.R261G	261	missense	NC_000962.3:2859637:G:C	1	1	1	1	0.003	L2	L2	single_or_fixed	0	-
BDQ	bedaquiline	pepQ	p.A196T	196	missense	NC_000962.3:2859832:C:T	1	1	1	1	0.011	L3	L3	single_or_fixed	0	-
BDQ	bedaquiline	pepQ	p.G347R	347	missense	NC_000962.3:2859379:C:G	1	1	1	1	0.003	L2	L2	single_or_fixed	0	-
BDQ	bedaquiline	pepQ	p.L179P	179	missense	NC_000962.3:2859882:A:G	1	1	1	1	0.011	L3	L3	single_or_fixed	0	bedaquiline:uncertain;clofazimine:uncertain
BDQ	bedaquiline	pepQ	p.V310F	310	missense	NC_000962.3:2859490:C:A	1	1	1	1	0.011	L3	L3	single_or_fixed	0	-
BDQ	bedaquiline	pepQ	p.E269K	269	missense	NC_000962.3:2859613:C:T	1	1	1	1	0.011	L3	L3	single_or_fixed	0	-
BDQ	bedaquiline	pepQ	p.V158M	158	missense	NC_000962.3:2859946:C:T	1	1	1	1	0.011	L3	L3	single_or_fixed	0	bedaquiline:uncertain;clofazimine:uncertain
BDQ	bedaquiline	pepQ	p.A284G	284	missense	NC_000962.3:2859567:G:C	1	1	1	1	0.011	L3	L3	single_or_fixed	0	-
BDQ	bedaquiline	pepQ	p.L54S	54	missense	NC_000962.3:2860257:A:G	1	1	1	1	0.011	L3	L3	single_or_fixed	0	-
BDQ	bedaquiline	pepQ	p.T208I	208	missense	NC_000962.3:2859795:G:A	1	1	1	1	0.011	L3	L3	single_or_fixed	0	-
BDQ	bedaquiline	pepQ	p.F46L	46	missense	NC_000962.3:2860280:G:C	1	1	1	1	0.011	L3	L3	single_or_fixed	0	bedaquiline:uncertain;clofazimine:uncertain
BDQ	bedaquiline	pepQ	p.A16G	16	missense	NC_000962.3:2860371:G:C	1	1	1	1	0.011	L3	L3	single_or_fixed	0	bedaquiline:uncertain;clofazimine:uncertain
BDQ	bedaquiline	pepQ	p.K350E	350	missense	NC_000962.3:2859370:T:C	1	1	1	1	0.011	L3	L3	single_or_fixed	0	clofazimine:uncertain
BDQ	bedaquiline	pepQ	p.G332S	332	missense	NC_000962.3:2859424:C:T	1	1	1	1	0.011	L3	L3	single_or_fixed	0	-
BDQ	bedaquiline	pepQ	p.E129Q	129	missense	NC_000962.3:2860033:C:G	1	1	1	1	0.003	L2	L2	single_or_fixed	0	-
BDQ	bedaquiline	pepQ	p.V273A	273	missense	NC_000962.3:2859600:A:G	1	1	1	1	0.003	L2	L2	single_or_fixed	0	-
BDQ	bedaquiline	pepQ	p.A78G	78	missense	NC_000962.3:2860185:G:C	1	1	1	1	0.003	L2	L2	single_or_fixed	0	-
BDQ	bedaquiline	pepQ	p.M351I	351	missense	NC_000962.3:2859365:C:A	1	1	1	1	0.003	L2	L2	single_or_fixed	0	-
BDQ	bedaquiline	pepQ	p.T2A	2	missense	NC_000962.3:2860414:T:C	1	1	1	1	0.003	L2	L2	single_or_fixed	0	-
BDQ	bedaquiline	pepQ	p.Q279H	279	missense	NC_000962.3:2859581:C:G	1	1	1	1	0.003	L2	L2	single_or_fixed	0	-
BDQ	bedaquiline	pepQ	p.L121F	121	missense	NC_000962.3:2860055:C:G	1	1	1	1	0.003	L2	L2	single_or_fixed	0	-
BDQ	bedaquiline	pepQ	p.T127S	127	missense	NC_000962.3:2860038:G:C	1	1	1	1	0.003	L2	L2	single_or_fixed	0	-
BDQ	bedaquiline	pepQ	p.V214G	214	missense	NC_000962.3:2859777:A:C	1	1	1	1	0.003	L2	L2	single_or_fixed	0	-
BDQ	bedaquiline	pepQ	p.G309A	309	missense	NC_000962.3:2859492:C:G	1	1	1	1	0.003	L2	L2	single_or_fixed	0	-
BDQ	bedaquiline	pepQ	p.T62I	62	missense	NC_000962.3:2860233:G:A	1	1	1	1	0.003	L2	L2	single_or_fixed	0	-
BDQ	bedaquiline	pepQ	p.Q357P	357	missense	NC_000962.3:2859348:T:G	1	1	1	1	0.003	L2	L2	single_or_fixed	0	-
BDQ	bedaquiline	pepQ	p.S320F	320	missense	NC_000962.3:2859459:G:A	1	1	1	1	0.003	L2	L2	single_or_fixed	0	-
BDQ	bedaquiline	pepQ	p.G166S	166	missense	NC_000962.3:2859922:C:T	1	1	1	1	0.011	L3	L3	single_or_fixed	0	-
BDQ	bedaquiline	pepQ	p.G272R	272	missense	NC_000962.3:2859604:C:T	1	1	1	1	0.003	L2	L2	single_or_fixed	0	-
BDQ	bedaquiline	pepQ	p.A187V	187	missense	NC_000962.3:2859858:G:A	1	1	1	1	0.011	L3	L3	single_or_fixed	0	-
BDQ	bedaquiline	pepQ	p.T62P	62	missense	NC_000962.3:2860234:T:G	1	1	1	1	0.011	L3	L3	single_or_fixed	0	-
BDQ	bedaquiline	pepQ	p.G197R	197	missense	NC_000962.3:2859829:C:G	1	1	1	1	0.003	L2	L2	single_or_fixed	0	bedaquiline:uncertain;clofazimine:uncertain
BDQ	bedaquiline	pepQ	p.V324A	324	missense	NC_000962.3:2859447:A:G	1	1	1	1	0.011	L3	L3	single_or_fixed	0	-
BDQ	bedaquiline	pepQ	p.S17F	17	missense	NC_000962.3:2860368:G:A	1	1	1	1	0.011	L3	L3	single_or_fixed	0	-
BDQ	bedaquiline	pepQ	p.D26N	26	missense	NC_000962.3:2860342:C:T	1	1	1	1	0.011	L3	L3	single_or_fixed	0	-
BDQ	bedaquiline	pepQ	p.A198D	198	missense	NC_000962.3:2859825:G:T	1	1	1	1	0.003	L2	L2	single_or_fixed	0	-
BDQ	bedaquiline	pepQ	p.S17Y	17	missense	NC_000962.3:2860368:G:T	1	1	1	1	0.011	L3	L3	single_or_fixed	0	-
BDQ	bedaquiline	pepQ	p.A242D	242	missense	NC_000962.3:2859693:G:T	1	1	1	1	0.003	L2	L2	single_or_fixed	0	-
BDQ	bedaquiline	pepQ	p.A109V	109	missense	NC_000962.3:2860092:G:A	1	1	1	1	0.01	L1	L1	single_or_fixed	0	-
BDQ	bedaquiline	pepQ	p.R167L	167	missense	NC_000962.3:2859918:C:A	1	1	1	1	0.01	L1	L1	single_or_fixed	0	-
BDQ	bedaquiline	pepQ	p.E148G	148	missense	NC_000962.3:2859975:T:C	1	1	1	1	0.01	L1	L1	single_or_fixed	0	-
BDQ	bedaquiline	pepQ	p.R81G	81	missense	NC_000962.3:2860177:G:C	1	1	1	1	0.01	L1	L1	single_or_fixed	0	-
BDQ	bedaquiline	pepQ	p.A47G	47	missense	NC_000962.3:2860278:G:C	1	1	1	1	0.002	L4	L4	single_or_fixed	0	-
BDQ	bedaquiline	pepQ	p.R174S	174	missense	NC_000962.3:2859898:G:T	1	1	1	1	0.085	L6	L6	single_or_fixed	0	-
BDQ	bedaquiline	pepQ	p.T103M	103	missense	NC_000962.3:2860110:G:A	1	1	1	1	0.002	L4	L4	single_or_fixed	0	-
BDQ	bedaquiline	pepQ	p.V122M	122	missense	NC_000962.3:2860054:C:T	1	1	1	1	0.002	L4	L4	single_or_fixed	0	-
BDQ	bedaquiline	pepQ	p.F97V	97	missense	NC_000962.3:2860129:A:C	1	1	1	1	0.01	L1	L1	single_or_fixed	0	-
BDQ	bedaquiline	pepQ	p.S25R	25	missense	NC_000962.3:2860345:T:G	1	1	1	1	0.01	L1	L1	single_or_fixed	0	-
BDQ	bedaquiline	pepQ	p.A243V	243	missense	NC_000962.3:2859690:G:A	1	1	1	1	0.225	L5	L5	single_or_fixed	0	-
BDQ	bedaquiline	pepQ	p.I14V	14	missense	NC_000962.3:2860378:T:C	1	1	1	1	0.002	L4	L4	single_or_fixed	0	-
BDQ	bedaquiline	pepQ	p.F365S	365	missense	NC_000962.3:2859324:A:G	1	1	1	1	0.002	L4	L4	single_or_fixed	0	-
BDQ	bedaquiline	pepQ	p.G41D	41	missense	NC_000962.3:2860296:C:T	1	1	1	1	0.002	L4	L4	single_or_fixed	0	bedaquiline:uncertain;clofazimine:uncertain
BDQ	bedaquiline	pepQ	p.G291S	291	missense	NC_000962.3:2859547:C:T	1	1	1	1	0.002	L4	L4	single_or_fixed	0	clofazimine:uncertain
BDQ	bedaquiline	pepQ	p.V79A	79	missense	NC_000962.3:2860182:A:G	1	1	1	1	0.01	L1	L1	single_or_fixed	0	-
BDQ	bedaquiline	pepQ	p.E76D	76	missense	NC_000962.3:2860190:C:A	1	1	1	1	0.01	L1	L1	single_or_fixed	0	clofazimine:uncertain
BDQ	bedaquiline	pepQ	p.Q5R	5	missense	NC_000962.3:2860404:T:C	1	1	1	1	0.002	L4	L4	single_or_fixed	0	bedaquiline:uncertain;clofazimine:uncertain
BDQ	bedaquiline	pepQ	p.I24T	24	missense	NC_000962.3:2860347:A:G	1	1	1	1	0.002	L4	L4	single_or_fixed	0	bedaquiline:uncertain;clofazimine:uncertain
BDQ	bedaquiline	pepQ	p.A178D	178	missense	NC_000962.3:2859885:G:T	1	1	1	1	0.01	L1	L1	single_or_fixed	0	-
BDQ	bedaquiline	pepQ	p.D108N	108	missense	NC_000962.3:2860096:C:T	1	1	1	1	0.002	L4	L4	single_or_fixed	0	bedaquiline:uncertain;clofazimine:uncertain
BDQ	bedaquiline	pepQ	p.S66L	66	missense	NC_000962.3:2860221:G:A	1	1	1	1	0.002	L4	L4	single_or_fixed	0	bedaquiline:uncertain;clofazimine:uncertain
BDQ	bedaquiline	pepQ	p.A198V	198	missense	NC_000962.3:2859825:G:A	1	1	1	1	0.002	L4	L4	single_or_fixed	0	-
BDQ	bedaquiline	pepQ	p.S320C	320	missense	NC_000962.3:2859459:G:C	1	1	1	1	0.01	L1	L1	single_or_fixed	0	-
BDQ	bedaquiline	pepQ	p.R160P	160	missense	NC_000962.3:2859939:C:G	1	1	1	1	0.01	L1	L1	single_or_fixed	0	-
BDQ	bedaquiline	pepQ	p.S173N	173	missense	NC_000962.3:2859900:C:T	1	1	1	1	0.002	L4	L4	single_or_fixed	0	-
BDQ	bedaquiline	pepQ	p.L372V	372	missense	NC_000962.3:2859304:G:C	1	1	1	1	0.002	L4	L4	single_or_fixed	0	-
BDQ	bedaquiline	pepQ	p.T348K	348	missense	NC_000962.3:2859375:G:T	1	1	1	1	0.01	L1	L1	single_or_fixed	0	-
BDQ	bedaquiline	pepQ	p.E89D	89	missense	NC_000962.3:2860151:C:A	1	1	1	1	0.002	L4	L4	single_or_fixed	0	bedaquiline:uncertain;clofazimine:uncertain
BDQ	bedaquiline	pepQ	p.V343A	343	missense	NC_000962.3:2859390:A:G	1	1	1	1	0.002	L4	L4	single_or_fixed	0	bedaquiline:uncertain;clofazimine:uncertain
BDQ	bedaquiline	pepQ	p.A150T	150	missense	NC_000962.3:2859970:C:T	1	1	1	1	0.01	L1	L1	single_or_fixed	0	-
BDQ	bedaquiline	pepQ	p.R206L	206	missense	NC_000962.3:2859801:C:A	1	1	1	1	0.01	L1	L1	single_or_fixed	0	-
BDQ	bedaquiline	pepQ	p.A47P	47	missense	NC_000962.3:2860279:C:G	1	1	1	1	0.002	L4	L4	single_or_fixed	0	-
BDQ	bedaquiline	pepQ	p.G85C	85	missense	NC_000962.3:2860165:C:A	1	1	1	1	0.002	L4	L4	single_or_fixed	0	bedaquiline:uncertain;clofazimine:uncertain
BDQ	bedaquiline	pepQ	p.V30L	30	missense	NC_000962.3:2860330:C:G	1	1	1	1	0.002	L4	L4	single_or_fixed	0	clofazimine:uncertain
BDQ	bedaquiline	pepQ	p.D51G	51	missense	NC_000962.3:2860266:T:C	1	1	1	1	0.225	L5	L5	single_or_fixed	0	-
BDQ	bedaquiline	pepQ	p.Q67H	67	missense	NC_000962.3:2860217:T:G	1	1	1	1	0.002	L4	L4	single_or_fixed	0	-
BDQ	bedaquiline	pepQ	p.G166D	166	missense	NC_000962.3:2859921:C:T	1	1	1	1	0.01	L1	L1	single_or_fixed	0	-
BDQ	bedaquiline	pepQ	p.R61C	61	missense	NC_000962.3:2860237:G:A	1	1	1	1	0.002	L4	L4	single_or_fixed	0	bedaquiline:uncertain;clofazimine:uncertain
BDQ	bedaquiline	pepQ	p.I371T	371	missense	NC_000962.3:2859306:A:G	1	1	1	1	0.002	L4	L4	single_or_fixed	0	-
BDQ	bedaquiline	pepQ	p.D70G	70	missense	NC_000962.3:2860209:T:C	1	1	1	1	0.002	L4	L4	single_or_fixed	0	-
BDQ	bedaquiline	pepQ	p.R144L	144	missense	NC_000962.3:2859987:C:A	1	1	1	1	0.01	L1	L1	single_or_fixed	0	-
BDQ	bedaquiline	pepQ	p.R6C	6	missense	NC_000962.3:2860402:G:A	1	1	1	1	0.01	L1	L1	single_or_fixed	0	-
BDQ	bedaquiline	pepQ	p.D57Y	57	missense	NC_000962.3:2860249:C:A	1	1	1	1	0.002	L4	L4	single_or_fixed	0	-
BDQ	bedaquiline	pepQ	p.T119N	119	missense	NC_000962.3:2860062:G:T	1	1	1	1	0.002	L4	L4	single_or_fixed	0	-
BDQ	bedaquiline	pepQ	p.Q5L	5	missense	NC_000962.3:2860404:T:A	1	1	1	1	0.002	L4	L4	single_or_fixed	0	-
BDQ	bedaquiline	pepQ	p.R333L	333	missense	NC_000962.3:2859420:C:A	1	1	1	1	0.01	L1	L1	single_or_fixed	0	-
BDQ	bedaquiline	pepQ	p.G80A	80	missense	NC_000962.3:2860179:C:G	1	1	1	1	0.01	L1	L1	single_or_fixed	0	-
BDQ	bedaquiline	pepQ	p.L131Q	131	missense	NC_000962.3:2860026:A:T	1	1	1	1	0.014	BOV	BOV	single_or_fixed	0	-
BDQ	bedaquiline	pepQ	p.M233T	233	missense	NC_000962.3:2859720:A:G	1	1	1	1	0.002	L4	L4	single_or_fixed	0	-
BDQ	bedaquiline	pepQ	p.E49K	49	missense	NC_000962.3:2860273:C:T	1	1	1	1	0.01	L1	L1	single_or_fixed	0	-
BDQ	bedaquiline	pepQ	p.A111P	111	missense	NC_000962.3:2860087:C:G	1	1	1	1	0.014	BOV	BOV	single_or_fixed	0	-
BDQ	bedaquiline	pepQ	p.D8Y	8	missense	NC_000962.3:2860396:C:A	1	1	1	1	0.002	L4	L4	single_or_fixed	0	-
BDQ	bedaquiline	pepQ	p.M22I	22	missense	NC_000962.3:2860352:C:T	1	1	1	1	0.002	L4	L4	single_or_fixed	0	-
BDQ	bedaquiline	pepQ	p.G240V	240	missense	NC_000962.3:2859699:C:A	1	1	1	1	0.225	L5	L5	single_or_fixed	0	-
BDQ	bedaquiline	pepQ	p.G314V	314	missense	NC_000962.3:2859477:C:A	1	1	1	1	0.002	L4	L4	single_or_fixed	0	-
BDQ	bedaquiline	pepQ	p.G116D	116	missense	NC_000962.3:2860071:C:T	1	1	1	1	0.01	L1	L1	single_or_fixed	0	-
BDQ	bedaquiline	pepQ	p.R123W	123	missense	NC_000962.3:2860051:G:A	1	1	1	1	0.002	L4	L4	single_or_fixed	0	-
BDQ	bedaquiline	pepQ	p.V122G	122	missense	NC_000962.3:2860053:A:C	1	1	1	1	0.002	L4	L4	single_or_fixed	0	-
BDQ	bedaquiline	pepQ	p.F97S	97	missense	NC_000962.3:2860128:A:G	1	1	1	1	0.002	L4	L4	single_or_fixed	0	-
BDQ	bedaquiline	pepQ	p.Q262H	262	missense	NC_000962.3:2859632:C:G	1	1	1	1	0.002	L4	L4	single_or_fixed	0	-
BDQ	bedaquiline	pepQ	p.A47V	47	missense	NC_000962.3:2860278:G:A	1	1	1	1	0.01	L1	L1	single_or_fixed	0	-
BDQ	bedaquiline	pepQ	p.T315R	315	missense	NC_000962.3:2859474:G:C	1	1	1	1	0.002	L4	L4	single_or_fixed	0	-
BDQ	bedaquiline	pepQ	p.L131R	131	missense	NC_000962.3:2860026:A:C	1	1	1	1	0.003	L2	L2	single_or_fixed	0	-
BDQ	bedaquiline	pepQ	p.T236I	236	missense	NC_000962.3:2859711:G:A	1	1	1	1	0.002	L4	L4	single_or_fixed	0	-
BDQ	bedaquiline	pepQ	p.V218M	218	missense	NC_000962.3:2859766:C:T	1	1	1	1	0.002	L4	L4	single_or_fixed	0	-
BDQ	bedaquiline	pepQ	p.H205Y	205	missense	NC_000962.3:2859805:G:A	1	1	1	1	0.002	L4	L4	single_or_fixed	0	-
BDQ	bedaquiline	pepQ	p.L163P	163	missense	NC_000962.3:2859930:A:G	1	1	1	1	0.01	L1	L1	single_or_fixed	0	-
BDQ	bedaquiline	pepQ	p.R333C	333	missense	NC_000962.3:2859421:G:A	1	1	1	1	0.002	L4	L4	single_or_fixed	0	-
BDQ	bedaquiline	pepQ	p.T315I	315	missense	NC_000962.3:2859474:G:A	1	1	1	1	0.01	L1	L1	single_or_fixed	0	-
BDQ	bedaquiline	pepQ	p.Q279R	279	missense	NC_000962.3:2859582:T:C	1	1	1	1	0.002	L4	L4	single_or_fixed	0	-
BDQ	bedaquiline	pepQ	p.K241N	241	missense	NC_000962.3:2859695:C:G	1	1	1	1	0.01	L1	L1	single_or_fixed	0	-
BDQ	bedaquiline	pepQ	p.E177*	177	stop_gained	NC_000962.3:2859889:C:A	1	1	1	1	0.002	L4	L4	single_or_fixed	1	bedaquiline:R-associated;clofazimine:R-associated
BDQ	bedaquiline	pepQ	p.K117R	117	missense	NC_000962.3:2860068:T:C	1	1	1	1	0.002	L4	L4	single_or_fixed	0	-
BDQ	bedaquiline	pepQ	p.R31Q	31	missense	NC_000962.3:2860326:C:T	1	1	1	1	0.002	L4	L4	single_or_fixed	0	-
BDQ	bedaquiline	pepQ	p.V343L	343	missense	NC_000962.3:2859391:C:A	1	1	1	1	0.01	L1	L1	single_or_fixed	0	-
BDQ	bedaquiline	pepQ	p.K219T	219	missense	NC_000962.3:2859762:T:G	1	1	1	1	0.01	L1	L1	single_or_fixed	0	-
BDQ	bedaquiline	pepQ	p.V134L	134	missense	NC_000962.3:2860018:C:G	1	1	1	1	0.002	L4	L4	single_or_fixed	0	-
BDQ	bedaquiline	pepQ	p.A318T	318	missense	NC_000962.3:2859466:C:T	1	1	1	1	0.01	L1	L1	single_or_fixed	0	-
BDQ	bedaquiline	pepQ	p.L131P	131	missense	NC_000962.3:2860026:A:G	1	1	1	1	0.01	L1	L1	single_or_fixed	0	-
BDQ	bedaquiline	pepQ	p.A78V	78	missense	NC_000962.3:2860185:G:A	1	1	1	1	0.01	L1	L1	single_or_fixed	0	-
BDQ	bedaquiline	pepQ	p.H230Y	230	missense	NC_000962.3:2859730:G:A	1	1	1	1	0.002	L4	L4	single_or_fixed	0	-
BDQ	bedaquiline	pepQ	p.T348R	348	missense	NC_000962.3:2859375:G:C	1	1	1	1	0.01	L1	L1	single_or_fixed	0	-
BDQ	bedaquiline	pepQ	p.D8E	8	missense	NC_000962.3:2860394:G:T	1	1	1	1	0.002	L4	L4	single_or_fixed	0	-
BDQ	bedaquiline	pepQ	p.D108E	108	missense	NC_000962.3:2860094:G:T	1	1	1	1	0.01	L1	L1	single_or_fixed	0	-
BDQ	bedaquiline	pepQ	p.E72V	72	missense	NC_000962.3:2860203:T:A	1	1	1	1	0.01	L1	L1	single_or_fixed	0	-
BDQ	bedaquiline	pepQ	p.A12S	12	missense	NC_000962.3:2860384:C:A	1	1	1	1	0.01	L1	L1	single_or_fixed	0	-
BDQ	bedaquiline	pepQ	p.M22T	22	missense	NC_000962.3:2860353:A:G	1	1	1	1	0.01	L1	L1	single_or_fixed	0	-
BDQ	bedaquiline	pepQ	p.R261W	261	missense	NC_000962.3:2859637:G:A	1	1	1	1	0.01	L1	L1	single_or_fixed	0	-
BDQ	bedaquiline	pepQ	p.G307D	307	missense	NC_000962.3:2859498:C:T	1	1	1	1	0.002	L4	L4	single_or_fixed	0	-
BDQ	bedaquiline	pepQ	p.L317P	317	missense	NC_000962.3:2859468:A:G	1	1	1	1	0.002	L4	L4	single_or_fixed	0	-
BDQ	bedaquiline	pepQ	p.F222L	222	missense	NC_000962.3:2859754:A:G	1	1	1	1	0.002	L4	L4	single_or_fixed	0	-
BDQ	bedaquiline	pepQ	p.R170P	170	missense	NC_000962.3:2859909:C:G	1	1	1	1	0.002	L4	L4	single_or_fixed	0	-
BDQ	bedaquiline	pepQ	p.I24V	24	missense	NC_000962.3:2860348:T:C	1	1	1	1	0.002	L4	L4	single_or_fixed	0	-
BDQ	bedaquiline	pepQ	p.A15V	15	missense	NC_000962.3:2860374:G:A	1	1	1	1	0.002	L4	L4	single_or_fixed	0	-
BDQ	bedaquiline	pepQ	p.M22L	22	missense	NC_000962.3:2860354:T:A	1	1	1	1	0.002	L4	L4	single_or_fixed	0	-
BDQ	bedaquiline	pepQ	p.A210S	210	missense	NC_000962.3:2859790:C:A	1	1	1	1	0.01	L1	L1	single_or_fixed	0	-
BDQ	bedaquiline	pepQ	p.A178G	178	missense	NC_000962.3:2859885:G:C	1	1	1	1	0.002	L4	L4	single_or_fixed	0	-
BDQ	bedaquiline	pepQ	p.Q251R	251	missense	NC_000962.3:2859666:T:C	1	1	1	1	0.002	L4	L4	single_or_fixed	0	-
COMP	rifampicin	rpoC	p.V135M	135	missense	NC_000962.3:763771:G:A	1	1	1	1	0.003	L2	L2	single_or_fixed	0	-
COMP	rifampicin	rpoC	p.K686E	686	missense	NC_000962.3:765424:A:G	1	1	1	1	0.003	L2	L2	single_or_fixed	0	-
COMP	rifampicin	rpoC	p.E18D	18	missense	NC_000962.3:763422:G:C	1	1	1	1	0.003	L2	L2	single_or_fixed	0	rifampicin:uncertain
COMP	rifampicin	rpoC	p.F70Y	70	missense	NC_000962.3:763577:T:A	1	1	1	1	0.003	L2	L2	single_or_fixed	0	-
COMP	rifampicin	rpoC	p.A492T	492	missense	NC_000962.3:764842:G:A	1	1	1	1	0.01	L1	L1	single_or_fixed	0	-
COMP	rifampicin	rpoC	p.H465Y	465	missense	NC_000962.3:764761:C:T	1	1	1	1	0.002	L4	L4	single_or_fixed	0	rifampicin:uncertain
COMP	rifampicin	rpoC	p.Q787K	787	missense	NC_000962.3:765727:C:A	1	1	1	1	0.01	L1	L1	single_or_fixed	0	-
COMP	rifampicin	rpoC	p.E18D	18	missense	NC_000962.3:763422:G:T	1	1	1	1	0.002	L4	L4	single_or_fixed	0	rifampicin:uncertain
COMP	rifampicin	rpoC	p.A380S	380	missense	NC_000962.3:764506:G:T	1	1	1	1	0.003	L2	L2	single_or_fixed	0	-
COMP	rifampicin	rpoC	p.E266Q	266	missense	NC_000962.3:764164:G:C	1	1	1	1	0.003	L2	L2	single_or_fixed	0	-
COMP	rifampicin	rpoC	p.T782A	782	missense	NC_000962.3:765712:A:G	1	1	1	1	0.002	L4	L4	single_or_fixed	0	-
COMP	rifampicin	rpoC	p.D783E	783	missense	NC_000962.3:765717:C:A	1	1	1	1	0.002	L4	L4	single_or_fixed	0	rifampicin:uncertain
COMP	rifampicin	rpoC	p.P1295L	1295	missense	NC_000962.3:767252:C:T	1	1	1	1	0.011	L3	L3	single_or_fixed	0	-
COMP	rifampicin	rpoC	p.H792Y	792	missense	NC_000962.3:765742:C:T	1	1	1	1	0.01	L1	L1	single_or_fixed	0	-
COMP	rifampicin	rpoC	p.R630Q	630	missense	NC_000962.3:765257:G:A	1	1	1	1	0.002	L4	L4	single_or_fixed	0	rifampicin:uncertain
COMP	rifampicin	rpoC	p.K743Q	743	missense	NC_000962.3:765595:A:C	1	1	1	1	0.002	L4	L4	single_or_fixed	0	-
COMP	rifampicin	rpoC	p.V1049L	1049	missense	NC_000962.3:766513:G:C	1	1	1	1	0.002	L4	L4	single_or_fixed	0	-
COMP	rifampicin	rpoC	p.L1111V	1111	missense	NC_000962.3:766699:C:G	1	1	1	1	0.003	L2	L2	single_or_fixed	0	rifampicin:uncertain
COMP	rifampicin	rpoC	p.K779R	779	missense	NC_000962.3:765704:A:G	1	1	1	1	0.003	L2	L2	single_or_fixed	0	-
COMP	rifampicin	rpoC	p.I800T	800	missense	NC_000962.3:765767:T:C	1	1	1	1	0.003	L2	L2	single_or_fixed	0	rifampicin:uncertain
COMP	rifampicin	rpoC	p.W484C	484	missense	NC_000962.3:764820:G:T	1	1	1	1	0.003	L2	L2	single_or_fixed	0	rifampicin:uncertain
COMP	rifampicin	rpoC	p.I916V	916	missense	NC_000962.3:766114:A:G	1	1	1	1	0.003	L2	L2	single_or_fixed	0	rifampicin:uncertain
COMP	rifampicin	rpoC	p.L746F	746	missense	NC_000962.3:765604:C:T	1	1	1	1	0.011	L3	L3	single_or_fixed	0	-
COMP	rifampicin	rpoC	p.Y587F	587	missense	NC_000962.3:765128:A:T	1	1	1	1	0.003	L2	L2	single_or_fixed	0	-
COMP	rifampicin	rpoC	p.T927I	927	missense	NC_000962.3:766148:C:T	1	1	1	1	0.01	L1	L1	single_or_fixed	0	rifampicin:uncertain
COMP	rifampicin	rpoC	p.I697V	697	missense	NC_000962.3:765457:A:G	1	1	1	1	0.01	L1	L1	single_or_fixed	0	rifampicin:uncertain
COMP	rifampicin	rpoC	p.D1117G	1117	missense	NC_000962.3:766718:A:G	1	1	1	1	0.01	L1	L1	single_or_fixed	0	rifampicin:uncertain
COMP	rifampicin	rpoC	p.A1282V	1282	missense	NC_000962.3:767213:C:T	1	1	1	1	0.01	L1	L1	single_or_fixed	0	-
COMP	rifampicin	rpoC	p.V1049I	1049	missense	NC_000962.3:766513:G:A	1	1	1	1	0.002	L4	L4	single_or_fixed	0	-
COMP	rifampicin	rpoC	p.Y61C	61	missense	NC_000962.3:763550:A:G	1	1	1	1	0.002	L4	L4	single_or_fixed	0	rifampicin:uncertain
COMP	rifampicin	rpoC	p.E518A	518	missense	NC_000962.3:764921:A:C	1	1	1	1	0.002	L4	L4	single_or_fixed	0	rifampicin:uncertain
COMP	rifampicin	rpoC	p.R1279S	1279	missense	NC_000962.3:767203:C:A	1	1	1	1	0.002	L4	L4	single_or_fixed	0	rifampicin:uncertain
COMP	rifampicin	rpoC	p.Q165E	165	missense	NC_000962.3:763861:C:G	1	1	1	1	0.002	L4	L4	single_or_fixed	0	-
COMP	rifampicin	rpoC	p.N1265S	1265	missense	NC_000962.3:767162:A:G	1	1	1	1	0.002	L4	L4	single_or_fixed	0	-
COMP	rifampicin	rpoC	p.G652D	652	missense	NC_000962.3:765323:G:A	1	1	1	1	0.003	L2	L2	single_or_fixed	0	rifampicin:uncertain
COMP	rifampicin	rpoC	p.A1188S	1188	missense	NC_000962.3:766930:G:T	1	1	1	1	0.011	L3	L3	single_or_fixed	0	rifampicin:uncertain
COMP	rifampicin	rpoC	p.V4A	4	missense	NC_000962.3:763379:T:C	1	1	1	1	0.003	L2	L2	single_or_fixed	0	-
COMP	rifampicin	rpoC	p.I957M	957	missense	NC_000962.3:766239:T:G	1	1	1	1	0.011	L3	L3	single_or_fixed	0	-
COMP	rifampicin	rpoC	p.T924S	924	missense	NC_000962.3:766139:C:G	1	1	1	1	0.003	L2	L2	single_or_fixed	0	-
COMP	rifampicin	rpoC	p.E1185K	1185	missense	NC_000962.3:766921:G:A	1	1	1	1	0.003	L2	L2	single_or_fixed	0	rifampicin:uncertain
COMP	rifampicin	rpoC	p.E917D	917	missense	NC_000962.3:766119:A:C	1	1	1	1	0.003	L2	L2	single_or_fixed	0	-
COMP	rifampicin	rpoC	p.D44Y	44	missense	NC_000962.3:763498:G:T	1	1	1	1	0.003	L2	L2	single_or_fixed	0	-
COMP	rifampicin	rpoC	p.N369T	369	missense	NC_000962.3:764474:A:C	1	1	1	1	0.003	L2	L2	single_or_fixed	0	-
COMP	rifampicin	rpoC	p.N564S	564	missense	NC_000962.3:765059:A:G	1	1	1	1	0.003	L2	L2	single_or_fixed	0	-
COMP	rifampicin	rpoC	p.S1170W	1170	missense	NC_000962.3:766877:C:G	1	1	1	1	0.003	L2	L2	single_or_fixed	0	-
COMP	rifampicin	rpoC	p.E142A	142	missense	NC_000962.3:763793:A:C	1	1	1	1	0.003	L2	L2	single_or_fixed	0	rifampicin:uncertain
COMP	rifampicin	rpoC	p.T958N	958	missense	NC_000962.3:766241:C:A	1	1	1	1	0.011	L3	L3	single_or_fixed	0	rifampicin:uncertain
COMP	rifampicin	rpoC	p.S603G	603	missense	NC_000962.3:765175:A:G	1	1	1	1	0.003	L2	L2	single_or_fixed	0	-
COMP	rifampicin	rpoC	p.E784G	784	missense	NC_000962.3:765719:A:G	1	1	1	1	0.003	L2	L2	single_or_fixed	0	rifampicin:uncertain
COMP	rifampicin	rpoC	p.G941D	941	missense	NC_000962.3:766190:G:A	1	1	1	1	0.003	L2	L2	single_or_fixed	0	rifampicin:uncertain
COMP	rifampicin	rpoC	p.I799T	799	missense	NC_000962.3:765764:T:C	1	1	1	1	0.003	L2	L2	single_or_fixed	0	rifampicin:uncertain
COMP	rifampicin	rpoC	p.V1039L	1039	missense	NC_000962.3:766483:G:T	1	1	1	1	0.003	L2	L2	single_or_fixed	0	rifampicin:uncertain
COMP	rifampicin	rpoC	p.R206C	206	missense	NC_000962.3:763984:C:T	1	1	1	1	0.011	L3	L3	single_or_fixed	0	rifampicin:uncertain
COMP	rifampicin	rpoC	p.D754A	754	missense	NC_000962.3:765629:A:C	1	1	1	1	0.011	L3	L3	single_or_fixed	0	rifampicin:uncertain
COMP	rifampicin	rpoC	p.D19A	19	missense	NC_000962.3:763424:A:C	1	1	1	1	0.003	L2	L2	single_or_fixed	0	rifampicin:uncertain
COMP	rifampicin	rpoC	p.S1294N	1294	missense	NC_000962.3:767249:G:A	1	1	1	1	0.011	L3	L3	single_or_fixed	0	rifampicin:uncertain
COMP	rifampicin	rpoC	p.I565T	565	missense	NC_000962.3:765062:T:C	1	1	1	1	0.003	L2	L2	single_or_fixed	0	rifampicin:uncertain
COMP	rifampicin	rpoC	p.V1141A	1141	missense	NC_000962.3:766790:T:C	1	1	1	1	0.003	L2	L2	single_or_fixed	0	rifampicin:uncertain
COMP	rifampicin	rpoC	p.G829R	829	missense	NC_000962.3:765853:G:C	1	1	1	1	0.003	L2	L2	single_or_fixed	0	rifampicin:uncertain
COMP	rifampicin	rpoC	p.R641Q	641	missense	NC_000962.3:765290:G:A	1	1	1	1	0.003	L2	L2	single_or_fixed	0	rifampicin:uncertain
COMP	rifampicin	rpoC	p.E178G	178	missense	NC_000962.3:763901:A:G	1	1	1	1	0.003	L2	L2	single_or_fixed	0	rifampicin:uncertain
COMP	rifampicin	rpoC	p.T1284A	1284	missense	NC_000962.3:767218:A:G	1	1	1	1	0.003	L2	L2	single_or_fixed	0	rifampicin:uncertain
COMP	rifampicin	rpoC	p.A189T	189	missense	NC_000962.3:763933:G:A	1	1	1	1	0.011	L3	L3	single_or_fixed	0	rifampicin:uncertain
COMP	rifampicin	rpoC	p.A1236G	1236	missense	NC_000962.3:767075:C:G	1	1	1	1	0.011	L3	L3	single_or_fixed	0	rifampicin:uncertain
COMP	rifampicin	rpoC	p.H525Y	525	missense	NC_000962.3:764941:C:T	1	1	1	1	0.011	L3	L3	single_or_fixed	0	rifampicin:uncertain
COMP	rifampicin	rpoC	p.A1116V	1116	missense	NC_000962.3:766715:C:T	1	1	1	1	0.003	L2	L2	single_or_fixed	0	-
COMP	rifampicin	rpoC	p.Q165R	165	missense	NC_000962.3:763862:A:G	1	1	1	1	0.011	L3	L3	single_or_fixed	0	rifampicin:uncertain
COMP	rifampicin	rpoC	p.N1269S	1269	missense	NC_000962.3:767174:A:G	1	1	1	1	0.011	L3	L3	single_or_fixed	0	-
COMP	rifampicin	rpoC	p.V139I	139	missense	NC_000962.3:763783:G:A	1	1	1	1	0.011	L3	L3	single_or_fixed	0	rifampicin:uncertain
COMP	rifampicin	rpoC	p.R506Q	506	missense	NC_000962.3:764885:G:A	1	1	1	1	0.011	L3	L3	single_or_fixed	0	rifampicin:uncertain
COMP	rifampicin	rpoC	p.A929T	929	missense	NC_000962.3:766153:G:A	1	1	1	1	0.011	L3	L3	single_or_fixed	0	-
COMP	rifampicin	rpoC	p.I348L	348	missense	NC_000962.3:764410:A:C	1	1	1	1	0.011	L3	L3	single_or_fixed	0	rifampicin:uncertain
COMP	rifampicin	rpoC	p.D1103G	1103	missense	NC_000962.3:766676:A:G	1	1	1	1	0.003	L2	L2	single_or_fixed	0	rifampicin:uncertain
COMP	rifampicin	rpoC	p.N1251H	1251	missense	NC_000962.3:767119:A:C	1	1	1	1	0.011	L3	L3	single_or_fixed	0	-
COMP	rifampicin	rpoC	p.Q165H	165	missense	NC_000962.3:763863:G:T	1	1	1	1	0.011	L3	L3	single_or_fixed	0	-
COMP	rifampicin	rpoC	p.L952M	952	missense	NC_000962.3:766222:C:A	1	1	1	1	0.003	L2	L2	single_or_fixed	0	-
COMP	rifampicin	rpoC	p.H792L	792	missense	NC_000962.3:765743:A:T	1	1	1	1	0.011	L3	L3	single_or_fixed	0	-
COMP	rifampicin	rpoC	p.P1118T	1118	missense	NC_000962.3:766720:C:A	1	1	1	1	0.003	L2	L2	single_or_fixed	0	-
COMP	rifampicin	rpoC	p.V378L	378	missense	NC_000962.3:764500:G:T	1	1	1	1	0.011	L3	L3	single_or_fixed	0	-
COMP	rifampicin	rpoC	p.I95V	95	missense	NC_000962.3:763651:A:G	1	1	1	1	0.003	L2	L2	single_or_fixed	0	-
COMP	rifampicin	rpoC	p.V709F	709	missense	NC_000962.3:765493:G:T	1	1	1	1	0.003	L2	L2	single_or_fixed	0	rifampicin:uncertain
COMP	rifampicin	rpoC	p.H606Q	606	missense	NC_000962.3:765186:C:G	1	1	1	1	0.011	L3	L3	single_or_fixed	0	rifampicin:uncertain
COMP	rifampicin	rpoC	p.T1262A	1262	missense	NC_000962.3:767152:A:G	1	1	1	1	0.003	L2	L2	single_or_fixed	0	-
COMP	rifampicin	rpoC	p.D869E	869	missense	NC_000962.3:765975:C:G	1	1	1	1	0.003	L2	L2	single_or_fixed	0	rifampicin:uncertain
COMP	rifampicin	rpoC	p.V884M	884	missense	NC_000962.3:766018:G:A	1	1	1	1	0.003	L2	L2	single_or_fixed	0	-
COMP	rifampicin	rpoC	p.W105C	105	missense	NC_000962.3:763683:G:C	1	1	1	1	0.011	L3	L3	single_or_fixed	0	rifampicin:uncertain
COMP	rifampicin	rpoC	p.P390L	390	missense	NC_000962.3:764537:C:T	1	1	1	1	0.011	L3	L3	single_or_fixed	0	rifampicin:uncertain
COMP	rifampicin	rpoC	p.K691N	691	missense	NC_000962.3:765441:G:T	1	1	1	1	0.011	L3	L3	single_or_fixed	0	rifampicin:uncertain
COMP	rifampicin	rpoC	p.M1012L	1012	missense	NC_000962.3:766402:A:C	1	1	1	1	0.003	L2	L2	single_or_fixed	0	-
COMP	rifampicin	rpoC	p.V1020I	1020	missense	NC_000962.3:766426:G:A	1	1	1	1	0.011	L3	L3	single_or_fixed	0	rifampicin:uncertain
COMP	rifampicin	rpoC	p.H103R	103	missense	NC_000962.3:763676:A:G	1	1	1	1	0.003	L2	L2	single_or_fixed	0	rifampicin:uncertain
COMP	rifampicin	rpoC	p.A861T	861	missense	NC_000962.3:765949:G:A	1	1	1	1	0.003	L2	L2	single_or_fixed	0	rifampicin:uncertain
COMP	rifampicin	rpoC	p.L1245V	1245	missense	NC_000962.3:767101:C:G	1	1	1	1	0.003	L2	L2	single_or_fixed	0	-
COMP	rifampicin	rpoC	p.I897T	897	missense	NC_000962.3:766058:T:C	1	1	1	1	0.003	L2	L2	single_or_fixed	0	rifampicin:uncertain
COMP	rifampicin	rpoC	p.N698D	698	missense	NC_000962.3:765460:A:G	1	1	1	1	0.011	L3	L3	single_or_fixed	0	-
COMP	rifampicin	rpoC	p.Y612S	612	missense	NC_000962.3:765203:A:C	1	1	1	1	0.011	L3	L3	single_or_fixed	0	rifampicin:uncertain
COMP	rifampicin	rpoC	p.P495S	495	missense	NC_000962.3:764851:C:T	1	1	1	1	0.011	L3	L3	single_or_fixed	0	-
COMP	rifampicin	rpoC	p.D221N	221	missense	NC_000962.3:764029:G:A	1	1	1	1	0.011	L3	L3	single_or_fixed	0	rifampicin:uncertain
COMP	rifampicin	rpoC	p.A701D	701	missense	NC_000962.3:765470:C:A	1	1	1	1	0.011	L3	L3	single_or_fixed	0	-
COMP	rifampicin	rpoC	p.W223R	223	missense	NC_000962.3:764035:T:C	1	1	1	1	0.011	L3	L3	single_or_fixed	0	rifampicin:uncertain
COMP	rifampicin	rpoC	p.G655V	655	missense	NC_000962.3:765332:G:T	1	1	1	1	0.003	L2	L2	single_or_fixed	0	rifampicin:uncertain
COMP	rifampicin	rpoC	p.P514L	514	missense	NC_000962.3:764909:C:T	1	1	1	1	0.011	L3	L3	single_or_fixed	0	rifampicin:uncertain
COMP	rifampicin	rpoC	p.V1067A	1067	missense	NC_000962.3:766568:T:C	1	1	1	1	0.011	L3	L3	single_or_fixed	0	rifampicin:uncertain
COMP	rifampicin	rpoC	p.Y921D	921	missense	NC_000962.3:766129:T:G	1	1	1	1	0.003	L2	L2	single_or_fixed	0	rifampicin:uncertain
COMP	rifampicin	rpoC	p.I800V	800	missense	NC_000962.3:765766:A:G	1	1	1	1	0.003	L2	L2	single_or_fixed	0	rifampicin:uncertain
COMP	rifampicin	rpoC	p.A618V	618	missense	NC_000962.3:765221:C:T	1	1	1	1	0.011	L3	L3	single_or_fixed	0	rifampicin:uncertain
COMP	rifampicin	rpoC	p.P1200L	1200	missense	NC_000962.3:766967:C:T	1	1	1	1	0.003	L2	L2	single_or_fixed	0	rifampicin:uncertain
COMP	rifampicin	rpoC	p.G680V	680	missense	NC_000962.3:765407:G:T	1	1	1	1	0.011	L3	L3	single_or_fixed	0	rifampicin:uncertain
COMP	rifampicin	rpoC	p.A212T	212	missense	NC_000962.3:764002:G:A	1	1	1	1	0.011	L3	L3	single_or_fixed	0	rifampicin:uncertain
COMP	rifampicin	rpoC	p.V898F	898	missense	NC_000962.3:766060:G:T	1	1	1	1	0.011	L3	L3	single_or_fixed	0	-
COMP	rifampicin	rpoC	p.R11H	11	missense	NC_000962.3:763400:G:A	1	1	1	1	0.003	L2	L2	single_or_fixed	0	rifampicin:uncertain
COMP	rifampicin	rpoC	p.A788E	788	missense	NC_000962.3:765731:C:A	1	1	1	1	0.003	L2	L2	single_or_fixed	0	-
COMP	rifampicin	rpoC	p.V139G	139	missense	NC_000962.3:763784:T:G	1	1	1	1	0.011	L3	L3	single_or_fixed	0	rifampicin:uncertain
COMP	rifampicin	rpoC	p.I745L	745	missense	NC_000962.3:765601:A:C	1	1	1	1	0.011	L3	L3	single_or_fixed	0	rifampicin:uncertain
COMP	rifampicin	rpoC	p.D754N	754	missense	NC_000962.3:765628:G:A	1	1	1	1	0.003	L2	L2	single_or_fixed	0	-
COMP	rifampicin	rpoC	p.V299I	299	missense	NC_000962.3:764263:G:A	1	1	1	1	0.011	L3	L3	single_or_fixed	0	-
COMP	rifampicin	rpoC	p.L264M	264	missense	NC_000962.3:764158:C:A	1	1	1	1	0.003	L2	L2	single_or_fixed	0	-
COMP	rifampicin	rpoC	p.V486A	486	missense	NC_000962.3:764825:T:C	1	1	1	1	0.003	L2	L2	single_or_fixed	0	rifampicin:uncertain
COMP	rifampicin	rpoC	p.M733L	733	missense	NC_000962.3:765565:A:C	1	1	1	1	0.003	L2	L2	single_or_fixed	0	-
COMP	rifampicin	rpoC	p.P827S	827	missense	NC_000962.3:765847:C:T	1	1	1	1	0.003	L2	L2	single_or_fixed	0	-
COMP	rifampicin	rpoC	p.D1057V	1057	missense	NC_000962.3:766538:A:T	1	1	1	1	0.003	L2	L2	single_or_fixed	0	-
COMP	rifampicin	rpoC	p.R887C	887	missense	NC_000962.3:766027:C:T	1	1	1	1	0.003	L2	L2	single_or_fixed	0	-
COMP	rifampicin	rpoC	p.K987E	987	missense	NC_000962.3:766327:A:G	1	1	1	1	0.003	L2	L2	single_or_fixed	0	rifampicin:uncertain
COMP	rifampicin	rpoC	p.S1081C	1081	missense	NC_000962.3:766610:C:G	1	1	1	1	0.003	L2	L2	single_or_fixed	0	-
COMP	rifampicin	rpoC	p.A616T	616	missense	NC_000962.3:765214:G:A	1	1	1	1	0.003	L2	L2	single_or_fixed	0	-
COMP	rifampicin	rpoC	p.G945S	945	missense	NC_000962.3:766201:G:A	1	1	1	1	0.003	L2	L2	single_or_fixed	0	-
COMP	rifampicin	rpoC	p.Y749S	749	missense	NC_000962.3:765614:A:C	1	1	1	1	0.003	L2	L2	single_or_fixed	0	rifampicin:uncertain
COMP	rifampicin	rpoC	p.A1044T	1044	missense	NC_000962.3:766498:G:A	1	1	1	1	0.003	L2	L2	single_or_fixed	0	-
COMP	rifampicin	rpoC	p.A274T	274	missense	NC_000962.3:764188:G:A	1	1	1	1	0.003	L2	L2	single_or_fixed	0	-
COMP	rifampicin	rpoC	p.E158A	158	missense	NC_000962.3:763841:A:C	1	1	1	1	0.003	L2	L2	single_or_fixed	0	-
COMP	rifampicin	rpoC	p.M559T	559	missense	NC_000962.3:765044:T:C	1	1	1	1	0.003	L2	L2	single_or_fixed	0	-
COMP	rifampicin	rpoC	p.H1119R	1119	missense	NC_000962.3:766724:A:G	1	1	1	1	0.003	L2	L2	single_or_fixed	0	-
COMP	rifampicin	rpoC	p.V738A	738	missense	NC_000962.3:765581:T:C	1	1	1	1	0.003	L2	L2	single_or_fixed	0	-
COMP	rifampicin	rpoC	p.S562P	562	missense	NC_000962.3:765052:T:C	1	1	1	1	0.003	L2	L2	single_or_fixed	0	-
COMP	rifampicin	rpoC	p.G1126S	1126	missense	NC_000962.3:766744:G:A	1	1	1	1	0.003	L2	L2	single_or_fixed	0	-
COMP	rifampicin	rpoC	p.E903G	903	missense	NC_000962.3:766076:A:G	1	1	1	1	0.003	L2	L2	single_or_fixed	0	-
COMP	rifampicin	rpoC	p.V708M	708	missense	NC_000962.3:765490:G:A	1	1	1	1	0.003	L2	L2	single_or_fixed	0	-
COMP	rifampicin	rpoC	p.K634E	634	missense	NC_000962.3:765268:A:G	1	1	1	1	0.003	L2	L2	single_or_fixed	0	-
COMP	rifampicin	rpoC	p.V880A	880	missense	NC_000962.3:766007:T:C	1	1	1	1	0.003	L2	L2	single_or_fixed	0	-
COMP	rifampicin	rpoC	p.D1151G	1151	missense	NC_000962.3:766820:A:G	1	1	1	1	0.003	L2	L2	single_or_fixed	0	-
COMP	rifampicin	rpoC	p.L1099V	1099	missense	NC_000962.3:766663:C:G	1	1	1	1	0.011	L3	L3	single_or_fixed	0	rifampicin:uncertain
COMP	rifampicin	rpoC	p.Q959R	959	missense	NC_000962.3:766244:A:G	1	1	1	1	0.011	L3	L3	single_or_fixed	0	rifampicin:uncertain
COMP	rifampicin	rpoC	p.L966P	966	missense	NC_000962.3:766265:T:C	1	1	1	1	0.003	L2	L2	single_or_fixed	0	-
COMP	rifampicin	rpoC	p.P906H	906	missense	NC_000962.3:766085:C:A	1	1	1	1	0.003	L2	L2	single_or_fixed	0	rifampicin:uncertain
COMP	rifampicin	rpoC	p.R981P	981	missense	NC_000962.3:766310:G:C	1	1	1	1	0.003	L2	L2	single_or_fixed	0	rifampicin:uncertain
COMP	rifampicin	rpoC	p.P798A	798	missense	NC_000962.3:765760:C:G	1	1	1	1	0.003	L2	L2	single_or_fixed	0	-
COMP	rifampicin	rpoC	p.Y921C	921	missense	NC_000962.3:766130:A:G	1	1	1	1	0.003	L2	L2	single_or_fixed	0	-
COMP	rifampicin	rpoC	p.E1022A	1022	missense	NC_000962.3:766433:A:C	1	1	1	1	0.003	L2	L2	single_or_fixed	0	-
COMP	rifampicin	rpoC	p.A17S	17	missense	NC_000962.3:763417:G:T	1	1	1	1	0.003	L2	L2	single_or_fixed	0	-
COMP	rifampicin	rpoC	p.E187G	187	missense	NC_000962.3:763928:A:G	1	1	1	1	0.003	L2	L2	single_or_fixed	0	rifampicin:uncertain
COMP	rifampicin	rpoC	p.W105R	105	missense	NC_000962.3:763681:T:C	1	1	1	1	0.011	L3	L3	single_or_fixed	0	-
COMP	rifampicin	rpoC	p.D485E	485	missense	NC_000962.3:764823:T:G	1	1	1	1	0.003	L2	L2	single_or_fixed	0	-
COMP	rifampicin	rpoC	p.R1191C	1191	missense	NC_000962.3:766939:C:T	1	1	1	1	0.003	L2	L2	single_or_fixed	0	rifampicin:uncertain
COMP	rifampicin	rpoC	p.L679P	679	missense	NC_000962.3:765404:T:C	1	1	1	1	0.011	L3	L3	single_or_fixed	0	rifampicin:uncertain
COMP	rifampicin	rpoC	p.E1250G	1250	missense	NC_000962.3:767117:A:G	1	1	1	1	0.003	L2	L2	single_or_fixed	0	-
COMP	rifampicin	rpoC	p.K445E	445	missense	NC_000962.3:764701:A:G	1	1	1	1	0.003	L2	L2	single_or_fixed	0	rifampicin:uncertain
COMP	rifampicin	rpoC	p.P601S	601	missense	NC_000962.3:765169:C:T	1	1	1	1	0.003	L2	L2	single_or_fixed	0	-
COMP	rifampicin	rpoC	p.R887P	887	missense	NC_000962.3:766028:G:C	1	1	1	1	0.003	L2	L2	single_or_fixed	0	-
COMP	rifampicin	rpoC	p.G188S	188	missense	NC_000962.3:763930:G:A	1	1	1	1	0.003	L2	L2	single_or_fixed	0	-
COMP	rifampicin	rpoC	p.M706T	706	missense	NC_000962.3:765485:T:C	1	1	1	1	0.003	L2	L2	single_or_fixed	0	-
COMP	rifampicin	rpoC	p.D990G	990	missense	NC_000962.3:766337:A:G	1	1	1	1	0.003	L2	L2	single_or_fixed	0	-
COMP	rifampicin	rpoC	p.S1095Y	1095	missense	NC_000962.3:766652:C:A	1	1	1	1	0.003	L2	L2	single_or_fixed	0	rifampicin:uncertain
COMP	rifampicin	rpoC	p.M475I	475	missense	NC_000962.3:764793:G:A	1	1	1	1	0.011	L3	L3	single_or_fixed	0	-
COMP	rifampicin	rpoC	p.R1054W	1054	missense	NC_000962.3:766528:C:T	1	1	1	1	0.003	L2	L2	single_or_fixed	0	-
COMP	rifampicin	rpoC	p.P740L	740	missense	NC_000962.3:765587:C:T	1	1	1	1	0.003	L2	L2	single_or_fixed	0	-
COMP	rifampicin	rpoC	p.L314R	314	missense	NC_000962.3:764309:T:G	1	1	1	1	0.003	L2	L2	single_or_fixed	0	-
COMP	rifampicin	rpoC	p.E489D	489	missense	NC_000962.3:764835:G:T	1	1	1	1	0.003	L2	L2	single_or_fixed	0	-
COMP	rifampicin	rpoC	p.E489D	489	missense	NC_000962.3:764835:G:C	1	1	1	1	0.003	L2	L2	single_or_fixed	0	-
COMP	rifampicin	rpoC	p.Q687K	687	missense	NC_000962.3:765427:C:A	1	1	1	1	0.003	L2	L2	single_or_fixed	0	-
COMP	rifampicin	rpoC	p.G597D	597	missense	NC_000962.3:765158:G:A	1	1	1	1	0.003	L2	L2	single_or_fixed	0	-
COMP	rifampicin	rpoC	p.E489G	489	missense	NC_000962.3:764834:A:G	1	1	1	1	0.003	L2	L2	single_or_fixed	0	-
COMP	rifampicin	rpoC	p.A521V	521	missense	NC_000962.3:764930:C:T	1	1	1	1	0.003	L2	L2	single_or_fixed	0	rifampicin:uncertain
COMP	rifampicin	rpoC	p.V28I	28	missense	NC_000962.3:763450:G:A	1	1	1	1	0.011	L3	L3	single_or_fixed	0	-
COMP	rifampicin	rpoC	p.A1195D	1195	missense	NC_000962.3:766952:C:A	1	1	1	1	0.011	L3	L3	single_or_fixed	0	-
COMP	rifampicin	rpoC	p.V960F	960	missense	NC_000962.3:766246:G:T	1	1	1	1	0.011	L3	L3	single_or_fixed	0	-
COMP	rifampicin	rpoC	p.D119E	119	missense	NC_000962.3:763725:C:G	1	1	1	1	0.003	L2	L2	single_or_fixed	0	-
COMP	rifampicin	rpoC	p.D718G	718	missense	NC_000962.3:765521:A:G	1	1	1	1	0.003	L2	L2	single_or_fixed	0	-
COMP	rifampicin	rpoC	p.G992A	992	missense	NC_000962.3:766343:G:C	1	1	1	1	0.003	L2	L2	single_or_fixed	0	rifampicin:uncertain
COMP	rifampicin	rpoC	p.T667A	667	missense	NC_000962.3:765367:A:G	1	1	1	1	0.011	L3	L3	single_or_fixed	0	-
COMP	rifampicin	rpoC	p.Q233R	233	missense	NC_000962.3:764066:A:G	1	1	1	1	0.003	L2	L2	single_or_fixed	0	-
COMP	rifampicin	rpoC	p.E702G	702	missense	NC_000962.3:765473:A:G	1	1	1	1	0.003	L2	L2	single_or_fixed	0	-
COMP	rifampicin	rpoC	p.A230T	230	missense	NC_000962.3:764056:G:A	1	1	1	1	0.011	L3	L3	single_or_fixed	0	-
COMP	rifampicin	rpoC	p.Q959H	959	missense	NC_000962.3:766245:G:C	1	1	1	1	0.003	L2	L2	single_or_fixed	0	-
COMP	rifampicin	rpoC	p.N307T	307	missense	NC_000962.3:764288:A:C	1	1	1	1	0.003	L2	L2	single_or_fixed	0	-
COMP	rifampicin	rpoC	p.G395R	395	missense	NC_000962.3:764551:G:C	1	1	1	1	0.003	L2	L2	single_or_fixed	0	-
COMP	rifampicin	rpoC	p.G332D	332	missense	NC_000962.3:764363:G:A	1	1	1	1	0.003	L2	L2	single_or_fixed	0	-
COMP	rifampicin	rpoC	p.V709G	709	missense	NC_000962.3:765494:T:G	1	1	1	1	0.003	L2	L2	single_or_fixed	0	-
COMP	rifampicin	rpoC	p.D890G	890	missense	NC_000962.3:766037:A:G	1	1	1	1	0.003	L2	L2	single_or_fixed	0	-
COMP	rifampicin	rpoC	p.Q467P	467	missense	NC_000962.3:764768:A:C	1	1	1	1	0.003	L2	L2	single_or_fixed	0	-
COMP	rifampicin	rpoC	p.H1150R	1150	missense	NC_000962.3:766817:A:G	1	1	1	1	0.011	L3	L3	single_or_fixed	0	-
COMP	rifampicin	rpoC	p.A1271V	1271	missense	NC_000962.3:767180:C:T	1	1	1	1	0.003	L2	L2	single_or_fixed	0	-
COMP	rifampicin	rpoC	p.E1174G	1174	missense	NC_000962.3:766889:A:G	1	1	1	1	0.003	L2	L2	single_or_fixed	0	-
COMP	rifampicin	rpoC	p.E163A	163	missense	NC_000962.3:763856:A:C	1	1	1	1	0.003	L2	L2	single_or_fixed	0	-
COMP	rifampicin	rpoC	p.A1216T	1216	missense	NC_000962.3:767014:G:A	1	1	1	1	0.003	L2	L2	single_or_fixed	0	-
COMP	rifampicin	rpoC	p.E751G	751	missense	NC_000962.3:765620:A:G	1	1	1	1	0.003	L2	L2	single_or_fixed	0	-
COMP	rifampicin	rpoC	p.M155L	155	missense	NC_000962.3:763831:A:T	1	1	1	1	0.003	L2	L2	single_or_fixed	0	-
COMP	rifampicin	rpoC	p.A1237T	1237	missense	NC_000962.3:767077:G:A	1	1	1	1	0.011	L3	L3	single_or_fixed	0	-
COMP	rifampicin	rpoC	p.S1179A	1179	missense	NC_000962.3:766903:T:G	1	1	1	1	0.003	L2	L2	single_or_fixed	0	-
COMP	rifampicin	rpoC	p.R278G	278	missense	NC_000962.3:764200:C:G	1	1	1	1	0.003	L2	L2	single_or_fixed	0	-
COMP	rifampicin	rpoC	p.A984D	984	missense	NC_000962.3:766319:C:A	1	1	1	1	0.003	L2	L2	single_or_fixed	0	-
COMP	rifampicin	rpoC	p.L1055F	1055	missense	NC_000962.3:766531:C:T	1	1	1	1	0.003	L2	L2	single_or_fixed	0	-
COMP	rifampicin	rpoC	p.R211C	211	missense	NC_000962.3:763999:C:T	1	1	1	1	0.011	L3	L3	single_or_fixed	0	-
COMP	rifampicin	rpoC	p.V962M	962	missense	NC_000962.3:766252:G:A	1	1	1	1	0.003	L2	L2	single_or_fixed	0	-
COMP	rifampicin	rpoC	p.F131L	131	missense	NC_000962.3:763759:T:C	1	1	1	1	0.003	L2	L2	single_or_fixed	0	-
COMP	rifampicin	rpoC	p.Y1293C	1293	missense	NC_000962.3:767246:A:G	1	1	1	1	0.003	L2	L2	single_or_fixed	0	-
COMP	rifampicin	rpoC	p.E1059D	1059	missense	NC_000962.3:766545:G:C	1	1	1	1	0.003	L2	L2	single_or_fixed	0	-
COMP	rifampicin	rpoC	p.N935D	935	missense	NC_000962.3:766171:A:G	1	1	1	1	0.011	L3	L3	single_or_fixed	0	-
COMP	rifampicin	rpoC	p.V930A	930	missense	NC_000962.3:766157:T:C	1	1	1	1	0.003	L2	L2	single_or_fixed	0	-
COMP	rifampicin	rpoC	p.D19N	19	missense	NC_000962.3:763423:G:A	1	1	1	1	0.002	L4	L4	single_or_fixed	0	rifampicin:uncertain
COMP	rifampicin	rpoC	p.D462G	462	missense	NC_000962.3:764753:A:G	1	1	1	1	0.01	L1	L1	single_or_fixed	0	rifampicin:uncertain
COMP	rifampicin	rpoC	p.M733I	733	missense	NC_000962.3:765567:G:A	1	1	1	1	0.01	L1	L1	single_or_fixed	0	rifampicin:uncertain
COMP	rifampicin	rpoC	p.V1156A	1156	missense	NC_000962.3:766835:T:C	1	1	1	1	0.002	L4	L4	single_or_fixed	0	-
COMP	rifampicin	rpoC	p.R1097W	1097	missense	NC_000962.3:766657:C:T	1	1	1	1	0.01	L1	L1	single_or_fixed	0	-
COMP	rifampicin	rpoC	p.E250Q	250	missense	NC_000962.3:764116:G:C	1	1	1	1	0.002	L4	L4	single_or_fixed	0	-
COMP	rifampicin	rpoC	p.D1290G	1290	missense	NC_000962.3:767237:A:G	1	1	1	1	0.01	L1	L1	single_or_fixed	0	-
COMP	rifampicin	rpoC	p.P1068T	1068	missense	NC_000962.3:766570:C:A	1	1	1	1	0.01	L1	L1	single_or_fixed	0	-
COMP	rifampicin	rpoC	p.N307H	307	missense	NC_000962.3:764287:A:C	1	1	1	1	0.002	L4	L4	single_or_fixed	0	-
COMP	rifampicin	rpoC	p.E842A	842	missense	NC_000962.3:765893:A:C	1	1	1	1	0.002	L4	L4	single_or_fixed	0	-
COMP	rifampicin	rpoC	p.V1130M	1130	missense	NC_000962.3:766756:G:A	1	1	1	1	0.002	L4	L4	single_or_fixed	0	-
COMP	rifampicin	rpoC	p.P318S	318	missense	NC_000962.3:764320:C:T	1	1	1	1	0.01	L1	L1	single_or_fixed	0	rifampicin:uncertain
COMP	rifampicin	rpoC	p.D8H	8	missense	NC_000962.3:763390:G:C	1	1	1	1	0.01	L1	L1	single_or_fixed	0	rifampicin:uncertain
COMP	rifampicin	rpoC	p.P1306A	1306	missense	NC_000962.3:767284:C:G	1	1	1	1	0.002	L4	L4	single_or_fixed	0	rifampicin:uncertain
COMP	rifampicin	rpoC	p.H748Y	748	missense	NC_000962.3:765610:C:T	1	1	1	1	0.01	L1	L1	single_or_fixed	0	rifampicin:uncertain
COMP	rifampicin	rpoC	p.A1188T	1188	missense	NC_000962.3:766930:G:A	1	1	1	1	0.01	L1	L1	single_or_fixed	0	rifampicin:uncertain
COMP	rifampicin	rpoC	p.V80I	80	missense	NC_000962.3:763606:G:A	1	1	1	1	0.01	L1	L1	single_or_fixed	0	-
COMP	rifampicin	rpoC	p.R242C	242	missense	NC_000962.3:764092:C:T	1	1	1	1	0.01	L1	L1	single_or_fixed	0	rifampicin:uncertain
COMP	rifampicin	rpoC	p.V299A	299	missense	NC_000962.3:764264:T:C	1	1	1	1	0.01	L1	L1	single_or_fixed	0	-
COMP	rifampicin	rpoC	p.Q1125R	1125	missense	NC_000962.3:766742:A:G	1	1	1	1	0.002	L4	L4	single_or_fixed	0	rifampicin:uncertain
COMP	rifampicin	rpoC	p.N1265K	1265	missense	NC_000962.3:767163:C:G	1	1	1	1	0.01	L1	L1	single_or_fixed	0	-
COMP	rifampicin	rpoC	p.D595E	595	missense	NC_000962.3:765153:C:G	1	1	1	1	0.01	L1	L1	single_or_fixed	0	-
COMP	rifampicin	rpoC	p.A1303V	1303	missense	NC_000962.3:767276:C:T	1	1	1	1	0.002	L4	L4	single_or_fixed	0	-
COMP	rifampicin	rpoC	p.V1232L	1232	missense	NC_000962.3:767062:G:T	1	1	1	1	0.01	L1	L1	single_or_fixed	0	-
COMP	rifampicin	rpoC	p.K828M	828	missense	NC_000962.3:765851:A:T	1	1	1	1	0.002	L4	L4	single_or_fixed	0	-
COMP	rifampicin	rpoC	p.D119G	119	missense	NC_000962.3:763724:A:G	1	1	1	1	0.085	L6	L6	single_or_fixed	0	-
COMP	rifampicin	rpoC	p.E1073D	1073	missense	NC_000962.3:766587:G:C	1	1	1	1	0.01	L1	L1	single_or_fixed	0	rifampicin:uncertain
COMP	rifampicin	rpoC	p.Q787E	787	missense	NC_000962.3:765727:C:G	1	1	1	1	0.002	L4	L4	single_or_fixed	0	-
COMP	rifampicin	rpoC	p.E1096K	1096	missense	NC_000962.3:766654:G:A	1	1	1	1	0.01	L1	L1	single_or_fixed	0	-
COMP	rifampicin	rpoC	p.E163D	163	missense	NC_000962.3:763857:A:T	1	1	1	1	0.002	L4	L4	single_or_fixed	0	rifampicin:uncertain
COMP	rifampicin	rpoC	p.R397L	397	missense	NC_000962.3:764558:G:T	1	1	1	1	0.002	L4	L4	single_or_fixed	0	rifampicin:uncertain
COMP	rifampicin	rpoC	p.A448V	448	missense	NC_000962.3:764711:C:T	1	1	1	1	0.002	L4	L4	single_or_fixed	0	-
COMP	rifampicin	rpoC	p.G1197S	1197	missense	NC_000962.3:766957:G:A	1	1	1	1	0.002	L4	L4	single_or_fixed	0	-
COMP	rifampicin	rpoC	p.Y749H	749	missense	NC_000962.3:765613:T:C	1	1	1	1	0.002	L4	L4	single_or_fixed	0	rifampicin:uncertain
COMP	rifampicin	rpoC	p.I949V	949	missense	NC_000962.3:766213:A:G	1	1	1	1	0.014	BOV	BOV	single_or_fixed	0	rifampicin:uncertain
COMP	rifampicin	rpoC	p.V157L	157	missense	NC_000962.3:763837:G:C	1	1	1	1	0.01	L1	L1	single_or_fixed	0	-
COMP	rifampicin	rpoC	p.I1258T	1258	missense	NC_000962.3:767141:T:C	1	1	1	1	0.002	L4	L4	single_or_fixed	0	-
COMP	rifampicin	rpoC	p.P906R	906	missense	NC_000962.3:766085:C:G	1	1	1	1	0.01	L1	L1	single_or_fixed	0	rifampicin:uncertain
COMP	rifampicin	rpoC	p.Q759R	759	missense	NC_000962.3:765644:A:G	1	1	1	1	0.002	L4	L4	single_or_fixed	0	rifampicin:uncertain
COMP	rifampicin	rpoC	p.P322T	322	missense	NC_000962.3:764332:C:A	1	1	1	1	0.01	L1	L1	single_or_fixed	0	-
COMP	rifampicin	rpoC	p.R981G	981	missense	NC_000962.3:766309:C:G	1	1	1	1	0.002	L4	L4	single_or_fixed	0	rifampicin:uncertain
COMP	rifampicin	rpoC	p.E1276G	1276	missense	NC_000962.3:767195:A:G	1	1	1	1	0.01	L1	L1	single_or_fixed	0	-
COMP	rifampicin	rpoC	p.A905V	905	missense	NC_000962.3:766082:C:T	1	1	1	1	0.002	L4	L4	single_or_fixed	0	-
COMP	rifampicin	rpoC	p.C1240W	1240	missense	NC_000962.3:767088:C:G	1	1	1	1	0.002	L4	L4	single_or_fixed	0	-
COMP	rifampicin	rpoC	p.H653Q	653	missense	NC_000962.3:765327:C:G	1	1	1	1	0.002	L4	L4	single_or_fixed	0	rifampicin:uncertain
COMP	rifampicin	rpoC	p.P1127L	1127	missense	NC_000962.3:766748:C:T	1	1	1	1	0.002	L4	L4	single_or_fixed	0	rifampicin:uncertain
COMP	rifampicin	rpoC	p.S403C	403	missense	NC_000962.3:764576:C:G	1	1	1	1	0.002	L4	L4	single_or_fixed	0	rifampicin:uncertain
COMP	rifampicin	rpoC	p.F1186L	1186	missense	NC_000962.3:766926:C:G	1	1	1	1	0.002	L4	L4	single_or_fixed	0	-
COMP	rifampicin	rpoC	p.R1316C	1316	missense	NC_000962.3:767314:C:T	1	1	1	1	0.01	L1	L1	single_or_fixed	0	-
COMP	rifampicin	rpoC	p.V626I	626	missense	NC_000962.3:765244:G:A	1	1	1	1	0.014	BOV	BOV	single_or_fixed	0	rifampicin:uncertain
COMP	rifampicin	rpoC	p.I696V	696	missense	NC_000962.3:765454:A:G	1	1	1	1	0.011	L3	L3	single_or_fixed	0	-
COMP	rifampicin	rpoC	p.S1242R	1242	missense	NC_000962.3:767094:C:A	1	1	1	1	0.002	L4	L4	single_or_fixed	0	rifampicin:uncertain
COMP	rifampicin	rpoC	p.D950H	950	missense	NC_000962.3:766216:G:C	1	1	1	1	0.002	L4	L4	single_or_fixed	0	rifampicin:uncertain
COMP	rifampicin	rpoC	p.G786C	786	missense	NC_000962.3:765724:G:T	1	1	1	1	0.002	L4	L4	single_or_fixed	0	-
COMP	rifampicin	rpoC	p.N1251D	1251	missense	NC_000962.3:767119:A:G	1	1	1	1	0.002	L4	L4	single_or_fixed	0	rifampicin:uncertain
COMP	rifampicin	rpoC	p.T816M	816	missense	NC_000962.3:765815:C:T	1	1	1	1	0.01	L1	L1	single_or_fixed	0	-
COMP	rifampicin	rpoC	p.D795N	795	missense	NC_000962.3:765751:G:A	1	1	1	1	0.002	L4	L4	single_or_fixed	0	-
COMP	rifampicin	rpoC	p.G249S	249	missense	NC_000962.3:764113:G:A	1	1	1	1	0.01	L1	L1	single_or_fixed	0	-
COMP	rifampicin	rpoC	p.P41R	41	missense	NC_000962.3:763490:C:G	1	1	1	1	0.002	L4	L4	single_or_fixed	0	-
COMP	rifampicin	rpoC	p.K717N	717	missense	NC_000962.3:765519:G:C	1	1	1	1	0.01	L1	L1	single_or_fixed	0	-
COMP	rifampicin	rpoC	p.E266D	266	missense	NC_000962.3:764166:G:T	1	1	1	1	0.002	L4	L4	single_or_fixed	0	-
COMP	rifampicin	rpoC	p.G519C	519	missense	NC_000962.3:764923:G:T	1	1	1	1	0.002	L4	L4	single_or_fixed	0	rifampicin:uncertain
COMP	rifampicin	rpoC	p.V422A	422	missense	NC_000962.3:764633:T:C	1	1	1	1	0.002	L4	L4	single_or_fixed	0	rifampicin:uncertain
COMP	rifampicin	rpoC	p.R1192L	1192	missense	NC_000962.3:766943:G:T	1	1	1	1	0.002	L4	L4	single_or_fixed	0	rifampicin:uncertain
COMP	rifampicin	rpoC	p.E1106V	1106	missense	NC_000962.3:766685:A:T	1	1	1	1	0.01	L1	L1	single_or_fixed	0	-
COMP	rifampicin	rpoC	p.L627V	627	missense	NC_000962.3:765247:T:G	1	1	1	1	0.002	L4	L4	single_or_fixed	0	rifampicin:uncertain
COMP	rifampicin	rpoC	p.D890E	890	missense	NC_000962.3:766038:C:G	1	1	1	1	0.002	L4	L4	single_or_fixed	0	rifampicin:uncertain
COMP	rifampicin	rpoC	p.N1251S	1251	missense	NC_000962.3:767120:A:G	1	1	1	1	0.01	L1	L1	single_or_fixed	0	rifampicin:uncertain
COMP	rifampicin	rpoC	p.I1080T	1080	missense	NC_000962.3:766607:T:C	1	1	1	1	0.01	L1	L1	single_or_fixed	0	rifampicin:uncertain
COMP	rifampicin	rpoC	p.G604A	604	missense	NC_000962.3:765179:G:C	1	1	1	1	0.002	L4	L4	single_or_fixed	0	-
COMP	rifampicin	rpoC	p.D1078N	1078	missense	NC_000962.3:766600:G:A	1	1	1	1	0.01	L1	L1	single_or_fixed	0	-
COMP	rifampicin	rpoC	p.M1208V	1208	missense	NC_000962.3:766990:A:G	1	1	1	1	0.01	L1	L1	single_or_fixed	0	rifampicin:uncertain
COMP	rifampicin	rpoC	p.A753E	753	missense	NC_000962.3:765626:C:A	1	1	1	1	0.225	L5	L5	single_or_fixed	0	rifampicin:uncertain
COMP	rifampicin	rpoC	p.E830Q	830	missense	NC_000962.3:765856:G:C	1	1	1	1	0.01	L1	L1	single_or_fixed	0	rifampicin:uncertain
COMP	rifampicin	rpoC	p.E1056D	1056	missense	NC_000962.3:766536:G:C	1	1	1	1	0.01	L1	L1	single_or_fixed	0	rifampicin:uncertain
COMP	rifampicin	rpoC	p.L789V	789	missense	NC_000962.3:765733:T:G	1	1	1	1	0.002	L4	L4	single_or_fixed	0	rifampicin:uncertain
COMP	rifampicin	rpoC	p.K1082E	1082	missense	NC_000962.3:766612:A:G	1	1	1	1	0.002	L4	L4	single_or_fixed	0	rifampicin:uncertain
COMP	rifampicin	rpoC	p.N1246D	1246	missense	NC_000962.3:767104:A:G	1	1	1	1	0.01	L1	L1	single_or_fixed	0	rifampicin:uncertain
COMP	rifampicin	rpoC	p.M1161I	1161	missense	NC_000962.3:766851:G:T	1	1	1	1	0.002	L4	L4	single_or_fixed	0	rifampicin:uncertain
COMP	rifampicin	rpoC	p.V1206G	1206	missense	NC_000962.3:766985:T:G	1	1	1	1	0.002	L4	L4	single_or_fixed	0	-
COMP	rifampicin	rpoC	p.A664V	664	missense	NC_000962.3:765359:C:T	1	1	1	1	0.002	L4	L4	single_or_fixed	0	-
COMP	rifampicin	rpoC	p.D1169E	1169	missense	NC_000962.3:766875:C:A	1	1	1	1	0.01	L1	L1	single_or_fixed	0	rifampicin:uncertain
COMP	rifampicin	rpoC	p.D271N	271	missense	NC_000962.3:764179:G:A	1	1	1	1	0.01	L1	L1	single_or_fixed	0	rifampicin:uncertain
COMP	rifampicin	rpoC	p.L579V	579	missense	NC_000962.3:765103:C:G	1	1	1	1	0.002	L4	L4	single_or_fixed	0	rifampicin:uncertain
COMP	rifampicin	rpoC	p.R572S	572	missense	NC_000962.3:765082:C:A	1	1	1	1	0.002	L4	L4	single_or_fixed	0	rifampicin:uncertain
COMP	rifampicin	rpoC	p.V803L	803	missense	NC_000962.3:765775:G:C	1	1	1	1	0.01	L1	L1	single_or_fixed	0	rifampicin:uncertain
COMP	rifampicin	rpoC	p.Q711E	711	missense	NC_000962.3:765499:C:G	1	1	1	1	0.002	L4	L4	single_or_fixed	0	-
COMP	rifampicin	rpoC	p.G286E	286	missense	NC_000962.3:764225:G:A	1	1	1	1	0.01	L1	L1	single_or_fixed	0	rifampicin:uncertain
COMP	rifampicin	rpoC	p.E550A	550	missense	NC_000962.3:765017:A:C	1	1	1	1	0.01	L1	L1	single_or_fixed	0	-
COMP	rifampicin	rpoC	p.A710G	710	missense	NC_000962.3:765497:C:G	1	1	1	1	0.002	L4	L4	single_or_fixed	0	rifampicin:uncertain
COMP	rifampicin	rpoC	p.S1095F	1095	missense	NC_000962.3:766652:C:T	1	1	1	1	0.002	L4	L4	single_or_fixed	0	rifampicin:uncertain
COMP	rifampicin	rpoC	p.R1192Q	1192	missense	NC_000962.3:766943:G:A	1	1	1	1	0.002	L4	L4	single_or_fixed	0	rifampicin:uncertain
COMP	rifampicin	rpoC	p.M581I	581	missense	NC_000962.3:765111:G:C	1	1	1	1	0.002	L4	L4	single_or_fixed	0	rifampicin:uncertain
COMP	rifampicin	rpoC	p.A1184V	1184	missense	NC_000962.3:766919:C:T	1	1	1	1	0.01	L1	L1	single_or_fixed	0	rifampicin:uncertain
COMP	rifampicin	rpoC	p.L381V	381	missense	NC_000962.3:764509:C:G	1	1	1	1	0.002	L4	L4	single_or_fixed	0	rifampicin:uncertain
COMP	rifampicin	rpoC	p.I957T	957	missense	NC_000962.3:766238:T:C	1	1	1	1	0.002	L4	L4	single_or_fixed	0	rifampicin:uncertain
COMP	rifampicin	rpoC	p.A1201S	1201	missense	NC_000962.3:766969:G:T	1	1	1	1	0.01	L1	L1	single_or_fixed	0	rifampicin:uncertain
COMP	rifampicin	rpoC	p.A902T	902	missense	NC_000962.3:766072:G:A	1	1	1	1	0.01	L1	L1	single_or_fixed	0	rifampicin:uncertain
COMP	rifampicin	rpoC	p.T16S	16	missense	NC_000962.3:763415:C:G	1	1	1	1	0.002	L4	L4	single_or_fixed	0	rifampicin:uncertain
COMP	rifampicin	rpoC	p.M310K	310	missense	NC_000962.3:764297:T:A	1	1	1	1	0.002	L4	L4	single_or_fixed	0	-
COMP	rifampicin	rpoC	p.G442V	442	missense	NC_000962.3:764693:G:T	1	1	1	1	0.01	L1	L1	single_or_fixed	0	-
COMP	rifampicin	rpoC	p.P514A	514	missense	NC_000962.3:764908:C:G	1	1	1	1	0.01	L1	L1	single_or_fixed	0	-
COMP	rifampicin	rpoC	p.F252L	252	missense	NC_000962.3:764122:T:C	1	1	1	1	0.002	L4	L4	single_or_fixed	0	rifampicin:uncertain
COMP	rifampicin	rpoC	p.K828R	828	missense	NC_000962.3:765851:A:G	1	1	1	1	0.002	L4	L4	single_or_fixed	0	rifampicin:uncertain
COMP	rifampicin	rpoC	p.E757K	757	missense	NC_000962.3:765637:G:A	1	1	1	1	0.002	L4	L4	single_or_fixed	0	rifampicin:uncertain
COMP	rifampicin	rpoC	p.A448S	448	missense	NC_000962.3:764710:G:T	1	1	1	1	0.002	L4	L4	single_or_fixed	0	rifampicin:uncertain
COMP	rifampicin	rpoC	p.E744G	744	missense	NC_000962.3:765599:A:G	1	1	1	1	0.002	L4	L4	single_or_fixed	0	rifampicin:uncertain
COMP	rifampicin	rpoC	p.R762C	762	missense	NC_000962.3:765652:C:T	1	1	1	1	0.002	L4	L4	single_or_fixed	0	rifampicin:uncertain
COMP	rifampicin	rpoC	p.G1114C	1114	missense	NC_000962.3:766708:G:T	1	1	1	1	0.002	L4	L4	single_or_fixed	0	-
COMP	rifampicin	rpoC	p.T1301S	1301	missense	NC_000962.3:767270:C:G	1	1	1	1	0.002	L4	L4	single_or_fixed	0	-
COMP	rifampicin	rpoC	p.E645K	645	missense	NC_000962.3:765301:G:A	1	1	1	1	0.002	L4	L4	single_or_fixed	0	rifampicin:uncertain
COMP	rifampicin	rpoC	p.I1132V	1132	missense	NC_000962.3:766762:A:G	1	1	1	1	0.002	L4	L4	single_or_fixed	0	-
COMP	rifampicin	rpoC	p.M1112I	1112	missense	NC_000962.3:766704:G:T	1	1	1	1	0.01	L1	L1	single_or_fixed	0	-
COMP	rifampicin	rpoC	p.V824M	824	missense	NC_000962.3:765838:G:A	1	1	1	1	0.002	L4	L4	single_or_fixed	0	rifampicin:uncertain
COMP	rifampicin	rpoC	p.P1068S	1068	missense	NC_000962.3:766570:C:T	1	1	1	1	0.01	L1	L1	single_or_fixed	0	-
COMP	rifampicin	rpoC	p.V528A	528	missense	NC_000962.3:764951:T:C	1	1	1	1	0.002	L4	L4	single_or_fixed	0	-
COMP	rifampicin	rpoC	p.T712A	712	missense	NC_000962.3:765502:A:G	1	1	1	1	0.01	L1	L1	single_or_fixed	0	-
COMP	rifampicin	rpoC	p.A661T	661	missense	NC_000962.3:765349:G:A	1	1	1	1	0.002	L4	L4	single_or_fixed	0	rifampicin:uncertain
COMP	rifampicin	rpoC	p.K1256N	1256	missense	NC_000962.3:767136:G:C	1	1	1	1	0.002	L4	L4	single_or_fixed	0	-
COMP	rifampicin	rpoC	p.I320M	320	missense	NC_000962.3:764328:C:G	1	1	1	1	0.002	L4	L4	single_or_fixed	0	-
COMP	rifampicin	rpoC	p.H1133P	1133	missense	NC_000962.3:766766:A:C	1	1	1	1	0.002	L4	L4	single_or_fixed	0	-
COMP	rifampicin	rpoC	p.S1081F	1081	missense	NC_000962.3:766610:C:T	1	1	1	1	0.002	L4	L4	single_or_fixed	0	-
COMP	rifampicin	rpoC	p.Q207R	207	missense	NC_000962.3:763988:A:G	1	1	1	1	0.01	L1	L1	single_or_fixed	0	rifampicin:uncertain
COMP	rifampicin	rpoC	p.D754V	754	missense	NC_000962.3:765629:A:T	1	1	1	1	0.002	L4	L4	single_or_fixed	0	-
COMP	rifampicin	rpoC	p.S224G	224	missense	NC_000962.3:764038:A:G	1	1	1	1	0.002	L4	L4	single_or_fixed	0	-
COMP	rifampicin	rpoC	p.R389W	389	missense	NC_000962.3:764533:C:T	1	1	1	1	0.002	L4	L4	single_or_fixed	0	-
COMP	rifampicin	rpoC	p.L1055R	1055	missense	NC_000962.3:766532:T:G	1	1	1	1	0.002	L4	L4	single_or_fixed	0	-
COMP	rifampicin	rpoC	p.A1000G	1000	missense	NC_000962.3:766367:C:G	1	1	1	1	0.002	L4	L4	single_or_fixed	0	-
COMP	rifampicin	rpoC	p.Q942K	942	missense	NC_000962.3:766192:C:A	1	1	1	1	0.014	BOV	BOV	single_or_fixed	0	-
COMP	rifampicin	rpoC	p.G809S	809	missense	NC_000962.3:765793:G:A	1	1	1	1	0.002	L4	L4	single_or_fixed	0	-
COMP	rifampicin	rpoC	p.R895C	895	missense	NC_000962.3:766051:C:T	1	1	1	1	0.002	L4	L4	single_or_fixed	0	-
COMP	rifampicin	rpoC	p.M312I	312	missense	NC_000962.3:764304:G:A	1	1	1	1	0.002	L4	L4	single_or_fixed	0	-
COMP	rifampicin	rpoC	p.A1184S	1184	missense	NC_000962.3:766918:G:T	1	1	1	1	0.002	L4	L4	single_or_fixed	0	-
COMP	rifampicin	rpoC	p.T16I	16	missense	NC_000962.3:763415:C:T	1	1	1	1	0.01	L1	L1	single_or_fixed	0	-
COMP	rifampicin	rpoC	p.F1297S	1297	missense	NC_000962.3:767258:T:C	1	1	1	1	0.002	L4	L4	single_or_fixed	0	-
COMP	rifampicin	rpoC	p.D404N	404	missense	NC_000962.3:764578:G:A	1	1	1	1	0.002	L4	L4	single_or_fixed	0	-
COMP	rifampicin	rpoC	p.T102S	102	missense	NC_000962.3:763673:C:G	1	1	1	1	0.002	L4	L4	single_or_fixed	0	-
COMP	rifampicin	rpoC	p.R346W	346	missense	NC_000962.3:764404:A:T	1	1	1	1	0.002	L4	L4	single_or_fixed	0	rifampicin:uncertain
COMP	rifampicin	rpoC	p.D1093E	1093	missense	NC_000962.3:766647:C:G	1	1	1	1	0.01	L1	L1	single_or_fixed	0	rifampicin:uncertain
COMP	rifampicin	rpoC	p.S919A	919	missense	NC_000962.3:766123:T:G	1	1	1	1	0.002	L4	L4	single_or_fixed	0	-
COMP	rifampicin	rpoC	p.A186V	186	missense	NC_000962.3:763925:C:T	1	1	1	1	0.002	L4	L4	single_or_fixed	0	-
COMP	rifampicin	rpoC	p.I74M	74	missense	NC_000962.3:763590:C:G	1	1	1	1	0.01	L1	L1	single_or_fixed	0	-
COMP	rifampicin	rpoC	p.E59K	59	missense	NC_000962.3:763543:G:A	1	1	1	1	0.01	L1	L1	single_or_fixed	0	-
COMP	rifampicin	rpoC	p.I799V	799	missense	NC_000962.3:765763:A:G	1	1	1	1	0.002	L4	L4	single_or_fixed	0	-
COMP	rifampicin	rpoC	p.N674S	674	missense	NC_000962.3:765389:A:G	1	1	1	1	0.002	L4	L4	single_or_fixed	0	-
COMP	rifampicin	rpoC	p.A1116T	1116	missense	NC_000962.3:766714:G:A	1	1	1	1	0.002	L4	L4	single_or_fixed	0	-
COMP	rifampicin	rpoC	p.I799L	799	missense	NC_000962.3:765763:A:C	1	1	1	1	0.002	L4	L4	single_or_fixed	0	-
COMP	rifampicin	rpoC	p.A1116G	1116	missense	NC_000962.3:766715:C:G	1	1	1	1	0.002	L4	L4	single_or_fixed	0	-
COMP	rifampicin	rpoC	p.A156T	156	missense	NC_000962.3:763834:G:A	1	1	1	1	0.002	L4	L4	single_or_fixed	0	-
COMP	rifampicin	rpoC	p.A521T	521	missense	NC_000962.3:764929:G:A	1	1	1	1	0.01	L1	L1	single_or_fixed	0	rifampicin:uncertain
COMP	rifampicin	rpoC	p.P615S	615	missense	NC_000962.3:765211:C:T	1	1	1	1	0.01	L1	L1	single_or_fixed	0	-
COMP	rifampicin	rpoC	p.Q1139R	1139	missense	NC_000962.3:766784:A:G	1	1	1	1	0.002	L4	L4	single_or_fixed	0	rifampicin:uncertain
COMP	rifampicin	rpoC	p.Q479H	479	missense	NC_000962.3:764805:G:T	1	1	1	1	0.002	L4	L4	single_or_fixed	0	rifampicin:uncertain
COMP	rifampicin	rpoC	p.F850L	850	missense	NC_000962.3:765916:T:C	1	1	1	1	0.01	L1	L1	single_or_fixed	0	-
COMP	rifampicin	rpoC	p.D1314G	1314	missense	NC_000962.3:767309:A:G	1	1	1	1	0.014	BOV	BOV	single_or_fixed	0	-
COMP	rifampicin	rpoC	p.V736A	736	missense	NC_000962.3:765575:T:C	1	1	1	1	0.01	L1	L1	single_or_fixed	0	-
COMP	rifampicin	rpoC	p.E266K	266	missense	NC_000962.3:764164:G:A	1	1	1	1	0.014	BOV	BOV	single_or_fixed	0	-
COMP	rifampicin	rpoC	p.V635A	635	missense	NC_000962.3:765272:T:C	1	1	1	1	0.002	L4	L4	single_or_fixed	0	-
COMP	rifampicin	rpoC	p.V429A	429	missense	NC_000962.3:764654:T:C	1	1	1	1	0.01	L1	L1	single_or_fixed	0	-
COMP	rifampicin	rpoC	p.A621V	621	missense	NC_000962.3:765230:C:T	1	1	1	1	0.002	L4	L4	single_or_fixed	0	rifampicin:uncertain
COMP	rifampicin	rpoC	p.L487V	487	missense	NC_000962.3:764827:C:G	1	1	1	1	0.002	L4	L4	single_or_fixed	0	rifampicin:uncertain
COMP	rifampicin	rpoC	p.Q1291P	1291	missense	NC_000962.3:767240:A:C	1	1	1	1	0.01	L1	L1	single_or_fixed	0	-
COMP	rifampicin	rpoC	p.S613Y	613	missense	NC_000962.3:765206:C:A	1	1	1	1	0.01	L1	L1	single_or_fixed	0	-
COMP	rifampicin	rpoC	p.I222T	222	missense	NC_000962.3:764033:T:C	1	1	1	1	0.002	L4	L4	single_or_fixed	0	-
COMP	rifampicin	rpoC	p.V1031L	1031	missense	NC_000962.3:766459:G:C	1	1	1	1	0.01	L1	L1	single_or_fixed	0	-
COMP	rifampicin	rpoC	p.Y915C	915	missense	NC_000962.3:766112:A:G	1	1	1	1	0.014	BOV	BOV	single_or_fixed	0	-
COMP	rifampicin	rpoC	p.I1046T	1046	missense	NC_000962.3:766505:T:C	1	1	1	1	0.01	L1	L1	single_or_fixed	0	-
COMP	rifampicin	rpoC	p.E185Q	185	missense	NC_000962.3:763921:G:C	1	1	1	1	0.002	L4	L4	single_or_fixed	0	rifampicin:uncertain
COMP	rifampicin	rpoC	p.V1272A	1272	missense	NC_000962.3:767183:T:C	1	1	1	1	0.002	L4	L4	single_or_fixed	0	rifampicin:uncertain
COMP	rifampicin	rpoC	p.E142G	142	missense	NC_000962.3:763793:A:G	1	1	1	1	0.002	L4	L4	single_or_fixed	0	rifampicin:uncertain
COMP	rifampicin	rpoC	p.N935K	935	missense	NC_000962.3:766173:C:A	1	1	1	1	0.01	L1	L1	single_or_fixed	0	-
COMP	rifampicin	rpoC	p.G188A	188	missense	NC_000962.3:763931:G:C	1	1	1	1	0.01	L1	L1	single_or_fixed	0	rifampicin:uncertain
COMP	rifampicin	rpoC	p.E178V	178	missense	NC_000962.3:763901:A:T	1	1	1	1	0.002	L4	L4	single_or_fixed	0	-
COMP	rifampicin	rpoC	p.V629M	629	missense	NC_000962.3:765253:G:A	1	1	1	1	0.002	L4	L4	single_or_fixed	0	rifampicin:uncertain
COMP	rifampicin	rpoC	p.R203C	203	missense	NC_000962.3:763975:C:T	1	1	1	1	0.01	L1	L1	single_or_fixed	0	rifampicin:uncertain
COMP	rifampicin	rpoC	p.E1140G	1140	missense	NC_000962.3:766787:A:G	1	1	1	1	0.002	L4	L4	single_or_fixed	0	rifampicin:uncertain
COMP	rifampicin	rpoC	p.A1202S	1202	missense	NC_000962.3:766972:G:T	1	1	1	1	0.002	L4	L4	single_or_fixed	0	-
COMP	rifampicin	rpoC	p.D796G	796	missense	NC_000962.3:765755:A:G	1	1	1	1	0.002	L4	L4	single_or_fixed	0	rifampicin:uncertain
COMP	rifampicin	rpoC	p.D246H	246	missense	NC_000962.3:764104:G:C	1	1	1	1	0.085	L6	L6	single_or_fixed	0	-
COMP	rifampicin	rpoC	p.M310R	310	missense	NC_000962.3:764297:T:G	1	1	1	1	0.01	L1	L1	single_or_fixed	0	-
COMP	rifampicin	rpoC	p.G594R	594	missense	NC_000962.3:765148:G:C	1	1	1	1	0.002	L4	L4	single_or_fixed	0	rifampicin:uncertain
COMP	rifampicin	rpoC	p.G284A	284	missense	NC_000962.3:764219:G:C	1	1	1	1	0.002	L4	L4	single_or_fixed	0	-
COMP	rifampicin	rpoC	p.A555G	555	missense	NC_000962.3:765032:C:G	1	1	1	1	0.085	L6	L6	single_or_fixed	0	-
COMP	rifampicin	rpoC	p.A182D	182	missense	NC_000962.3:763913:C:A	1	1	1	1	0.002	L4	L4	single_or_fixed	0	-
COMP	rifampicin	rpoC	p.G594W	594	missense	NC_000962.3:765148:G:T	1	1	1	1	0.002	L4	L4	single_or_fixed	0	-
COMP	rifampicin	rpoC	p.F1297L	1297	missense	NC_000962.3:767259:C:A	1	1	1	1	0.01	L1	L1	single_or_fixed	0	-
COMP	rifampicin	rpoC	p.S149F	149	missense	NC_000962.3:763814:C:T	1	1	1	1	0.002	L4	L4	single_or_fixed	0	-
COMP	rifampicin	rpoC	p.Q693R	693	missense	NC_000962.3:765446:A:G	1	1	1	1	0.002	L4	L4	single_or_fixed	0	-
COMP	rifampicin	rpoC	p.R940C	940	missense	NC_000962.3:766186:C:T	1	1	1	1	0.002	L4	L4	single_or_fixed	0	-
COMP	rifampicin	rpoC	p.R295L	295	missense	NC_000962.3:764252:G:T	1	1	1	1	0.002	L4	L4	single_or_fixed	0	-
COMP	rifampicin	rpoC	p.R1191S	1191	missense	NC_000962.3:766939:C:A	1	1	1	1	0.01	L1	L1	single_or_fixed	0	-
COMP	rifampicin	rpoC	p.V1252L	1252	missense	NC_000962.3:767122:G:C	1	1	1	1	0.002	L4	L4	single_or_fixed	0	rifampicin:uncertain
COMP	rifampicin	rpoC	p.E776G	776	missense	NC_000962.3:765695:A:G	1	1	1	1	0.01	L1	L1	single_or_fixed	0	-
COMP	rifampicin	rpoC	p.V692E	692	missense	NC_000962.3:765443:T:A	1	1	1	1	0.002	L4	L4	single_or_fixed	0	rifampicin:uncertain
COMP	rifampicin	rpoC	p.D1070N	1070	missense	NC_000962.3:766576:G:A	1	1	1	1	0.002	L4	L4	single_or_fixed	0	-
COMP	rifampicin	rpoC	p.E830K	830	missense	NC_000962.3:765856:G:A	1	1	1	1	0.01	L1	L1	single_or_fixed	0	-
COMP	rifampicin	rpoC	p.Q523H	523	missense	NC_000962.3:764937:G:C	1	1	1	1	0.002	L4	L4	single_or_fixed	0	-
COMP	rifampicin	rpoC	p.I1254S	1254	missense	NC_000962.3:767129:T:G	1	1	1	1	0.002	L4	L4	single_or_fixed	0	-
COMP	rifampicin	rpoC	p.M820I	820	missense	NC_000962.3:765828:G:T	1	1	1	1	0.002	L4	L4	single_or_fixed	0	-
COMP	rifampicin	rpoC	p.D1314A	1314	missense	NC_000962.3:767309:A:C	1	1	1	1	0.002	L4	L4	single_or_fixed	0	-
COMP	rifampicin	rpoC	p.R480S	480	missense	NC_000962.3:764806:C:A	1	1	1	1	0.014	BOV	BOV	single_or_fixed	0	-
COMP	rifampicin	rpoC	p.V496A	496	missense	NC_000962.3:764855:T:C	1	1	1	1	0.002	L4	L4	single_or_fixed	0	-
COMP	rifampicin	rpoC	p.N563H	563	missense	NC_000962.3:765055:A:C	1	1	1	1	0.01	L1	L1	single_or_fixed	0	-
COMP	rifampicin	rpoC	p.I1149V	1149	missense	NC_000962.3:766813:A:G	1	1	1	1	0.002	L4	L4	single_or_fixed	0	-
COMP	rifampicin	rpoC	p.K437T	437	missense	NC_000962.3:764678:A:C	1	1	1	1	0.01	L1	L1	single_or_fixed	0	-
COMP	rifampicin	rpoC	p.E204Q	204	missense	NC_000962.3:763978:G:C	1	1	1	1	0.002	L4	L4	single_or_fixed	0	-
COMP	rifampicin	rpoC	p.V1049F	1049	missense	NC_000962.3:766513:G:T	1	1	1	1	0.01	L1	L1	single_or_fixed	0	rifampicin:uncertain
COMP	rifampicin	rpoC	p.S276L	276	missense	NC_000962.3:764195:C:T	1	1	1	1	0.002	L4	L4	single_or_fixed	0	-
COMP	rifampicin	rpoC	p.A951S	951	missense	NC_000962.3:766219:G:T	1	1	1	1	0.01	L1	L1	single_or_fixed	0	-
COMP	rifampicin	rpoC	p.F131L	131	missense	NC_000962.3:763761:C:A	1	1	1	1	0.002	L4	L4	single_or_fixed	0	-
COMP	rifampicin	rpoC	p.Q761K	761	missense	NC_000962.3:765649:C:A	1	1	1	1	0.002	L4	L4	single_or_fixed	0	rifampicin:uncertain
COMP	rifampicin	rpoC	p.M688T	688	missense	NC_000962.3:765431:T:C	1	1	1	1	0.01	L1	L1	single_or_fixed	0	-
COMP	rifampicin	rpoC	p.I707M	707	missense	NC_000962.3:765489:C:G	1	1	1	1	0.002	L4	L4	single_or_fixed	0	-
COMP	rifampicin	rpoC	p.I261V	261	missense	NC_000962.3:764149:A:G	1	1	1	1	0.01	L1	L1	single_or_fixed	0	rifampicin:uncertain
COMP	rifampicin	rpoC	p.T596I	596	missense	NC_000962.3:765155:C:T	1	1	1	1	0.01	L1	L1	single_or_fixed	0	-
COMP	rifampicin	rpoC	p.G956V	956	missense	NC_000962.3:766235:G:T	1	1	1	1	0.002	L4	L4	single_or_fixed	0	-
COMP	rifampicin	rpoC	p.E993G	993	missense	NC_000962.3:766346:A:G	1	1	1	1	0.01	L1	L1	single_or_fixed	0	-
COMP	rifampicin	rpoC	p.R752C	752	missense	NC_000962.3:765622:C:T	1	1	1	1	0.01	L1	L1	single_or_fixed	0	-
COMP	rifampicin	rpoC	p.V1098G	1098	missense	NC_000962.3:766661:T:G	1	1	1	1	0.01	L1	L1	single_or_fixed	0	-
COMP	rifampicin	rpoC	p.P1286A	1286	missense	NC_000962.3:767224:C:G	1	1	1	1	0.01	L1	L1	single_or_fixed	0	-
COMP	rifampicin	rpoC	p.V846L	846	missense	NC_000962.3:765904:G:C	1	1	1	1	0.01	L1	L1	single_or_fixed	0	-
COMP	rifampicin	rpoC	p.Y1315S	1315	missense	NC_000962.3:767312:A:C	1	1	1	1	0.002	L4	L4	single_or_fixed	0	-
COMP	rifampicin	rpoC	p.T1166I	1166	missense	NC_000962.3:766865:C:T	1	1	1	1	0.002	L4	L4	single_or_fixed	0	-
COMP	rifampicin	rpoC	p.A694V	694	missense	NC_000962.3:765449:C:T	1	1	1	1	0.002	L4	L4	single_or_fixed	0	-
COMP	rifampicin	rpoC	p.M205I	205	missense	NC_000962.3:763983:G:A	1	1	1	1	0.002	L4	L4	single_or_fixed	0	-
COMP	rifampicin	rpoC	p.L566P	566	missense	NC_000962.3:765065:T:C	1	1	1	1	0.002	L4	L4	single_or_fixed	0	-
COMP	rifampicin	rpoC	p.P321A	321	missense	NC_000962.3:764329:C:G	1	1	1	1	0.01	L1	L1	single_or_fixed	0	-
COMP	rifampicin	rpoC	p.V1272L	1272	missense	NC_000962.3:767182:G:T	1	1	1	1	0.002	L4	L4	single_or_fixed	0	-
COMP	rifampicin	rpoC	p.S1242G	1242	missense	NC_000962.3:767092:A:G	1	1	1	1	0.01	L1	L1	single_or_fixed	0	-
COMP	rifampicin	rpoC	p.T958A	958	missense	NC_000962.3:766240:A:G	1	1	1	1	0.002	L4	L4	single_or_fixed	0	-
COMP	rifampicin	rpoC	p.A969T	969	missense	NC_000962.3:766273:G:A	1	1	1	1	0.002	L4	L4	single_or_fixed	0	-
COMP	rifampicin	rpoC	p.A98V	98	missense	NC_000962.3:763661:C:T	1	1	1	1	0.002	L4	L4	single_or_fixed	0	-
COMP	rifampicin	rpoC	p.I1167V	1167	missense	NC_000962.3:766867:A:G	1	1	1	1	0.002	L4	L4	single_or_fixed	0	-
COMP	rifampicin	rpoC	p.E1074K	1074	missense	NC_000962.3:766588:G:A	1	1	1	1	0.01	L1	L1	single_or_fixed	0	-
COMP	rifampicin	rpoC	p.V1158I	1158	missense	NC_000962.3:766840:G:A	1	1	1	1	0.01	L1	L1	single_or_fixed	0	-
COMP	rifampicin	rpoC	p.R904H	904	missense	NC_000962.3:766079:G:A	1	1	1	1	0.01	L1	L1	single_or_fixed	0	-
COMP	rifampicin	rpoC	p.A954V	954	missense	NC_000962.3:766229:C:T	1	1	1	1	0.01	L1	L1	single_or_fixed	0	-
COMP	rifampicin	rpoC	p.I320T	320	missense	NC_000962.3:764327:T:C	1	1	1	1	0.01	L1	L1	single_or_fixed	0	-
COMP	rifampicin	rpoC	p.T596A	596	missense	NC_000962.3:765154:A:G	1	1	1	1	0.01	L1	L1	single_or_fixed	0	rifampicin:uncertain
COMP	rifampicin	rpoC	p.I509V	509	missense	NC_000962.3:764893:A:G	1	1	1	1	0.01	L1	L1	single_or_fixed	0	rifampicin:uncertain
COMP	rifampicin	rpoC	p.E1056A	1056	missense	NC_000962.3:766535:A:C	1	1	1	1	0.01	L1	L1	single_or_fixed	0	-
COMP	rifampicin	rpoC	p.T924I	924	missense	NC_000962.3:766139:C:T	1	1	1	1	0.01	L1	L1	single_or_fixed	0	-
COMP	rifampicin	rpoC	p.H653Y	653	missense	NC_000962.3:765325:C:T	1	1	1	1	0.01	L1	L1	single_or_fixed	0	-
COMP	rifampicin	rpoC	p.A661V	661	missense	NC_000962.3:765350:C:T	1	1	1	1	0.002	L4	L4	single_or_fixed	0	-
COMP	rifampicin	rpoC	p.L952V	952	missense	NC_000962.3:766222:C:G	1	1	1	1	0.002	L4	L4	single_or_fixed	0	-
COMP	rifampicin	rpoC	p.Y134N	134	missense	NC_000962.3:763768:T:A	1	1	1	1	0.01	L1	L1	single_or_fixed	0	-
COMP	rifampicin	rpoC	p.H145Y	145	missense	NC_000962.3:763801:C:T	1	1	1	1	0.01	L1	L1	single_or_fixed	0	rifampicin:uncertain
COMP	rifampicin	rpoC	p.G1102S	1102	missense	NC_000962.3:766672:G:A	1	1	1	1	0.01	L1	L1	single_or_fixed	0	-
COMP	rifampicin	rpoC	p.L463F	463	missense	NC_000962.3:764755:C:T	1	1	1	1	0.01	L1	L1	single_or_fixed	0	-
COMP	rifampicin	rpoC	p.R1052Q	1052	missense	NC_000962.3:766523:G:A	1	1	1	1	0.002	L4	L4	single_or_fixed	0	-
COMP	rifampicin	rpoC	p.E1120K	1120	missense	NC_000962.3:766726:G:A	1	1	1	1	0.002	L4	L4	single_or_fixed	0	-
COMP	rifampicin	rpoC	p.A933P	933	missense	NC_000962.3:766165:G:C	1	1	1	1	0.225	L5	L5	single_or_fixed	0	-
COMP	rifampicin	rpoC	p.G1311D	1311	missense	NC_000962.3:767300:G:A	1	1	1	1	0.002	L4	L4	single_or_fixed	0	-
COMP	rifampicin	rpoC	p.E772G	772	missense	NC_000962.3:765683:A:G	1	1	1	1	0.002	L4	L4	single_or_fixed	0	-
COMP	rifampicin	rpoC	p.A189V	189	missense	NC_000962.3:763934:C:T	1	1	1	1	0.01	L1	L1	single_or_fixed	0	-
COMP	rifampicin	rpoC	p.T596S	596	missense	NC_000962.3:765154:A:T	1	1	1	1	0.01	L1	L1	single_or_fixed	0	-
COMP	rifampicin	rpoC	p.K715Q	715	missense	NC_000962.3:765511:A:C	1	1	1	1	0.002	L4	L4	single_or_fixed	0	-
COMP	rifampicin	rpoC	p.K437R	437	missense	NC_000962.3:764678:A:G	1	1	1	1	0.002	L4	L4	single_or_fixed	0	-
COMP	rifampicin	rpoC	p.D462H	462	missense	NC_000962.3:764752:G:C	1	1	1	1	0.002	L4	L4	single_or_fixed	0	-
COMP	rifampicin	rpoC	p.N1239I	1239	missense	NC_000962.3:767084:A:T	1	1	1	1	0.002	L4	L4	single_or_fixed	0	-
COMP	rifampicin	rpoC	p.D331A	331	missense	NC_000962.3:764360:A:C	1	1	1	1	0.002	L4	L4	single_or_fixed	0	rifampicin:uncertain
COMP	rifampicin	rpoC	p.V886A	886	missense	NC_000962.3:766025:T:C	1	1	1	1	0.002	L4	L4	single_or_fixed	0	rifampicin:uncertain
COMP	rifampicin	rpoC	p.P1295S	1295	missense	NC_000962.3:767251:C:T	1	1	1	1	0.002	L4	L4	single_or_fixed	0	-
COMP	rifampicin	rpoC	p.E18Q	18	missense	NC_000962.3:763420:G:C	1	1	1	1	0.002	L4	L4	single_or_fixed	0	rifampicin:uncertain
COMP	rifampicin	rpoC	p.M143R	143	missense	NC_000962.3:763796:T:G	1	1	1	1	0.002	L4	L4	single_or_fixed	0	-
COMP	rifampicin	rpoC	p.P643L	643	missense	NC_000962.3:765296:C:T	1	1	1	1	0.002	L4	L4	single_or_fixed	0	rifampicin:uncertain
COMP	rifampicin	rpoC	p.T102I	102	missense	NC_000962.3:763673:C:T	1	1	1	1	0.002	L4	L4	single_or_fixed	0	rifampicin:uncertain
COMP	rifampicin	rpoC	p.E744K	744	missense	NC_000962.3:765598:G:A	1	1	1	1	0.002	L4	L4	single_or_fixed	0	-
COMP	rifampicin	rpoC	p.E1277K	1277	missense	NC_000962.3:767197:G:A	1	1	1	1	0.002	L4	L4	single_or_fixed	0	rifampicin:uncertain
COMP	rifampicin	rpoC	p.R194Q	194	missense	NC_000962.3:763949:G:A	1	1	1	1	0.002	L4	L4	single_or_fixed	0	-
COMP	rifampicin	rpoC	p.R218W	218	missense	NC_000962.3:764020:C:T	1	1	1	1	0.01	L1	L1	single_or_fixed	0	-
COMP	rifampicin	rpoC	p.D1169Y	1169	missense	NC_000962.3:766873:G:T	1	1	1	1	0.002	L4	L4	single_or_fixed	0	-
COMP	rifampicin	rpoC	p.G1026S	1026	missense	NC_000962.3:766444:G:A	1	1	1	1	0.002	L4	L4	single_or_fixed	0	-
COMP	rifampicin	rpoC	p.A861S	861	missense	NC_000962.3:765949:G:T	1	1	1	1	0.002	L4	L4	single_or_fixed	0	rifampicin:uncertain
COMP	rifampicin	rpoC	p.E1137A	1137	missense	NC_000962.3:766778:A:C	1	1	1	1	0.002	L4	L4	single_or_fixed	0	rifampicin:uncertain
COMP	rifampicin	rpoC	p.T977I	977	missense	NC_000962.3:766298:C:T	1	1	1	1	0.002	L4	L4	single_or_fixed	0	-
COMP	rifampicin	rpoC	p.K634R	634	missense	NC_000962.3:765269:A:G	1	1	1	1	0.002	L4	L4	single_or_fixed	0	-
COMP	rifampicin	rpoC	p.D768E	768	missense	NC_000962.3:765672:C:G	1	1	1	1	0.002	L4	L4	single_or_fixed	0	-
COMP	rifampicin	rpoC	p.N771T	771	missense	NC_000962.3:765680:A:C	1	1	1	1	0.002	L4	L4	single_or_fixed	0	-
COMP	rifampicin	rpoC	p.E1106D	1106	missense	NC_000962.3:766686:G:T	1	1	1	1	0.002	L4	L4	single_or_fixed	0	-
COMP	rifampicin	rpoC	p.Y248F	248	missense	NC_000962.3:764111:A:T	1	1	1	1	0.002	L4	L4	single_or_fixed	0	-
COMP	rifampicin	rpoC	p.S276A	276	missense	NC_000962.3:764194:T:G	1	1	1	1	0.002	L4	L4	single_or_fixed	0	-
COMP	rifampicin	rpoC	p.A179T	179	missense	NC_000962.3:763903:G:A	1	1	1	1	0.002	L4	L4	single_or_fixed	0	-
COMP	rifampicin	rpoC	p.H748R	748	missense	NC_000962.3:765611:A:G	1	1	1	1	0.002	L4	L4	single_or_fixed	0	-
COMP	rifampicin	rpoC	p.A648S	648	missense	NC_000962.3:765310:G:T	1	1	1	1	0.002	L4	L4	single_or_fixed	0	-
COMP	rifampicin	rpoC	p.D795A	795	missense	NC_000962.3:765752:A:C	1	1	1	1	0.002	L4	L4	single_or_fixed	0	rifampicin:uncertain
COMP	rifampicin	rpoC	p.I646L	646	missense	NC_000962.3:765304:A:C	1	1	1	1	0.002	L4	L4	single_or_fixed	0	-
COMP	rifampicin	rpoC	p.E1185G	1185	missense	NC_000962.3:766922:A:G	1	1	1	1	0.002	L4	L4	single_or_fixed	0	-
COMP	rifampicin	rpoC	p.A719T	719	missense	NC_000962.3:765523:G:A	1	1	1	1	0.002	L4	L4	single_or_fixed	0	-
COMP	rifampicin	rpoA	p.A154S	154	missense	NC_000962.3:3878047:C:A	1	1	1	1	0.01	L1	L1	single_or_fixed	0	-
COMP	rifampicin	rpoA	p.E24G	24	missense	NC_000962.3:3878436:T:C	1	1	1	1	0.002	L4	L4	single_or_fixed	0	rifampicin:uncertain
COMP	rifampicin	rpoA	p.S331W	331	missense	NC_000962.3:3877515:G:C	1	1	1	1	0.002	L4	L4	single_or_fixed	0	rifampicin:uncertain
COMP	rifampicin	rpoA	p.E71D	71	missense	NC_000962.3:3878294:T:G	1	1	1	1	0.085	L6	L6	single_or_fixed	0	-
COMP	rifampicin	rpoA	p.E88D	88	missense	NC_000962.3:3878243:C:A	1	1	1	1	0.01	L1	L1	single_or_fixed	0	-
COMP	rifampicin	rpoA	p.V66A	66	missense	NC_000962.3:3878310:A:G	1	1	1	1	0.01	L1	L1	single_or_fixed	0	rifampicin:uncertain
COMP	rifampicin	rpoA	p.T327I	327	missense	NC_000962.3:3877527:G:A	1	1	1	1	0.002	L4	L4	single_or_fixed	0	-
COMP	rifampicin	rpoA	p.G305A	305	missense	NC_000962.3:3877593:C:G	1	1	1	1	0.003	L2	L2	single_or_fixed	0	rifampicin:uncertain
COMP	rifampicin	rpoA	p.K298T	298	missense	NC_000962.3:3877614:T:G	1	1	1	1	0.003	L2	L2	single_or_fixed	0	rifampicin:uncertain
COMP	rifampicin	rpoA	p.H270N	270	missense	NC_000962.3:3877699:G:T	1	1	1	1	0.003	L2	L2	single_or_fixed	0	-
COMP	rifampicin	rpoA	p.K177M	177	missense	NC_000962.3:3877977:T:A	1	1	1	1	0.003	L2	L2	single_or_fixed	0	-
COMP	rifampicin	rpoA	p.E88G	88	missense	NC_000962.3:3878244:T:C	1	1	1	1	0.011	L3	L3	single_or_fixed	0	-
COMP	rifampicin	rpoA	p.L304R	304	missense	NC_000962.3:3877596:A:C	1	1	1	1	0.003	L2	L2	single_or_fixed	0	-
COMP	rifampicin	rpoA	p.E345D	345	missense	NC_000962.3:3877472:T:G	1	1	1	1	0.003	L2	L2	single_or_fixed	0	rifampicin:uncertain
COMP	rifampicin	rpoA	p.D165E	165	missense	NC_000962.3:3878012:A:C	1	1	1	1	0.003	L2	L2	single_or_fixed	0	rifampicin:uncertain
COMP	rifampicin	rpoA	p.L138F	138	missense	NC_000962.3:3878095:G:A	1	1	1	1	0.003	L2	L2	single_or_fixed	0	rifampicin:uncertain
COMP	rifampicin	rpoA	p.A180T	180	missense	NC_000962.3:3877969:C:T	1	1	1	1	0.011	L3	L3	single_or_fixed	0	rifampicin:uncertain
COMP	rifampicin	rpoA	p.A321V	321	missense	NC_000962.3:3877545:G:A	1	1	1	1	0.011	L3	L3	single_or_fixed	0	rifampicin:uncertain
COMP	rifampicin	rpoA	p.Q185L	185	missense	NC_000962.3:3877953:T:A	1	1	1	1	0.003	L2	L2	single_or_fixed	0	rifampicin:uncertain
COMP	rifampicin	rpoA	p.P313L	313	missense	NC_000962.3:3877569:G:A	1	1	1	1	0.003	L2	L2	single_or_fixed	0	rifampicin:uncertain
COMP	rifampicin	rpoA	p.G68R	68	missense	NC_000962.3:3878305:C:T	1	1	1	1	0.011	L3	L3	single_or_fixed	0	rifampicin:uncertain
COMP	rifampicin	rpoA	p.E274D	274	missense	NC_000962.3:3877685:T:G	1	1	1	1	0.003	L2	L2	single_or_fixed	0	-
COMP	rifampicin	rpoA	p.E333A	333	missense	NC_000962.3:3877509:T:G	1	1	1	1	0.011	L3	L3	single_or_fixed	0	-
COMP	rifampicin	rpoA	p.F63C	63	missense	NC_000962.3:3878319:A:C	1	1	1	1	0.003	L2	L2	single_or_fixed	0	rifampicin:uncertain
COMP	rifampicin	rpoA	p.I193S	193	missense	NC_000962.3:3877929:A:C	1	1	1	1	0.003	L2	L2	single_or_fixed	0	-
COMP	rifampicin	rpoA	p.E197A	197	missense	NC_000962.3:3877917:T:G	1	1	1	1	0.011	L3	L3	single_or_fixed	0	rifampicin:uncertain
COMP	rifampicin	rpoA	p.H124R	124	missense	NC_000962.3:3878136:T:C	1	1	1	1	0.003	L2	L2	single_or_fixed	0	-
COMP	rifampicin	rpoA	p.L9V	9	missense	NC_000962.3:3878482:G:C	1	1	1	1	0.011	L3	L3	single_or_fixed	0	-
COMP	rifampicin	rpoA	p.T214M	214	missense	NC_000962.3:3877866:G:A	1	1	1	1	0.011	L3	L3	single_or_fixed	0	rifampicin:uncertain
COMP	rifampicin	rpoA	p.V183L	183	missense	NC_000962.3:3877960:C:G	1	1	1	1	0.003	L2	L2	single_or_fixed	0	rifampicin:uncertain
COMP	rifampicin	rpoA	p.K99R	99	missense	NC_000962.3:3878211:T:C	1	1	1	1	0.003	L2	L2	single_or_fixed	0	rifampicin:uncertain
COMP	rifampicin	rpoA	p.A211G	211	missense	NC_000962.3:3877875:G:C	1	1	1	1	0.011	L3	L3	single_or_fixed	0	-
COMP	rifampicin	rpoA	p.R182G	182	missense	NC_000962.3:3877963:G:C	1	1	1	1	0.003	L2	L2	single_or_fixed	0	-
COMP	rifampicin	rpoA	p.G132D	132	missense	NC_000962.3:3878112:C:T	1	1	1	1	0.003	L2	L2	single_or_fixed	0	rifampicin:uncertain
COMP	rifampicin	rpoA	p.K199N	199	missense	NC_000962.3:3877910:C:A	1	1	1	1	0.011	L3	L3	single_or_fixed	0	rifampicin:uncertain
COMP	rifampicin	rpoA	p.E240A	240	missense	NC_000962.3:3877788:T:G	1	1	1	1	0.011	L3	L3	single_or_fixed	0	-
COMP	rifampicin	rpoA	p.A114T	114	missense	NC_000962.3:3878167:C:T	1	1	1	1	0.003	L2	L2	single_or_fixed	0	-
COMP	rifampicin	rpoA	p.Q151P	151	missense	NC_000962.3:3878055:T:G	1	1	1	1	0.003	L2	L2	single_or_fixed	0	rifampicin:uncertain
COMP	rifampicin	rpoA	p.P148T	148	missense	NC_000962.3:3878065:G:T	1	1	1	1	0.003	L2	L2	single_or_fixed	0	-
COMP	rifampicin	rpoA	p.K213N	213	missense	NC_000962.3:3877868:C:G	1	1	1	1	0.003	L2	L2	single_or_fixed	0	-
COMP	rifampicin	rpoA	p.D165G	165	missense	NC_000962.3:3878013:T:C	1	1	1	1	0.003	L2	L2	single_or_fixed	0	-
COMP	rifampicin	rpoA	p.S246A	246	missense	NC_000962.3:3877771:A:C	1	1	1	1	0.003	L2	L2	single_or_fixed	0	-
COMP	rifampicin	rpoA	p.I110T	110	missense	NC_000962.3:3878178:A:G	1	1	1	1	0.003	L2	L2	single_or_fixed	0	-
COMP	rifampicin	rpoA	p.I232V	232	missense	NC_000962.3:3877813:T:C	1	1	1	1	0.003	L2	L2	single_or_fixed	0	-
COMP	rifampicin	rpoA	p.D253E	253	missense	NC_000962.3:3877748:G:T	1	1	1	1	0.003	L2	L2	single_or_fixed	0	-
COMP	rifampicin	rpoA	p.G334V	334	missense	NC_000962.3:3877506:C:A	1	1	1	1	0.003	L2	L2	single_or_fixed	0	-
COMP	rifampicin	rpoA	p.A241T	241	missense	NC_000962.3:3877786:C:T	1	1	1	1	0.003	L2	L2	single_or_fixed	0	-
COMP	rifampicin	rpoA	p.K309E	309	missense	NC_000962.3:3877582:T:C	1	1	1	1	0.003	L2	L2	single_or_fixed	0	-
COMP	rifampicin	rpoA	p.K131N	131	missense	NC_000962.3:3878114:C:G	1	1	1	1	0.003	L2	L2	single_or_fixed	0	-
COMP	rifampicin	rpoA	p.Q339H	339	missense	NC_000962.3:3877490:C:G	1	1	1	1	0.003	L2	L2	single_or_fixed	0	-
COMP	rifampicin	rpoA	p.D253E	253	missense	NC_000962.3:3877748:G:C	1	1	1	1	0.003	L2	L2	single_or_fixed	0	-
COMP	rifampicin	rpoA	p.S311N	311	missense	NC_000962.3:3877575:C:T	1	1	1	1	0.011	L3	L3	single_or_fixed	0	-
COMP	rifampicin	rpoA	p.V227F	227	missense	NC_000962.3:3877828:C:A	1	1	1	1	0.011	L3	L3	single_or_fixed	0	-
COMP	rifampicin	rpoA	p.K191T	191	missense	NC_000962.3:3877935:T:G	1	1	1	1	0.011	L3	L3	single_or_fixed	0	rifampicin:uncertain
COMP	rifampicin	rpoA	p.D195G	195	missense	NC_000962.3:3877923:T:C	1	1	1	1	0.003	L2	L2	single_or_fixed	0	-
COMP	rifampicin	rpoA	p.T175A	175	missense	NC_000962.3:3877984:T:C	1	1	1	1	0.011	L3	L3	single_or_fixed	0	rifampicin:uncertain
COMP	rifampicin	rpoA	p.I162V	162	missense	NC_000962.3:3878023:T:C	1	1	1	1	0.003	L2	L2	single_or_fixed	0	-
COMP	rifampicin	rpoA	p.G160E	160	missense	NC_000962.3:3878028:C:T	1	1	1	1	0.011	L3	L3	single_or_fixed	0	rifampicin:uncertain
COMP	rifampicin	rpoA	p.V116A	116	missense	NC_000962.3:3878160:A:G	1	1	1	1	0.003	L2	L2	single_or_fixed	0	-
COMP	rifampicin	rpoA	p.E104D	104	missense	NC_000962.3:3878195:C:G	1	1	1	1	0.003	L2	L2	single_or_fixed	0	-
COMP	rifampicin	rpoA	p.K300T	300	missense	NC_000962.3:3877608:T:G	1	1	1	1	0.003	L2	L2	single_or_fixed	0	-
COMP	rifampicin	rpoA	p.V69G	69	missense	NC_000962.3:3878301:A:C	1	1	1	1	0.011	L3	L3	single_or_fixed	0	-
COMP	rifampicin	rpoA	p.I244V	244	missense	NC_000962.3:3877777:T:C	1	1	1	1	0.002	L4	L4	single_or_fixed	0	rifampicin:uncertain
COMP	rifampicin	rpoA	p.V66M	66	missense	NC_000962.3:3878311:C:T	1	1	1	1	0.002	L4	L4	single_or_fixed	0	-
COMP	rifampicin	rpoA	p.V118L	118	missense	NC_000962.3:3878155:C:G	1	1	1	1	0.002	L4	L4	single_or_fixed	0	-
COMP	rifampicin	rpoA	p.D252N	252	missense	NC_000962.3:3877753:C:T	1	1	1	1	0.01	L1	L1	single_or_fixed	0	rifampicin:uncertain
COMP	rifampicin	rpoA	p.V258M	258	missense	NC_000962.3:3877735:C:T	1	1	1	1	0.01	L1	L1	single_or_fixed	0	rifampicin:uncertain
COMP	rifampicin	rpoA	p.K81T	81	missense	NC_000962.3:3878265:T:G	1	1	1	1	0.01	L1	L1	single_or_fixed	0	rifampicin:uncertain
COMP	rifampicin	rpoA	p.V183I	183	missense	NC_000962.3:3877960:C:T	1	1	1	1	0.002	L4	L4	single_or_fixed	0	rifampicin:uncertain
COMP	rifampicin	rpoA	p.D310A	310	missense	NC_000962.3:3877578:T:G	1	1	1	1	0.014	BOV	BOV	single_or_fixed	0	rifampicin:uncertain
COMP	rifampicin	rpoA	p.R142C	142	missense	NC_000962.3:3878083:G:A	1	1	1	1	0.002	L4	L4	single_or_fixed	0	-
COMP	rifampicin	rpoA	p.G108A	108	missense	NC_000962.3:3878184:C:G	1	1	1	1	0.002	L4	L4	single_or_fixed	0	-
COMP	rifampicin	rpoA	p.A248V	248	missense	NC_000962.3:3877764:G:A	1	1	1	1	0.002	L4	L4	single_or_fixed	0	rifampicin:uncertain
COMP	rifampicin	rpoA	p.L306M	306	missense	NC_000962.3:3877591:G:T	1	1	1	1	0.01	L1	L1	single_or_fixed	0	rifampicin:uncertain
COMP	rifampicin	rpoA	p.D188G	188	missense	NC_000962.3:3877944:T:C	1	1	1	1	0.002	L4	L4	single_or_fixed	0	-
COMP	rifampicin	rpoA	p.A107T	107	missense	NC_000962.3:3878188:C:T	1	1	1	1	0.01	L1	L1	single_or_fixed	0	rifampicin:uncertain
COMP	rifampicin	rpoA	p.F30L	30	missense	NC_000962.3:3878417:G:C	1	1	1	1	0.01	L1	L1	single_or_fixed	0	-
COMP	rifampicin	rpoA	p.T127M	127	missense	NC_000962.3:3878127:G:A	1	1	1	1	0.002	L4	L4	single_or_fixed	0	rifampicin:uncertain
COMP	rifampicin	rpoA	p.T8A	8	missense	NC_000962.3:3878485:T:C	1	1	1	1	0.002	L4	L4	single_or_fixed	0	-
COMP	rifampicin	rpoA	p.V85L	85	missense	NC_000962.3:3878254:C:G	1	1	1	1	0.002	L4	L4	single_or_fixed	0	rifampicin:uncertain
COMP	rifampicin	rpoA	p.D179A	179	missense	NC_000962.3:3877971:T:G	1	1	1	1	0.002	L4	L4	single_or_fixed	0	rifampicin:uncertain
COMP	rifampicin	rpoA	p.P92S	92	missense	NC_000962.3:3878233:G:A	1	1	1	1	0.002	L4	L4	single_or_fixed	0	rifampicin:uncertain
COMP	rifampicin	rpoA	p.V105F	105	missense	NC_000962.3:3878194:C:A	1	1	1	1	0.002	L4	L4	single_or_fixed	0	-
COMP	rifampicin	rpoA	p.H302R	302	missense	NC_000962.3:3877602:T:C	1	1	1	1	0.01	L1	L1	single_or_fixed	0	rifampicin:uncertain
COMP	rifampicin	rpoA	p.I3V	3	missense	NC_000962.3:3878500:T:C	1	1	1	1	0.002	L4	L4	single_or_fixed	0	rifampicin:uncertain
COMP	rifampicin	rpoA	p.P238Q	238	missense	NC_000962.3:3877794:G:T	1	1	1	1	0.002	L4	L4	single_or_fixed	0	-
COMP	rifampicin	rpoA	p.K99T	99	missense	NC_000962.3:3878211:T:G	1	1	1	1	0.01	L1	L1	single_or_fixed	0	-
COMP	rifampicin	rpoA	p.G220C	220	missense	NC_000962.3:3877849:C:A	1	1	1	1	0.01	L1	L1	single_or_fixed	0	rifampicin:uncertain
COMP	rifampicin	rpoA	p.D295N	295	missense	NC_000962.3:3877624:C:T	1	1	1	1	0.01	L1	L1	single_or_fixed	0	-
COMP	rifampicin	rpoA	p.T8S	8	missense	NC_000962.3:3878484:G:C	1	1	1	1	0.01	L1	L1	single_or_fixed	0	rifampicin:uncertain
COMP	rifampicin	rpoA	p.I294V	294	missense	NC_000962.3:3877627:T:C	1	1	1	1	0.01	L1	L1	single_or_fixed	0	rifampicin:uncertain
COMP	rifampicin	rpoA	p.N120S	120	missense	NC_000962.3:3878148:T:C	1	1	1	1	0.01	L1	L1	single_or_fixed	0	-
COMP	rifampicin	rpoA	p.S82R	82	missense	NC_000962.3:3878261:G:C	1	1	1	1	0.002	L4	L4	single_or_fixed	0	-
COMP	rifampicin	rpoA	p.T64I	64	missense	NC_000962.3:3878316:G:A	1	1	1	1	0.014	BOV	BOV	single_or_fixed	0	-
COMP	rifampicin	rpoA	p.R186C	186	missense	NC_000962.3:3877951:G:A	1	1	1	1	0.01	L1	L1	single_or_fixed	0	-
COMP	rifampicin	rpoA	p.V59L	59	missense	NC_000962.3:3878332:C:G	1	1	1	1	0.014	BOV	BOV	single_or_fixed	0	-
COMP	rifampicin	rpoA	p.K173E	173	missense	NC_000962.3:3877990:T:C	1	1	1	1	0.002	L4	L4	single_or_fixed	0	-
COMP	rifampicin	rpoA	p.R223W	223	missense	NC_000962.3:3877840:G:A	1	1	1	1	0.002	L4	L4	single_or_fixed	0	-
COMP	rifampicin	rpoA	p.M123T	123	missense	NC_000962.3:3878139:A:G	1	1	1	1	0.01	L1	L1	single_or_fixed	0	-
COMP	rifampicin	rpoA	p.A154T	154	missense	NC_000962.3:3878047:C:T	1	1	1	1	0.002	L4	L4	single_or_fixed	0	-
COMP	rifampicin	rpoA	p.S311R	311	missense	NC_000962.3:3877574:G:C	1	1	1	1	0.002	L4	L4	single_or_fixed	0	-
COMP	rifampicin	rpoA	p.I77T	77	missense	NC_000962.3:3878277:A:G	1	1	1	1	0.002	L4	L4	single_or_fixed	0	-
COMP	rifampicin	rpoA	p.G68R	68	missense	NC_000962.3:3878305:C:G	1	1	1	1	0.002	L4	L4	single_or_fixed	0	rifampicin:uncertain
COMP	rifampicin	rpoA	p.D242E	242	missense	NC_000962.3:3877781:A:T	1	1	1	1	0.01	L1	L1	single_or_fixed	0	-
COMP	rifampicin	rpoA	p.R186S	186	missense	NC_000962.3:3877951:G:T	1	1	1	1	0.01	L1	L1	single_or_fixed	0	-
COMP	rifampicin	rpoA	p.D255N	255	missense	NC_000962.3:3877744:C:T	1	1	1	1	0.002	L4	L4	single_or_fixed	0	-
COMP	rifampicin	rpoA	p.D179N	179	missense	NC_000962.3:3877972:C:T	1	1	1	1	0.002	L4	L4	single_or_fixed	0	-
COMP	rifampicin	rpoA	p.P238L	238	missense	NC_000962.3:3877794:G:A	1	1	1	1	0.01	L1	L1	single_or_fixed	0	rifampicin:uncertain
COMP	rifampicin	rpoA	p.G103A	103	missense	NC_000962.3:3878199:C:G	1	1	1	1	0.002	L4	L4	single_or_fixed	0	rifampicin:uncertain
COMP	rifampicin	rpoA	p.F289V	289	missense	NC_000962.3:3877642:A:C	1	1	1	1	0.014	BOV	BOV	single_or_fixed	0	-
COMP	rifampicin	rpoA	p.A107S	107	missense	NC_000962.3:3878188:C:A	1	1	1	1	0.002	L4	L4	single_or_fixed	0	rifampicin:uncertain
COMP	rifampicin	rpoA	p.L80F	80	missense	NC_000962.3:3878269:G:A	1	1	1	1	0.002	L4	L4	single_or_fixed	0	rifampicin:uncertain
COMP	rifampicin	rpoA	p.D337Y	337	missense	NC_000962.3:3877498:C:A	1	1	1	1	0.002	L4	L4	single_or_fixed	0	rifampicin:uncertain
COMP	rifampicin	rpoA	p.G103S	103	missense	NC_000962.3:3878200:C:T	1	1	1	1	0.002	L4	L4	single_or_fixed	0	rifampicin:uncertain
COMP	rifampicin	rpoA	p.T117I	117	missense	NC_000962.3:3878157:G:A	1	1	1	1	0.002	L4	L4	single_or_fixed	0	rifampicin:uncertain
COMP	rifampicin	rpoA	p.D188A	188	missense	NC_000962.3:3877944:T:G	1	1	1	1	0.002	L4	L4	single_or_fixed	0	-
COMP	rifampicin	rpoA	p.G108V	108	missense	NC_000962.3:3878184:C:A	1	1	1	1	0.002	L4	L4	single_or_fixed	0	-
COMP	rifampicin	rpoA	p.I244T	244	missense	NC_000962.3:3877776:A:G	1	1	1	1	0.002	L4	L4	single_or_fixed	0	-
COMP	rifampicin	rpoA	p.V13I	13	missense	NC_000962.3:3878470:C:T	1	1	1	1	0.002	L4	L4	single_or_fixed	0	-
COMP	rifampicin	rpoA	p.L308I	308	missense	NC_000962.3:3877585:G:T	1	1	1	1	0.002	L4	L4	single_or_fixed	0	-
COMP	rifampicin	rpoA	p.D12E	12	missense	NC_000962.3:3878471:G:C	1	1	1	1	0.002	L4	L4	single_or_fixed	0	-
COMP	rifampicin	rpoA	p.A211V	211	missense	NC_000962.3:3877875:G:A	1	1	1	1	0.002	L4	L4	single_or_fixed	0	-
COMP	rifampicin	rpoA	p.E240G	240	missense	NC_000962.3:3877788:T:C	1	1	1	1	0.01	L1	L1	single_or_fixed	0	-
COMP	rifampicin	rpoA	p.S37A	37	missense	NC_000962.3:3878398:A:C	1	1	1	1	0.01	L1	L1	single_or_fixed	0	-
COMP	rifampicin	rpoA	p.G68W	68	missense	NC_000962.3:3878305:C:A	1	1	1	1	0.01	L1	L1	single_or_fixed	0	-
COMP	rifampicin	rpoA	p.G220D	220	missense	NC_000962.3:3877848:C:T	1	1	1	1	0.01	L1	L1	single_or_fixed	0	-
COMP	rifampicin	rpoA	p.D295G	295	missense	NC_000962.3:3877623:T:C	1	1	1	1	0.002	L4	L4	single_or_fixed	0	-
COMP	rifampicin	rpoA	p.G235R	235	missense	NC_000962.3:3877804:C:T	1	1	1	1	0.01	L1	L1	single_or_fixed	0	-
COMP	rifampicin	rpoA	p.S155T	155	missense	NC_000962.3:3878044:A:T	1	1	1	1	0.002	L4	L4	single_or_fixed	0	-
COMP	rifampicin	rpoA	p.A229V	229	missense	NC_000962.3:3877821:G:A	1	1	1	1	0.002	L4	L4	single_or_fixed	0	rifampicin:uncertain
COMP	rifampicin	rpoA	p.I56V	56	missense	NC_000962.3:3878341:T:C	1	1	1	1	0.01	L1	L1	single_or_fixed	0	-
COMP	rifampicin	rpoA	p.S237L	237	missense	NC_000962.3:3877797:G:A	1	1	1	1	0.01	L1	L1	single_or_fixed	0	-
COMP	rifampicin	rpoA	p.D337E	337	missense	NC_000962.3:3877496:G:C	1	1	1	1	0.002	L4	L4	single_or_fixed	0	-
COMP	rifampicin	rpoA	p.V171M	171	missense	NC_000962.3:3877996:C:T	1	1	1	1	0.002	L4	L4	single_or_fixed	0	-
COMP	rifampicin	rpoA	p.E228A	228	missense	NC_000962.3:3877824:T:G	1	1	1	1	0.01	L1	L1	single_or_fixed	0	-
COMP	rifampicin	rpoA	p.K173T	173	missense	NC_000962.3:3877989:T:G	1	1	1	1	0.002	L4	L4	single_or_fixed	0	-
COMP	rifampicin	rpoA	p.K298N	298	missense	NC_000962.3:3877613:C:A	1	1	1	1	0.002	L4	L4	single_or_fixed	0	-
COMP	rifampicin	rpoA	p.A222T	222	missense	NC_000962.3:3877843:C:T	1	1	1	1	0.01	L1	L1	single_or_fixed	0	-
COMP	rifampicin	rpoA	p.S87L	87	missense	NC_000962.3:3878247:G:A	1	1	1	1	0.01	L1	L1	single_or_fixed	0	-
COMP	rifampicin	rpoA	p.D130G	130	missense	NC_000962.3:3878118:T:C	1	1	1	1	0.002	L4	L4	single_or_fixed	0	-
COMP	rifampicin	rpoA	p.L14V	14	missense	NC_000962.3:3878467:G:C	1	1	1	1	0.011	L3	L3	single_or_fixed	0	rifampicin:uncertain
COMP	rifampicin	rpoA	p.E228Q	228	missense	NC_000962.3:3877825:C:G	1	1	1	1	0.01	L1	L1	single_or_fixed	0	-
COMP	rifampicin	rpoA	p.R98G	98	missense	NC_000962.3:3878215:G:C	1	1	1	1	0.002	L4	L4	single_or_fixed	0	-
COMP	rifampicin	rpoA	p.N36S	36	missense	NC_000962.3:3878400:T:C	1	1	1	1	0.011	L3	L3	single_or_fixed	0	rifampicin:uncertain
COMP	rifampicin	rpoA	p.E104A	104	missense	NC_000962.3:3878196:T:G	1	1	1	1	0.002	L4	L4	single_or_fixed	0	rifampicin:uncertain
COMP	rifampicin	rpoA	p.T327S	327	missense	NC_000962.3:3877527:G:C	1	1	1	1	0.002	L4	L4	single_or_fixed	0	-
LZD	linezolid	rplC	p.S210R	210	missense	NC_000962.3:801435:A:C	1	1	1	1	0.01	L1	L1	single_or_fixed	0	-
LZD	linezolid	rplC	p.S138G	138	missense	NC_000962.3:801219:A:G	1	1	1	1	0.002	L4	L4	single_or_fixed	0	-
LZD	linezolid	rplC	p.R38G	38	missense	NC_000962.3:800919:C:G	1	1	1	1	0.003	L2	L2	single_or_fixed	0	-
LZD	linezolid	rplC	p.R165Q	165	missense	NC_000962.3:801301:G:A	1	1	1	1	0.01	L1	L1	single_or_fixed	0	-
LZD	linezolid	rplC	p.L7F	7	missense	NC_000962.3:800826:C:T	1	1	1	1	0.002	L4	L4	single_or_fixed	0	-
LZD	linezolid	rplC	p.G134A	134	missense	NC_000962.3:801208:G:C	1	1	1	1	0.003	L2	L2	single_or_fixed	0	-
LZD	linezolid	rplC	p.M170V	170	missense	NC_000962.3:801315:A:G	1	1	1	1	0.011	L3	L3	single_or_fixed	0	-
LZD	linezolid	rplC	p.A103V	103	missense	NC_000962.3:801115:C:T	1	1	1	1	0.011	L3	L3	single_or_fixed	0	-
LZD	linezolid	rplC	p.H145D	145	missense	NC_000962.3:801240:C:G	1	1	1	1	0.003	L2	L2	single_or_fixed	0	-
LZD	linezolid	rplC	p.M207V	207	missense	NC_000962.3:801426:A:G	1	1	1	1	0.011	L3	L3	single_or_fixed	0	-
LZD	linezolid	rplC	p.R159W	159	missense	NC_000962.3:801282:C:T	1	1	1	1	0.011	L3	L3	single_or_fixed	0	-
LZD	linezolid	rplC	p.A143V	143	missense	NC_000962.3:801235:C:T	1	1	1	1	0.011	L3	L3	single_or_fixed	0	-
LZD	linezolid	rplC	p.R85Q	85	missense	NC_000962.3:801061:G:A	1	1	1	1	0.011	L3	L3	single_or_fixed	0	-
LZD	linezolid	rplC	p.E94G	94	missense	NC_000962.3:801088:A:G	1	1	1	1	0.003	L2	L2	single_or_fixed	0	-
LZD	linezolid	rplC	p.A124S	124	missense	NC_000962.3:801177:G:T	1	1	1	1	0.011	L3	L3	single_or_fixed	0	-
LZD	linezolid	rplC	p.G215S	215	missense	NC_000962.3:801450:G:A	1	1	1	1	0.003	L2	L2	single_or_fixed	0	linezolid:uncertain
LZD	linezolid	rplC	p.T93I	93	missense	NC_000962.3:801085:C:T	1	1	1	1	0.003	L2	L2	single_or_fixed	0	-
LZD	linezolid	rplC	p.G122R	122	missense	NC_000962.3:801171:G:C	1	1	1	1	0.003	L2	L2	single_or_fixed	0	-
LZD	linezolid	rplC	p.G12R	12	missense	NC_000962.3:800841:G:C	1	1	1	1	0.003	L2	L2	single_or_fixed	0	-
LZD	linezolid	rplC	p.K4E	4	missense	NC_000962.3:800817:A:G	1	1	1	1	0.003	L2	L2	single_or_fixed	0	-
LZD	linezolid	rplC	p.H145Q	145	missense	NC_000962.3:801242:C:A	1	1	1	1	0.003	L2	L2	single_or_fixed	0	-
LZD	linezolid	rplC	p.V191A	191	missense	NC_000962.3:801379:T:C	1	1	1	1	0.011	L3	L3	single_or_fixed	0	-
LZD	linezolid	rplC	p.V75A	75	missense	NC_000962.3:801031:T:C	1	1	1	1	0.003	L2	L2	single_or_fixed	0	-
LZD	linezolid	rplC	p.V16L	16	missense	NC_000962.3:800853:G:T	1	1	1	1	0.011	L3	L3	single_or_fixed	0	-
LZD	linezolid	rplC	p.E188G	188	missense	NC_000962.3:801370:A:G	1	1	1	1	0.003	L2	L2	single_or_fixed	0	-
LZD	linezolid	rplC	p.M127V	127	missense	NC_000962.3:801186:A:G	1	1	1	1	0.011	L3	L3	single_or_fixed	0	-
LZD	linezolid	rplC	p.S58N	58	missense	NC_000962.3:800980:G:A	1	1	1	1	0.011	L3	L3	single_or_fixed	0	-
LZD	linezolid	rplC	p.A158P	158	missense	NC_000962.3:801279:G:C	1	1	1	1	0.003	L2	L2	single_or_fixed	0	-
LZD	linezolid	rplC	p.G32E	32	missense	NC_000962.3:800902:G:A	1	1	1	1	0.002	L4	L4	single_or_fixed	0	-
LZD	linezolid	rplC	p.N172S	172	missense	NC_000962.3:801322:A:G	1	1	1	1	0.002	L4	L4	single_or_fixed	0	-
LZD	linezolid	rplC	p.D88A	88	missense	NC_000962.3:801070:A:C	1	1	1	1	0.002	L4	L4	single_or_fixed	0	-
LZD	linezolid	rplC	p.R214*	214	stop_gained	NC_000962.3:801447:C:T	1	1	1	1	0.01	L1	L1	single_or_fixed	0	-
LZD	linezolid	rplC	p.R174W	174	missense	NC_000962.3:801327:C:T	1	1	1	1	0.01	L1	L1	single_or_fixed	0	-
LZD	linezolid	rplC	p.G46A	46	missense	NC_000962.3:800944:G:C	1	1	1	1	0.01	L1	L1	single_or_fixed	0	-
LZD	linezolid	rplC	p.V50M	50	missense	NC_000962.3:800955:G:A	1	1	1	1	0.002	L4	L4	single_or_fixed	0	-
LZD	linezolid	rplC	p.M170I	170	missense	NC_000962.3:801317:G:A	1	1	1	1	0.002	L4	L4	single_or_fixed	0	-
LZD	linezolid	rplC	p.E100A	100	missense	NC_000962.3:801106:A:C	1	1	1	1	0.002	L4	L4	single_or_fixed	0	-
LZD	linezolid	rplC	p.G153E	153	missense	NC_000962.3:801265:G:A	1	1	1	1	0.002	L4	L4	single_or_fixed	0	-
LZD	linezolid	rplC	p.F123L	123	missense	NC_000962.3:801174:T:C	1	1	1	1	0.01	L1	L1	single_or_fixed	0	-
LZD	linezolid	rplC	p.P42R	42	missense	NC_000962.3:800932:C:G	1	1	1	1	0.002	L4	L4	single_or_fixed	0	-
LZD	linezolid	rplC	p.S89L	89	missense	NC_000962.3:801073:C:T	1	1	1	1	0.002	L4	L4	single_or_fixed	0	-
LZD	linezolid	rplC	p.G203C	203	missense	NC_000962.3:801414:G:T	1	1	1	1	0.002	L4	L4	single_or_fixed	0	-
LZD	linezolid	rplC	p.G74D	74	missense	NC_000962.3:801028:G:A	1	1	1	1	0.085	L6	L6	single_or_fixed	0	-
LZD	linezolid	rplC	p.G136S	136	missense	NC_000962.3:801213:G:A	1	1	1	1	0.002	L4	L4	single_or_fixed	0	linezolid:uncertain
LZD	linezolid	rplC	p.K4N	4	missense	NC_000962.3:800819:G:C	1	1	1	1	0.01	L1	L1	single_or_fixed	0	-
LZD	linezolid	rplC	p.D173N	173	missense	NC_000962.3:801324:G:A	1	1	1	1	0.002	L4	L4	single_or_fixed	0	-
LZD	linezolid	rplC	p.S89A	89	missense	NC_000962.3:801072:T:G	1	1	1	1	0.002	L4	L4	single_or_fixed	0	linezolid:uncertain
LZD	linezolid	rplC	p.N189S	189	missense	NC_000962.3:801373:A:G	1	1	1	1	0.002	L4	L4	single_or_fixed	0	-
LZD	linezolid	rplC	p.R147C	147	missense	NC_000962.3:801246:C:T	1	1	1	1	0.01	L1	L1	single_or_fixed	0	-
LZD	linezolid	rplC	p.L178F	178	missense	NC_000962.3:801339:C:T	1	1	1	1	0.002	L4	L4	single_or_fixed	0	-
LZD	linezolid	rplC	p.V160L	160	missense	NC_000962.3:801285:G:T	1	1	1	1	0.01	L1	L1	single_or_fixed	0	-
LZD	linezolid	rplC	p.Q142H	142	missense	NC_000962.3:801233:G:C	1	1	1	1	0.002	L4	L4	single_or_fixed	0	-
LZD	linezolid	rplC	p.C154S	154	missense	NC_000962.3:801268:G:C	1	1	1	1	0.002	L4	L4	single_or_fixed	0	-
LZD	linezolid	rplC	p.A82E	82	missense	NC_000962.3:801052:C:A	1	1	1	1	0.01	L1	L1	single_or_fixed	0	-
LZD	linezolid	rplC	p.G98R	98	missense	NC_000962.3:801099:G:A	1	1	1	1	0.01	L1	L1	single_or_fixed	0	linezolid:uncertain
LZD	linezolid	rplC	p.K4T	4	missense	NC_000962.3:800818:A:C	1	1	1	1	0.002	L4	L4	single_or_fixed	0	-
LZD	linezolid	rplC	p.V182L	182	missense	NC_000962.3:801351:G:T	1	1	1	1	0.002	L4	L4	single_or_fixed	0	-
LZD	linezolid	rplC	p.P59L	59	missense	NC_000962.3:800983:C:T	1	1	1	1	0.01	L1	L1	single_or_fixed	0	-
LZD	linezolid	rplC	p.H139Y	139	missense	NC_000962.3:801222:C:T	1	1	1	1	0.002	L4	L4	single_or_fixed	0	-
LZD	linezolid	rplC	p.V26M	26	missense	NC_000962.3:800883:G:A	1	1	1	1	0.002	L4	L4	single_or_fixed	0	-
LZD	linezolid	rplC	p.G204R	204	missense	NC_000962.3:801417:G:A	1	1	1	1	0.002	L4	L4	single_or_fixed	0	-
LZD	linezolid	rplC	p.A73T	73	missense	NC_000962.3:801024:G:A	1	1	1	1	0.002	L4	L4	single_or_fixed	0	-
LZD	linezolid	rplC	p.V208I	208	missense	NC_000962.3:801429:G:A	1	1	1	1	0.002	L4	L4	single_or_fixed	0	-
LZD	linezolid	rplC	p.V112A	112	missense	NC_000962.3:801142:T:C	1	1	1	1	0.002	L4	L4	single_or_fixed	0	-
LZD	linezolid	rplC	p.L178V	178	missense	NC_000962.3:801339:C:G	1	1	1	1	0.002	L4	L4	single_or_fixed	0	-
LZD	linezolid	rplC	p.G109R	109	missense	NC_000962.3:801132:G:C	1	1	1	1	0.002	L4	L4	single_or_fixed	0	-
LZD	linezolid	rplC	p.V177I	177	missense	NC_000962.3:801336:G:A	1	1	1	1	0.01	L1	L1	single_or_fixed	0	-
LZD	linezolid	rplC	p.V144A	144	missense	NC_000962.3:801238:T:C	1	1	1	1	0.002	L4	L4	single_or_fixed	0	-
LZD	linezolid	rplC	p.S210N	210	missense	NC_000962.3:801436:G:A	1	1	1	1	0.002	L4	L4	single_or_fixed	0	-
LZD	linezolid	rplC	p.S48G	48	missense	NC_000962.3:800949:A:G	1	1	1	1	0.002	L4	L4	single_or_fixed	0	-
LZD	linezolid	rplC	p.E216K	216	missense	NC_000962.3:801453:G:A	1	1	1	1	0.002	L4	L4	single_or_fixed	0	-
LZD	linezolid	rplC	p.S48N	48	missense	NC_000962.3:800950:G:A	1	1	1	1	0.01	L1	L1	single_or_fixed	0	-
LZD	linezolid	rplC	p.E100G	100	missense	NC_000962.3:801106:A:G	1	1	1	1	0.01	L1	L1	single_or_fixed	0	-
LZD	linezolid	rplC	p.A158G	158	missense	NC_000962.3:801280:C:G	1	1	1	1	0.002	L4	L4	single_or_fixed	0	-
LZD	linezolid	rplC	p.R201H	201	missense	NC_000962.3:801409:G:A	1	1	1	1	0.01	L1	L1	single_or_fixed	0	-
LZD	linezolid	rplC	p.V35L	35	missense	NC_000962.3:800910:G:T	1	1	1	1	0.01	L1	L1	single_or_fixed	0	-
LZD	linezolid	rplC	p.R78C	78	missense	NC_000962.3:801039:C:T	1	1	1	1	0.01	L1	L1	single_or_fixed	0	-
LZD	linezolid	rplC	p.V191L	191	missense	NC_000962.3:801378:G:T	1	1	1	1	0.01	L1	L1	single_or_fixed	0	-
LZD	linezolid	rplC	p.H145Q	145	missense	NC_000962.3:801242:C:G	1	1	1	1	0.002	L4	L4	single_or_fixed	0	-
LZD	linezolid	rplC	p.A82V	82	missense	NC_000962.3:801052:C:T	1	1	1	1	0.002	L4	L4	single_or_fixed	0	-
LZD	linezolid	rplC	p.D113V	113	missense	NC_000962.3:801145:A:T	1	1	1	1	0.01	L1	L1	single_or_fixed	0	-
LZD	linezolid	rplC	p.G8A	8	missense	NC_000962.3:800830:G:C	1	1	1	1	0.01	L1	L1	single_or_fixed	0	-
LZD	linezolid	rplC	p.K217Q	217	missense	NC_000962.3:801456:A:C	1	1	1	1	0.01	L1	L1	single_or_fixed	0	-
LZD	linezolid	rplC	p.P42A	42	missense	NC_000962.3:800931:C:G	1	1	1	1	0.002	L4	L4	single_or_fixed	0	-
LZD	linezolid	rplC	p.V23I	23	missense	NC_000962.3:800874:G:A	1	1	1	1	0.002	L4	L4	single_or_fixed	0	-
LZD	linezolid	rplC	p.E188D	188	missense	NC_000962.3:801371:G:C	1	1	1	1	0.002	L4	L4	single_or_fixed	0	-
LZD	linezolid	rplC	p.A187P	187	missense	NC_000962.3:801366:G:C	1	1	1	1	0.002	L4	L4	single_or_fixed	0	-
LZD	linezolid	rplC	p.T202A	202	missense	NC_000962.3:801411:A:G	1	1	1	1	0.002	L4	L4	single_or_fixed	0	-
LZD	linezolid	rplC	p.L52V	52	missense	NC_000962.3:800961:C:G	1	1	1	1	0.01	L1	L1	single_or_fixed	0	-
MFX	moxifloxacin	gyrB	p.F475V	475	missense	NC_000962.3:6661:T:G	1	1	1	1	0.01	L1	L1	single_or_fixed	0	moxifloxacin:uncertain
MFX	moxifloxacin	gyrB	p.N389K	389	missense	NC_000962.3:6405:C:G	1	1	1	1	0.014	BOV	BOV	single_or_fixed	0	-
MFX	moxifloxacin	gyrB	p.V258M	258	missense	NC_000962.3:6010:G:A	1	1	1	1	0.003	L2	L2	single_or_fixed	0	-
MFX	moxifloxacin	gyrB	p.G60S	60	missense	NC_000962.3:5416:G:A	1	1	1	1	0.01	L1	L1	single_or_fixed	0	-
MFX	moxifloxacin	gyrB	p.V387I	387	missense	NC_000962.3:6397:G:A	1	1	1	1	0.01	L1	L1	single_or_fixed	0	-
MFX	moxifloxacin	gyrB	p.D657E	657	missense	NC_000962.3:7209:C:G	1	1	1	1	0.002	L4	L4	single_or_fixed	0	-
MFX	moxifloxacin	gyrB	p.F173L	173	missense	NC_000962.3:5757:C:G	1	1	1	1	0.002	L4	L4	single_or_fixed	0	-
MFX	moxifloxacin	gyrB	p.N558H	558	missense	NC_000962.3:6910:A:C	1	1	1	1	0.002	L4	L4	single_or_fixed	0	-
MFX	moxifloxacin	gyrB	p.G38S	38	missense	NC_000962.3:5350:G:A	1	1	1	1	0.01	L1	L1	single_or_fixed	0	levofloxacin:uncertain;moxifloxacin:uncertain
MFX	moxifloxacin	gyrB	p.T37I	37	missense	NC_000962.3:5348:C:T	1	1	1	1	0.01	L1	L1	single_or_fixed	0	-
MFX	moxifloxacin	gyrB	p.D518G	518	missense	NC_000962.3:6791:A:G	1	1	1	1	0.01	L1	L1	single_or_fixed	0	levofloxacin:uncertain;moxifloxacin:uncertain
MFX	moxifloxacin	gyrB	p.I289T	289	missense	NC_000962.3:6104:T:C	1	1	1	1	0.002	L4	L4	single_or_fixed	0	-
MFX	moxifloxacin	gyrB	p.F367L	367	missense	NC_000962.3:6337:T:C	1	1	1	1	0.002	L4	L4	single_or_fixed	0	-
MFX	moxifloxacin	gyrB	p.A643T	643	missense	NC_000962.3:7165:G:A	1	1	1	1	0.003	L2	L2	single_or_fixed	0	-
MFX	moxifloxacin	gyrB	p.G520D	520	missense	NC_000962.3:6797:G:A	1	1	1	1	0.011	L3	L3	single_or_fixed	0	-
MFX	moxifloxacin	gyrB	p.V149I	149	missense	NC_000962.3:5683:G:A	1	1	1	1	0.002	L4	L4	single_or_fixed	0	-
MFX	moxifloxacin	gyrB	p.V675I	675	missense	NC_000962.3:7261:G:A	1	1	1	1	0.002	L4	L4	single_or_fixed	0	levofloxacin:uncertain;moxifloxacin:uncertain
MFX	moxifloxacin	gyrB	p.L638V	638	missense	NC_000962.3:7150:C:G	1	1	1	1	0.002	L4	L4	single_or_fixed	0	levofloxacin:uncertain;moxifloxacin:uncertain
MFX	moxifloxacin	gyrB	p.D112H	112	missense	NC_000962.3:5572:G:C	1	1	1	1	0.002	L4	L4	single_or_fixed	0	levofloxacin:uncertain;moxifloxacin:uncertain
MFX	moxifloxacin	gyrB	p.R634G	634	missense	NC_000962.3:7138:C:G	1	1	1	1	0.002	L4	L4	single_or_fixed	0	-
MFX	moxifloxacin	gyrB	p.R212G	212	missense	NC_000962.3:5872:A:G	1	1	1	1	0.002	L4	L4	single_or_fixed	0	-
MFX	moxifloxacin	gyrB	p.D340E	340	missense	NC_000962.3:6258:C:G	1	1	1	1	0.002	L4	L4	single_or_fixed	0	-
MFX	moxifloxacin	gyrB	p.R417C	417	missense	NC_000962.3:6487:C:T	1	1	1	1	0.003	L2	L2	single_or_fixed	0	levofloxacin:uncertain
MFX	moxifloxacin	gyrB	p.T448A	448	missense	NC_000962.3:6580:A:G	1	1	1	1	0.003	L2	L2	single_or_fixed	0	-
MFX	moxifloxacin	gyrB	p.V502I	502	missense	NC_000962.3:6742:G:A	1	1	1	1	0.003	L2	L2	single_or_fixed	0	-
MFX	moxifloxacin	gyrB	p.N499Y	499	missense	NC_000962.3:6733:A:T	1	1	1	1	0.003	L2	L2	single_or_fixed	0	levofloxacin:uncertain;levofloxacin:uncertain;moxifloxacin:uncertain
MFX	moxifloxacin	gyrB	p.G157A	157	missense	NC_000962.3:5708:G:C	1	1	1	1	0.011	L3	L3	single_or_fixed	0	-
MFX	moxifloxacin	gyrB	p.D225E	225	missense	NC_000962.3:5913:C:A	1	1	1	1	0.003	L2	L2	single_or_fixed	0	levofloxacin:uncertain;moxifloxacin:uncertain
MFX	moxifloxacin	gyrB	p.I506S	506	missense	NC_000962.3:6755:T:G	1	1	1	1	0.003	L2	L2	single_or_fixed	0	-
MFX	moxifloxacin	gyrB	p.H394Y	394	missense	NC_000962.3:6418:C:T	1	1	1	1	0.011	L3	L3	single_or_fixed	0	-
MFX	moxifloxacin	gyrB	p.E136G	136	missense	NC_000962.3:5645:A:G	1	1	1	1	0.003	L2	L2	single_or_fixed	0	-
MFX	moxifloxacin	gyrB	p.I418V	418	missense	NC_000962.3:6490:A:G	1	1	1	1	0.002	L4	L4	single_or_fixed	0	-
MFX	moxifloxacin	gyrB	p.E11K	11	missense	NC_000962.3:5269:G:A	1	1	1	1	0.002	L4	L4	single_or_fixed	0	-
MFX	moxifloxacin	gyrB	p.E239K	239	missense	NC_000962.3:5953:G:A	1	1	1	1	0.014	BOV	BOV	single_or_fixed	0	-
MFX	moxifloxacin	gyrB	p.T371I	371	missense	NC_000962.3:6350:C:T	1	1	1	1	0.002	L4	L4	single_or_fixed	0	levofloxacin:uncertain
MFX	moxifloxacin	gyrB	p.E145K	145	missense	NC_000962.3:5671:G:A	1	1	1	1	0.002	L4	L4	single_or_fixed	0	-
MFX	moxifloxacin	gyrB	p.A87D	87	missense	NC_000962.3:5498:C:A	1	1	1	1	0.002	L4	L4	single_or_fixed	0	-
MFX	moxifloxacin	gyrB	p.V360M	360	missense	NC_000962.3:6316:G:A	1	1	1	1	0.002	L4	L4	single_or_fixed	0	-
MFX	moxifloxacin	gyrB	p.A443T	443	missense	NC_000962.3:6565:G:A	1	1	1	1	0.002	L4	L4	single_or_fixed	0	-
MFX	moxifloxacin	gyrB	p.A467G	467	missense	NC_000962.3:6638:C:G	1	1	1	1	0.002	L4	L4	single_or_fixed	0	-
MFX	moxifloxacin	gyrB	p.D434Y	434	missense	NC_000962.3:6538:G:T	1	1	1	1	0.002	L4	L4	single_or_fixed	0	-
MFX	moxifloxacin	gyrB	p.D577G	577	missense	NC_000962.3:6968:A:G	1	1	1	1	0.002	L4	L4	single_or_fixed	0	-
MFX	moxifloxacin	gyrB	p.Y524H	524	missense	NC_000962.3:6808:T:C	1	1	1	1	0.002	L4	L4	single_or_fixed	0	-
MFX	moxifloxacin	gyrB	p.R429G	429	missense	NC_000962.3:6523:C:G	1	1	1	1	0.003	L2	L2	single_or_fixed	0	-
MFX	moxifloxacin	gyrB	p.A355D	355	missense	NC_000962.3:6302:C:A	1	1	1	1	0.003	L2	L2	single_or_fixed	0	-
MFX	moxifloxacin	gyrB	p.L571F	571	missense	NC_000962.3:6949:C:T	1	1	1	1	0.011	L3	L3	single_or_fixed	0	-
MFX	moxifloxacin	gyrB	p.D577A	577	missense	NC_000962.3:6968:A:C	1	1	1	1	0.003	L2	L2	single_or_fixed	0	-
MFX	moxifloxacin	gyrB	p.M291V	291	missense	NC_000962.3:6109:A:G	1	1	1	1	0.003	L2	L2	single_or_fixed	0	-
MFX	moxifloxacin	gyrB	p.L479I	479	missense	NC_000962.3:6673:C:A	1	1	1	1	0.011	L3	L3	single_or_fixed	0	-
MFX	moxifloxacin	gyrB	p.I650S	650	missense	NC_000962.3:7187:T:G	1	1	1	1	0.003	L2	L2	single_or_fixed	0	-
MFX	moxifloxacin	gyrB	p.I486M	486	missense	NC_000962.3:6696:C:G	1	1	1	1	0.003	L2	L2	single_or_fixed	0	-
MFX	moxifloxacin	gyrB	p.H244N	244	missense	NC_000962.3:5968:C:A	1	1	1	1	0.003	L2	L2	single_or_fixed	0	-
MFX	moxifloxacin	gyrB	p.T625I	625	missense	NC_000962.3:7112:C:T	1	1	1	1	0.003	L2	L2	single_or_fixed	0	-
MFX	moxifloxacin	gyrB	p.E217K	217	missense	NC_000962.3:5887:G:A	1	1	1	1	0.011	L3	L3	single_or_fixed	0	-
MFX	moxifloxacin	gyrB	p.V427A	427	missense	NC_000962.3:6518:T:C	1	1	1	1	0.011	L3	L3	single_or_fixed	0	-
MFX	moxifloxacin	gyrB	p.P94R	94	missense	NC_000962.3:5519:C:G	1	1	1	1	0.003	L2	L2	single_or_fixed	0	-
MFX	moxifloxacin	gyrB	p.V535I	535	missense	NC_000962.3:6841:G:A	1	1	1	1	0.011	L3	L3	single_or_fixed	0	levofloxacin:uncertain;moxifloxacin:uncertain
MFX	moxifloxacin	gyrB	p.V222M	222	missense	NC_000962.3:5902:G:A	1	1	1	1	0.011	L3	L3	single_or_fixed	0	levofloxacin:uncertain;moxifloxacin:uncertain
MFX	moxifloxacin	gyrB	p.W47S	47	missense	NC_000962.3:5378:G:C	1	1	1	1	0.011	L3	L3	single_or_fixed	0	-
MFX	moxifloxacin	gyrB	p.P450Q	450	missense	NC_000962.3:6587:C:A	1	1	1	1	0.003	L2	L2	single_or_fixed	0	-
MFX	moxifloxacin	gyrB	p.K498R	498	missense	NC_000962.3:6731:A:G	1	1	1	1	0.011	L3	L3	single_or_fixed	0	-
MFX	moxifloxacin	gyrB	p.V137L	137	missense	NC_000962.3:5647:G:C	1	1	1	1	0.011	L3	L3	single_or_fixed	0	-
MFX	moxifloxacin	gyrB	p.K599R	599	missense	NC_000962.3:7034:A:G	1	1	1	1	0.003	L2	L2	single_or_fixed	0	levofloxacin:uncertain;moxifloxacin:uncertain
MFX	moxifloxacin	gyrB	p.D627N	627	missense	NC_000962.3:7117:G:A	1	1	1	1	0.003	L2	L2	single_or_fixed	0	-
MFX	moxifloxacin	gyrB	p.S274C	274	missense	NC_000962.3:6058:A:T	1	1	1	1	0.003	L2	L2	single_or_fixed	0	-
MFX	moxifloxacin	gyrB	p.E317K	317	missense	NC_000962.3:6187:G:A	1	1	1	1	0.003	L2	L2	single_or_fixed	0	-
MFX	moxifloxacin	gyrB	p.T401A	401	missense	NC_000962.3:6439:A:G	1	1	1	1	0.003	L2	L2	single_or_fixed	0	-
MFX	moxifloxacin	gyrB	p.L156M	156	missense	NC_000962.3:5704:C:A	1	1	1	1	0.011	L3	L3	single_or_fixed	0	levofloxacin:uncertain;moxifloxacin:uncertain
MFX	moxifloxacin	gyrB	p.V630F	630	missense	NC_000962.3:7126:G:T	1	1	1	1	0.011	L3	L3	single_or_fixed	0	-
MFX	moxifloxacin	gyrB	p.T346S	346	missense	NC_000962.3:6275:C:G	1	1	1	1	0.011	L3	L3	single_or_fixed	0	-
MFX	moxifloxacin	gyrB	p.N408D	408	missense	NC_000962.3:6460:A:G	1	1	1	1	0.011	L3	L3	single_or_fixed	0	-
MFX	moxifloxacin	gyrB	p.V75G	75	missense	NC_000962.3:5462:T:G	1	1	1	1	0.003	L2	L2	single_or_fixed	0	levofloxacin:uncertain;moxifloxacin:uncertain
MFX	moxifloxacin	gyrB	p.E21D	21	missense	NC_000962.3:5301:A:T	1	1	1	1	0.011	L3	L3	single_or_fixed	0	levofloxacin:uncertain;moxifloxacin:uncertain
MFX	moxifloxacin	gyrB	p.D588N	588	missense	NC_000962.3:7000:G:A	1	1	1	1	0.011	L3	L3	single_or_fixed	0	levofloxacin:uncertain;moxifloxacin:uncertain
MFX	moxifloxacin	gyrB	p.K452E	452	missense	NC_000962.3:6592:A:G	1	1	1	1	0.011	L3	L3	single_or_fixed	0	-
MFX	moxifloxacin	gyrB	p.E620K	620	missense	NC_000962.3:7096:G:A	1	1	1	1	0.011	L3	L3	single_or_fixed	0	-
MFX	moxifloxacin	gyrB	p.A59T	59	missense	NC_000962.3:5413:G:A	1	1	1	1	0.011	L3	L3	single_or_fixed	0	-
MFX	moxifloxacin	gyrB	p.T170S	170	missense	NC_000962.3:5746:A:T	1	1	1	1	0.011	L3	L3	single_or_fixed	0	-
MFX	moxifloxacin	gyrB	p.V405I	405	missense	NC_000962.3:6451:G:A	1	1	1	1	0.011	L3	L3	single_or_fixed	0	-
MFX	moxifloxacin	gyrB	p.A356G	356	missense	NC_000962.3:6305:C:G	1	1	1	1	0.011	L3	L3	single_or_fixed	0	-
MFX	moxifloxacin	gyrB	p.D220E	220	missense	NC_000962.3:5898:C:A	1	1	1	1	0.011	L3	L3	single_or_fixed	0	levofloxacin:uncertain;moxifloxacin:uncertain
MFX	moxifloxacin	gyrB	p.N666S	666	missense	NC_000962.3:7235:A:G	1	1	1	1	0.003	L2	L2	single_or_fixed	0	levofloxacin:uncertain;moxifloxacin:uncertain
MFX	moxifloxacin	gyrB	p.P343S	343	missense	NC_000962.3:6265:C:T	1	1	1	1	0.003	L2	L2	single_or_fixed	0	levofloxacin:uncertain;moxifloxacin:uncertain
MFX	moxifloxacin	gyrB	p.E145A	145	missense	NC_000962.3:5672:A:C	1	1	1	1	0.003	L2	L2	single_or_fixed	0	-
MFX	moxifloxacin	gyrB	p.A618D	618	missense	NC_000962.3:7091:C:A	1	1	1	1	0.003	L2	L2	single_or_fixed	0	levofloxacin:uncertain;moxifloxacin:uncertain
MFX	moxifloxacin	gyrB	p.K430N	430	missense	NC_000962.3:6528:G:C	1	1	1	1	0.003	L2	L2	single_or_fixed	0	levofloxacin:uncertain;moxifloxacin:uncertain
MFX	moxifloxacin	gyrB	p.D444Y	444	missense	NC_000962.3:6568:G:T	1	1	1	1	0.011	L3	L3	single_or_fixed	0	-
MFX	moxifloxacin	gyrB	p.E557K	557	missense	NC_000962.3:6907:G:A	1	1	1	1	0.011	L3	L3	single_or_fixed	0	-
MFX	moxifloxacin	gyrB	p.L392M	392	missense	NC_000962.3:6412:C:A	1	1	1	1	0.003	L2	L2	single_or_fixed	0	-
MFX	moxifloxacin	gyrB	p.V630A	630	missense	NC_000962.3:7127:T:C	1	1	1	1	0.011	L3	L3	single_or_fixed	0	-
MFX	moxifloxacin	gyrB	p.D655H	655	missense	NC_000962.3:7201:G:C	1	1	1	1	0.011	L3	L3	single_or_fixed	0	-
MFX	moxifloxacin	gyrB	p.S322G	322	missense	NC_000962.3:6202:A:G	1	1	1	1	0.011	L3	L3	single_or_fixed	0	-
MFX	moxifloxacin	gyrB	p.N377T	377	missense	NC_000962.3:6368:A:C	1	1	1	1	0.011	L3	L3	single_or_fixed	0	-
MFX	moxifloxacin	gyrB	p.L442M	442	missense	NC_000962.3:6562:C:A	1	1	1	1	0.011	L3	L3	single_or_fixed	0	-
MFX	moxifloxacin	gyrB	p.E364D	364	missense	NC_000962.3:6330:A:C	1	1	1	1	0.003	L2	L2	single_or_fixed	0	levofloxacin:uncertain;moxifloxacin:uncertain
MFX	moxifloxacin	gyrB	p.P567A	567	missense	NC_000962.3:6937:C:G	1	1	1	1	0.003	L2	L2	single_or_fixed	0	-
MFX	moxifloxacin	gyrB	p.A229E	229	missense	NC_000962.3:5924:C:A	1	1	1	1	0.003	L2	L2	single_or_fixed	0	-
MFX	moxifloxacin	gyrB	p.P400L	400	missense	NC_000962.3:6437:C:T	1	1	1	1	0.003	L2	L2	single_or_fixed	0	-
MFX	moxifloxacin	gyrB	p.V26I	26	missense	NC_000962.3:5314:G:A	1	1	1	1	0.003	L2	L2	single_or_fixed	0	-
MFX	moxifloxacin	gyrB	p.R192C	192	missense	NC_000962.3:5812:C:T	1	1	1	1	0.003	L2	L2	single_or_fixed	0	-
MFX	moxifloxacin	gyrB	p.D472N	472	missense	NC_000962.3:6652:G:A	1	1	1	1	0.003	L2	L2	single_or_fixed	0	levofloxacin:uncertain;moxifloxacin:uncertain
MFX	moxifloxacin	gyrB	p.E235G	235	missense	NC_000962.3:5942:A:G	1	1	1	1	0.003	L2	L2	single_or_fixed	0	-
MFX	moxifloxacin	gyrB	p.A191T	191	missense	NC_000962.3:5809:G:A	1	1	1	1	0.003	L2	L2	single_or_fixed	0	-
MFX	moxifloxacin	gyrB	p.G284E	284	missense	NC_000962.3:6089:G:A	1	1	1	1	0.003	L2	L2	single_or_fixed	0	-
MFX	moxifloxacin	gyrB	p.S36T	36	missense	NC_000962.3:5344:T:A	1	1	1	1	0.003	L2	L2	single_or_fixed	0	-
MFX	moxifloxacin	gyrB	p.Y185S	185	missense	NC_000962.3:5792:A:C	1	1	1	1	0.003	L2	L2	single_or_fixed	0	-
MFX	moxifloxacin	gyrB	p.P554S	554	missense	NC_000962.3:6898:C:T	1	1	1	1	0.003	L2	L2	single_or_fixed	0	-
MFX	moxifloxacin	gyrB	p.E286G	286	missense	NC_000962.3:6095:A:G	1	1	1	1	0.003	L2	L2	single_or_fixed	0	-
MFX	moxifloxacin	gyrB	p.T170M	170	missense	NC_000962.3:5747:C:T	1	1	1	1	0.003	L2	L2	single_or_fixed	0	-
MFX	moxifloxacin	gyrB	p.A416S	416	missense	NC_000962.3:6484:G:T	1	1	1	1	0.003	L2	L2	single_or_fixed	0	-
MFX	moxifloxacin	gyrB	p.V75A	75	missense	NC_000962.3:5462:T:C	1	1	1	1	0.003	L2	L2	single_or_fixed	0	-
MFX	moxifloxacin	gyrB	p.E364K	364	missense	NC_000962.3:6328:G:A	1	1	1	1	0.011	L3	L3	single_or_fixed	0	-
MFX	moxifloxacin	gyrB	p.L529V	529	missense	NC_000962.3:6823:C:G	1	1	1	1	0.011	L3	L3	single_or_fixed	0	-
MFX	moxifloxacin	gyrB	p.L156Q	156	missense	NC_000962.3:5705:T:A	1	1	1	1	0.003	L2	L2	single_or_fixed	0	-
MFX	moxifloxacin	gyrB	p.V502A	502	missense	NC_000962.3:6743:T:C	1	1	1	1	0.003	L2	L2	single_or_fixed	0	-
MFX	moxifloxacin	gyrB	p.A508T	508	missense	NC_000962.3:6760:G:A	1	1	1	1	0.003	L2	L2	single_or_fixed	0	-
MFX	moxifloxacin	gyrB	p.E623A	623	missense	NC_000962.3:7106:A:C	1	1	1	1	0.003	L2	L2	single_or_fixed	0	-
MFX	moxifloxacin	gyrB	p.V636L	636	missense	NC_000962.3:7144:G:T	1	1	1	1	0.003	L2	L2	single_or_fixed	0	-
MFX	moxifloxacin	gyrB	p.G606V	606	missense	NC_000962.3:7055:G:T	1	1	1	1	0.003	L2	L2	single_or_fixed	0	-
MFX	moxifloxacin	gyrB	p.Q503H	503	missense	NC_000962.3:6747:G:C	1	1	1	1	0.003	L2	L2	single_or_fixed	0	-
MFX	moxifloxacin	gyrB	p.L426F	426	missense	NC_000962.3:6516:G:C	1	1	1	1	0.011	L3	L3	single_or_fixed	0	-
MFX	moxifloxacin	gyrB	p.P177R	177	missense	NC_000962.3:5768:C:G	1	1	1	1	0.003	L2	L2	single_or_fixed	0	levofloxacin:uncertain;moxifloxacin:uncertain
MFX	moxifloxacin	gyrB	p.F475L	475	missense	NC_000962.3:6661:T:C	1	1	1	1	0.003	L2	L2	single_or_fixed	0	-
MFX	moxifloxacin	gyrB	p.D655G	655	missense	NC_000962.3:7202:A:G	1	1	1	1	0.003	L2	L2	single_or_fixed	0	-
MFX	moxifloxacin	gyrB	p.T101A	101	missense	NC_000962.3:5539:A:G	1	1	1	1	0.003	L2	L2	single_or_fixed	0	-
MFX	moxifloxacin	gyrB	p.S363R	363	missense	NC_000962.3:6327:C:A	1	1	1	1	0.011	L3	L3	single_or_fixed	0	levofloxacin:uncertain;moxifloxacin:uncertain
MFX	moxifloxacin	gyrB	p.R40H	40	missense	NC_000962.3:5357:G:A	1	1	1	1	0.003	L2	L2	single_or_fixed	0	-
MFX	moxifloxacin	gyrB	p.E368D	368	missense	NC_000962.3:6342:G:C	1	1	1	1	0.003	L2	L2	single_or_fixed	0	-
MFX	moxifloxacin	gyrB	p.G510S	510	missense	NC_000962.3:6766:G:A	1	1	1	1	0.011	L3	L3	single_or_fixed	0	-
MFX	moxifloxacin	gyrB	p.V656I	656	missense	NC_000962.3:7204:G:A	1	1	1	1	0.011	L3	L3	single_or_fixed	0	-
MFX	moxifloxacin	gyrB	p.T625S	625	missense	NC_000962.3:7112:C:G	1	1	1	1	0.011	L3	L3	single_or_fixed	0	-
MFX	moxifloxacin	gyrB	p.E76D	76	missense	NC_000962.3:5466:G:T	1	1	1	1	0.003	L2	L2	single_or_fixed	0	levofloxacin:uncertain;moxifloxacin:uncertain
MFX	moxifloxacin	gyrB	p.G168E	168	missense	NC_000962.3:5741:G:A	1	1	1	1	0.003	L2	L2	single_or_fixed	0	-
MFX	moxifloxacin	gyrB	p.L120V	120	missense	NC_000962.3:5596:C:G	1	1	1	1	0.003	L2	L2	single_or_fixed	0	-
MFX	moxifloxacin	gyrB	p.Q538K	538	missense	NC_000962.3:6850:C:A	1	1	1	1	0.011	L3	L3	single_or_fixed	0	-
MFX	moxifloxacin	gyrB	p.F320V	320	missense	NC_000962.3:6196:T:G	1	1	1	1	0.011	L3	L3	single_or_fixed	0	-
MFX	moxifloxacin	gyrB	p.D186G	186	missense	NC_000962.3:5795:A:G	1	1	1	1	0.003	L2	L2	single_or_fixed	0	-
MFX	moxifloxacin	gyrB	p.E646D	646	missense	NC_000962.3:7176:G:T	1	1	1	1	0.003	L2	L2	single_or_fixed	0	-
MFX	moxifloxacin	gyrB	p.D110G	110	missense	NC_000962.3:5567:A:G	1	1	1	1	0.011	L3	L3	single_or_fixed	0	levofloxacin:uncertain;moxifloxacin:uncertain
MFX	moxifloxacin	gyrB	p.I513L	513	missense	NC_000962.3:6775:A:C	1	1	1	1	0.003	L2	L2	single_or_fixed	0	-
MFX	moxifloxacin	gyrB	p.D112G	112	missense	NC_000962.3:5573:A:G	1	1	1	1	0.003	L2	L2	single_or_fixed	0	-
MFX	moxifloxacin	gyrB	p.E557D	557	missense	NC_000962.3:6909:G:C	1	1	1	1	0.003	L2	L2	single_or_fixed	0	-
MFX	moxifloxacin	gyrB	p.E318D	318	missense	NC_000962.3:6192:G:C	1	1	1	1	0.011	L3	L3	single_or_fixed	0	-
MFX	moxifloxacin	gyrB	p.Q503E	503	missense	NC_000962.3:6745:C:G	1	1	1	1	0.011	L3	L3	single_or_fixed	0	-
MFX	moxifloxacin	gyrB	p.V75I	75	missense	NC_000962.3:5461:G:A	1	1	1	1	0.011	L3	L3	single_or_fixed	0	-
MFX	moxifloxacin	gyrB	p.D674Y	674	missense	NC_000962.3:7258:G:T	1	1	1	1	0.011	L3	L3	single_or_fixed	0	-
MFX	moxifloxacin	gyrB	p.A15E	15	missense	NC_000962.3:5282:C:A	1	1	1	1	0.003	L2	L2	single_or_fixed	0	-
MFX	moxifloxacin	gyrB	p.P243A	243	missense	NC_000962.3:5965:C:G	1	1	1	1	0.011	L3	L3	single_or_fixed	0	-
MFX	moxifloxacin	gyrB	p.P254S	254	missense	NC_000962.3:5998:C:T	1	1	1	1	0.003	L2	L2	single_or_fixed	0	-
MFX	moxifloxacin	gyrB	p.R428L	428	missense	NC_000962.3:6521:G:T	1	1	1	1	0.003	L2	L2	single_or_fixed	0	-
MFX	moxifloxacin	gyrB	p.Q215E	215	missense	NC_000962.3:5881:C:G	1	1	1	1	0.011	L3	L3	single_or_fixed	0	-
MFX	moxifloxacin	gyrB	p.E211K	211	missense	NC_000962.3:5869:G:A	1	1	1	1	0.003	L2	L2	single_or_fixed	0	-
MFX	moxifloxacin	gyrB	p.K596M	596	missense	NC_000962.3:7025:A:T	1	1	1	1	0.003	L2	L2	single_or_fixed	0	-
MFX	moxifloxacin	gyrB	p.A491T	491	missense	NC_000962.3:6709:G:A	1	1	1	1	0.003	L2	L2	single_or_fixed	0	-
MFX	moxifloxacin	gyrB	p.D277A	277	missense	NC_000962.3:6068:A:C	1	1	1	1	0.003	L2	L2	single_or_fixed	0	-
MFX	moxifloxacin	gyrB	p.A191D	191	missense	NC_000962.3:5810:C:A	1	1	1	1	0.011	L3	L3	single_or_fixed	0	levofloxacin:uncertain;moxifloxacin:uncertain
MFX	moxifloxacin	gyrB	p.F383L	383	missense	NC_000962.3:6387:T:G	1	1	1	1	0.003	L2	L2	single_or_fixed	0	-
MFX	moxifloxacin	gyrB	p.K330R	330	missense	NC_000962.3:6227:A:G	1	1	1	1	0.003	L2	L2	single_or_fixed	0	-
MFX	moxifloxacin	gyrB	p.S117A	117	missense	NC_000962.3:5587:T:G	1	1	1	1	0.011	L3	L3	single_or_fixed	0	-
MFX	moxifloxacin	gyrB	p.S649A	649	missense	NC_000962.3:7183:T:G	1	1	1	1	0.011	L3	L3	single_or_fixed	0	-
MFX	moxifloxacin	gyrB	p.V218I	218	missense	NC_000962.3:5890:G:A	1	1	1	1	0.011	L3	L3	single_or_fixed	0	levofloxacin:uncertain
MFX	moxifloxacin	gyrB	p.E21A	21	missense	NC_000962.3:5300:A:C	1	1	1	1	0.003	L2	L2	single_or_fixed	0	-
MFX	moxifloxacin	gyrB	p.G73D	73	missense	NC_000962.3:5456:G:A	1	1	1	1	0.011	L3	L3	single_or_fixed	0	-
MFX	moxifloxacin	gyrB	p.N399K	399	missense	NC_000962.3:6435:C:G	1	1	1	1	0.003	L2	L2	single_or_fixed	0	-
MFX	moxifloxacin	gyrB	p.I271V	271	missense	NC_000962.3:6049:A:G	1	1	1	1	0.01	L1	L1	single_or_fixed	0	levofloxacin:uncertain;moxifloxacin:uncertain
MFX	moxifloxacin	gyrB	p.L595M	595	missense	NC_000962.3:7021:C:A	1	1	1	1	0.01	L1	L1	single_or_fixed	0	-
MFX	moxifloxacin	gyrB	p.V405L	405	missense	NC_000962.3:6451:G:C	1	1	1	1	0.002	L4	L4	single_or_fixed	0	-
MFX	moxifloxacin	gyrB	p.V276A	276	missense	NC_000962.3:6065:T:C	1	1	1	1	0.002	L4	L4	single_or_fixed	0	levofloxacin:uncertain
MFX	moxifloxacin	gyrB	p.A57E	57	missense	NC_000962.3:5408:C:A	1	1	1	1	0.002	L4	L4	single_or_fixed	0	-
MFX	moxifloxacin	gyrB	p.A2V	2	missense	NC_000962.3:5243:C:T	1	1	1	1	0.014	BOV	BOV	single_or_fixed	0	-
MFX	moxifloxacin	gyrB	p.V301M	301	missense	NC_000962.3:6139:G:A	1	1	1	1	0.01	L1	L1	single_or_fixed	0	levofloxacin:uncertain
MFX	moxifloxacin	gyrB	p.A658V	658	missense	NC_000962.3:7211:C:T	1	1	1	1	0.01	L1	L1	single_or_fixed	0	-
MFX	moxifloxacin	gyrB	p.P254A	254	missense	NC_000962.3:5998:C:G	1	1	1	1	0.01	L1	L1	single_or_fixed	0	-
MFX	moxifloxacin	gyrB	p.A531T	531	missense	NC_000962.3:6829:G:A	1	1	1	1	0.225	L5	L5	single_or_fixed	0	-
MFX	moxifloxacin	gyrB	p.A162P	162	missense	NC_000962.3:5722:G:C	1	1	1	1	0.01	L1	L1	single_or_fixed	0	-
MFX	moxifloxacin	gyrB	p.G282S	282	missense	NC_000962.3:6082:G:A	1	1	1	1	0.225	L5	L5	single_or_fixed	0	-
MFX	moxifloxacin	gyrB	p.G280R	280	missense	NC_000962.3:6076:G:C	1	1	1	1	0.002	L4	L4	single_or_fixed	0	-
MFX	moxifloxacin	gyrB	p.G464S	464	missense	NC_000962.3:6628:G:A	1	1	1	1	0.085	L6	L6	single_or_fixed	0	-
MFX	moxifloxacin	gyrB	p.E181Q	181	missense	NC_000962.3:5779:G:C	1	1	1	1	0.002	L4	L4	single_or_fixed	0	-
MFX	moxifloxacin	gyrB	p.Q538E	538	missense	NC_000962.3:6850:C:G	1	1	1	1	0.01	L1	L1	single_or_fixed	0	-
MFX	moxifloxacin	gyrB	p.S583F	583	missense	NC_000962.3:6986:C:T	1	1	1	1	0.01	L1	L1	single_or_fixed	0	-
MFX	moxifloxacin	gyrB	p.R446S	446	missense	NC_000962.3:6574:C:A	1	1	1	1	0.002	L4	L4	single_or_fixed	0	-
MFX	moxifloxacin	gyrB	p.K409N	409	missense	NC_000962.3:6465:G:T	1	1	1	1	0.002	L4	L4	single_or_fixed	0	-
MFX	moxifloxacin	gyrB	p.A3V	3	missense	NC_000962.3:5246:C:T	1	1	1	1	0.002	L4	L4	single_or_fixed	0	-
MFX	moxifloxacin	gyrB	p.N294S	294	missense	NC_000962.3:6119:A:G	1	1	1	1	0.002	L4	L4	single_or_fixed	0	-
MFX	moxifloxacin	gyrB	p.K6N	6	missense	NC_000962.3:5256:G:T	1	1	1	1	0.002	L4	L4	single_or_fixed	0	-
MFX	moxifloxacin	gyrB	p.Q4R	4	missense	NC_000962.3:5249:A:G	1	1	1	1	0.002	L4	L4	single_or_fixed	0	levofloxacin:uncertain;moxifloxacin:uncertain
MFX	moxifloxacin	gyrB	p.A242P	242	missense	NC_000962.3:5962:G:C	1	1	1	1	0.002	L4	L4	single_or_fixed	0	levofloxacin:uncertain
MFX	moxifloxacin	gyrB	p.A87G	87	missense	NC_000962.3:5498:C:G	1	1	1	1	0.002	L4	L4	single_or_fixed	0	levofloxacin:uncertain;moxifloxacin:uncertain
MFX	moxifloxacin	gyrB	p.E24K	24	missense	NC_000962.3:5308:G:A	1	1	1	1	0.002	L4	L4	single_or_fixed	0	-
MFX	moxifloxacin	gyrB	p.D605N	605	missense	NC_000962.3:7051:G:A	1	1	1	1	0.01	L1	L1	single_or_fixed	0	-
MFX	moxifloxacin	gyrB	p.T433I	433	missense	NC_000962.3:6536:C:T	1	1	1	1	0.002	L4	L4	single_or_fixed	0	-
MFX	moxifloxacin	gyrB	p.T88I	88	missense	NC_000962.3:5501:C:T	1	1	1	1	0.01	L1	L1	single_or_fixed	0	-
MFX	moxifloxacin	gyrB	p.K521E	521	missense	NC_000962.3:6799:A:G	1	1	1	1	0.002	L4	L4	single_or_fixed	0	-
MFX	moxifloxacin	gyrB	p.A175P	175	missense	NC_000962.3:5761:G:C	1	1	1	1	0.01	L1	L1	single_or_fixed	0	-
MFX	moxifloxacin	gyrB	p.A242T	242	missense	NC_000962.3:5962:G:A	1	1	1	1	0.002	L4	L4	single_or_fixed	0	levofloxacin:uncertain;moxifloxacin:uncertain
MFX	moxifloxacin	gyrB	p.K333R	333	missense	NC_000962.3:6236:A:G	1	1	1	1	0.002	L4	L4	single_or_fixed	0	levofloxacin:uncertain;moxifloxacin:uncertain
MFX	moxifloxacin	gyrB	p.F187L	187	missense	NC_000962.3:5797:T:C	1	1	1	1	0.002	L4	L4	single_or_fixed	0	levofloxacin:uncertain;moxifloxacin:uncertain
MFX	moxifloxacin	gyrB	p.A178S	178	missense	NC_000962.3:5770:G:T	1	1	1	1	0.002	L4	L4	single_or_fixed	0	-
MFX	moxifloxacin	gyrB	p.E397K	397	missense	NC_000962.3:6427:G:A	1	1	1	1	0.01	L1	L1	single_or_fixed	0	-
MFX	moxifloxacin	gyrB	p.S541A	541	missense	NC_000962.3:6859:T:G	1	1	1	1	0.002	L4	L4	single_or_fixed	0	-
MFX	moxifloxacin	gyrB	p.D515G	515	missense	NC_000962.3:6782:A:G	1	1	1	1	0.014	BOV	BOV	single_or_fixed	0	-
MFX	moxifloxacin	gyrB	p.M616V	616	missense	NC_000962.3:7084:A:G	1	1	1	1	0.002	L4	L4	single_or_fixed	0	levofloxacin:uncertain;moxifloxacin:uncertain
MFX	moxifloxacin	gyrB	p.R212T	212	missense	NC_000962.3:5873:G:C	1	1	1	1	0.002	L4	L4	single_or_fixed	0	levofloxacin:uncertain;moxifloxacin:uncertain
MFX	moxifloxacin	gyrB	p.V561G	561	missense	NC_000962.3:6920:T:G	1	1	1	1	0.002	L4	L4	single_or_fixed	0	levofloxacin:uncertain;moxifloxacin:uncertain
MFX	moxifloxacin	gyrB	p.E151D	151	missense	NC_000962.3:5691:G:C	1	1	1	1	0.002	L4	L4	single_or_fixed	0	levofloxacin:uncertain;moxifloxacin:uncertain
MFX	moxifloxacin	gyrB	p.T182I	182	missense	NC_000962.3:5783:C:T	1	1	1	1	0.002	L4	L4	single_or_fixed	0	levofloxacin:uncertain;moxifloxacin:uncertain
MFX	moxifloxacin	gyrB	p.D186A	186	missense	NC_000962.3:5795:A:C	1	1	1	1	0.002	L4	L4	single_or_fixed	0	-
MFX	moxifloxacin	gyrB	p.K361T	361	missense	NC_000962.3:6320:A:C	1	1	1	1	0.002	L4	L4	single_or_fixed	0	-
MFX	moxifloxacin	gyrB	p.P578R	578	missense	NC_000962.3:6971:C:G	1	1	1	1	0.002	L4	L4	single_or_fixed	0	levofloxacin:uncertain;moxifloxacin:uncertain
MFX	moxifloxacin	gyrB	p.E425A	425	missense	NC_000962.3:6512:A:C	1	1	1	1	0.002	L4	L4	single_or_fixed	0	levofloxacin:uncertain;moxifloxacin:uncertain
MFX	moxifloxacin	gyrB	p.S576G	576	missense	NC_000962.3:6964:A:G	1	1	1	1	0.002	L4	L4	single_or_fixed	0	levofloxacin:uncertain;moxifloxacin:uncertain
MFX	moxifloxacin	gyrB	p.V96I	96	missense	NC_000962.3:5524:G:A	1	1	1	1	0.01	L1	L1	single_or_fixed	0	-
MFX	moxifloxacin	gyrB	p.L69V	69	missense	NC_000962.3:5443:C:G	1	1	1	1	0.01	L1	L1	single_or_fixed	0	levofloxacin:uncertain;moxifloxacin:uncertain
MFX	moxifloxacin	gyrB	p.D72N	72	missense	NC_000962.3:5452:G:A	1	1	1	1	0.002	L4	L4	single_or_fixed	0	-
MFX	moxifloxacin	gyrB	p.H285Q	285	missense	NC_000962.3:6093:C:G	1	1	1	1	0.002	L4	L4	single_or_fixed	0	-
MFX	moxifloxacin	gyrB	p.P578S	578	missense	NC_000962.3:6970:C:T	1	1	1	1	0.01	L1	L1	single_or_fixed	0	levofloxacin:uncertain;moxifloxacin:uncertain
MFX	moxifloxacin	gyrB	p.A229T	229	missense	NC_000962.3:5923:G:A	1	1	1	1	0.225	L5	L5	single_or_fixed	0	levofloxacin:uncertain
MFX	moxifloxacin	gyrB	p.D10E	10	missense	NC_000962.3:5268:C:A	1	1	1	1	0.002	L4	L4	single_or_fixed	0	-
MFX	moxifloxacin	gyrB	p.G520V	520	missense	NC_000962.3:6797:G:T	1	1	1	1	0.002	L4	L4	single_or_fixed	0	levofloxacin:uncertain;moxifloxacin:uncertain
MFX	moxifloxacin	gyrB	p.A643D	643	missense	NC_000962.3:7166:C:A	1	1	1	1	0.01	L1	L1	single_or_fixed	0	levofloxacin:uncertain;moxifloxacin:uncertain
MFX	moxifloxacin	gyrB	p.A597S	597	missense	NC_000962.3:7027:G:T	1	1	1	1	0.01	L1	L1	single_or_fixed	0	-
MFX	moxifloxacin	gyrB	p.E221Q	221	missense	NC_000962.3:5899:G:C	1	1	1	1	0.002	L4	L4	single_or_fixed	0	-
MFX	moxifloxacin	gyrB	p.S359T	359	missense	NC_000962.3:6313:T:A	1	1	1	1	0.002	L4	L4	single_or_fixed	0	levofloxacin:uncertain;moxifloxacin:uncertain
MFX	moxifloxacin	gyrB	p.N558D	558	missense	NC_000962.3:6910:A:G	1	1	1	1	0.01	L1	L1	single_or_fixed	0	levofloxacin:uncertain;moxifloxacin:uncertain
MFX	moxifloxacin	gyrB	p.G284A	284	missense	NC_000962.3:6089:G:C	1	1	1	1	0.01	L1	L1	single_or_fixed	0	-
MFX	moxifloxacin	gyrB	p.Q565H	565	missense	NC_000962.3:6933:A:C	1	1	1	1	0.01	L1	L1	single_or_fixed	0	levofloxacin:uncertain;moxifloxacin:uncertain
MFX	moxifloxacin	gyrB	p.A57V	57	missense	NC_000962.3:5408:C:T	1	1	1	1	0.014	BOV	BOV	single_or_fixed	0	-
MFX	moxifloxacin	gyrB	p.R446G	446	missense	NC_000962.3:6574:C:G	1	1	1	1	0.002	L4	L4	single_or_fixed	0	levofloxacin:uncertain;moxifloxacin:uncertain
MFX	moxifloxacin	gyrB	p.R553G	553	missense	NC_000962.3:6895:C:G	1	1	1	1	0.01	L1	L1	single_or_fixed	0	levofloxacin:uncertain;moxifloxacin:uncertain
MFX	moxifloxacin	gyrB	p.K268N	268	missense	NC_000962.3:6042:G:C	1	1	1	1	0.002	L4	L4	single_or_fixed	0	-
MFX	moxifloxacin	gyrB	p.F672L	672	missense	NC_000962.3:7252:T:C	1	1	1	1	0.002	L4	L4	single_or_fixed	0	-
MFX	moxifloxacin	gyrB	p.S661N	661	missense	NC_000962.3:7220:G:A	1	1	1	1	0.01	L1	L1	single_or_fixed	0	-
MFX	moxifloxacin	gyrB	p.P450R	450	missense	NC_000962.3:6587:C:G	1	1	1	1	0.002	L4	L4	single_or_fixed	0	levofloxacin:uncertain;moxifloxacin:uncertain
MFX	moxifloxacin	gyrB	p.Q9K	9	missense	NC_000962.3:5263:C:A	1	1	1	1	0.01	L1	L1	single_or_fixed	0	-
MFX	moxifloxacin	gyrB	p.T37S	37	missense	NC_000962.3:5348:C:G	1	1	1	1	0.002	L4	L4	single_or_fixed	0	levofloxacin:uncertain;moxifloxacin:uncertain
MFX	moxifloxacin	gyrB	p.A443V	443	missense	NC_000962.3:6566:C:T	1	1	1	1	0.01	L1	L1	single_or_fixed	0	-
MFX	moxifloxacin	gyrB	p.T167A	167	missense	NC_000962.3:5737:A:G	1	1	1	1	0.002	L4	L4	single_or_fixed	0	levofloxacin:uncertain;moxifloxacin:uncertain
MFX	moxifloxacin	gyrB	p.K572R	572	missense	NC_000962.3:6953:A:G	1	1	1	1	0.01	L1	L1	single_or_fixed	0	-
MFX	moxifloxacin	gyrB	p.K603R	603	missense	NC_000962.3:7046:A:G	1	1	1	1	0.002	L4	L4	single_or_fixed	0	levofloxacin:uncertain;moxifloxacin:uncertain
MFX	moxifloxacin	gyrB	p.G470A	470	missense	NC_000962.3:6647:G:C	1	1	1	1	0.002	L4	L4	single_or_fixed	0	-
MFX	moxifloxacin	gyrB	p.T448M	448	missense	NC_000962.3:6581:C:T	1	1	1	1	0.01	L1	L1	single_or_fixed	0	-
MFX	moxifloxacin	gyrB	p.H263D	263	missense	NC_000962.3:6025:C:G	1	1	1	1	0.002	L4	L4	single_or_fixed	0	-
MFX	moxifloxacin	gyrB	p.I650V	650	missense	NC_000962.3:7186:A:G	1	1	1	1	0.002	L4	L4	single_or_fixed	0	-
MFX	moxifloxacin	gyrB	p.I19L	19	missense	NC_000962.3:5293:A:C	1	1	1	1	0.002	L4	L4	single_or_fixed	0	levofloxacin:uncertain;moxifloxacin:uncertain
MFX	moxifloxacin	gyrB	p.F396L	396	missense	NC_000962.3:6424:T:C	1	1	1	1	0.01	L1	L1	single_or_fixed	0	-
MFX	moxifloxacin	gyrB	p.G559W	559	missense	NC_000962.3:6913:G:T	1	1	1	1	0.01	L1	L1	single_or_fixed	0	-
MFX	moxifloxacin	gyrB	p.D577E	577	missense	NC_000962.3:6969:C:G	1	1	1	1	0.01	L1	L1	single_or_fixed	0	-
MFX	moxifloxacin	gyrB	p.V411M	411	missense	NC_000962.3:6469:G:A	1	1	1	1	0.002	L4	L4	single_or_fixed	0	-
MFX	moxifloxacin	gyrB	p.V630L	630	missense	NC_000962.3:7126:G:C	1	1	1	1	0.002	L4	L4	single_or_fixed	0	-
MFX	moxifloxacin	gyrB	p.L673P	673	missense	NC_000962.3:7256:T:C	1	1	1	1	0.01	L1	L1	single_or_fixed	0	levofloxacin:uncertain;moxifloxacin:uncertain
MFX	moxifloxacin	gyrB	p.K333N	333	missense	NC_000962.3:6237:G:T	1	1	1	1	0.002	L4	L4	single_or_fixed	0	-
MFX	moxifloxacin	gyrB	p.V226A	226	missense	NC_000962.3:5915:T:C	1	1	1	1	0.002	L4	L4	single_or_fixed	0	levofloxacin:uncertain;moxifloxacin:uncertain
MFX	moxifloxacin	gyrB	p.Y144F	144	missense	NC_000962.3:5669:A:T	1	1	1	1	0.01	L1	L1	single_or_fixed	0	levofloxacin:uncertain;moxifloxacin:uncertain
MFX	moxifloxacin	gyrB	p.S224T	224	missense	NC_000962.3:5909:G:C	1	1	1	1	0.002	L4	L4	single_or_fixed	0	-
MFX	moxifloxacin	gyrB	p.A581G	581	missense	NC_000962.3:6980:C:G	1	1	1	1	0.01	L1	L1	single_or_fixed	0	-
MFX	moxifloxacin	gyrB	p.E151D	151	missense	NC_000962.3:5691:G:T	1	1	1	1	0.002	L4	L4	single_or_fixed	0	levofloxacin:uncertain;moxifloxacin:uncertain
MFX	moxifloxacin	gyrB	p.E217D	217	missense	NC_000962.3:5889:G:C	1	1	1	1	0.01	L1	L1	single_or_fixed	0	-
MFX	moxifloxacin	gyrB	p.V632L	632	missense	NC_000962.3:7132:G:T	1	1	1	1	0.002	L4	L4	single_or_fixed	0	-
MFX	moxifloxacin	gyrB	p.A2P	2	missense	NC_000962.3:5242:G:C	1	1	1	1	0.002	L4	L4	single_or_fixed	0	-
MFX	moxifloxacin	gyrB	p.E24Q	24	missense	NC_000962.3:5308:G:C	1	1	1	1	0.002	L4	L4	single_or_fixed	0	-
MFX	moxifloxacin	gyrB	p.I478L	478	missense	NC_000962.3:6670:A:C	1	1	1	1	0.002	L4	L4	single_or_fixed	0	levofloxacin:uncertain
MFX	moxifloxacin	gyrB	p.S224R	224	missense	NC_000962.3:5910:C:G	1	1	1	1	0.01	L1	L1	single_or_fixed	0	-
MFX	moxifloxacin	gyrB	p.D449E	449	missense	NC_000962.3:6585:T:G	1	1	1	1	0.014	BOV	BOV	single_or_fixed	0	-
MFX	moxifloxacin	gyrB	p.A355V	355	missense	NC_000962.3:6302:C:T	1	1	1	1	0.002	L4	L4	single_or_fixed	0	-
MFX	moxifloxacin	gyrB	p.V561L	561	missense	NC_000962.3:6919:G:C	1	1	1	1	0.01	L1	L1	single_or_fixed	0	-
MFX	moxifloxacin	gyrB	p.S273I	273	missense	NC_000962.3:6056:G:T	1	1	1	1	0.002	L4	L4	single_or_fixed	0	-
MFX	moxifloxacin	gyrB	p.A270T	270	missense	NC_000962.3:6046:G:A	1	1	1	1	0.01	L1	L1	single_or_fixed	0	-
MFX	moxifloxacin	gyrB	p.T63A	63	missense	NC_000962.3:5425:A:G	1	1	1	1	0.01	L1	L1	single_or_fixed	0	-
MFX	moxifloxacin	gyrB	p.T64A	64	missense	NC_000962.3:5428:A:G	1	1	1	1	0.014	BOV	BOV	single_or_fixed	0	-
MFX	moxifloxacin	gyrB	p.L555F	555	missense	NC_000962.3:6901:C:T	1	1	1	1	0.002	L4	L4	single_or_fixed	0	levofloxacin:uncertain
MFX	moxifloxacin	gyrB	p.P243R	243	missense	NC_000962.3:5966:C:G	1	1	1	1	0.002	L4	L4	single_or_fixed	0	-
MFX	moxifloxacin	gyrB	p.L70I	70	missense	NC_000962.3:5446:C:A	1	1	1	1	0.01	L1	L1	single_or_fixed	0	-
MFX	moxifloxacin	gyrB	p.M291I	291	missense	NC_000962.3:6111:G:T	1	1	1	1	0.01	L1	L1	single_or_fixed	0	levofloxacin:S-associated;moxifloxacin:S-associated
MFX	moxifloxacin	gyrB	p.A270V	270	missense	NC_000962.3:6047:C:T	1	1	1	1	0.002	L4	L4	single_or_fixed	0	-
MFX	moxifloxacin	gyrB	p.V246A	246	missense	NC_000962.3:5975:T:C	1	1	1	1	0.002	L4	L4	single_or_fixed	0	-
MFX	moxifloxacin	gyrB	p.K361Q	361	missense	NC_000962.3:6319:A:C	1	1	1	1	0.002	L4	L4	single_or_fixed	0	-
MFX	moxifloxacin	gyrB	p.D584Y	584	missense	NC_000962.3:6988:G:T	1	1	1	1	0.98	BOV_AFRI	BOV_AFRI	single_or_fixed	0	-
MFX	moxifloxacin	gyrB	p.N408I	408	missense	NC_000962.3:6461:A:T	1	1	1	1	0.01	L1	L1	single_or_fixed	0	-
MFX	moxifloxacin	gyrB	p.E390D	390	missense	NC_000962.3:6408:A:C	1	1	1	1	0.002	L4	L4	single_or_fixed	0	-
MFX	moxifloxacin	gyrB	p.S132A	132	missense	NC_000962.3:5632:T:G	1	1	1	1	0.002	L4	L4	single_or_fixed	0	-
MFX	moxifloxacin	gyrB	p.T170K	170	missense	NC_000962.3:5747:C:A	1	1	1	1	0.01	L1	L1	single_or_fixed	0	moxifloxacin:uncertain
MFX	moxifloxacin	gyrB	p.M197V	197	missense	NC_000962.3:5827:A:G	1	1	1	1	0.002	L4	L4	single_or_fixed	0	-
MFX	moxifloxacin	gyrB	p.E145G	145	missense	NC_000962.3:5672:A:G	1	1	1	1	0.01	L1	L1	single_or_fixed	0	-
MFX	moxifloxacin	gyrB	p.L563F	563	missense	NC_000962.3:6927:G:C	1	1	1	1	0.002	L4	L4	single_or_fixed	0	levofloxacin:uncertain;moxifloxacin:uncertain
MFX	moxifloxacin	gyrB	p.D334E	334	missense	NC_000962.3:6240:C:G	1	1	1	1	0.01	L1	L1	single_or_fixed	0	-
MFX	moxifloxacin	gyrB	p.V360A	360	missense	NC_000962.3:6317:T:C	1	1	1	1	0.002	L4	L4	single_or_fixed	0	-
MFX	moxifloxacin	gyrB	p.V670I	670	missense	NC_000962.3:7246:G:A	1	1	1	1	0.01	L1	L1	single_or_fixed	0	levofloxacin:uncertain;moxifloxacin:uncertain
MFX	moxifloxacin	gyrB	p.S232P	232	missense	NC_000962.3:5932:T:C	1	1	1	1	0.01	L1	L1	single_or_fixed	0	-
MFX	moxifloxacin	gyrB	p.L337R	337	missense	NC_000962.3:6248:T:G	1	1	1	1	0.002	L4	L4	single_or_fixed	0	levofloxacin:uncertain
MFX	moxifloxacin	gyrB	p.R495W	495	missense	NC_000962.3:6721:C:T	1	1	1	1	0.002	L4	L4	single_or_fixed	0	-
MFX	moxifloxacin	gyrB	p.F180I	180	missense	NC_000962.3:5776:T:A	1	1	1	1	0.002	L4	L4	single_or_fixed	0	-
MFX	moxifloxacin	gyrB	p.R212K	212	missense	NC_000962.3:5873:G:A	1	1	1	1	0.014	BOV	BOV	single_or_fixed	0	-
MFX	moxifloxacin	gyrB	p.L442V	442	missense	NC_000962.3:6562:C:G	1	1	1	1	0.014	BOV	BOV	single_or_fixed	0	-
MFX	moxifloxacin	gyrB	p.A295V	295	missense	NC_000962.3:6122:C:T	1	1	1	1	0.014	BOV	BOV	single_or_fixed	0	-
MFX	moxifloxacin	gyrB	p.T378A	378	missense	NC_000962.3:6370:A:G	1	1	1	1	0.002	L4	L4	single_or_fixed	0	-
MFX	moxifloxacin	gyrB	p.A643V	643	missense	NC_000962.3:7166:C:T	1	1	1	1	0.002	L4	L4	single_or_fixed	0	-
MFX	moxifloxacin	gyrB	p.H285Y	285	missense	NC_000962.3:6091:C:T	1	1	1	1	0.002	L4	L4	single_or_fixed	0	-
MFX	moxifloxacin	gyrB	p.E71Q	71	missense	NC_000962.3:5449:G:C	1	1	1	1	0.002	L4	L4	single_or_fixed	0	-
MFX	moxifloxacin	gyrB	p.G594A	594	missense	NC_000962.3:7019:G:C	1	1	1	1	0.002	L4	L4	single_or_fixed	0	-
MFX	moxifloxacin	gyrB	p.D584H	584	missense	NC_000962.3:6988:G:C	1	1	1	1	0.01	L1	L1	single_or_fixed	0	-
MFX	moxifloxacin	gyrB	p.E39D	39	missense	NC_000962.3:5355:G:C	1	1	1	1	0.002	L4	L4	single_or_fixed	0	-
MFX	moxifloxacin	gyrB	p.N265S	265	missense	NC_000962.3:6032:A:G	1	1	1	1	0.014	BOV	BOV	single_or_fixed	0	-
MFX	moxifloxacin	gyrB	p.E286Q	286	missense	NC_000962.3:6094:G:C	1	1	1	1	0.002	L4	L4	single_or_fixed	0	-
MFX	moxifloxacin	gyrB	p.K166T	166	missense	NC_000962.3:5735:A:C	1	1	1	1	0.002	L4	L4	single_or_fixed	0	-
MFX	moxifloxacin	gyrB	p.A443S	443	missense	NC_000962.3:6565:G:T	1	1	1	1	0.002	L4	L4	single_or_fixed	0	-
MFX	moxifloxacin	gyrB	p.P94T	94	missense	NC_000962.3:5518:C:A	1	1	1	1	0.002	L4	L4	single_or_fixed	0	-
MFX	moxifloxacin	gyrB	p.S412C	412	missense	NC_000962.3:6473:C:G	1	1	1	1	0.002	L4	L4	single_or_fixed	0	-
MFX	moxifloxacin	gyrB	p.K526T	526	missense	NC_000962.3:6815:A:C	1	1	1	1	0.002	L4	L4	single_or_fixed	0	-
MFX	moxifloxacin	gyrB	p.A403G	403	missense	NC_000962.3:6446:C:G	1	1	1	1	0.002	L4	L4	single_or_fixed	0	-
MFX	moxifloxacin	gyrB	p.F551L	551	missense	NC_000962.3:6891:C:G	1	1	1	1	0.002	L4	L4	single_or_fixed	0	-
MFX	moxifloxacin	gyrB	p.K152T	152	missense	NC_000962.3:5693:A:C	1	1	1	1	0.002	L4	L4	single_or_fixed	0	-
MFX	moxifloxacin	gyrB	p.H263Y	263	missense	NC_000962.3:6025:C:T	1	1	1	1	0.002	L4	L4	single_or_fixed	0	-
MFX	moxifloxacin	gyrB	p.A90P	90	missense	NC_000962.3:5506:G:C	1	1	1	1	0.002	L4	L4	single_or_fixed	0	-
MFX	moxifloxacin	gyrB	p.V246L	246	missense	NC_000962.3:5974:G:C	1	1	1	1	0.014	BOV	BOV	single_or_fixed	0	-
MFX	moxifloxacin	gyrB	p.S431T	431	missense	NC_000962.3:6530:G:C	1	1	1	1	0.01	L1	L1	single_or_fixed	0	-
MFX	moxifloxacin	gyrB	p.S224R	224	missense	NC_000962.3:5908:A:C	1	1	1	1	0.002	L4	L4	single_or_fixed	0	-
MFX	moxifloxacin	gyrB	p.Q574H	574	missense	NC_000962.3:6960:G:T	1	1	1	1	0.01	L1	L1	single_or_fixed	0	-
MFX	moxifloxacin	gyrB	p.N309K	309	missense	NC_000962.3:6165:C:A	1	1	1	1	0.002	L4	L4	single_or_fixed	0	-
MFX	moxifloxacin	gyrB	p.D518Y	518	missense	NC_000962.3:6790:G:T	1	1	1	1	0.002	L4	L4	single_or_fixed	0	-
MFX	moxifloxacin	gyrB	p.V407M	407	missense	NC_000962.3:6457:G:A	1	1	1	1	0.002	L4	L4	single_or_fixed	0	-
MFX	moxifloxacin	gyrB	p.S147T	147	missense	NC_000962.3:5677:T:A	1	1	1	1	0.002	L4	L4	single_or_fixed	0	-
MFX	moxifloxacin	gyrB	p.K6N	6	missense	NC_000962.3:5256:G:C	1	1	1	1	0.002	L4	L4	single_or_fixed	0	-
MFX	moxifloxacin	gyrB	p.G92S	92	missense	NC_000962.3:5512:G:A	1	1	1	1	0.002	L4	L4	single_or_fixed	0	-
MFX	moxifloxacin	gyrB	p.S649C	649	missense	NC_000962.3:7184:C:G	1	1	1	1	0.002	L4	L4	single_or_fixed	0	-
MFX	moxifloxacin	gyrB	p.T205I	205	missense	NC_000962.3:5852:C:T	1	1	1	1	0.01	L1	L1	single_or_fixed	0	-
MFX	moxifloxacin	gyrB	p.R236H	236	missense	NC_000962.3:5945:G:A	1	1	1	1	0.002	L4	L4	single_or_fixed	0	-
MFX	moxifloxacin	gyrB	p.P628L	628	missense	NC_000962.3:7121:C:T	1	1	1	1	0.01	L1	L1	single_or_fixed	0	-
MFX	moxifloxacin	gyrB	p.S469G	469	missense	NC_000962.3:6643:A:G	1	1	1	1	0.002	L4	L4	single_or_fixed	0	-
MFX	moxifloxacin	gyrB	p.M474T	474	missense	NC_000962.3:6659:T:C	1	1	1	1	0.01	L1	L1	single_or_fixed	0	-
MFX	moxifloxacin	gyrB	p.R665S	665	missense	NC_000962.3:7231:C:A	1	1	1	1	0.01	L1	L1	single_or_fixed	0	-
MFX	moxifloxacin	gyrB	p.S431G	431	missense	NC_000962.3:6529:A:G	1	1	1	1	0.002	L4	L4	single_or_fixed	0	-
MFX	moxifloxacin	gyrB	p.F475L	475	missense	NC_000962.3:6663:C:G	1	1	1	1	0.002	L4	L4	single_or_fixed	0	-
MFX	moxifloxacin	gyrB	p.Q635E	635	missense	NC_000962.3:7141:C:G	1	1	1	1	0.01	L1	L1	single_or_fixed	0	-
MFX	moxifloxacin	gyrB	p.G60D	60	missense	NC_000962.3:5417:G:A	1	1	1	1	0.01	L1	L1	single_or_fixed	0	-
MFX	moxifloxacin	gyrB	p.H311D	311	missense	NC_000962.3:6169:C:G	1	1	1	1	0.01	L1	L1	single_or_fixed	0	-
MFX	moxifloxacin	gyrB	p.D176N	176	missense	NC_000962.3:5764:G:A	1	1	1	1	0.002	L4	L4	single_or_fixed	0	-
MFX	moxifloxacin	gyrB	p.R492C	492	missense	NC_000962.3:6712:C:T	1	1	1	1	0.002	L4	L4	single_or_fixed	0	-
MFX	moxifloxacin	gyrB	p.S583T	583	missense	NC_000962.3:6985:T:A	1	1	1	1	0.01	L1	L1	single_or_fixed	0	-
MFX	moxifloxacin	gyrB	p.D515E	515	missense	NC_000962.3:6783:C:A	1	1	1	1	0.01	L1	L1	single_or_fixed	0	-
MFX	moxifloxacin	gyrB	p.R134L	134	missense	NC_000962.3:5639:G:T	1	1	1	1	0.01	L1	L1	single_or_fixed	0	-
MFX	moxifloxacin	gyrB	p.A237P	237	missense	NC_000962.3:5947:G:C	1	1	1	1	0.01	L1	L1	single_or_fixed	0	-
MFX	moxifloxacin	gyrB	p.T205S	205	missense	NC_000962.3:5852:C:G	1	1	1	1	0.01	L1	L1	single_or_fixed	0	-
MFX	moxifloxacin	gyrB	p.T307A	307	missense	NC_000962.3:6157:A:G	1	1	1	1	0.01	L1	L1	single_or_fixed	0	-
MFX	moxifloxacin	gyrB	p.R585G	585	missense	NC_000962.3:6991:C:G	1	1	1	1	0.014	BOV	BOV	single_or_fixed	0	-
MFX	moxifloxacin	gyrB	p.S583C	583	missense	NC_000962.3:6986:C:G	1	1	1	1	0.01	L1	L1	single_or_fixed	0	-
MFX	moxifloxacin	gyrB	p.A432P	432	missense	NC_000962.3:6532:G:C	1	1	1	1	0.01	L1	L1	single_or_fixed	0	-
MFX	moxifloxacin	gyrB	p.A658P	658	missense	NC_000962.3:7210:G:C	1	1	1	1	0.01	L1	L1	single_or_fixed	0	-
MFX	moxifloxacin	gyrB	p.W174S	174	missense	NC_000962.3:5759:G:C	1	1	1	1	0.002	L4	L4	single_or_fixed	0	-
MFX	moxifloxacin	gyrB	p.E425D	425	missense	NC_000962.3:6513:G:T	1	1	1	1	0.002	L4	L4	single_or_fixed	0	-
MFX	moxifloxacin	gyrB	p.E579K	579	missense	NC_000962.3:6973:G:A	1	1	1	1	0.002	L4	L4	single_or_fixed	0	-
MFX	moxifloxacin	gyrB	p.S431R	431	missense	NC_000962.3:6531:C:A	1	1	1	1	0.01	L1	L1	single_or_fixed	0	-
MFX	moxifloxacin	gyrB	p.P230S	230	missense	NC_000962.3:5926:C:T	1	1	1	1	0.01	L1	L1	single_or_fixed	0	-
MFX	moxifloxacin	gyrB	p.T637M	637	missense	NC_000962.3:7148:C:T	1	1	1	1	0.01	L1	L1	single_or_fixed	0	-
MFX	moxifloxacin	gyrB	p.T164N	164	missense	NC_000962.3:5729:C:A	1	1	1	1	0.01	L1	L1	single_or_fixed	0	-
MFX	moxifloxacin	gyrB	p.D657H	657	missense	NC_000962.3:7207:G:C	1	1	1	1	0.01	L1	L1	single_or_fixed	0	-
MFX	moxifloxacin	gyrB	p.K7N	7	missense	NC_000962.3:5259:G:T	1	1	1	1	0.01	L1	L1	single_or_fixed	0	-
MFX	moxifloxacin	gyrB	p.L673V	673	missense	NC_000962.3:7255:C:G	1	1	1	1	0.01	L1	L1	single_or_fixed	0	-
MFX	moxifloxacin	gyrB	p.S469T	469	missense	NC_000962.3:6644:G:C	1	1	1	1	0.014	BOV	BOV	single_or_fixed	0	-
MFX	moxifloxacin	gyrB	p.G157S	157	missense	NC_000962.3:5707:G:A	1	1	1	1	0.002	L4	L4	single_or_fixed	0	-
MFX	moxifloxacin	gyrB	p.V65A	65	missense	NC_000962.3:5432:T:C	1	1	1	1	0.002	L4	L4	single_or_fixed	0	-
MFX	moxifloxacin	gyrB	p.K281E	281	missense	NC_000962.3:6079:A:G	1	1	1	1	0.01	L1	L1	single_or_fixed	0	-
MFX	moxifloxacin	gyrB	p.E221K	221	missense	NC_000962.3:5899:G:A	1	1	1	1	0.01	L1	L1	single_or_fixed	0	-
MFX	moxifloxacin	gyrB	p.E138D	138	missense	NC_000962.3:5652:G:T	1	1	1	1	0.002	L4	L4	single_or_fixed	0	-
MFX	moxifloxacin	gyrB	p.A115S	115	missense	NC_000962.3:5581:G:T	1	1	1	1	0.002	L4	L4	single_or_fixed	0	-
MFX	moxifloxacin	gyrB	p.F648L	648	missense	NC_000962.3:7182:C:A	1	1	1	1	0.002	L4	L4	single_or_fixed	0	-
MFX	moxifloxacin	gyrB	p.K596N	596	missense	NC_000962.3:7026:G:T	1	1	1	1	0.002	L4	L4	single_or_fixed	0	levofloxacin:uncertain;moxifloxacin:uncertain
MFX	moxifloxacin	gyrB	p.T664A	664	missense	NC_000962.3:7228:A:G	1	1	1	1	0.002	L4	L4	single_or_fixed	0	-
MFX	moxifloxacin	gyrB	p.H44R	44	missense	NC_000962.3:5369:A:G	1	1	1	1	0.002	L4	L4	single_or_fixed	0	-
MFX	moxifloxacin	gyrB	p.G161E	161	missense	NC_000962.3:5720:G:A	1	1	1	1	0.01	L1	L1	single_or_fixed	0	-
MFX	moxifloxacin	gyrB	p.Q391H	391	missense	NC_000962.3:6411:G:T	1	1	1	1	0.01	L1	L1	single_or_fixed	0	-
MFX	moxifloxacin	gyrB	p.L354V	354	missense	NC_000962.3:6298:C:G	1	1	1	1	0.01	L1	L1	single_or_fixed	0	levofloxacin:uncertain;moxifloxacin:uncertain
MFX	moxifloxacin	gyrB	p.T95S	95	missense	NC_000962.3:5522:C:G	1	1	1	1	0.002	L4	L4	single_or_fixed	0	-
MFX	moxifloxacin	gyrB	p.T133I	133	missense	NC_000962.3:5636:C:T	1	1	1	1	0.002	L4	L4	single_or_fixed	0	-
MFX	moxifloxacin	gyrB	p.T625A	625	missense	NC_000962.3:7111:A:G	1	1	1	1	0.002	L4	L4	single_or_fixed	0	-
MFX	moxifloxacin	gyrB	p.D640N	640	missense	NC_000962.3:7156:G:A	1	1	1	1	0.01	L1	L1	single_or_fixed	0	moxifloxacin:uncertain
MFX	moxifloxacin	gyrB	p.A162T	162	missense	NC_000962.3:5722:G:A	1	1	1	1	0.01	L1	L1	single_or_fixed	0	-
MFX	moxifloxacin	gyrB	p.P254R	254	missense	NC_000962.3:5999:C:G	1	1	1	1	0.01	L1	L1	single_or_fixed	0	-
MFX	moxifloxacin	gyrB	p.G296A	296	missense	NC_000962.3:6125:G:C	1	1	1	1	0.002	L4	L4	single_or_fixed	0	-
MFX	moxifloxacin	gyrB	p.P343A	343	missense	NC_000962.3:6265:C:G	1	1	1	1	0.002	L4	L4	single_or_fixed	0	levofloxacin:uncertain;moxifloxacin:uncertain
MFX	moxifloxacin	gyrB	p.V327M	327	missense	NC_000962.3:6217:G:A	1	1	1	1	0.002	L4	L4	single_or_fixed	0	-
MFX	moxifloxacin	gyrB	p.G437A	437	missense	NC_000962.3:6548:G:C	1	1	1	1	0.002	L4	L4	single_or_fixed	0	levofloxacin:uncertain
MFX	moxifloxacin	gyrB	p.N602S	602	missense	NC_000962.3:7043:A:G	1	1	1	1	0.002	L4	L4	single_or_fixed	0	-
MFX	moxifloxacin	gyrB	p.A477S	477	missense	NC_000962.3:6667:G:T	1	1	1	1	0.002	L4	L4	single_or_fixed	0	-
MFX	moxifloxacin	gyrB	p.F180V	180	missense	NC_000962.3:5776:T:G	1	1	1	1	0.002	L4	L4	single_or_fixed	0	-
MFX	moxifloxacin	gyrB	p.G653A	653	missense	NC_000962.3:7196:G:C	1	1	1	1	0.002	L4	L4	single_or_fixed	0	-
MFX	moxifloxacin	gyrB	p.K7T	7	missense	NC_000962.3:5258:A:C	1	1	1	1	0.002	L4	L4	single_or_fixed	0	-
MFX	moxifloxacin	gyrB	p.E24V	24	missense	NC_000962.3:5309:A:T	1	1	1	1	0.002	L4	L4	single_or_fixed	0	-
MFX	moxifloxacin	gyrB	p.A581S	581	missense	NC_000962.3:6979:G:T	1	1	1	1	0.002	L4	L4	single_or_fixed	0	-
MFX	moxifloxacin	gyrB	p.V328L	328	missense	NC_000962.3:6220:G:T	1	1	1	1	0.002	L4	L4	single_or_fixed	0	-
MFX	moxifloxacin	gyrB	p.L595P	595	missense	NC_000962.3:7022:T:C	1	1	1	1	0.002	L4	L4	single_or_fixed	0	-
MFX	moxifloxacin	gyrA	p.G823C	823	missense	NC_000962.3:9767:G:T	1	1	1	1	0.003	L2	L2	single_or_fixed	0	levofloxacin:uncertain;moxifloxacin:uncertain
MFX	moxifloxacin	gyrA	p.H192Q	192	missense	NC_000962.3:7876:C:G	1	1	1	1	0.01	L1	L1	single_or_fixed	0	levofloxacin:uncertain;moxifloxacin:uncertain
MFX	moxifloxacin	gyrA	p.V768A	768	missense	NC_000962.3:9603:T:C	1	1	1	1	0.003	L2	L2	single_or_fixed	0	levofloxacin:uncertain;moxifloxacin:uncertain
MFX	moxifloxacin	gyrA	p.E412Q	412	missense	NC_000962.3:8534:G:C	1	1	1	1	0.002	L4	L4	single_or_fixed	0	-
MFX	moxifloxacin	gyrA	p.A297G	297	missense	NC_000962.3:8190:C:G	1	1	1	1	0.01	L1	L1	single_or_fixed	0	levofloxacin:uncertain;moxifloxacin:uncertain
MFX	moxifloxacin	gyrA	p.I681M	681	missense	NC_000962.3:9343:C:G	1	1	1	1	0.002	L4	L4	single_or_fixed	0	levofloxacin:uncertain
MFX	moxifloxacin	gyrA	p.L142V	142	missense	NC_000962.3:7724:C:G	1	1	1	1	0.002	L4	L4	single_or_fixed	0	levofloxacin:uncertain;moxifloxacin:uncertain
MFX	moxifloxacin	gyrA	p.S536R	536	missense	NC_000962.3:8906:A:C	1	1	1	1	0.002	L4	L4	single_or_fixed	0	levofloxacin:uncertain;moxifloxacin:uncertain
MFX	moxifloxacin	gyrA	p.A231S	231	missense	NC_000962.3:7991:G:T	1	1	1	1	0.002	L4	L4	single_or_fixed	0	-
MFX	moxifloxacin	gyrA	p.D211E	211	missense	NC_000962.3:7933:C:A	1	1	1	1	0.011	L3	L3	single_or_fixed	0	levofloxacin:uncertain;moxifloxacin:uncertain
MFX	moxifloxacin	gyrA	p.D209G	209	missense	NC_000962.3:7926:A:G	1	1	1	1	0.011	L3	L3	single_or_fixed	0	levofloxacin:uncertain;moxifloxacin:uncertain
MFX	moxifloxacin	gyrA	p.D242N	242	missense	NC_000962.3:8024:G:A	1	1	1	1	0.002	L4	L4	single_or_fixed	0	levofloxacin:uncertain;moxifloxacin:uncertain
MFX	moxifloxacin	gyrA	p.Q22H	22	missense	NC_000962.3:7366:G:C	1	1	1	1	0.002	L4	L4	single_or_fixed	0	levofloxacin:uncertain;moxifloxacin:uncertain
MFX	moxifloxacin	gyrA	p.D481A	481	missense	NC_000962.3:8742:A:C	1	1	1	1	0.01	L1	L1	single_or_fixed	0	levofloxacin:uncertain;moxifloxacin:uncertain
MFX	moxifloxacin	gyrA	p.S772C	772	missense	NC_000962.3:9614:A:T	1	1	1	1	0.002	L4	L4	single_or_fixed	0	-
MFX	moxifloxacin	gyrA	p.R628L	628	missense	NC_000962.3:9183:G:T	1	1	1	1	0.002	L4	L4	single_or_fixed	0	-
MFX	moxifloxacin	gyrA	p.E586K	586	missense	NC_000962.3:9056:G:A	1	1	1	1	0.014	BOV	BOV	single_or_fixed	0	-
MFX	moxifloxacin	gyrA	p.P136A	136	missense	NC_000962.3:7706:C:G	1	1	1	1	0.002	L4	L4	single_or_fixed	0	-
MFX	moxifloxacin	gyrA	p.D502A	502	missense	NC_000962.3:8805:A:C	1	1	1	1	0.002	L4	L4	single_or_fixed	0	-
MFX	moxifloxacin	gyrA	p.H564Y	564	missense	NC_000962.3:8990:C:T	1	1	1	1	0.002	L4	L4	single_or_fixed	0	-
MFX	moxifloxacin	gyrA	p.R320P	320	missense	NC_000962.3:8259:G:C	1	1	1	1	0.002	L4	L4	single_or_fixed	0	-
MFX	moxifloxacin	gyrA	p.V259I	259	missense	NC_000962.3:8075:G:A	1	1	1	1	0.002	L4	L4	single_or_fixed	0	-
MFX	moxifloxacin	gyrA	p.S168N	168	missense	NC_000962.3:7803:G:A	1	1	1	1	0.011	L3	L3	single_or_fixed	0	levofloxacin:uncertain
MFX	moxifloxacin	gyrA	p.R718L	718	missense	NC_000962.3:9453:G:T	1	1	1	1	0.011	L3	L3	single_or_fixed	0	-
MFX	moxifloxacin	gyrA	p.T240I	240	missense	NC_000962.3:8019:C:T	1	1	1	1	0.003	L2	L2	single_or_fixed	0	-
MFX	moxifloxacin	gyrA	p.G63R	63	missense	NC_000962.3:7487:G:C	1	1	1	1	0.003	L2	L2	single_or_fixed	0	levofloxacin:uncertain;moxifloxacin:uncertain
MFX	moxifloxacin	gyrA	p.H208Q	208	missense	NC_000962.3:7924:C:G	1	1	1	1	0.003	L2	L2	single_or_fixed	0	-
MFX	moxifloxacin	gyrA	p.D453E	453	missense	NC_000962.3:8659:C:G	1	1	1	1	0.002	L4	L4	single_or_fixed	0	-
MFX	moxifloxacin	gyrA	p.K319T	319	missense	NC_000962.3:8256:A:C	1	1	1	1	0.002	L4	L4	single_or_fixed	0	moxifloxacin:uncertain
MFX	moxifloxacin	gyrA	p.G63S	63	missense	NC_000962.3:7487:G:A	1	1	1	1	0.01	L1	L1	single_or_fixed	0	-
MFX	moxifloxacin	gyrA	p.P123A	123	missense	NC_000962.3:7667:C:G	1	1	1	1	0.002	L4	L4	single_or_fixed	0	-
MFX	moxifloxacin	gyrA	p.A736G	736	missense	NC_000962.3:9507:C:G	1	1	1	1	0.011	L3	L3	single_or_fixed	0	-
MFX	moxifloxacin	gyrA	p.A71T	71	missense	NC_000962.3:7511:G:A	1	1	1	1	0.01	L1	L1	single_or_fixed	0	levofloxacin:uncertain;moxifloxacin:uncertain
MFX	moxifloxacin	gyrA	p.P163A	163	missense	NC_000962.3:7787:C:G	1	1	1	1	0.002	L4	L4	single_or_fixed	0	levofloxacin:uncertain
MFX	moxifloxacin	gyrA	p.D46E	46	missense	NC_000962.3:7438:C:A	1	1	1	1	0.002	L4	L4	single_or_fixed	0	-
MFX	moxifloxacin	gyrA	p.F602V	602	missense	NC_000962.3:9104:T:G	1	1	1	1	0.01	L1	L1	single_or_fixed	0	-
MFX	moxifloxacin	gyrA	p.I452T	452	missense	NC_000962.3:8655:T:C	1	1	1	1	0.01	L1	L1	single_or_fixed	0	levofloxacin:uncertain;moxifloxacin:uncertain
MFX	moxifloxacin	gyrA	p.L391V	391	missense	NC_000962.3:8471:C:G	1	1	1	1	0.01	L1	L1	single_or_fixed	0	-
MFX	moxifloxacin	gyrA	p.A827G	827	missense	NC_000962.3:9780:C:G	1	1	1	1	0.01	L1	L1	single_or_fixed	0	-
MFX	moxifloxacin	gyrA	p.R248L	248	missense	NC_000962.3:8043:G:T	1	1	1	1	0.002	L4	L4	single_or_fixed	0	-
MFX	moxifloxacin	gyrA	p.R143S	143	missense	NC_000962.3:7729:G:C	1	1	1	1	0.002	L4	L4	single_or_fixed	0	-
MFX	moxifloxacin	gyrA	p.A388D	388	missense	NC_000962.3:8463:C:A	1	1	1	1	0.002	L4	L4	single_or_fixed	0	-
MFX	moxifloxacin	gyrA	p.A58G	58	missense	NC_000962.3:7473:C:G	1	1	1	1	0.002	L4	L4	single_or_fixed	0	-
MFX	moxifloxacin	gyrA	p.E317D	317	missense	NC_000962.3:8251:G:C	1	1	1	1	0.002	L4	L4	single_or_fixed	0	levofloxacin:uncertain
MFX	moxifloxacin	gyrA	p.G249C	249	missense	NC_000962.3:8045:G:T	1	1	1	1	0.002	L4	L4	single_or_fixed	0	-
MFX	moxifloxacin	gyrA	p.R441G	441	missense	NC_000962.3:8621:C:G	1	1	1	1	0.002	L4	L4	single_or_fixed	0	-
MFX	moxifloxacin	gyrA	p.L774V	774	missense	NC_000962.3:9620:C:G	1	1	1	1	0.002	L4	L4	single_or_fixed	0	-
MFX	moxifloxacin	gyrA	p.E16Q	16	missense	NC_000962.3:7346:G:C	1	1	1	1	0.002	L4	L4	single_or_fixed	0	-
MFX	moxifloxacin	gyrA	p.E16K	16	missense	NC_000962.3:7346:G:A	1	1	1	1	0.003	L2	L2	single_or_fixed	0	-
MFX	moxifloxacin	gyrA	p.Y57H	57	missense	NC_000962.3:7469:T:C	1	1	1	1	0.003	L2	L2	single_or_fixed	0	-
MFX	moxifloxacin	gyrA	p.F283V	283	missense	NC_000962.3:8147:T:G	1	1	1	1	0.003	L2	L2	single_or_fixed	0	-
MFX	moxifloxacin	gyrA	p.D481N	481	missense	NC_000962.3:8741:G:A	1	1	1	1	0.011	L3	L3	single_or_fixed	0	-
MFX	moxifloxacin	gyrA	p.V97A	97	missense	NC_000962.3:7590:T:C	1	1	1	1	0.003	L2	L2	single_or_fixed	0	-
MFX	moxifloxacin	gyrA	p.E43D	43	missense	NC_000962.3:7429:G:C	1	1	1	1	0.011	L3	L3	single_or_fixed	0	-
MFX	moxifloxacin	gyrA	p.P167R	167	missense	NC_000962.3:7800:C:G	1	1	1	1	0.011	L3	L3	single_or_fixed	0	-
MFX	moxifloxacin	gyrA	p.I462T	462	missense	NC_000962.3:8685:T:C	1	1	1	1	0.011	L3	L3	single_or_fixed	0	-
MFX	moxifloxacin	gyrA	p.Y365H	365	missense	NC_000962.3:8393:T:C	1	1	1	1	0.011	L3	L3	single_or_fixed	0	levofloxacin:uncertain;moxifloxacin:uncertain
MFX	moxifloxacin	gyrA	p.Y365D	365	missense	NC_000962.3:8393:T:G	1	1	1	1	0.003	L2	L2	single_or_fixed	0	-
MFX	moxifloxacin	gyrA	p.E820A	820	missense	NC_000962.3:9759:A:C	1	1	1	1	0.003	L2	L2	single_or_fixed	0	-
MFX	moxifloxacin	gyrA	p.V349F	349	missense	NC_000962.3:8345:G:T	1	1	1	1	0.003	L2	L2	single_or_fixed	0	-
MFX	moxifloxacin	gyrA	p.G491R	491	missense	NC_000962.3:8771:G:C	1	1	1	1	0.011	L3	L3	single_or_fixed	0	-
MFX	moxifloxacin	gyrA	p.G694D	694	missense	NC_000962.3:9381:G:A	1	1	1	1	0.003	L2	L2	single_or_fixed	0	-
MFX	moxifloxacin	gyrA	p.E429A	429	missense	NC_000962.3:8586:A:C	1	1	1	1	0.011	L3	L3	single_or_fixed	0	levofloxacin:uncertain;moxifloxacin:uncertain
MFX	moxifloxacin	gyrA	p.G616C	616	missense	NC_000962.3:9146:G:T	1	1	1	1	0.003	L2	L2	single_or_fixed	0	-
MFX	moxifloxacin	gyrA	p.V327A	327	missense	NC_000962.3:8280:T:C	1	1	1	1	0.003	L2	L2	single_or_fixed	0	-
MFX	moxifloxacin	gyrA	p.D708G	708	missense	NC_000962.3:9423:A:G	1	1	1	1	0.003	L2	L2	single_or_fixed	0	-
MFX	moxifloxacin	gyrA	p.Q336P	336	missense	NC_000962.3:8307:A:C	1	1	1	1	0.011	L3	L3	single_or_fixed	0	-
MFX	moxifloxacin	gyrA	p.N838D	838	missense	NC_000962.3:9812:A:G	1	1	1	1	0.011	L3	L3	single_or_fixed	0	-
MFX	moxifloxacin	gyrA	p.P108A	108	missense	NC_000962.3:7622:C:G	1	1	1	1	0.011	L3	L3	single_or_fixed	0	-
MFX	moxifloxacin	gyrA	p.D454H	454	missense	NC_000962.3:8660:G:C	1	1	1	1	0.011	L3	L3	single_or_fixed	0	-
MFX	moxifloxacin	gyrA	p.Q161H	161	missense	NC_000962.3:7783:A:T	1	1	1	1	0.011	L3	L3	single_or_fixed	0	-
MFX	moxifloxacin	gyrA	p.M141V	141	missense	NC_000962.3:7721:A:G	1	1	1	1	0.003	L2	L2	single_or_fixed	0	levofloxacin:uncertain;moxifloxacin:uncertain
MFX	moxifloxacin	gyrA	p.Q290R	290	missense	NC_000962.3:8169:A:G	1	1	1	1	0.003	L2	L2	single_or_fixed	0	levofloxacin:uncertain;moxifloxacin:uncertain
MFX	moxifloxacin	gyrA	p.G837V	837	missense	NC_000962.3:9810:G:T	1	1	1	1	0.003	L2	L2	single_or_fixed	0	-
MFX	moxifloxacin	gyrA	p.L812M	812	missense	NC_000962.3:9734:C:A	1	1	1	1	0.003	L2	L2	single_or_fixed	0	-
MFX	moxifloxacin	gyrA	p.V310G	310	missense	NC_000962.3:8229:T:G	1	1	1	1	0.003	L2	L2	single_or_fixed	0	-
MFX	moxifloxacin	gyrA	p.S250Y	250	missense	NC_000962.3:8049:C:A	1	1	1	1	0.003	L2	L2	single_or_fixed	0	levofloxacin:uncertain;moxifloxacin:uncertain
MFX	moxifloxacin	gyrA	p.M141I	141	missense	NC_000962.3:7723:G:T	1	1	1	1	0.011	L3	L3	single_or_fixed	0	levofloxacin:uncertain;moxifloxacin:uncertain
MFX	moxifloxacin	gyrA	p.G503A	503	missense	NC_000962.3:8808:G:C	1	1	1	1	0.011	L3	L3	single_or_fixed	0	-
MFX	moxifloxacin	gyrA	p.Q603H	603	missense	NC_000962.3:9109:G:T	1	1	1	1	0.003	L2	L2	single_or_fixed	0	levofloxacin:uncertain;moxifloxacin:uncertain
MFX	moxifloxacin	gyrA	p.K319R	319	missense	NC_000962.3:8256:A:G	1	1	1	1	0.003	L2	L2	single_or_fixed	0	-
MFX	moxifloxacin	gyrA	p.L356R	356	missense	NC_000962.3:8367:T:G	1	1	1	1	0.003	L2	L2	single_or_fixed	0	-
MFX	moxifloxacin	gyrA	p.V716F	716	missense	NC_000962.3:9446:G:T	1	1	1	1	0.011	L3	L3	single_or_fixed	0	levofloxacin:uncertain;moxifloxacin:uncertain
MFX	moxifloxacin	gyrA	p.A347T	347	missense	NC_000962.3:8339:G:A	1	1	1	1	0.011	L3	L3	single_or_fixed	0	levofloxacin:uncertain;moxifloxacin:uncertain
MFX	moxifloxacin	gyrA	p.A432T	432	missense	NC_000962.3:8594:G:A	1	1	1	1	0.003	L2	L2	single_or_fixed	0	-
MFX	moxifloxacin	gyrA	p.A388T	388	missense	NC_000962.3:8462:G:A	1	1	1	1	0.011	L3	L3	single_or_fixed	0	-
MFX	moxifloxacin	gyrA	p.E514G	514	missense	NC_000962.3:8841:A:G	1	1	1	1	0.003	L2	L2	single_or_fixed	0	-
MFX	moxifloxacin	gyrA	p.T496S	496	missense	NC_000962.3:8787:C:G	1	1	1	1	0.011	L3	L3	single_or_fixed	0	-
MFX	moxifloxacin	gyrA	p.F683V	683	missense	NC_000962.3:9347:T:G	1	1	1	1	0.011	L3	L3	single_or_fixed	0	levofloxacin:uncertain;moxifloxacin:uncertain
MFX	moxifloxacin	gyrA	p.A324V	324	missense	NC_000962.3:8271:C:T	1	1	1	1	0.011	L3	L3	single_or_fixed	0	levofloxacin:uncertain;moxifloxacin:uncertain
MFX	moxifloxacin	gyrA	p.D481E	481	missense	NC_000962.3:8743:C:A	1	1	1	1	0.011	L3	L3	single_or_fixed	0	levofloxacin:uncertain;moxifloxacin:uncertain
MFX	moxifloxacin	gyrA	p.T686S	686	missense	NC_000962.3:9357:C:G	1	1	1	1	0.011	L3	L3	single_or_fixed	0	levofloxacin:uncertain;moxifloxacin:uncertain
MFX	moxifloxacin	gyrA	p.D111G	111	missense	NC_000962.3:7632:A:G	1	1	1	1	0.011	L3	L3	single_or_fixed	0	levofloxacin:uncertain;moxifloxacin:uncertain
MFX	moxifloxacin	gyrA	p.S263C	263	missense	NC_000962.3:8088:C:G	1	1	1	1	0.011	L3	L3	single_or_fixed	0	-
MFX	moxifloxacin	gyrA	p.N301T	301	missense	NC_000962.3:8202:A:C	1	1	1	1	0.011	L3	L3	single_or_fixed	0	levofloxacin:uncertain;moxifloxacin:uncertain
MFX	moxifloxacin	gyrA	p.I234T	234	missense	NC_000962.3:8001:T:C	1	1	1	1	0.011	L3	L3	single_or_fixed	0	-
MFX	moxifloxacin	gyrA	p.D211G	211	missense	NC_000962.3:7932:A:G	1	1	1	1	0.011	L3	L3	single_or_fixed	0	levofloxacin:uncertain;moxifloxacin:uncertain
MFX	moxifloxacin	gyrA	p.V291F	291	missense	NC_000962.3:8171:G:T	1	1	1	1	0.011	L3	L3	single_or_fixed	0	-
MFX	moxifloxacin	gyrA	p.T5P	5	missense	NC_000962.3:7313:A:C	1	1	1	1	0.003	L2	L2	single_or_fixed	0	-
MFX	moxifloxacin	gyrA	p.M81L	81	missense	NC_000962.3:7541:A:C	1	1	1	1	0.003	L2	L2	single_or_fixed	0	-
MFX	moxifloxacin	gyrA	p.P604S	604	missense	NC_000962.3:9110:C:T	1	1	1	1	0.011	L3	L3	single_or_fixed	0	-
MFX	moxifloxacin	gyrA	p.A432G	432	missense	NC_000962.3:8595:C:G	1	1	1	1	0.003	L2	L2	single_or_fixed	0	levofloxacin:uncertain;moxifloxacin:uncertain
MFX	moxifloxacin	gyrA	p.I520L	520	missense	NC_000962.3:8858:A:C	1	1	1	1	0.003	L2	L2	single_or_fixed	0	levofloxacin:uncertain;moxifloxacin:uncertain
MFX	moxifloxacin	gyrA	p.V352L	352	missense	NC_000962.3:8354:G:C	1	1	1	1	0.003	L2	L2	single_or_fixed	0	levofloxacin:uncertain;moxifloxacin:uncertain
MFX	moxifloxacin	gyrA	p.E140G	140	missense	NC_000962.3:7719:A:G	1	1	1	1	0.003	L2	L2	single_or_fixed	0	levofloxacin:uncertain;moxifloxacin:uncertain
MFX	moxifloxacin	gyrA	p.L455R	455	missense	NC_000962.3:8664:T:G	1	1	1	1	0.003	L2	L2	single_or_fixed	0	levofloxacin:uncertain;moxifloxacin:uncertain
MFX	moxifloxacin	gyrA	p.E485A	485	missense	NC_000962.3:8754:A:C	1	1	1	1	0.011	L3	L3	single_or_fixed	0	levofloxacin:uncertain
MFX	moxifloxacin	gyrA	p.Q743H	743	missense	NC_000962.3:9529:G:T	1	1	1	1	0.011	L3	L3	single_or_fixed	0	levofloxacin:uncertain;moxifloxacin:uncertain
MFX	moxifloxacin	gyrA	p.P102L	102	missense	NC_000962.3:7605:C:T	1	1	1	1	0.011	L3	L3	single_or_fixed	0	levofloxacin:uncertain;moxifloxacin:uncertain
MFX	moxifloxacin	gyrA	p.K793T	793	missense	NC_000962.3:9678:A:C	1	1	1	1	0.011	L3	L3	single_or_fixed	0	-
MFX	moxifloxacin	gyrA	p.R65L	65	missense	NC_000962.3:7494:G:T	1	1	1	1	0.011	L3	L3	single_or_fixed	0	-
MFX	moxifloxacin	gyrA	p.R758P	758	missense	NC_000962.3:9573:G:C	1	1	1	1	0.011	L3	L3	single_or_fixed	0	-
MFX	moxifloxacin	gyrA	p.D199Y	199	missense	NC_000962.3:7895:G:T	1	1	1	1	0.003	L2	L2	single_or_fixed	0	levofloxacin:uncertain
MFX	moxifloxacin	gyrA	p.A650S	650	missense	NC_000962.3:9248:G:T	1	1	1	1	0.003	L2	L2	single_or_fixed	0	-
MFX	moxifloxacin	gyrA	p.G809A	809	missense	NC_000962.3:9726:G:C	1	1	1	1	0.011	L3	L3	single_or_fixed	0	-
MFX	moxifloxacin	gyrA	p.D552E	552	missense	NC_000962.3:8956:C:G	1	1	1	1	0.011	L3	L3	single_or_fixed	0	-
MFX	moxifloxacin	gyrA	p.R758G	758	missense	NC_000962.3:9572:C:G	1	1	1	1	0.003	L2	L2	single_or_fixed	0	-
MFX	moxifloxacin	gyrA	p.D467N	467	missense	NC_000962.3:8699:G:A	1	1	1	1	0.003	L2	L2	single_or_fixed	0	-
MFX	moxifloxacin	gyrA	p.G764R	764	missense	NC_000962.3:9590:G:C	1	1	1	1	0.003	L2	L2	single_or_fixed	0	levofloxacin:uncertain
MFX	moxifloxacin	gyrA	p.N282K	282	missense	NC_000962.3:8146:C:A	1	1	1	1	0.003	L2	L2	single_or_fixed	0	levofloxacin:uncertain;moxifloxacin:uncertain
MFX	moxifloxacin	gyrA	p.I284M	284	missense	NC_000962.3:8152:C:G	1	1	1	1	0.003	L2	L2	single_or_fixed	0	-
MFX	moxifloxacin	gyrA	p.T378N	378	missense	NC_000962.3:8433:C:A	1	1	1	1	0.003	L2	L2	single_or_fixed	0	levofloxacin:uncertain
MFX	moxifloxacin	gyrA	p.R758W	758	missense	NC_000962.3:9572:C:T	1	1	1	1	0.003	L2	L2	single_or_fixed	0	levofloxacin:uncertain
MFX	moxifloxacin	gyrA	p.A32T	32	missense	NC_000962.3:7394:G:A	1	1	1	1	0.003	L2	L2	single_or_fixed	0	-
MFX	moxifloxacin	gyrA	p.H52Y	52	missense	NC_000962.3:7454:C:T	1	1	1	1	0.003	L2	L2	single_or_fixed	0	levofloxacin:uncertain
MFX	moxifloxacin	gyrA	p.E303K	303	missense	NC_000962.3:8207:G:A	1	1	1	1	0.003	L2	L2	single_or_fixed	0	levofloxacin:uncertain;moxifloxacin:uncertain
MFX	moxifloxacin	gyrA	p.A787P	787	missense	NC_000962.3:9659:G:C	1	1	1	1	0.003	L2	L2	single_or_fixed	0	-
MFX	moxifloxacin	gyrA	p.K580N	580	missense	NC_000962.3:9040:G:C	1	1	1	1	0.003	L2	L2	single_or_fixed	0	-
MFX	moxifloxacin	gyrA	p.A676T	676	missense	NC_000962.3:9326:G:A	1	1	1	1	0.003	L2	L2	single_or_fixed	0	-
MFX	moxifloxacin	gyrA	p.D532Y	532	missense	NC_000962.3:8894:G:T	1	1	1	1	0.011	L3	L3	single_or_fixed	0	-
MFX	moxifloxacin	gyrA	p.P154T	154	missense	NC_000962.3:7760:C:A	1	1	1	1	0.003	L2	L2	single_or_fixed	0	-
MFX	moxifloxacin	gyrA	p.K748I	748	missense	NC_000962.3:9543:A:T	1	1	1	1	0.003	L2	L2	single_or_fixed	0	-
MFX	moxifloxacin	gyrA	p.T618A	618	missense	NC_000962.3:9152:A:G	1	1	1	1	0.003	L2	L2	single_or_fixed	0	-
MFX	moxifloxacin	gyrA	p.G112V	112	missense	NC_000962.3:7635:G:T	1	1	1	1	0.003	L2	L2	single_or_fixed	0	-
MFX	moxifloxacin	gyrA	p.T721A	721	missense	NC_000962.3:9461:A:G	1	1	1	1	0.003	L2	L2	single_or_fixed	0	-
MFX	moxifloxacin	gyrA	p.Q835K	835	missense	NC_000962.3:9803:C:A	1	1	1	1	0.011	L3	L3	single_or_fixed	0	-
MFX	moxifloxacin	gyrA	p.S76A	76	missense	NC_000962.3:7526:T:G	1	1	1	1	0.003	L2	L2	single_or_fixed	0	-
MFX	moxifloxacin	gyrA	p.D829G	829	missense	NC_000962.3:9786:A:G	1	1	1	1	0.011	L3	L3	single_or_fixed	0	-
MFX	moxifloxacin	gyrA	p.E412D	412	missense	NC_000962.3:8536:G:C	1	1	1	1	0.003	L2	L2	single_or_fixed	0	-
MFX	moxifloxacin	gyrA	p.V374A	374	missense	NC_000962.3:8421:T:C	1	1	1	1	0.011	L3	L3	single_or_fixed	0	-
MFX	moxifloxacin	gyrA	p.E303V	303	missense	NC_000962.3:8208:A:T	1	1	1	1	0.003	L2	L2	single_or_fixed	0	-
MFX	moxifloxacin	gyrA	p.V395I	395	missense	NC_000962.3:8483:G:A	1	1	1	1	0.011	L3	L3	single_or_fixed	0	-
MFX	moxifloxacin	gyrA	p.M693V	693	missense	NC_000962.3:9377:A:G	1	1	1	1	0.011	L3	L3	single_or_fixed	0	-
MFX	moxifloxacin	gyrA	p.R309W	309	missense	NC_000962.3:8225:C:T	1	1	1	1	0.003	L2	L2	single_or_fixed	0	levofloxacin:uncertain;moxifloxacin:uncertain
MFX	moxifloxacin	gyrA	p.V55L	55	missense	NC_000962.3:7463:G:T	1	1	1	1	0.011	L3	L3	single_or_fixed	0	-
MFX	moxifloxacin	gyrA	p.I92V	92	missense	NC_000962.3:7574:A:G	1	1	1	1	0.003	L2	L2	single_or_fixed	0	levofloxacin:uncertain;moxifloxacin:uncertain
MFX	moxifloxacin	gyrA	p.E447G	447	missense	NC_000962.3:8640:A:G	1	1	1	1	0.003	L2	L2	single_or_fixed	0	-
MFX	moxifloxacin	gyrA	p.A410T	410	missense	NC_000962.3:8528:G:A	1	1	1	1	0.003	L2	L2	single_or_fixed	0	levofloxacin:uncertain
MFX	moxifloxacin	gyrA	p.A463T	463	missense	NC_000962.3:8687:G:A	1	1	1	1	0.003	L2	L2	single_or_fixed	0	-
MFX	moxifloxacin	gyrA	p.G832V	832	missense	NC_000962.3:9795:G:T	1	1	1	1	0.003	L2	L2	single_or_fixed	0	-
MFX	moxifloxacin	gyrA	p.V366G	366	missense	NC_000962.3:8397:T:G	1	1	1	1	0.011	L3	L3	single_or_fixed	0	-
MFX	moxifloxacin	gyrA	p.L723V	723	missense	NC_000962.3:9467:C:G	1	1	1	1	0.011	L3	L3	single_or_fixed	0	-
MFX	moxifloxacin	gyrA	p.E808Q	808	missense	NC_000962.3:9722:G:C	1	1	1	1	0.003	L2	L2	single_or_fixed	0	levofloxacin:uncertain;moxifloxacin:uncertain
MFX	moxifloxacin	gyrA	p.R615C	615	missense	NC_000962.3:9143:C:T	1	1	1	1	0.011	L3	L3	single_or_fixed	0	-
MFX	moxifloxacin	gyrA	p.D367N	367	missense	NC_000962.3:8399:G:A	1	1	1	1	0.003	L2	L2	single_or_fixed	0	-
MFX	moxifloxacin	gyrA	p.Y332H	332	missense	NC_000962.3:8294:T:C	1	1	1	1	0.003	L2	L2	single_or_fixed	0	-
MFX	moxifloxacin	gyrA	p.D464G	464	missense	NC_000962.3:8691:A:G	1	1	1	1	0.003	L2	L2	single_or_fixed	0	-
MFX	moxifloxacin	gyrA	p.D670Y	670	missense	NC_000962.3:9308:G:T	1	1	1	1	0.003	L2	L2	single_or_fixed	0	-
MFX	moxifloxacin	gyrA	p.G112S	112	missense	NC_000962.3:7634:G:A	1	1	1	1	0.003	L2	L2	single_or_fixed	0	-
MFX	moxifloxacin	gyrA	p.N176S	176	missense	NC_000962.3:7827:A:G	1	1	1	1	0.003	L2	L2	single_or_fixed	0	-
MFX	moxifloxacin	gyrA	p.V716I	716	missense	NC_000962.3:9446:G:A	1	1	1	1	0.003	L2	L2	single_or_fixed	0	-
MFX	moxifloxacin	gyrA	p.D426E	426	missense	NC_000962.3:8578:C:G	1	1	1	1	0.003	L2	L2	single_or_fixed	0	-
MFX	moxifloxacin	gyrA	p.D502H	502	missense	NC_000962.3:8804:G:C	1	1	1	1	0.003	L2	L2	single_or_fixed	0	-
MFX	moxifloxacin	gyrA	p.T230P	230	missense	NC_000962.3:7988:A:C	1	1	1	1	0.011	L3	L3	single_or_fixed	0	-
MFX	moxifloxacin	gyrA	p.N677S	677	missense	NC_000962.3:9330:A:G	1	1	1	1	0.011	L3	L3	single_or_fixed	0	-
MFX	moxifloxacin	gyrA	p.S27G	27	missense	NC_000962.3:7379:A:G	1	1	1	1	0.011	L3	L3	single_or_fixed	0	-
MFX	moxifloxacin	gyrA	p.V291A	291	missense	NC_000962.3:8172:T:C	1	1	1	1	0.011	L3	L3	single_or_fixed	0	-
MFX	moxifloxacin	gyrA	p.G298D	298	missense	NC_000962.3:8193:G:A	1	1	1	1	0.011	L3	L3	single_or_fixed	0	-
MFX	moxifloxacin	gyrA	p.E43K	43	missense	NC_000962.3:7427:G:A	1	1	1	1	0.003	L2	L2	single_or_fixed	0	-
MFX	moxifloxacin	gyrA	p.I707T	707	missense	NC_000962.3:9420:T:C	1	1	1	1	0.011	L3	L3	single_or_fixed	0	-
MFX	moxifloxacin	gyrA	p.T272S	272	missense	NC_000962.3:8115:C:G	1	1	1	1	0.003	L2	L2	single_or_fixed	0	-
MFX	moxifloxacin	gyrA	p.N121S	121	missense	NC_000962.3:7662:A:G	1	1	1	1	0.003	L2	L2	single_or_fixed	0	-
MFX	moxifloxacin	gyrA	p.N301D	301	missense	NC_000962.3:8201:A:G	1	1	1	1	0.003	L2	L2	single_or_fixed	0	-
MFX	moxifloxacin	gyrA	p.T811K	811	missense	NC_000962.3:9732:C:A	1	1	1	1	0.003	L2	L2	single_or_fixed	0	-
MFX	moxifloxacin	gyrA	p.R592P	592	missense	NC_000962.3:9075:G:C	1	1	1	1	0.003	L2	L2	single_or_fixed	0	-
MFX	moxifloxacin	gyrA	p.H334Q	334	missense	NC_000962.3:8302:C:G	1	1	1	1	0.011	L3	L3	single_or_fixed	0	-
MFX	moxifloxacin	gyrA	p.S34G	34	missense	NC_000962.3:7400:A:G	1	1	1	1	0.003	L2	L2	single_or_fixed	0	-
MFX	moxifloxacin	gyrA	p.P119R	119	missense	NC_000962.3:7656:C:G	1	1	1	1	0.003	L2	L2	single_or_fixed	0	-
MFX	moxifloxacin	gyrA	p.D371G	371	missense	NC_000962.3:8412:A:G	1	1	1	1	0.003	L2	L2	single_or_fixed	0	-
MFX	moxifloxacin	gyrA	p.G158C	158	missense	NC_000962.3:7772:G:T	1	1	1	1	0.003	L2	L2	single_or_fixed	0	-
MFX	moxifloxacin	gyrA	p.D454N	454	missense	NC_000962.3:8660:G:A	1	1	1	1	0.003	L2	L2	single_or_fixed	0	-
MFX	moxifloxacin	gyrA	p.N656D	656	missense	NC_000962.3:9266:A:G	1	1	1	1	0.003	L2	L2	single_or_fixed	0	-
MFX	moxifloxacin	gyrA	p.I784V	784	missense	NC_000962.3:9650:A:G	1	1	1	1	0.003	L2	L2	single_or_fixed	0	-
MFX	moxifloxacin	gyrA	p.D426G	426	missense	NC_000962.3:8577:A:G	1	1	1	1	0.003	L2	L2	single_or_fixed	0	-
MFX	moxifloxacin	gyrA	p.I328M	328	missense	NC_000962.3:8284:C:G	1	1	1	1	0.003	L2	L2	single_or_fixed	0	-
MFX	moxifloxacin	gyrA	p.D399N	399	missense	NC_000962.3:8495:G:A	1	1	1	1	0.011	L3	L3	single_or_fixed	0	-
MFX	moxifloxacin	gyrA	p.D242Y	242	missense	NC_000962.3:8024:G:T	1	1	1	1	0.011	L3	L3	single_or_fixed	0	-
MFX	moxifloxacin	gyrA	p.H280Y	280	missense	NC_000962.3:8138:C:T	1	1	1	1	0.003	L2	L2	single_or_fixed	0	-
MFX	moxifloxacin	gyrA	p.A833G	833	missense	NC_000962.3:9798:C:G	1	1	1	1	0.003	L2	L2	single_or_fixed	0	-
MFX	moxifloxacin	gyrA	p.D453Y	453	missense	NC_000962.3:8657:G:T	1	1	1	1	0.003	L2	L2	single_or_fixed	0	-
MFX	moxifloxacin	gyrA	p.N706D	706	missense	NC_000962.3:9416:A:G	1	1	1	1	0.011	L3	L3	single_or_fixed	0	-
MFX	moxifloxacin	gyrA	p.R222L	222	missense	NC_000962.3:7965:G:T	1	1	1	1	0.011	L3	L3	single_or_fixed	0	-
MFX	moxifloxacin	gyrA	p.R654H	654	missense	NC_000962.3:9261:G:A	1	1	1	1	0.011	L3	L3	single_or_fixed	0	-
MFX	moxifloxacin	gyrA	p.V487M	487	missense	NC_000962.3:8759:G:A	1	1	1	1	0.003	L2	L2	single_or_fixed	0	-
MFX	moxifloxacin	gyrA	p.H389Q	389	missense	NC_000962.3:8467:C:A	1	1	1	1	0.011	L3	L3	single_or_fixed	0	-
MFX	moxifloxacin	gyrA	p.V555I	555	missense	NC_000962.3:8963:G:A	1	1	1	1	0.011	L3	L3	single_or_fixed	0	-
MFX	moxifloxacin	gyrA	p.A71V	71	missense	NC_000962.3:7512:C:T	1	1	1	1	0.003	L2	L2	single_or_fixed	0	-
MFX	moxifloxacin	gyrA	p.N838I	838	missense	NC_000962.3:9813:A:T	1	1	1	1	0.003	L2	L2	single_or_fixed	0	-
MFX	moxifloxacin	gyrA	p.A579G	579	missense	NC_000962.3:9036:C:G	1	1	1	1	0.003	L2	L2	single_or_fixed	0	-
MFX	moxifloxacin	gyrA	p.L671V	671	missense	NC_000962.3:9311:C:G	1	1	1	1	0.011	L3	L3	single_or_fixed	0	levofloxacin:uncertain;moxifloxacin:uncertain
MFX	moxifloxacin	gyrA	p.S118A	118	missense	NC_000962.3:7652:T:G	1	1	1	1	0.003	L2	L2	single_or_fixed	0	-
MFX	moxifloxacin	gyrA	p.G236R	236	missense	NC_000962.3:8006:G:C	1	1	1	1	0.011	L3	L3	single_or_fixed	0	-
MFX	moxifloxacin	gyrA	p.G548E	548	missense	NC_000962.3:8943:G:A	1	1	1	1	0.011	L3	L3	single_or_fixed	0	-
MFX	moxifloxacin	gyrA	p.V315I	315	missense	NC_000962.3:8243:G:A	1	1	1	1	0.011	L3	L3	single_or_fixed	0	-
MFX	moxifloxacin	gyrA	p.V777A	777	missense	NC_000962.3:9630:T:C	1	1	1	1	0.011	L3	L3	single_or_fixed	0	-
MFX	moxifloxacin	gyrA	p.E773D	773	missense	NC_000962.3:9619:G:T	1	1	1	1	0.003	L2	L2	single_or_fixed	0	-
MFX	moxifloxacin	gyrA	p.D371Y	371	missense	NC_000962.3:8411:G:T	1	1	1	1	0.003	L2	L2	single_or_fixed	0	-
MFX	moxifloxacin	gyrA	p.R528S	528	missense	NC_000962.3:8882:C:A	1	1	1	1	0.011	L3	L3	single_or_fixed	0	-
MFX	moxifloxacin	gyrA	p.M804V	804	missense	NC_000962.3:9710:A:G	1	1	1	1	0.011	L3	L3	single_or_fixed	0	levofloxacin:uncertain;moxifloxacin:uncertain
MFX	moxifloxacin	gyrA	p.H208R	208	missense	NC_000962.3:7923:A:G	1	1	1	1	0.011	L3	L3	single_or_fixed	0	-
MFX	moxifloxacin	gyrA	p.R254S	254	missense	NC_000962.3:8060:C:A	1	1	1	1	0.011	L3	L3	single_or_fixed	0	-
MFX	moxifloxacin	gyrA	p.P119T	119	missense	NC_000962.3:7655:C:A	1	1	1	1	0.011	L3	L3	single_or_fixed	0	-
MFX	moxifloxacin	gyrA	p.R802Q	802	missense	NC_000962.3:9705:G:A	1	1	1	1	0.01	L1	L1	single_or_fixed	0	-
MFX	moxifloxacin	gyrA	p.R320G	320	missense	NC_000962.3:8258:C:G	1	1	1	1	0.002	L4	L4	single_or_fixed	0	-
MFX	moxifloxacin	gyrA	p.R691G	691	missense	NC_000962.3:9371:C:G	1	1	1	1	0.01	L1	L1	single_or_fixed	0	-
MFX	moxifloxacin	gyrA	p.E821A	821	missense	NC_000962.3:9762:A:C	1	1	1	1	0.014	BOV	BOV	single_or_fixed	0	-
MFX	moxifloxacin	gyrA	p.V201M	201	missense	NC_000962.3:7901:G:A	1	1	1	1	0.01	L1	L1	single_or_fixed	0	-
MFX	moxifloxacin	gyrA	p.P136S	136	missense	NC_000962.3:7706:C:T	1	1	1	1	0.01	L1	L1	single_or_fixed	0	-
MFX	moxifloxacin	gyrA	p.N121K	121	missense	NC_000962.3:7663:T:G	1	1	1	1	0.01	L1	L1	single_or_fixed	0	-
MFX	moxifloxacin	gyrA	p.Q369H	369	missense	NC_000962.3:8407:A:C	1	1	1	1	0.002	L4	L4	single_or_fixed	0	-
MFX	moxifloxacin	gyrA	p.A419V	419	missense	NC_000962.3:8556:C:T	1	1	1	1	0.002	L4	L4	single_or_fixed	0	-
MFX	moxifloxacin	gyrA	p.I648V	648	missense	NC_000962.3:9242:A:G	1	1	1	1	0.002	L4	L4	single_or_fixed	0	-
MFX	moxifloxacin	gyrA	p.V315F	315	missense	NC_000962.3:8243:G:T	1	1	1	1	0.002	L4	L4	single_or_fixed	0	-
MFX	moxifloxacin	gyrA	p.R578P	578	missense	NC_000962.3:9033:G:C	1	1	1	1	0.01	L1	L1	single_or_fixed	0	-
MFX	moxifloxacin	gyrA	p.Q369L	369	missense	NC_000962.3:8406:A:T	1	1	1	1	0.01	L1	L1	single_or_fixed	0	-
MFX	moxifloxacin	gyrA	p.I251V	251	missense	NC_000962.3:8051:A:G	1	1	1	1	0.01	L1	L1	single_or_fixed	0	-
MFX	moxifloxacin	gyrA	p.M804I	804	missense	NC_000962.3:9712:G:A	1	1	1	1	0.002	L4	L4	single_or_fixed	0	-
MFX	moxifloxacin	gyrA	p.E317D	317	missense	NC_000962.3:8251:G:T	1	1	1	1	0.01	L1	L1	single_or_fixed	0	levofloxacin:uncertain
MFX	moxifloxacin	gyrA	p.K333R	333	missense	NC_000962.3:8298:A:G	1	1	1	1	0.01	L1	L1	single_or_fixed	0	levofloxacin:uncertain
MFX	moxifloxacin	gyrA	p.G616D	616	missense	NC_000962.3:9147:G:A	1	1	1	1	0.01	L1	L1	single_or_fixed	0	-
MFX	moxifloxacin	gyrA	p.G236A	236	missense	NC_000962.3:8007:G:C	1	1	1	1	0.01	L1	L1	single_or_fixed	0	-
MFX	moxifloxacin	gyrA	p.M24V	24	missense	NC_000962.3:7370:A:G	1	1	1	1	0.01	L1	L1	single_or_fixed	0	levofloxacin:uncertain
MFX	moxifloxacin	gyrA	p.A138V	138	missense	NC_000962.3:7713:C:T	1	1	1	1	0.01	L1	L1	single_or_fixed	0	-
MFX	moxifloxacin	gyrA	p.P136L	136	missense	NC_000962.3:7707:C:T	1	1	1	1	0.01	L1	L1	single_or_fixed	0	-
MFX	moxifloxacin	gyrA	p.F64L	64	missense	NC_000962.3:7492:C:G	1	1	1	1	0.002	L4	L4	single_or_fixed	0	levofloxacin:uncertain
MFX	moxifloxacin	gyrA	p.A581G	581	missense	NC_000962.3:9042:C:G	1	1	1	1	0.002	L4	L4	single_or_fixed	0	levofloxacin:uncertain
MFX	moxifloxacin	gyrA	p.D262V	262	missense	NC_000962.3:8085:A:T	1	1	1	1	0.002	L4	L4	single_or_fixed	0	levofloxacin:uncertain;moxifloxacin:uncertain
MFX	moxifloxacin	gyrA	p.D402G	402	missense	NC_000962.3:8505:A:G	1	1	1	1	0.002	L4	L4	single_or_fixed	0	-
MFX	moxifloxacin	gyrA	p.T727M	727	missense	NC_000962.3:9480:C:T	1	1	1	1	0.01	L1	L1	single_or_fixed	0	-
MFX	moxifloxacin	gyrA	p.P163T	163	missense	NC_000962.3:7787:C:A	1	1	1	1	0.002	L4	L4	single_or_fixed	0	-
MFX	moxifloxacin	gyrA	p.S680C	680	missense	NC_000962.3:9339:C:G	1	1	1	1	0.002	L4	L4	single_or_fixed	0	-
MFX	moxifloxacin	gyrA	p.H564Q	564	missense	NC_000962.3:8992:C:G	1	1	1	1	0.225	L5	L5	single_or_fixed	0	-
MFX	moxifloxacin	gyrA	p.R248C	248	missense	NC_000962.3:8042:C:T	1	1	1	1	0.01	L1	L1	single_or_fixed	0	-
MFX	moxifloxacin	gyrA	p.V278A	278	missense	NC_000962.3:8133:T:C	1	1	1	1	0.98	BOV_AFRI	BOV_AFRI	single_or_fixed	0	-
MFX	moxifloxacin	gyrA	p.A470V	470	missense	NC_000962.3:8709:C:T	1	1	1	1	0.002	L4	L4	single_or_fixed	0	-
MFX	moxifloxacin	gyrA	p.Q743H	743	missense	NC_000962.3:9529:G:C	1	1	1	1	0.002	L4	L4	single_or_fixed	0	levofloxacin:uncertain;moxifloxacin:uncertain
MFX	moxifloxacin	gyrA	p.K383N	383	missense	NC_000962.3:8449:G:T	1	1	1	1	0.002	L4	L4	single_or_fixed	0	-
MFX	moxifloxacin	gyrA	p.F283L	283	missense	NC_000962.3:8149:C:G	1	1	1	1	0.01	L1	L1	single_or_fixed	0	-
MFX	moxifloxacin	gyrA	p.A347P	347	missense	NC_000962.3:8339:G:C	1	1	1	1	0.002	L4	L4	single_or_fixed	0	-
MFX	moxifloxacin	gyrA	p.E522D	522	missense	NC_000962.3:8866:A:T	1	1	1	1	0.01	L1	L1	single_or_fixed	0	-
MFX	moxifloxacin	gyrA	p.T378S	378	missense	NC_000962.3:8433:C:G	1	1	1	1	0.002	L4	L4	single_or_fixed	0	-
MFX	moxifloxacin	gyrA	p.I468V	468	missense	NC_000962.3:8702:A:G	1	1	1	1	0.002	L4	L4	single_or_fixed	0	levofloxacin:uncertain
MFX	moxifloxacin	gyrA	p.A74T	74	missense	NC_000962.3:7520:G:A	1	1	1	1	0.002	L4	L4	single_or_fixed	0	levofloxacin:uncertain;moxifloxacin:uncertain
MFX	moxifloxacin	gyrA	p.A579T	579	missense	NC_000962.3:9035:G:A	1	1	1	1	0.085	L6	L6	single_or_fixed	0	-
MFX	moxifloxacin	gyrA	p.E820G	820	missense	NC_000962.3:9759:A:G	1	1	1	1	0.002	L4	L4	single_or_fixed	0	-
MFX	moxifloxacin	gyrA	p.V352A	352	missense	NC_000962.3:8355:T:C	1	1	1	1	0.002	L4	L4	single_or_fixed	0	levofloxacin:uncertain
MFX	moxifloxacin	gyrA	p.N805S	805	missense	NC_000962.3:9714:A:G	1	1	1	1	0.01	L1	L1	single_or_fixed	0	-
MFX	moxifloxacin	gyrA	p.R382S	382	missense	NC_000962.3:8444:C:A	1	1	1	1	0.002	L4	L4	single_or_fixed	0	-
MFX	moxifloxacin	gyrA	p.S62C	62	missense	NC_000962.3:7485:C:G	1	1	1	1	0.01	L1	L1	single_or_fixed	0	-
MFX	moxifloxacin	gyrA	p.M703V	703	missense	NC_000962.3:9407:A:G	1	1	1	1	0.01	L1	L1	single_or_fixed	0	levofloxacin:uncertain;moxifloxacin:uncertain
MFX	moxifloxacin	gyrA	p.V517L	517	missense	NC_000962.3:8849:G:C	1	1	1	1	0.01	L1	L1	single_or_fixed	0	levofloxacin:uncertain;moxifloxacin:uncertain
MFX	moxifloxacin	gyrA	p.D509H	509	missense	NC_000962.3:8825:G:C	1	1	1	1	0.002	L4	L4	single_or_fixed	0	-
MFX	moxifloxacin	gyrA	p.N706S	706	missense	NC_000962.3:9417:A:G	1	1	1	1	0.002	L4	L4	single_or_fixed	0	-
MFX	moxifloxacin	gyrA	p.V663L	663	missense	NC_000962.3:9287:G:C	1	1	1	1	0.002	L4	L4	single_or_fixed	0	-
MFX	moxifloxacin	gyrA	p.I284T	284	missense	NC_000962.3:8151:T:C	1	1	1	1	0.002	L4	L4	single_or_fixed	0	-
MFX	moxifloxacin	gyrA	p.L216V	216	missense	NC_000962.3:7946:C:G	1	1	1	1	0.01	L1	L1	single_or_fixed	0	-
MFX	moxifloxacin	gyrA	p.R592C	592	missense	NC_000962.3:9074:C:T	1	1	1	1	0.01	L1	L1	single_or_fixed	0	levofloxacin:uncertain;moxifloxacin:uncertain
MFX	moxifloxacin	gyrA	p.A830S	830	missense	NC_000962.3:9788:G:T	1	1	1	1	0.01	L1	L1	single_or_fixed	0	-
MFX	moxifloxacin	gyrA	p.E206K	206	missense	NC_000962.3:7916:G:A	1	1	1	1	0.01	L1	L1	single_or_fixed	0	-
MFX	moxifloxacin	gyrA	p.G225C	225	missense	NC_000962.3:7973:G:T	1	1	1	1	0.002	L4	L4	single_or_fixed	0	-
MFX	moxifloxacin	gyrA	p.E605K	605	missense	NC_000962.3:9113:G:A	1	1	1	1	0.01	L1	L1	single_or_fixed	0	-
MFX	moxifloxacin	gyrA	p.R607C	607	missense	NC_000962.3:9119:C:T	1	1	1	1	0.01	L1	L1	single_or_fixed	0	levofloxacin:uncertain;moxifloxacin:uncertain
MFX	moxifloxacin	gyrA	p.A400G	400	missense	NC_000962.3:8499:C:G	1	1	1	1	0.002	L4	L4	single_or_fixed	0	-
MFX	moxifloxacin	gyrA	p.V404G	404	missense	NC_000962.3:8511:T:G	1	1	1	1	0.002	L4	L4	single_or_fixed	0	-
MFX	moxifloxacin	gyrA	p.D199A	199	missense	NC_000962.3:7896:A:C	1	1	1	1	0.01	L1	L1	single_or_fixed	0	-
MFX	moxifloxacin	gyrA	p.P42S	42	missense	NC_000962.3:7424:C:T	1	1	1	1	0.002	L4	L4	single_or_fixed	0	-
MFX	moxifloxacin	gyrA	p.Q290H	290	missense	NC_000962.3:8170:G:T	1	1	1	1	0.01	L1	L1	single_or_fixed	0	levofloxacin:uncertain;moxifloxacin:uncertain
MFX	moxifloxacin	gyrA	p.L425H	425	missense	NC_000962.3:8574:T:A	1	1	1	1	0.002	L4	L4	single_or_fixed	0	-
MFX	moxifloxacin	gyrA	p.T377S	377	missense	NC_000962.3:8430:C:G	1	1	1	1	0.002	L4	L4	single_or_fixed	0	-
MFX	moxifloxacin	gyrA	p.V259L	259	missense	NC_000962.3:8075:G:C	1	1	1	1	0.002	L4	L4	single_or_fixed	0	-
MFX	moxifloxacin	gyrA	p.E808A	808	missense	NC_000962.3:9723:A:C	1	1	1	1	0.014	BOV	BOV	single_or_fixed	0	levofloxacin:uncertain;moxifloxacin:uncertain
MFX	moxifloxacin	gyrA	p.E466G	466	missense	NC_000962.3:8697:A:G	1	1	1	1	0.002	L4	L4	single_or_fixed	0	-
MFX	moxifloxacin	gyrA	p.A288G	288	missense	NC_000962.3:8163:C:G	1	1	1	1	0.01	L1	L1	single_or_fixed	0	-
MFX	moxifloxacin	gyrA	p.T563S	563	missense	NC_000962.3:8988:C:G	1	1	1	1	0.002	L4	L4	single_or_fixed	0	levofloxacin:uncertain;moxifloxacin:uncertain
MFX	moxifloxacin	gyrA	p.E466A	466	missense	NC_000962.3:8697:A:C	1	1	1	1	0.002	L4	L4	single_or_fixed	0	levofloxacin:uncertain;moxifloxacin:uncertain
MFX	moxifloxacin	gyrA	p.E459A	459	missense	NC_000962.3:8676:A:C	1	1	1	1	0.002	L4	L4	single_or_fixed	0	levofloxacin:uncertain;moxifloxacin:uncertain
MFX	moxifloxacin	gyrA	p.E820K	820	missense	NC_000962.3:9758:G:A	1	1	1	1	0.01	L1	L1	single_or_fixed	0	-
MFX	moxifloxacin	gyrA	p.P50R	50	missense	NC_000962.3:7449:C:G	1	1	1	1	0.002	L4	L4	single_or_fixed	0	levofloxacin:uncertain;moxifloxacin:uncertain
MFX	moxifloxacin	gyrA	p.Q594H	594	missense	NC_000962.3:9082:G:C	1	1	1	1	0.01	L1	L1	single_or_fixed	0	-
MFX	moxifloxacin	gyrA	p.G393V	393	missense	NC_000962.3:8478:G:T	1	1	1	1	0.002	L4	L4	single_or_fixed	0	-
MFX	moxifloxacin	gyrA	p.T339S	339	missense	NC_000962.3:8316:C:G	1	1	1	1	0.002	L4	L4	single_or_fixed	0	levofloxacin:uncertain;moxifloxacin:uncertain
MFX	moxifloxacin	gyrA	p.Y755C	755	missense	NC_000962.3:9564:A:G	1	1	1	1	0.002	L4	L4	single_or_fixed	0	-
MFX	moxifloxacin	gyrA	p.R375Q	375	missense	NC_000962.3:8424:G:A	1	1	1	1	0.01	L1	L1	single_or_fixed	0	levofloxacin:uncertain;moxifloxacin:uncertain
MFX	moxifloxacin	gyrA	p.D454E	454	missense	NC_000962.3:8662:C:A	1	1	1	1	0.01	L1	L1	single_or_fixed	0	-
MFX	moxifloxacin	gyrA	p.I153S	153	missense	NC_000962.3:7758:T:G	1	1	1	1	0.002	L4	L4	single_or_fixed	0	-
MFX	moxifloxacin	gyrA	p.A816T	816	missense	NC_000962.3:9746:G:A	1	1	1	1	0.002	L4	L4	single_or_fixed	0	-
MFX	moxifloxacin	gyrA	p.E289Q	289	missense	NC_000962.3:8165:G:C	1	1	1	1	0.002	L4	L4	single_or_fixed	0	levofloxacin:uncertain;moxifloxacin:uncertain
MFX	moxifloxacin	gyrA	p.V649M	649	missense	NC_000962.3:9245:G:A	1	1	1	1	0.01	L1	L1	single_or_fixed	0	levofloxacin:uncertain;moxifloxacin:uncertain
MFX	moxifloxacin	gyrA	p.I29T	29	missense	NC_000962.3:7386:T:C	1	1	1	1	0.002	L4	L4	single_or_fixed	0	-
MFX	moxifloxacin	gyrA	p.G809D	809	missense	NC_000962.3:9726:G:A	1	1	1	1	0.002	L4	L4	single_or_fixed	0	-
MFX	moxifloxacin	gyrA	p.Q594K	594	missense	NC_000962.3:9080:C:A	1	1	1	1	0.002	L4	L4	single_or_fixed	0	-
MFX	moxifloxacin	gyrA	p.L425F	425	missense	NC_000962.3:8573:C:T	1	1	1	1	0.01	L1	L1	single_or_fixed	0	levofloxacin:uncertain;moxifloxacin:uncertain
MFX	moxifloxacin	gyrA	p.D770G	770	missense	NC_000962.3:9609:A:G	1	1	1	1	0.01	L1	L1	single_or_fixed	0	levofloxacin:uncertain;moxifloxacin:uncertain
MFX	moxifloxacin	gyrA	p.M754R	754	missense	NC_000962.3:9561:T:G	1	1	1	1	0.01	L1	L1	single_or_fixed	0	-
MFX	moxifloxacin	gyrA	p.M99V	99	missense	NC_000962.3:7595:A:G	1	1	1	1	0.002	L4	L4	single_or_fixed	0	levofloxacin:uncertain
MFX	moxifloxacin	gyrA	p.E820D	820	missense	NC_000962.3:9760:A:C	1	1	1	1	0.002	L4	L4	single_or_fixed	0	-
MFX	moxifloxacin	gyrA	p.E43Q	43	missense	NC_000962.3:7427:G:C	1	1	1	1	0.002	L4	L4	single_or_fixed	0	-
MFX	moxifloxacin	gyrA	p.D304G	304	missense	NC_000962.3:8211:A:G	1	1	1	1	0.014	BOV	BOV	single_or_fixed	0	-
MFX	moxifloxacin	gyrA	p.R489S	489	missense	NC_000962.3:8767:G:T	1	1	1	1	0.01	L1	L1	single_or_fixed	0	levofloxacin:uncertain;moxifloxacin:uncertain
MFX	moxifloxacin	gyrA	p.Y276H	276	missense	NC_000962.3:8126:T:C	1	1	1	1	0.01	L1	L1	single_or_fixed	0	levofloxacin:uncertain;moxifloxacin:uncertain
MFX	moxifloxacin	gyrA	p.D641Y	641	missense	NC_000962.3:9221:G:T	1	1	1	1	0.002	L4	L4	single_or_fixed	0	levofloxacin:uncertain;moxifloxacin:uncertain
MFX	moxifloxacin	gyrA	p.V596M	596	missense	NC_000962.3:9086:G:A	1	1	1	1	0.01	L1	L1	single_or_fixed	0	levofloxacin:uncertain;moxifloxacin:uncertain
MFX	moxifloxacin	gyrA	p.R26C	26	missense	NC_000962.3:7376:C:T	1	1	1	1	0.01	L1	L1	single_or_fixed	0	levofloxacin:uncertain;moxifloxacin:uncertain
MFX	moxifloxacin	gyrA	p.Q613R	613	missense	NC_000962.3:9138:A:G	1	1	1	1	0.002	L4	L4	single_or_fixed	0	-
MFX	moxifloxacin	gyrA	p.R26H	26	missense	NC_000962.3:7377:G:A	1	1	1	1	0.002	L4	L4	single_or_fixed	0	levofloxacin:uncertain;moxifloxacin:uncertain
MFX	moxifloxacin	gyrA	p.A126P	126	missense	NC_000962.3:7676:G:C	1	1	1	1	0.002	L4	L4	single_or_fixed	0	levofloxacin:uncertain
MFX	moxifloxacin	gyrA	p.G823S	823	missense	NC_000962.3:9767:G:A	1	1	1	1	0.01	L1	L1	single_or_fixed	0	levofloxacin:uncertain;moxifloxacin:uncertain
MFX	moxifloxacin	gyrA	p.V235A	235	missense	NC_000962.3:8004:T:C	1	1	1	1	0.002	L4	L4	single_or_fixed	0	levofloxacin:uncertain;moxifloxacin:uncertain
MFX	moxifloxacin	gyrA	p.S34R	34	missense	NC_000962.3:7400:A:C	1	1	1	1	0.01	L1	L1	single_or_fixed	0	levofloxacin:uncertain
MFX	moxifloxacin	gyrA	p.S11P	11	missense	NC_000962.3:7331:T:C	1	1	1	1	0.002	L4	L4	single_or_fixed	0	-
MFX	moxifloxacin	gyrA	p.I458M	458	missense	NC_000962.3:8674:C:G	1	1	1	1	0.002	L4	L4	single_or_fixed	0	-
MFX	moxifloxacin	gyrA	p.S684A	684	missense	NC_000962.3:9350:T:G	1	1	1	1	0.002	L4	L4	single_or_fixed	0	-
MFX	moxifloxacin	gyrA	p.G265C	265	missense	NC_000962.3:8093:G:T	1	1	1	1	0.01	L1	L1	single_or_fixed	0	-
MFX	moxifloxacin	gyrA	p.I234V	234	missense	NC_000962.3:8000:A:G	1	1	1	1	0.01	L1	L1	single_or_fixed	0	-
MFX	moxifloxacin	gyrA	p.A419D	419	missense	NC_000962.3:8556:C:A	1	1	1	1	0.002	L4	L4	single_or_fixed	0	-
MFX	moxifloxacin	gyrA	p.G720V	720	missense	NC_000962.3:9459:G:T	1	1	1	1	0.002	L4	L4	single_or_fixed	0	-
MFX	moxifloxacin	gyrA	p.R539P	539	missense	NC_000962.3:8916:G:C	1	1	1	1	0.002	L4	L4	single_or_fixed	0	levofloxacin:uncertain
MFX	moxifloxacin	gyrA	p.R789H	789	missense	NC_000962.3:9666:G:A	1	1	1	1	0.002	L4	L4	single_or_fixed	0	levofloxacin:uncertain;moxifloxacin:uncertain
MFX	moxifloxacin	gyrA	p.Q336K	336	missense	NC_000962.3:8306:C:A	1	1	1	1	0.01	L1	L1	single_or_fixed	0	levofloxacin:uncertain;moxifloxacin:uncertain
MFX	moxifloxacin	gyrA	p.N805H	805	missense	NC_000962.3:9713:A:C	1	1	1	1	0.002	L4	L4	single_or_fixed	0	-
MFX	moxifloxacin	gyrA	p.K748R	748	missense	NC_000962.3:9543:A:G	1	1	1	1	0.002	L4	L4	single_or_fixed	0	-
MFX	moxifloxacin	gyrA	p.L142M	142	missense	NC_000962.3:7724:C:A	1	1	1	1	0.01	L1	L1	single_or_fixed	0	-
MFX	moxifloxacin	gyrA	p.S34I	34	missense	NC_000962.3:7401:G:T	1	1	1	1	0.002	L4	L4	single_or_fixed	0	-
MFX	moxifloxacin	gyrA	p.A324G	324	missense	NC_000962.3:8271:C:G	1	1	1	1	0.002	L4	L4	single_or_fixed	0	levofloxacin:uncertain;moxifloxacin:uncertain
MFX	moxifloxacin	gyrA	p.V201L	201	missense	NC_000962.3:7901:G:C	1	1	1	1	0.01	L1	L1	single_or_fixed	0	-
MFX	moxifloxacin	gyrA	p.S588F	588	missense	NC_000962.3:9063:C:T	1	1	1	1	0.01	L1	L1	single_or_fixed	0	-
MFX	moxifloxacin	gyrA	p.I554V	554	missense	NC_000962.3:8960:A:G	1	1	1	1	0.01	L1	L1	single_or_fixed	0	levofloxacin:uncertain;moxifloxacin:uncertain
MFX	moxifloxacin	gyrA	p.V372L	372	missense	NC_000962.3:8414:G:C	1	1	1	1	0.002	L4	L4	single_or_fixed	0	-
MFX	moxifloxacin	gyrA	p.A186T	186	missense	NC_000962.3:7856:G:A	1	1	1	1	0.002	L4	L4	single_or_fixed	0	levofloxacin:uncertain;moxifloxacin:uncertain
MFX	moxifloxacin	gyrA	p.D493H	493	missense	NC_000962.3:8777:G:C	1	1	1	1	0.002	L4	L4	single_or_fixed	0	levofloxacin:uncertain;moxifloxacin:uncertain
MFX	moxifloxacin	gyrA	p.A547T	547	missense	NC_000962.3:8939:G:A	1	1	1	1	0.002	L4	L4	single_or_fixed	0	-
MFX	moxifloxacin	gyrA	p.E459K	459	missense	NC_000962.3:8675:G:A	1	1	1	1	0.002	L4	L4	single_or_fixed	0	levofloxacin:uncertain;moxifloxacin:uncertain
MFX	moxifloxacin	gyrA	p.F569C	569	missense	NC_000962.3:9006:T:G	1	1	1	1	0.002	L4	L4	single_or_fixed	0	levofloxacin:uncertain;moxifloxacin:uncertain
MFX	moxifloxacin	gyrA	p.E317G	317	missense	NC_000962.3:8250:A:G	1	1	1	1	0.002	L4	L4	single_or_fixed	0	levofloxacin:uncertain;moxifloxacin:uncertain
MFX	moxifloxacin	gyrA	p.I784L	784	missense	NC_000962.3:9650:A:C	1	1	1	1	0.002	L4	L4	single_or_fixed	0	-
MFX	moxifloxacin	gyrA	p.G744A	744	missense	NC_000962.3:9531:G:C	1	1	1	1	0.01	L1	L1	single_or_fixed	0	levofloxacin:uncertain;moxifloxacin:uncertain
MFX	moxifloxacin	gyrA	p.F569L	569	missense	NC_000962.3:9005:T:C	1	1	1	1	0.002	L4	L4	single_or_fixed	0	-
MFX	moxifloxacin	gyrA	p.G807A	807	missense	NC_000962.3:9720:G:C	1	1	1	1	0.002	L4	L4	single_or_fixed	0	-
MFX	moxifloxacin	gyrA	p.R497W	497	missense	NC_000962.3:8789:C:T	1	1	1	1	0.01	L1	L1	single_or_fixed	0	moxifloxacin:uncertain
MFX	moxifloxacin	gyrA	p.Q360K	360	missense	NC_000962.3:8378:C:A	1	1	1	1	0.002	L4	L4	single_or_fixed	0	-
MFX	moxifloxacin	gyrA	p.E688G	688	missense	NC_000962.3:9363:A:G	1	1	1	1	0.002	L4	L4	single_or_fixed	0	-
MFX	moxifloxacin	gyrA	p.Q336R	336	missense	NC_000962.3:8307:A:G	1	1	1	1	0.01	L1	L1	single_or_fixed	0	-
MFX	moxifloxacin	gyrA	p.E403K	403	missense	NC_000962.3:8507:G:A	1	1	1	1	0.002	L4	L4	single_or_fixed	0	-
MFX	moxifloxacin	gyrA	p.V201G	201	missense	NC_000962.3:7902:T:G	1	1	1	1	0.002	L4	L4	single_or_fixed	0	-
MFX	moxifloxacin	gyrA	p.T149I	149	missense	NC_000962.3:7746:C:T	1	1	1	1	0.002	L4	L4	single_or_fixed	0	-
MFX	moxifloxacin	gyrA	p.A434S	434	missense	NC_000962.3:8600:G:T	1	1	1	1	0.002	L4	L4	single_or_fixed	0	-
MFX	moxifloxacin	gyrA	p.R409G	409	missense	NC_000962.3:8525:C:G	1	1	1	1	0.002	L4	L4	single_or_fixed	0	-
MFX	moxifloxacin	gyrA	p.G393S	393	missense	NC_000962.3:8477:G:A	1	1	1	1	0.002	L4	L4	single_or_fixed	0	-
MFX	moxifloxacin	gyrA	p.G574A	574	missense	NC_000962.3:9021:G:C	1	1	1	1	0.002	L4	L4	single_or_fixed	0	-
MFX	moxifloxacin	gyrA	p.I287M	287	missense	NC_000962.3:8161:C:G	1	1	1	1	0.01	L1	L1	single_or_fixed	0	-
MFX	moxifloxacin	gyrA	p.D67H	67	missense	NC_000962.3:7499:G:C	1	1	1	1	0.01	L1	L1	single_or_fixed	0	-
MFX	moxifloxacin	gyrA	p.A204E	204	missense	NC_000962.3:7911:C:A	1	1	1	1	0.01	L1	L1	single_or_fixed	0	-
MFX	moxifloxacin	gyrA	p.F228V	228	missense	NC_000962.3:7982:T:G	1	1	1	1	0.002	L4	L4	single_or_fixed	0	-
MFX	moxifloxacin	gyrA	p.I737T	737	missense	NC_000962.3:9510:T:C	1	1	1	1	0.01	L1	L1	single_or_fixed	0	-
MFX	moxifloxacin	gyrA	p.V257L	257	missense	NC_000962.3:8069:G:C	1	1	1	1	0.002	L4	L4	single_or_fixed	0	levofloxacin:uncertain;moxifloxacin:uncertain
MFX	moxifloxacin	gyrA	p.P8H	8	missense	NC_000962.3:7323:C:A	1	1	1	1	0.002	L4	L4	single_or_fixed	0	-
MFX	moxifloxacin	gyrA	p.G38S	38	missense	NC_000962.3:7412:G:A	1	1	1	1	0.002	L4	L4	single_or_fixed	0	-
MFX	moxifloxacin	gyrA	p.A470T	470	missense	NC_000962.3:8708:G:A	1	1	1	1	0.002	L4	L4	single_or_fixed	0	-
MFX	moxifloxacin	gyrA	p.D428N	428	missense	NC_000962.3:8582:G:A	1	1	1	1	0.01	L1	L1	single_or_fixed	0	-
MFX	moxifloxacin	gyrA	p.G809R	809	missense	NC_000962.3:9725:G:C	1	1	1	1	0.002	L4	L4	single_or_fixed	0	-
MFX	moxifloxacin	gyrA	p.V223L	223	missense	NC_000962.3:7967:G:C	1	1	1	1	0.002	L4	L4	single_or_fixed	0	-
MFX	moxifloxacin	gyrA	p.T246S	246	missense	NC_000962.3:8037:C:G	1	1	1	1	0.002	L4	L4	single_or_fixed	0	-
MFX	moxifloxacin	gyrA	p.I520M	520	missense	NC_000962.3:8860:C:G	1	1	1	1	0.01	L1	L1	single_or_fixed	0	-
MFX	moxifloxacin	gyrA	p.D359G	359	missense	NC_000962.3:8376:A:G	1	1	1	1	0.002	L4	L4	single_or_fixed	0	-
MFX	moxifloxacin	gyrA	p.T523A	523	missense	NC_000962.3:8867:A:G	1	1	1	1	0.002	L4	L4	single_or_fixed	0	-
MFX	moxifloxacin	gyrA	p.L137S	137	missense	NC_000962.3:7710:T:C	1	1	1	1	0.01	L1	L1	single_or_fixed	0	-
MFX	moxifloxacin	gyrA	p.A685V	685	missense	NC_000962.3:9354:C:T	1	1	1	1	0.002	L4	L4	single_or_fixed	0	-
MFX	moxifloxacin	gyrA	p.G780C	780	missense	NC_000962.3:9638:G:T	1	1	1	1	0.01	L1	L1	single_or_fixed	0	levofloxacin:uncertain;moxifloxacin:uncertain
MFX	moxifloxacin	gyrA	p.S168T	168	missense	NC_000962.3:7803:G:C	1	1	1	1	0.01	L1	L1	single_or_fixed	0	levofloxacin:uncertain;moxifloxacin:uncertain
MFX	moxifloxacin	gyrA	p.A132V	132	missense	NC_000962.3:7695:C:T	1	1	1	1	0.014	BOV	BOV	single_or_fixed	0	-
MFX	moxifloxacin	gyrA	p.T377N	377	missense	NC_000962.3:8430:C:A	1	1	1	1	0.002	L4	L4	single_or_fixed	0	-
MFX	moxifloxacin	gyrA	p.E260G	260	missense	NC_000962.3:8079:A:G	1	1	1	1	0.002	L4	L4	single_or_fixed	0	-
MFX	moxifloxacin	gyrA	p.T627S	627	missense	NC_000962.3:9180:C:G	1	1	1	1	0.002	L4	L4	single_or_fixed	0	-
MFX	moxifloxacin	gyrA	p.K72R	72	missense	NC_000962.3:7515:A:G	1	1	1	1	0.01	L1	L1	single_or_fixed	0	-
MFX	moxifloxacin	gyrA	p.T413A	413	missense	NC_000962.3:8537:A:G	1	1	1	1	0.002	L4	L4	single_or_fixed	0	levofloxacin:uncertain;moxifloxacin:uncertain
MFX	moxifloxacin	gyrA	p.P66S	66	missense	NC_000962.3:7496:C:T	1	1	1	1	0.01	L1	L1	single_or_fixed	0	-
MFX	moxifloxacin	gyrA	p.V150L	150	missense	NC_000962.3:7748:G:C	1	1	1	1	0.01	L1	L1	single_or_fixed	0	-
MFX	moxifloxacin	gyrA	p.I498V	498	missense	NC_000962.3:8792:A:G	1	1	1	1	0.01	L1	L1	single_or_fixed	0	-
MFX	moxifloxacin	gyrA	p.G832S	832	missense	NC_000962.3:9794:G:A	1	1	1	1	0.01	L1	L1	single_or_fixed	0	-
MFX	moxifloxacin	gyrA	p.L12H	12	missense	NC_000962.3:7335:T:A	1	1	1	1	0.002	L4	L4	single_or_fixed	0	-
MFX	moxifloxacin	gyrA	p.V479A	479	missense	NC_000962.3:8736:T:C	1	1	1	1	0.002	L4	L4	single_or_fixed	0	-
MFX	moxifloxacin	gyrA	p.E658K	658	missense	NC_000962.3:9272:G:A	1	1	1	1	0.014	BOV	BOV	single_or_fixed	0	-
MFX	moxifloxacin	gyrA	p.V763I	763	missense	NC_000962.3:9587:G:A	1	1	1	1	0.002	L4	L4	single_or_fixed	0	-
MFX	moxifloxacin	gyrA	p.I478T	478	missense	NC_000962.3:8733:T:C	1	1	1	1	0.002	L4	L4	single_or_fixed	0	levofloxacin:uncertain
MFX	moxifloxacin	gyrA	p.A175S	175	missense	NC_000962.3:7823:G:T	1	1	1	1	0.002	L4	L4	single_or_fixed	0	-
MFX	moxifloxacin	gyrA	p.V44M	44	missense	NC_000962.3:7430:G:A	1	1	1	1	0.014	BOV	BOV	single_or_fixed	0	-
MFX	moxifloxacin	gyrA	p.L197V	197	missense	NC_000962.3:7889:C:G	1	1	1	1	0.01	L1	L1	single_or_fixed	0	-
MFX	moxifloxacin	gyrA	p.Y722H	722	missense	NC_000962.3:9464:T:C	1	1	1	1	0.002	L4	L4	single_or_fixed	0	-
MFX	moxifloxacin	gyrA	p.M804I	804	missense	NC_000962.3:9712:G:T	1	1	1	1	0.002	L4	L4	single_or_fixed	0	-
MFX	moxifloxacin	gyrA	p.R513H	513	missense	NC_000962.3:8838:G:A	1	1	1	1	0.01	L1	L1	single_or_fixed	0	-
MFX	moxifloxacin	gyrA	p.L407V	407	missense	NC_000962.3:8519:C:G	1	1	1	1	0.002	L4	L4	single_or_fixed	0	-
MFX	moxifloxacin	gyrA	p.I451V	451	missense	NC_000962.3:8651:A:G	1	1	1	1	0.01	L1	L1	single_or_fixed	0	-
MFX	moxifloxacin	gyrA	p.R222Q	222	missense	NC_000962.3:7965:G:A	1	1	1	1	0.002	L4	L4	single_or_fixed	0	-
MFX	moxifloxacin	gyrA	p.A587G	587	missense	NC_000962.3:9060:C:G	1	1	1	1	0.01	L1	L1	single_or_fixed	0	-
MFX	moxifloxacin	gyrA	p.E162A	162	missense	NC_000962.3:7785:A:C	1	1	1	1	0.002	L4	L4	single_or_fixed	0	-
MFX	moxifloxacin	gyrA	p.V256I	256	missense	NC_000962.3:8066:G:A	1	1	1	1	0.014	BOV	BOV	single_or_fixed	0	-
MFX	moxifloxacin	gyrA	p.A324P	324	missense	NC_000962.3:8270:G:C	1	1	1	1	0.014	BOV	BOV	single_or_fixed	0	-
MFX	moxifloxacin	gyrA	p.D641G	641	missense	NC_000962.3:9222:A:G	1	1	1	1	0.01	L1	L1	single_or_fixed	0	-
MFX	moxifloxacin	gyrA	p.A765V	765	missense	NC_000962.3:9594:C:T	1	1	1	1	0.01	L1	L1	single_or_fixed	0	-
MFX	moxifloxacin	gyrA	p.A484P	484	missense	NC_000962.3:8750:G:C	1	1	1	1	0.002	L4	L4	single_or_fixed	0	-
MFX	moxifloxacin	gyrA	p.P50L	50	missense	NC_000962.3:7449:C:T	1	1	1	1	0.002	L4	L4	single_or_fixed	0	-
MFX	moxifloxacin	gyrA	p.T519I	519	missense	NC_000962.3:8856:C:T	1	1	1	1	0.002	L4	L4	single_or_fixed	0	-
MFX	moxifloxacin	gyrA	p.Q835H	835	missense	NC_000962.3:9805:G:C	1	1	1	1	0.002	L4	L4	single_or_fixed	0	-
MFX	moxifloxacin	gyrA	p.M345I	345	missense	NC_000962.3:8335:G:C	1	1	1	1	0.002	L4	L4	single_or_fixed	0	-
MFX	moxifloxacin	gyrA	p.G158A	158	missense	NC_000962.3:7773:G:C	1	1	1	1	0.002	L4	L4	single_or_fixed	0	-
MFX	moxifloxacin	gyrA	p.L48F	48	missense	NC_000962.3:7442:C:T	1	1	1	1	0.01	L1	L1	single_or_fixed	0	-
MFX	moxifloxacin	gyrA	p.S562P	562	missense	NC_000962.3:8984:T:C	1	1	1	1	0.01	L1	L1	single_or_fixed	0	-
MFX	moxifloxacin	gyrA	p.A830G	830	missense	NC_000962.3:9789:C:G	1	1	1	1	0.003	L2	L2	single_or_fixed	0	-
MFX	moxifloxacin	gyrA	p.A787V	787	missense	NC_000962.3:9660:C:T	1	1	1	1	0.002	L4	L4	single_or_fixed	0	-
MFX	moxifloxacin	gyrA	p.R476C	476	missense	NC_000962.3:8726:C:T	1	1	1	1	0.002	L4	L4	single_or_fixed	0	-
MFX	moxifloxacin	gyrA	p.A241S	241	missense	NC_000962.3:8021:G:T	1	1	1	1	0.002	L4	L4	single_or_fixed	0	-
MFX	moxifloxacin	gyrA	p.I767T	767	missense	NC_000962.3:9600:T:C	1	1	1	1	0.002	L4	L4	single_or_fixed	0	-
MFX	moxifloxacin	gyrA	p.A830D	830	missense	NC_000962.3:9789:C:A	1	1	1	1	0.002	L4	L4	single_or_fixed	0	-
MFX	moxifloxacin	gyrA	p.D61A	61	missense	NC_000962.3:7482:A:C	1	1	1	1	0.01	L1	L1	single_or_fixed	0	-
MFX	moxifloxacin	gyrA	p.V596L	596	missense	NC_000962.3:9086:G:C	1	1	1	1	0.002	L4	L4	single_or_fixed	0	-
MFX	moxifloxacin	gyrA	p.D242A	242	missense	NC_000962.3:8025:A:C	1	1	1	1	0.002	L4	L4	single_or_fixed	0	-
MFX	moxifloxacin	gyrA	p.F152L	152	missense	NC_000962.3:7756:C:G	1	1	1	1	0.002	L4	L4	single_or_fixed	0	levofloxacin:uncertain;moxifloxacin:uncertain
MFX	moxifloxacin	gyrA	p.L194V	194	missense	NC_000962.3:7880:C:G	1	1	1	1	0.002	L4	L4	single_or_fixed	0	-
MFX	moxifloxacin	gyrA	p.M345I	345	missense	NC_000962.3:8335:G:A	1	1	1	1	0.002	L4	L4	single_or_fixed	0	-
MFX	moxifloxacin	gyrA	p.A833T	833	missense	NC_000962.3:9797:G:A	1	1	1	1	0.002	L4	L4	single_or_fixed	0	-
MFX	moxifloxacin	gyrA	p.A297S	297	missense	NC_000962.3:8189:G:T	1	1	1	1	0.002	L4	L4	single_or_fixed	0	-
MFX	moxifloxacin	gyrA	p.P102S	102	missense	NC_000962.3:7604:C:T	1	1	1	1	0.002	L4	L4	single_or_fixed	0	-
MFX	moxifloxacin	gyrA	p.D532N	532	missense	NC_000962.3:8894:G:A	1	1	1	1	0.002	L4	L4	single_or_fixed	0	levofloxacin:uncertain;moxifloxacin:uncertain
MFX	moxifloxacin	gyrA	p.L510S	510	missense	NC_000962.3:8829:T:C	1	1	1	1	0.014	BOV	BOV	single_or_fixed	0	-
MFX	moxifloxacin	gyrA	p.A547V	547	missense	NC_000962.3:8940:C:T	1	1	1	1	0.014	BOV	BOV	single_or_fixed	0	-
MFX	moxifloxacin	gyrA	p.L421V	421	missense	NC_000962.3:8561:C:G	1	1	1	1	0.002	L4	L4	single_or_fixed	0	-
MFX	moxifloxacin	gyrA	p.I302T	302	missense	NC_000962.3:8205:T:C	1	1	1	1	0.014	BOV	BOV	single_or_fixed	0	-
MFX	moxifloxacin	gyrA	p.I815V	815	missense	NC_000962.3:9743:A:G	1	1	1	1	0.002	L4	L4	single_or_fixed	0	-
MFX	moxifloxacin	gyrA	p.E212Q	212	missense	NC_000962.3:7934:G:C	1	1	1	1	0.002	L4	L4	single_or_fixed	0	-
MFX	moxifloxacin	gyrA	p.D3E	3	missense	NC_000962.3:7309:C:A	1	1	1	1	0.002	L4	L4	single_or_fixed	0	-
MFX	moxifloxacin	gyrA	p.E461D	461	missense	NC_000962.3:8683:G:C	1	1	1	1	0.01	L1	L1	single_or_fixed	0	-
MFX	moxifloxacin	gyrA	p.I427T	427	missense	NC_000962.3:8580:T:C	1	1	1	1	0.01	L1	L1	single_or_fixed	0	-
MFX	moxifloxacin	gyrA	p.Y244H	244	missense	NC_000962.3:8030:T:C	1	1	1	1	0.002	L4	L4	single_or_fixed	0	-
MFX	moxifloxacin	gyrA	p.G298S	298	missense	NC_000962.3:8192:G:A	1	1	1	1	0.01	L1	L1	single_or_fixed	0	-
MFX	moxifloxacin	gyrA	p.L762F	762	missense	NC_000962.3:9586:G:T	1	1	1	1	0.01	L1	L1	single_or_fixed	0	-
MFX	moxifloxacin	gyrA	p.D504A	504	missense	NC_000962.3:8811:A:C	1	1	1	1	0.01	L1	L1	single_or_fixed	0	-
MFX	moxifloxacin	gyrA	p.V725A	725	missense	NC_000962.3:9474:T:C	1	1	1	1	0.01	L1	L1	single_or_fixed	0	-
MFX	moxifloxacin	gyrA	p.Y740F	740	missense	NC_000962.3:9519:A:T	1	1	1	1	0.01	L1	L1	single_or_fixed	0	-
MFX	moxifloxacin	gyrA	p.D532G	532	missense	NC_000962.3:8895:A:G	1	1	1	1	0.01	L1	L1	single_or_fixed	0	-
MFX	moxifloxacin	gyrA	p.P353S	353	missense	NC_000962.3:8357:C:T	1	1	1	1	0.01	L1	L1	single_or_fixed	0	-
MFX	moxifloxacin	gyrA	p.F640L	640	missense	NC_000962.3:9220:C:G	1	1	1	1	0.01	L1	L1	single_or_fixed	0	-
MFX	moxifloxacin	gyrA	p.F602S	602	missense	NC_000962.3:9105:T:C	1	1	1	1	0.01	L1	L1	single_or_fixed	0	-
MFX	moxifloxacin	gyrA	p.A406G	406	missense	NC_000962.3:8517:C:G	1	1	1	1	0.002	L4	L4	single_or_fixed	0	-
MFX	moxifloxacin	gyrA	p.A200G	200	missense	NC_000962.3:7899:C:G	1	1	1	1	0.01	L1	L1	single_or_fixed	0	-
MFX	moxifloxacin	gyrA	p.D771G	771	missense	NC_000962.3:9612:A:G	1	1	1	1	0.01	L1	L1	single_or_fixed	0	-
MFX	moxifloxacin	gyrA	p.N207D	207	missense	NC_000962.3:7919:A:G	1	1	1	1	0.002	L4	L4	single_or_fixed	0	-
MFX	moxifloxacin	gyrA	p.P621Q	621	missense	NC_000962.3:9162:C:A	1	1	1	1	0.002	L4	L4	single_or_fixed	0	-
MFX	moxifloxacin	gyrA	p.Q835*	835	stop_gained	NC_000962.3:9803:C:T	1	1	1	1	0.002	L4	L4	single_or_fixed	0	-
MFX	moxifloxacin	gyrA	p.R376C	376	missense	NC_000962.3:8426:C:T	1	1	1	1	0.002	L4	L4	single_or_fixed	0	-
MFX	moxifloxacin	gyrA	p.G548V	548	missense	NC_000962.3:8943:G:T	1	1	1	1	0.01	L1	L1	single_or_fixed	0	-
MFX	moxifloxacin	gyrA	p.Q338H	338	missense	NC_000962.3:8314:G:T	1	1	1	1	0.002	L4	L4	single_or_fixed	0	-
MFX	moxifloxacin	gyrA	p.S11L	11	missense	NC_000962.3:7332:C:T	1	1	1	1	0.01	L1	L1	single_or_fixed	0	-
MFX	moxifloxacin	gyrA	p.A685T	685	missense	NC_000962.3:9353:G:A	1	1	1	1	0.01	L1	L1	single_or_fixed	0	-
MFX	moxifloxacin	gyrA	p.V611I	611	missense	NC_000962.3:9131:G:A	1	1	1	1	0.01	L1	L1	single_or_fixed	0	-
MFX	moxifloxacin	gyrA	p.R45C	45	missense	NC_000962.3:7433:C:T	1	1	1	1	0.01	L1	L1	single_or_fixed	0	-
MFX	moxifloxacin	gyrA	p.L331V	331	missense	NC_000962.3:8291:C:G	1	1	1	1	0.01	L1	L1	single_or_fixed	0	-
MFX	moxifloxacin	gyrA	p.R474L	474	missense	NC_000962.3:8721:G:T	1	1	1	1	0.002	L4	L4	single_or_fixed	0	-
MFX	moxifloxacin	gyrA	p.H70Y	70	missense	NC_000962.3:7508:C:T	1	1	1	1	0.01	L1	L1	single_or_fixed	0	-
MFX	moxifloxacin	gyrA	p.A419T	419	missense	NC_000962.3:8555:G:A	1	1	1	1	0.01	L1	L1	single_or_fixed	0	-
MFX	moxifloxacin	gyrA	p.P353A	353	missense	NC_000962.3:8357:C:G	1	1	1	1	0.01	L1	L1	single_or_fixed	0	-
MFX	moxifloxacin	gyrA	p.D639E	639	missense	NC_000962.3:9217:C:G	1	1	1	1	0.002	L4	L4	single_or_fixed	0	-
MFX	moxifloxacin	gyrA	p.Q594H	594	missense	NC_000962.3:9082:G:T	1	1	1	1	0.002	L4	L4	single_or_fixed	0	-
MFX	moxifloxacin	gyrA	p.N329S	329	missense	NC_000962.3:8286:A:G	1	1	1	1	0.002	L4	L4	single_or_fixed	0	-
MFX	moxifloxacin	gyrA	p.E386G	386	missense	NC_000962.3:8457:A:G	1	1	1	1	0.01	L1	L1	single_or_fixed	0	-
MFX	moxifloxacin	gyrA	p.G837D	837	missense	NC_000962.3:9810:G:A	1	1	1	1	0.01	L1	L1	single_or_fixed	0	-
MFX	moxifloxacin	gyrA	p.G491D	491	missense	NC_000962.3:8772:G:A	1	1	1	1	0.01	L1	L1	single_or_fixed	0	-
MFX	moxifloxacin	gyrA	p.R489S	489	missense	NC_000962.3:8767:G:C	1	1	1	1	0.002	L4	L4	single_or_fixed	0	levofloxacin:uncertain;moxifloxacin:uncertain
MFX	moxifloxacin	gyrA	p.L549F	549	missense	NC_000962.3:8947:G:C	1	1	1	1	0.01	L1	L1	single_or_fixed	0	-
MFX	moxifloxacin	gyrA	p.D371V	371	missense	NC_000962.3:8412:A:T	1	1	1	1	0.01	L1	L1	single_or_fixed	0	-
MFX	moxifloxacin	gyrA	p.L6F	6	missense	NC_000962.3:7318:G:T	1	1	1	1	0.01	L1	L1	single_or_fixed	0	-
MFX	moxifloxacin	gyrA	p.R442C	442	missense	NC_000962.3:8624:C:T	1	1	1	1	0.01	L1	L1	single_or_fixed	0	-
MFX	moxifloxacin	gyrA	p.L370R	370	missense	NC_000962.3:8409:T:G	1	1	1	1	0.01	L1	L1	single_or_fixed	0	-
MFX	moxifloxacin	gyrA	p.D10N	10	missense	NC_000962.3:7328:G:A	1	1	1	1	0.01	L1	L1	single_or_fixed	0	-
MFX	moxifloxacin	gyrA	p.G780S	780	missense	NC_000962.3:9638:G:A	1	1	1	1	0.002	L4	L4	single_or_fixed	0	-
MFX	moxifloxacin	gyrA	p.P124A	124	missense	NC_000962.3:7670:C:G	1	1	1	1	0.002	L4	L4	single_or_fixed	0	-
MFX	moxifloxacin	gyrA	p.D13E	13	missense	NC_000962.3:7339:C:A	1	1	1	1	0.002	L4	L4	single_or_fixed	0	-
MFX	moxifloxacin	gyrA	p.L109M	109	missense	NC_000962.3:7625:C:A	1	1	1	1	0.002	L4	L4	single_or_fixed	0	-
MFX	moxifloxacin	gyrA	p.G477R	477	missense	NC_000962.3:8729:G:A	1	1	1	1	0.01	L1	L1	single_or_fixed	0	levofloxacin:uncertain
MFX	moxifloxacin	gyrA	p.Q433R	433	missense	NC_000962.3:8598:A:G	1	1	1	1	0.01	L1	L1	single_or_fixed	0	-
MFX	moxifloxacin	gyrA	p.R169P	169	missense	NC_000962.3:7806:G:C	1	1	1	1	0.014	BOV	BOV	single_or_fixed	0	-
MFX	moxifloxacin	gyrA	p.Q545R	545	missense	NC_000962.3:8934:A:G	1	1	1	1	0.002	L4	L4	single_or_fixed	0	-
MFX	moxifloxacin	gyrA	p.R817P	817	missense	NC_000962.3:9750:G:C	1	1	1	1	0.01	L1	L1	single_or_fixed	0	-
MFX	moxifloxacin	gyrA	p.S536T	536	missense	NC_000962.3:8907:G:C	1	1	1	1	0.01	L1	L1	single_or_fixed	0	-
MFX	moxifloxacin	gyrA	p.V742L	742	missense	NC_000962.3:9524:G:T	1	1	1	1	0.002	L4	L4	single_or_fixed	0	levofloxacin:uncertain
MFX	moxifloxacin	gyrA	p.D552N	552	missense	NC_000962.3:8954:G:A	1	1	1	1	0.01	L1	L1	single_or_fixed	0	-
MFX	moxifloxacin	gyrA	p.A445S	445	missense	NC_000962.3:8633:G:T	1	1	1	1	0.01	L1	L1	single_or_fixed	0	-
MFX	moxifloxacin	gyrA	p.S340R	340	missense	NC_000962.3:8320:C:G	1	1	1	1	0.01	L1	L1	single_or_fixed	0	-
MFX	moxifloxacin	gyrA	p.G795A	795	missense	NC_000962.3:9684:G:C	1	1	1	1	0.002	L4	L4	single_or_fixed	0	-
MFX	moxifloxacin	gyrA	p.I458V	458	missense	NC_000962.3:8672:A:G	1	1	1	1	0.01	L1	L1	single_or_fixed	0	-
MFX	moxifloxacin	gyrA	p.S562F	562	missense	NC_000962.3:8985:C:T	1	1	1	1	0.002	L4	L4	single_or_fixed	0	-
MFX	moxifloxacin	gyrA	p.G38D	38	missense	NC_000962.3:7413:G:A	1	1	1	1	0.01	L1	L1	single_or_fixed	0	-
MFX	moxifloxacin	gyrA	p.M345T	345	missense	NC_000962.3:8334:T:C	1	1	1	1	0.002	L4	L4	single_or_fixed	0	-
MFX	moxifloxacin	gyrA	p.N677D	677	missense	NC_000962.3:9329:A:G	1	1	1	1	0.01	L1	L1	single_or_fixed	0	-
MFX	moxifloxacin	gyrA	p.D504G	504	missense	NC_000962.3:8811:A:G	1	1	1	1	0.002	L4	L4	single_or_fixed	0	-
MFX	moxifloxacin	gyrA	p.I287V	287	missense	NC_000962.3:8159:A:G	1	1	1	1	0.002	L4	L4	single_or_fixed	0	-
MFX	moxifloxacin	gyrA	p.L361Q	361	missense	NC_000962.3:8382:T:A	1	1	1	1	0.002	L4	L4	single_or_fixed	0	-
MFX	moxifloxacin	gyrA	p.P604H	604	missense	NC_000962.3:9111:C:A	1	1	1	1	0.01	L1	L1	single_or_fixed	0	-
MFX	moxifloxacin	gyrA	p.D426N	426	missense	NC_000962.3:8576:G:A	1	1	1	1	0.01	L1	L1	single_or_fixed	0	-
MFX	moxifloxacin	gyrA	p.D293G	293	missense	NC_000962.3:8178:A:G	1	1	1	1	0.002	L4	L4	single_or_fixed	0	-
MFX	moxifloxacin	gyrA	p.P167S	167	missense	NC_000962.3:7799:C:T	1	1	1	1	0.01	L1	L1	single_or_fixed	0	-
MFX	moxifloxacin	gyrA	p.D619G	619	missense	NC_000962.3:9156:A:G	1	1	1	1	0.002	L4	L4	single_or_fixed	0	-
MFX	moxifloxacin	gyrA	p.P171A	171	missense	NC_000962.3:7811:C:G	1	1	1	1	0.002	L4	L4	single_or_fixed	0	-
MFX	moxifloxacin	gyrA	p.A814V	814	missense	NC_000962.3:9741:C:T	1	1	1	1	0.01	L1	L1	single_or_fixed	0	-
MFX	moxifloxacin	gyrA	p.D146E	146	missense	NC_000962.3:7738:C:G	1	1	1	1	0.01	L1	L1	single_or_fixed	0	-
MFX	moxifloxacin	gyrA	p.A410V	410	missense	NC_000962.3:8529:C:T	1	1	1	1	0.01	L1	L1	single_or_fixed	0	levofloxacin:uncertain;moxifloxacin:uncertain
MFX	moxifloxacin	gyrA	p.L233V	233	missense	NC_000962.3:7997:C:G	1	1	1	1	0.01	L1	L1	single_or_fixed	0	-
MFX	moxifloxacin	gyrA	p.I468S	468	missense	NC_000962.3:8703:T:G	1	1	1	1	0.002	L4	L4	single_or_fixed	0	-
MFX	moxifloxacin	gyrA	p.N188S	188	missense	NC_000962.3:7863:A:G	1	1	1	1	0.002	L4	L4	single_or_fixed	0	-
MFX	moxifloxacin	gyrA	p.R710W	710	missense	NC_000962.3:9428:C:T	1	1	1	1	0.002	L4	L4	single_or_fixed	0	-
MFX	moxifloxacin	gyrA	p.A456G	456	missense	NC_000962.3:8667:C:G	1	1	1	1	0.01	L1	L1	single_or_fixed	0	levofloxacin:uncertain
MFX	moxifloxacin	gyrA	p.R513S	513	missense	NC_000962.3:8837:C:A	1	1	1	1	0.002	L4	L4	single_or_fixed	0	-
MFX	moxifloxacin	gyrA	p.P190A	190	missense	NC_000962.3:7868:C:G	1	1	1	1	0.01	L1	L1	single_or_fixed	0	-
MFX	moxifloxacin	gyrA	p.I468M	468	missense	NC_000962.3:8704:C:G	1	1	1	1	0.002	L4	L4	single_or_fixed	0	-
MFX	moxifloxacin	gyrA	p.G616R	616	missense	NC_000962.3:9146:G:C	1	1	1	1	0.002	L4	L4	single_or_fixed	0	-
MFX	moxifloxacin	gyrA	p.D771A	771	missense	NC_000962.3:9612:A:C	1	1	1	1	0.002	L4	L4	single_or_fixed	0	-
MFX	moxifloxacin	gyrA	p.V517I	517	missense	NC_000962.3:8849:G:A	1	1	1	1	0.002	L4	L4	single_or_fixed	0	-
MFX	moxifloxacin	gyrA	p.E79K	79	missense	NC_000962.3:7535:G:A	1	1	1	1	0.002	L4	L4	single_or_fixed	0	levofloxacin:uncertain;moxifloxacin:uncertain
MFX	moxifloxacin	gyrA	p.D810E	810	missense	NC_000962.3:9730:C:G	1	1	1	1	0.002	L4	L4	single_or_fixed	0	levofloxacin:uncertain;moxifloxacin:uncertain
MFX	moxifloxacin	gyrA	p.I614V	614	missense	NC_000962.3:9140:A:G	1	1	1	1	0.002	L4	L4	single_or_fixed	0	-
MFX	moxifloxacin	gyrA	p.M141I	141	missense	NC_000962.3:7723:G:A	1	1	1	1	0.002	L4	L4	single_or_fixed	0	levofloxacin:uncertain;moxifloxacin:uncertain
MFX	moxifloxacin	gyrA	p.A830V	830	missense	NC_000962.3:9789:C:T	1	1	1	1	0.01	L1	L1	single_or_fixed	0	-
MFX	moxifloxacin	gyrA	p.Q161H	161	missense	NC_000962.3:7783:A:C	1	1	1	1	0.002	L4	L4	single_or_fixed	0	-
MFX	moxifloxacin	gyrA	p.V278L	278	missense	NC_000962.3:8132:G:C	1	1	1	1	0.01	L1	L1	single_or_fixed	0	-
MFX	moxifloxacin	gyrA	p.Q545P	545	missense	NC_000962.3:8934:A:C	1	1	1	1	0.002	L4	L4	single_or_fixed	0	-
MFX	moxifloxacin	gyrA	p.F640L	640	missense	NC_000962.3:9220:C:A	1	1	1	1	0.002	L4	L4	single_or_fixed	0	-
MFX	moxifloxacin	gyrA	p.H389Q	389	missense	NC_000962.3:8467:C:G	1	1	1	1	0.002	L4	L4	single_or_fixed	0	-
MFX	moxifloxacin	gyrA	p.N329K	329	missense	NC_000962.3:8287:T:A	1	1	1	1	0.002	L4	L4	single_or_fixed	0	-
MFX	moxifloxacin	gyrA	p.Q797H	797	missense	NC_000962.3:9691:G:C	1	1	1	1	0.002	L4	L4	single_or_fixed	0	-
MFX	moxifloxacin	gyrA	p.G342R	342	missense	NC_000962.3:8324:G:C	1	1	1	1	0.002	L4	L4	single_or_fixed	0	-
MFX	moxifloxacin	gyrA	p.G744V	744	missense	NC_000962.3:9531:G:T	1	1	1	1	0.002	L4	L4	single_or_fixed	0	-
MFX	moxifloxacin	gyrA	p.T413I	413	missense	NC_000962.3:8538:C:T	1	1	1	1	0.002	L4	L4	single_or_fixed	0	-
MFX	moxifloxacin	gyrA	p.E140D	140	missense	NC_000962.3:7720:G:C	1	1	1	1	0.002	L4	L4	single_or_fixed	0	-
MFX	moxifloxacin	gyrA	p.V717L	717	missense	NC_000962.3:9449:G:T	1	1	1	1	0.002	L4	L4	single_or_fixed	0	-
MFX	moxifloxacin	gyrA	p.Y582C	582	missense	NC_000962.3:9045:A:G	1	1	1	1	0.002	L4	L4	single_or_fixed	0	-
MFX	moxifloxacin	gyrA	p.E466Q	466	missense	NC_000962.3:8696:G:C	1	1	1	1	0.002	L4	L4	single_or_fixed	0	-
MFX	moxifloxacin	gyrA	p.T230N	230	missense	NC_000962.3:7989:C:A	1	1	1	1	0.002	L4	L4	single_or_fixed	0	-
MFX	moxifloxacin	gyrA	p.A667G	667	missense	NC_000962.3:9300:C:G	1	1	1	1	0.002	L4	L4	single_or_fixed	0	-
MFX	moxifloxacin	gyrA	p.D262N	262	missense	NC_000962.3:8084:G:A	1	1	1	1	0.002	L4	L4	single_or_fixed	0	levofloxacin:uncertain
MFX	moxifloxacin	gyrA	p.A410S	410	missense	NC_000962.3:8528:G:T	1	1	1	1	0.002	L4	L4	single_or_fixed	0	-
MFX	moxifloxacin	gyrA	p.L105M	105	missense	NC_000962.3:7613:C:A	1	1	1	1	0.002	L4	L4	single_or_fixed	0	-
MFX	moxifloxacin	gyrA	p.D583E	583	missense	NC_000962.3:9049:C:A	1	1	1	1	0.002	L4	L4	single_or_fixed	0	levofloxacin:uncertain;moxifloxacin:uncertain
PMD	pretomanid	fgd1	p.G168E	168	missense	NC_000962.3:491284:G:A	1	1	1	1	0.002	L4	L4	single_or_fixed	0	-
PMD	pretomanid	fgd1	p.I225V	225	missense	NC_000962.3:491454:A:G	1	1	1	1	0.225	L5	L5	single_or_fixed	0	-
PMD	pretomanid	fgd1	p.P330L	330	missense	NC_000962.3:491770:C:T	1	1	1	1	0.01	L1	L1	single_or_fixed	0	-
PMD	pretomanid	fgd1	p.M93I	93	missense	NC_000962.3:491060:G:A	1	1	1	1	0.003	L2	L2	single_or_fixed	0	-
PMD	pretomanid	fgd1	p.H46D	46	missense	NC_000962.3:490917:C:G	1	1	1	1	0.011	L3	L3	single_or_fixed	0	-
PMD	pretomanid	fgd1	p.V294A	294	missense	NC_000962.3:491662:T:C	1	1	1	1	0.003	L2	L2	single_or_fixed	0	clofazimine:uncertain;delamanid:uncertain
PMD	pretomanid	fgd1	p.D291G	291	missense	NC_000962.3:491653:A:G	1	1	1	1	0.002	L4	L4	single_or_fixed	0	-
PMD	pretomanid	fgd1	p.G304D	304	missense	NC_000962.3:491692:G:A	1	1	1	1	0.002	L4	L4	single_or_fixed	0	-
PMD	pretomanid	fgd1	p.Q47R	47	missense	NC_000962.3:490921:A:G	1	1	1	1	0.002	L4	L4	single_or_fixed	0	-
PMD	pretomanid	fgd1	p.L69V	69	missense	NC_000962.3:490986:C:G	1	1	1	1	0.002	L4	L4	single_or_fixed	0	-
PMD	pretomanid	fgd1	p.N245D	245	missense	NC_000962.3:491514:A:G	1	1	1	1	0.003	L2	L2	single_or_fixed	0	-
PMD	pretomanid	fgd1	p.E201G	201	missense	NC_000962.3:491383:A:G	1	1	1	1	0.003	L2	L2	single_or_fixed	0	-
PMD	pretomanid	fgd1	p.Y184C	184	missense	NC_000962.3:491332:A:G	1	1	1	1	0.003	L2	L2	single_or_fixed	0	-
PMD	pretomanid	fgd1	p.A115S	115	missense	NC_000962.3:491124:G:T	1	1	1	1	0.011	L3	L3	single_or_fixed	0	-
PMD	pretomanid	fgd1	p.R18H	18	missense	NC_000962.3:490834:G:A	1	1	1	1	0.011	L3	L3	single_or_fixed	0	-
PMD	pretomanid	fgd1	p.A272T	272	missense	NC_000962.3:491595:G:A	1	1	1	1	0.003	L2	L2	single_or_fixed	0	-
PMD	pretomanid	fgd1	p.S54P	54	missense	NC_000962.3:490941:T:C	1	1	1	1	0.003	L2	L2	single_or_fixed	0	clofazimine:uncertain
PMD	pretomanid	fgd1	p.D190E	190	missense	NC_000962.3:491351:C:A	1	1	1	1	0.003	L2	L2	single_or_fixed	0	clofazimine:uncertain;delamanid:uncertain
PMD	pretomanid	fgd1	p.G7S	7	missense	NC_000962.3:490800:G:A	1	1	1	1	0.011	L3	L3	single_or_fixed	0	clofazimine:uncertain;delamanid:uncertain
PMD	pretomanid	fgd1	p.T255P	255	missense	NC_000962.3:491544:A:C	1	1	1	1	0.003	L2	L2	single_or_fixed	0	clofazimine:uncertain;delamanid:uncertain
PMD	pretomanid	fgd1	p.W57G	57	missense	NC_000962.3:490950:T:G	1	1	1	1	0.003	L2	L2	single_or_fixed	0	-
PMD	pretomanid	fgd1	p.A29V	29	missense	NC_000962.3:490867:C:T	1	1	1	1	0.003	L2	L2	single_or_fixed	0	-
PMD	pretomanid	fgd1	p.D316H	316	missense	NC_000962.3:491727:G:C	1	1	1	1	0.003	L2	L2	single_or_fixed	0	-
PMD	pretomanid	fgd1	p.A10T	10	missense	NC_000962.3:490809:G:A	1	1	1	1	0.011	L3	L3	single_or_fixed	0	-
PMD	pretomanid	fgd1	p.L243M	243	missense	NC_000962.3:491508:T:A	1	1	1	1	0.003	L2	L2	single_or_fixed	0	-
PMD	pretomanid	fgd1	p.D273G	273	missense	NC_000962.3:491599:A:G	1	1	1	1	0.011	L3	L3	single_or_fixed	0	clofazimine:uncertain;delamanid:uncertain
PMD	pretomanid	fgd1	p.P290L	290	missense	NC_000962.3:491650:C:T	1	1	1	1	0.011	L3	L3	single_or_fixed	0	-
PMD	pretomanid	fgd1	p.P52L	52	missense	NC_000962.3:490936:C:T	1	1	1	1	0.011	L3	L3	single_or_fixed	0	clofazimine:uncertain
PMD	pretomanid	fgd1	p.H260P	260	missense	NC_000962.3:491560:A:C	1	1	1	1	0.003	L2	L2	single_or_fixed	0	clofazimine:uncertain;delamanid:uncertain
PMD	pretomanid	fgd1	p.I229T	229	missense	NC_000962.3:491467:T:C	1	1	1	1	0.003	L2	L2	single_or_fixed	0	clofazimine:uncertain;delamanid:uncertain
PMD	pretomanid	fgd1	p.N66S	66	missense	NC_000962.3:490978:A:G	1	1	1	1	0.011	L3	L3	single_or_fixed	0	clofazimine:uncertain;delamanid:uncertain
PMD	pretomanid	fgd1	p.Y81C	81	missense	NC_000962.3:491023:A:G	1	1	1	1	0.003	L2	L2	single_or_fixed	0	-
PMD	pretomanid	fgd1	p.D289E	289	missense	NC_000962.3:491648:C:A	1	1	1	1	0.003	L2	L2	single_or_fixed	0	-
PMD	pretomanid	fgd1	p.C95F	95	missense	NC_000962.3:491065:G:T	1	1	1	1	0.003	L2	L2	single_or_fixed	0	-
PMD	pretomanid	fgd1	p.F125L	125	missense	NC_000962.3:491156:C:G	1	1	1	1	0.003	L2	L2	single_or_fixed	0	-
PMD	pretomanid	fgd1	p.L4R	4	missense	NC_000962.3:490792:T:G	1	1	1	1	0.003	L2	L2	single_or_fixed	0	-
PMD	pretomanid	fgd1	p.D146G	146	missense	NC_000962.3:491218:A:G	1	1	1	1	0.011	L3	L3	single_or_fixed	0	-
PMD	pretomanid	fgd1	p.L132P	132	missense	NC_000962.3:491176:T:C	1	1	1	1	0.003	L2	L2	single_or_fixed	0	-
PMD	pretomanid	fgd1	p.G106S	106	missense	NC_000962.3:491097:G:A	1	1	1	1	0.003	L2	L2	single_or_fixed	0	-
PMD	pretomanid	fgd1	p.A84V	84	missense	NC_000962.3:491032:C:T	1	1	1	1	0.003	L2	L2	single_or_fixed	0	-
PMD	pretomanid	fgd1	p.A60T	60	missense	NC_000962.3:490959:G:A	1	1	1	1	0.003	L2	L2	single_or_fixed	0	-
PMD	pretomanid	fgd1	p.D236A	236	missense	NC_000962.3:491488:A:C	1	1	1	1	0.003	L2	L2	single_or_fixed	0	-
PMD	pretomanid	fgd1	p.A2G	2	missense	NC_000962.3:490786:C:G	1	1	1	1	0.003	L2	L2	single_or_fixed	0	-
PMD	pretomanid	fgd1	p.K232T	232	missense	NC_000962.3:491476:A:C	1	1	1	1	0.003	L2	L2	single_or_fixed	0	-
PMD	pretomanid	fgd1	p.V101L	101	missense	NC_000962.3:491082:G:C	1	1	1	1	0.003	L2	L2	single_or_fixed	0	-
PMD	pretomanid	fgd1	p.P209S	209	missense	NC_000962.3:491406:C:T	1	1	1	1	0.003	L2	L2	single_or_fixed	0	-
PMD	pretomanid	fgd1	p.V309L	309	missense	NC_000962.3:491706:G:T	1	1	1	1	0.003	L2	L2	single_or_fixed	0	-
PMD	pretomanid	fgd1	p.V286M	286	missense	NC_000962.3:491637:G:A	1	1	1	1	0.003	L2	L2	single_or_fixed	0	-
PMD	pretomanid	fgd1	p.A242T	242	missense	NC_000962.3:491505:G:A	1	1	1	1	0.003	L2	L2	single_or_fixed	0	-
PMD	pretomanid	fgd1	p.V61L	61	missense	NC_000962.3:490962:G:C	1	1	1	1	0.003	L2	L2	single_or_fixed	0	-
PMD	pretomanid	fgd1	p.R80C	80	missense	NC_000962.3:491019:C:T	1	1	1	1	0.011	L3	L3	single_or_fixed	0	-
PMD	pretomanid	fgd1	p.S135*	135	stop_gained	NC_000962.3:491185:C:A	1	1	1	1	0.011	L3	L3	single_or_fixed	1	clofazimine:uncertain;delamanid:R-associated
PMD	pretomanid	fgd1	p.G177D	177	missense	NC_000962.3:491311:G:A	1	1	1	1	0.003	L2	L2	single_or_fixed	0	-
PMD	pretomanid	fgd1	p.P265S	265	missense	NC_000962.3:491574:C:T	1	1	1	1	0.011	L3	L3	single_or_fixed	0	-
PMD	pretomanid	fgd1	p.C194G	194	missense	NC_000962.3:491361:T:G	1	1	1	1	0.011	L3	L3	single_or_fixed	0	-
PMD	pretomanid	fgd1	p.P265T	265	missense	NC_000962.3:491574:C:A	1	1	1	1	0.003	L2	L2	single_or_fixed	0	-
PMD	pretomanid	fgd1	p.A210E	210	missense	NC_000962.3:491410:C:A	1	1	1	1	0.011	L3	L3	single_or_fixed	0	-
PMD	pretomanid	fgd1	p.E213D	213	missense	NC_000962.3:491420:A:C	1	1	1	1	0.011	L3	L3	single_or_fixed	0	-
PMD	pretomanid	fgd1	p.A272V	272	missense	NC_000962.3:491596:C:T	1	1	1	1	0.003	L2	L2	single_or_fixed	0	-
PMD	pretomanid	fgd1	p.G137V	137	missense	NC_000962.3:491191:G:T	1	1	1	1	0.003	L2	L2	single_or_fixed	0	-
PMD	pretomanid	fgd1	p.N66Y	66	missense	NC_000962.3:490977:A:T	1	1	1	1	0.003	L2	L2	single_or_fixed	0	-
PMD	pretomanid	fgd1	p.N82D	82	missense	NC_000962.3:491025:A:G	1	1	1	1	0.003	L2	L2	single_or_fixed	0	-
PMD	pretomanid	fgd1	p.V85A	85	missense	NC_000962.3:491035:T:C	1	1	1	1	0.011	L3	L3	single_or_fixed	0	-
PMD	pretomanid	fgd1	p.T78S	78	missense	NC_000962.3:491014:C:G	1	1	1	1	0.011	L3	L3	single_or_fixed	0	-
PMD	pretomanid	fgd1	p.L275P	275	missense	NC_000962.3:491605:T:C	1	1	1	1	0.01	L1	L1	single_or_fixed	0	-
PMD	pretomanid	fgd1	p.A26T	26	missense	NC_000962.3:490857:G:A	1	1	1	1	0.002	L4	L4	single_or_fixed	0	-
PMD	pretomanid	fgd1	p.D146N	146	missense	NC_000962.3:491217:G:A	1	1	1	1	0.01	L1	L1	single_or_fixed	0	-
PMD	pretomanid	fgd1	p.S11P	11	missense	NC_000962.3:490812:T:C	1	1	1	1	0.01	L1	L1	single_or_fixed	0	-
PMD	pretomanid	fgd1	p.V37F	37	missense	NC_000962.3:490890:G:T	1	1	1	1	0.01	L1	L1	single_or_fixed	0	-
PMD	pretomanid	fgd1	p.V301E	301	missense	NC_000962.3:491683:T:A	1	1	1	1	0.002	L4	L4	single_or_fixed	0	-
PMD	pretomanid	fgd1	p.T76I	76	missense	NC_000962.3:491008:C:T	1	1	1	1	0.002	L4	L4	single_or_fixed	0	-
PMD	pretomanid	fgd1	p.P209A	209	missense	NC_000962.3:491406:C:G	1	1	1	1	0.002	L4	L4	single_or_fixed	0	-
PMD	pretomanid	fgd1	p.G298S	298	missense	NC_000962.3:491673:G:A	1	1	1	1	0.225	L5	L5	single_or_fixed	0	-
PMD	pretomanid	fgd1	p.V85I	85	missense	NC_000962.3:491034:G:A	1	1	1	1	0.225	L5	L5	single_or_fixed	0	-
PMD	pretomanid	fgd1	p.D153E	153	missense	NC_000962.3:491240:C:A	1	1	1	1	0.225	L5	L5	single_or_fixed	0	-
PMD	pretomanid	fgd1	p.A210G	210	missense	NC_000962.3:491410:C:G	1	1	1	1	0.01	L1	L1	single_or_fixed	0	-
PMD	pretomanid	fgd1	p.Q258K	258	missense	NC_000962.3:491553:C:A	1	1	1	1	0.002	L4	L4	single_or_fixed	0	-
PMD	pretomanid	fgd1	p.V301M	301	missense	NC_000962.3:491682:G:A	1	1	1	1	0.085	L6	L6	single_or_fixed	0	-
PMD	pretomanid	fgd1	p.R131W	131	missense	NC_000962.3:491172:C:T	1	1	1	1	0.002	L4	L4	single_or_fixed	0	-
PMD	pretomanid	fgd1	p.I86L	86	missense	NC_000962.3:491037:A:C	1	1	1	1	0.002	L4	L4	single_or_fixed	0	clofazimine:uncertain;delamanid:uncertain
PMD	pretomanid	fgd1	p.S161P	161	missense	NC_000962.3:491262:T:C	1	1	1	1	0.01	L1	L1	single_or_fixed	0	-
PMD	pretomanid	fgd1	p.D153N	153	missense	NC_000962.3:491238:G:A	1	1	1	1	0.01	L1	L1	single_or_fixed	0	-
PMD	pretomanid	fgd1	p.P77S	77	missense	NC_000962.3:491010:C:T	1	1	1	1	0.002	L4	L4	single_or_fixed	0	-
PMD	pretomanid	fgd1	p.Q279P	279	missense	NC_000962.3:491617:A:C	1	1	1	1	0.002	L4	L4	single_or_fixed	0	clofazimine:uncertain;delamanid:uncertain
PMD	pretomanid	fgd1	p.P251L	251	missense	NC_000962.3:491533:C:T	1	1	1	1	0.002	L4	L4	single_or_fixed	0	-
PMD	pretomanid	fgd1	p.T302R	302	missense	NC_000962.3:491686:C:G	1	1	1	1	0.01	L1	L1	single_or_fixed	0	-
PMD	pretomanid	fgd1	p.Q141H	141	missense	NC_000962.3:491204:G:C	1	1	1	1	0.002	L4	L4	single_or_fixed	0	-
PMD	pretomanid	fgd1	p.I162T	162	missense	NC_000962.3:491266:T:C	1	1	1	1	0.002	L4	L4	single_or_fixed	0	-
PMD	pretomanid	fgd1	p.A188T	188	missense	NC_000962.3:491343:G:A	1	1	1	1	0.002	L4	L4	single_or_fixed	0	clofazimine:uncertain;delamanid:uncertain
PMD	pretomanid	fgd1	p.E269K	269	missense	NC_000962.3:491586:G:A	1	1	1	1	0.002	L4	L4	single_or_fixed	0	clofazimine:uncertain;delamanid:uncertain
PMD	pretomanid	fgd1	p.A210V	210	missense	NC_000962.3:491410:C:T	1	1	1	1	0.002	L4	L4	single_or_fixed	0	-
PMD	pretomanid	fgd1	p.P98L	98	missense	NC_000962.3:491074:C:T	1	1	1	1	0.01	L1	L1	single_or_fixed	0	-
PMD	pretomanid	fgd1	p.R18C	18	missense	NC_000962.3:490833:C:T	1	1	1	1	0.002	L4	L4	single_or_fixed	0	clofazimine:uncertain;delamanid:uncertain
PMD	pretomanid	fgd1	p.E240G	240	missense	NC_000962.3:491500:A:G	1	1	1	1	0.002	L4	L4	single_or_fixed	0	clofazimine:uncertain;delamanid:uncertain
PMD	pretomanid	fgd1	p.M58I	58	missense	NC_000962.3:490955:G:A	1	1	1	1	0.01	L1	L1	single_or_fixed	0	-
PMD	pretomanid	fgd1	p.M139I	139	missense	NC_000962.3:491198:G:A	1	1	1	1	0.002	L4	L4	single_or_fixed	0	delamanid:uncertain
PMD	pretomanid	fgd1	p.P171T	171	missense	NC_000962.3:491292:C:A	1	1	1	1	0.01	L1	L1	single_or_fixed	0	clofazimine:uncertain
PMD	pretomanid	fgd1	p.L241P	241	missense	NC_000962.3:491503:T:C	1	1	1	1	0.002	L4	L4	single_or_fixed	0	-
PMD	pretomanid	fgd1	p.N99S	99	missense	NC_000962.3:491077:A:G	1	1	1	1	0.002	L4	L4	single_or_fixed	0	-
PMD	pretomanid	fgd1	p.A35T	35	missense	NC_000962.3:490884:G:A	1	1	1	1	0.01	L1	L1	single_or_fixed	0	-
PMD	pretomanid	fgd1	p.K183N	183	missense	NC_000962.3:491330:G:C	1	1	1	1	0.002	L4	L4	single_or_fixed	0	-
PMD	pretomanid	fgd1	p.Y155C	155	missense	NC_000962.3:491245:A:G	1	1	1	1	0.002	L4	L4	single_or_fixed	0	-
PMD	pretomanid	fgd1	p.D151G	151	missense	NC_000962.3:491233:A:G	1	1	1	1	0.002	L4	L4	single_or_fixed	0	-
PMD	pretomanid	fgd1	p.Q317H	317	missense	NC_000962.3:491732:G:C	1	1	1	1	0.01	L1	L1	single_or_fixed	0	-
PMD	pretomanid	fgd1	p.K126M	126	missense	NC_000962.3:491158:A:T	1	1	1	1	0.002	L4	L4	single_or_fixed	0	-
PMD	pretomanid	fgd1	p.V172A	172	missense	NC_000962.3:491296:T:C	1	1	1	1	0.002	L4	L4	single_or_fixed	0	-
PMD	pretomanid	fgd1	p.A26D	26	missense	NC_000962.3:490858:C:A	1	1	1	1	0.01	L1	L1	single_or_fixed	0	-
PMD	pretomanid	fgd1	p.R147G	147	missense	NC_000962.3:491220:C:G	1	1	1	1	0.01	L1	L1	single_or_fixed	0	-
PMD	pretomanid	fgd1	p.M32V	32	missense	NC_000962.3:490875:A:G	1	1	1	1	0.002	L4	L4	single_or_fixed	0	-
PMD	pretomanid	fgd1	p.M93I	93	missense	NC_000962.3:491060:G:T	1	1	1	1	0.002	L4	L4	single_or_fixed	0	-
PMD	pretomanid	fgd1	p.T195A	195	missense	NC_000962.3:491364:A:G	1	1	1	1	0.002	L4	L4	single_or_fixed	0	-
PMD	pretomanid	fgd1	p.E213K	213	missense	NC_000962.3:491418:G:A	1	1	1	1	0.002	L4	L4	single_or_fixed	0	-
PMD	pretomanid	fgd1	p.P43S	43	missense	NC_000962.3:490908:C:T	1	1	1	1	0.002	L4	L4	single_or_fixed	0	-
PMD	pretomanid	fgd1	p.L202P	202	missense	NC_000962.3:491386:T:C	1	1	1	1	0.002	L4	L4	single_or_fixed	0	-
PMD	pretomanid	fgd1	p.E267K	267	missense	NC_000962.3:491580:G:A	1	1	1	1	0.01	L1	L1	single_or_fixed	0	-
PMD	pretomanid	fgd1	p.D153A	153	missense	NC_000962.3:491239:A:C	1	1	1	1	0.01	L1	L1	single_or_fixed	0	-
PMD	pretomanid	fgd1	p.T255I	255	missense	NC_000962.3:491545:C:T	1	1	1	1	0.002	L4	L4	single_or_fixed	0	-
PMD	pretomanid	fgd1	p.E119K	119	missense	NC_000962.3:491136:G:A	1	1	1	1	0.014	BOV	BOV	single_or_fixed	0	clofazimine:uncertain;delamanid:uncertain
PMD	pretomanid	fgd1	p.P237T	237	missense	NC_000962.3:491490:C:A	1	1	1	1	0.002	L4	L4	single_or_fixed	0	-
PMD	pretomanid	fgd1	p.S144G	144	missense	NC_000962.3:491211:A:G	1	1	1	1	0.002	L4	L4	single_or_fixed	0	-
PMD	pretomanid	fgd1	p.E230K	230	missense	NC_000962.3:491469:G:A	1	1	1	1	0.01	L1	L1	single_or_fixed	0	-
PMD	pretomanid	fgd1	p.R131Q	131	missense	NC_000962.3:491173:G:A	1	1	1	1	0.002	L4	L4	single_or_fixed	0	-
PMD	pretomanid	fgd1	p.S221F	221	missense	NC_000962.3:491443:C:T	1	1	1	1	0.002	L4	L4	single_or_fixed	0	-
PMD	pretomanid	fgd1	p.D190N	190	missense	NC_000962.3:491349:G:A	1	1	1	1	0.002	L4	L4	single_or_fixed	0	-
PMD	pretomanid	fgd1	p.R333L	333	missense	NC_000962.3:491779:G:T	1	1	1	1	0.085	L6	L6	single_or_fixed	0	-
PMD	pretomanid	fgd1	p.T116N	116	missense	NC_000962.3:491128:C:A	1	1	1	1	0.002	L4	L4	single_or_fixed	0	-
PMD	pretomanid	fgd1	p.P276A	276	missense	NC_000962.3:491607:C:G	1	1	1	1	0.002	L4	L4	single_or_fixed	0	-
PMD	pretomanid	fgd1	p.G304S	304	missense	NC_000962.3:491691:G:A	1	1	1	1	0.002	L4	L4	single_or_fixed	0	-
PMD	pretomanid	fgd1	p.P330R	330	missense	NC_000962.3:491770:C:G	1	1	1	1	0.01	L1	L1	single_or_fixed	0	-
PMD	pretomanid	fgd1	p.V165L	165	missense	NC_000962.3:491274:G:T	1	1	1	1	0.014	BOV	BOV	single_or_fixed	0	-
PMD	pretomanid	fgd1	p.A256V	256	missense	NC_000962.3:491548:C:T	1	1	1	1	0.01	L1	L1	single_or_fixed	0	-
PMD	pretomanid	fgd1	p.T78I	78	missense	NC_000962.3:491014:C:T	1	1	1	1	0.002	L4	L4	single_or_fixed	0	-
PMD	pretomanid	fgd1	p.G168R	168	missense	NC_000962.3:491283:G:C	1	1	1	1	0.01	L1	L1	single_or_fixed	0	clofazimine:uncertain;delamanid:uncertain
PMD	pretomanid	fgd1	p.P239Q	239	missense	NC_000962.3:491497:C:A	1	1	1	1	0.01	L1	L1	single_or_fixed	0	-
PMD	pretomanid	fgd1	p.A312T	312	missense	NC_000962.3:491715:G:A	1	1	1	1	0.01	L1	L1	single_or_fixed	0	-
PMD	pretomanid	fgd1	p.P123R	123	missense	NC_000962.3:491149:C:G	1	1	1	1	0.002	L4	L4	single_or_fixed	0	-
PMD	pretomanid	fgd1	p.R131L	131	missense	NC_000962.3:491173:G:T	1	1	1	1	0.01	L1	L1	single_or_fixed	0	-
PMD	pretomanid	fgd1	p.S56Y	56	missense	NC_000962.3:490948:C:A	1	1	1	1	0.002	L4	L4	single_or_fixed	0	-
PMD	pretomanid	fgd1	p.G137E	137	missense	NC_000962.3:491191:G:A	1	1	1	1	0.002	L4	L4	single_or_fixed	0	clofazimine:uncertain;delamanid:uncertain
PMD	pretomanid	fgd1	p.Q299R	299	missense	NC_000962.3:491677:A:G	1	1	1	1	0.01	L1	L1	single_or_fixed	0	-
PMD	pretomanid	fgd1	p.P179S	179	missense	NC_000962.3:491316:C:T	1	1	1	1	0.014	BOV	BOV	single_or_fixed	0	-
PMD	pretomanid	fgd1	p.C95R	95	missense	NC_000962.3:491064:T:C	1	1	1	1	0.01	L1	L1	single_or_fixed	0	-
PMD	pretomanid	fgd1	p.F192L	192	missense	NC_000962.3:491357:C:A	1	1	1	1	0.002	L4	L4	single_or_fixed	0	-
PMD	pretomanid	fgd1	p.P313S	313	missense	NC_000962.3:491718:C:T	1	1	1	1	0.01	L1	L1	single_or_fixed	0	-
PMD	pretomanid	fgd1	p.S221T	221	missense	NC_000962.3:491442:T:A	1	1	1	1	0.014	BOV	BOV	single_or_fixed	0	-
PMD	pretomanid	fgd1	p.M139R	139	missense	NC_000962.3:491197:T:G	1	1	1	1	0.002	L4	L4	single_or_fixed	0	-
PMD	pretomanid	fgd1	p.E63K	63	missense	NC_000962.3:490968:G:A	1	1	1	1	0.002	L4	L4	single_or_fixed	0	-
PMD	pretomanid	fgd1	p.P83S	83	missense	NC_000962.3:491028:C:T	1	1	1	1	0.002	L4	L4	single_or_fixed	0	-
PMD	pretomanid	fgd1	p.D226G	226	missense	NC_000962.3:491458:A:G	1	1	1	1	0.01	L1	L1	single_or_fixed	0	-
PMD	pretomanid	fgd1	p.L335R	335	missense	NC_000962.3:491785:T:G	1	1	1	1	0.01	L1	L1	single_or_fixed	0	-
PMD	pretomanid	fgd1	p.Q47H	47	missense	NC_000962.3:490922:G:T	1	1	1	1	0.002	L4	L4	single_or_fixed	0	-
PMD	pretomanid	fgd1	p.N82S	82	missense	NC_000962.3:491026:A:G	1	1	1	1	0.002	L4	L4	single_or_fixed	0	-
PMD	pretomanid	fgd1	p.E22D	22	missense	NC_000962.3:490847:A:C	1	1	1	1	0.002	L4	L4	single_or_fixed	0	-
PMD	pretomanid	fgd1	p.A287V	287	missense	NC_000962.3:491641:C:T	1	1	1	1	0.01	L1	L1	single_or_fixed	0	-
PMD	pretomanid	fgd1	p.K296T	296	missense	NC_000962.3:491668:A:C	1	1	1	1	0.01	L1	L1	single_or_fixed	0	-
PMD	pretomanid	fgd1	p.S161L	161	missense	NC_000962.3:491263:C:T	1	1	1	1	0.002	L4	L4	single_or_fixed	0	-
PMD	pretomanid	fgd1	p.N82K	82	missense	NC_000962.3:491027:C:G	1	1	1	1	0.002	L4	L4	single_or_fixed	0	-
PMD	pretomanid	fgd1	p.T204A	204	missense	NC_000962.3:491391:A:G	1	1	1	1	0.002	L4	L4	single_or_fixed	0	-
PMD	pretomanid	fgd1	p.Q47E	47	missense	NC_000962.3:490920:C:G	1	1	1	1	0.01	L1	L1	single_or_fixed	0	-
PMD	pretomanid	fgd1	p.A281T	281	missense	NC_000962.3:491622:G:A	1	1	1	1	0.002	L4	L4	single_or_fixed	0	-
PMD	pretomanid	fbiC	p.Q184E	184	missense	NC_000962.3:1303479:C:G	1	1	1	1	0.002	L4	L4	single_or_fixed	0	-
PMD	pretomanid	fbiC	p.P359S	359	missense	NC_000962.3:1304004:C:T	1	1	1	1	0.002	L4	L4	single_or_fixed	0	clofazimine:uncertain;delamanid:uncertain
PMD	pretomanid	fbiC	p.T510S	510	missense	NC_000962.3:1304458:C:G	1	1	1	1	0.002	L4	L4	single_or_fixed	0	-
PMD	pretomanid	fbiC	p.E543D	543	missense	NC_000962.3:1304558:G:T	1	1	1	1	0.01	L1	L1	single_or_fixed	0	-
PMD	pretomanid	fbiC	p.R411Q	411	missense	NC_000962.3:1304161:G:A	1	1	1	1	0.003	L2	L2	single_or_fixed	0	-
PMD	pretomanid	fbiC	p.V462A	462	missense	NC_000962.3:1304314:T:C	1	1	1	1	0.01	L1	L1	single_or_fixed	0	-
PMD	pretomanid	fbiC	p.D126Y	126	missense	NC_000962.3:1303305:G:T	1	1	1	1	0.002	L4	L4	single_or_fixed	0	-
PMD	pretomanid	fbiC	p.E526D	526	missense	NC_000962.3:1304507:A:T	1	1	1	1	0.002	L4	L4	single_or_fixed	0	-
PMD	pretomanid	fbiC	p.A73T	73	missense	NC_000962.3:1303146:G:A	1	1	1	1	0.011	L3	L3	single_or_fixed	0	-
PMD	pretomanid	fbiC	p.Q456E	456	missense	NC_000962.3:1304295:C:G	1	1	1	1	0.01	L1	L1	single_or_fixed	0	-
PMD	pretomanid	fbiC	p.R486H	486	missense	NC_000962.3:1304386:G:A	1	1	1	1	0.002	L4	L4	single_or_fixed	0	-
PMD	pretomanid	fbiC	p.R463C	463	missense	NC_000962.3:1304316:C:T	1	1	1	1	0.01	L1	L1	single_or_fixed	0	-
PMD	pretomanid	fbiC	p.V389L	389	missense	NC_000962.3:1304094:G:T	1	1	1	1	0.01	L1	L1	single_or_fixed	0	-
PMD	pretomanid	fbiC	p.P111Q	111	missense	NC_000962.3:1303261:C:A	1	1	1	1	0.01	L1	L1	single_or_fixed	0	-
PMD	pretomanid	fbiC	p.A136T	136	missense	NC_000962.3:1303335:G:A	1	1	1	1	0.002	L4	L4	single_or_fixed	0	-
PMD	pretomanid	fbiC	p.M201L	201	missense	NC_000962.3:1303530:A:T	1	1	1	1	0.002	L4	L4	single_or_fixed	0	-
PMD	pretomanid	fbiC	p.K282R	282	missense	NC_000962.3:1303774:A:G	1	1	1	1	0.003	L2	L2	single_or_fixed	0	-
PMD	pretomanid	fbiC	p.A33V	33	missense	NC_000962.3:1303027:C:T	1	1	1	1	0.011	L3	L3	single_or_fixed	0	-
PMD	pretomanid	fbiC	p.M329I	329	missense	NC_000962.3:1303916:G:T	1	1	1	1	0.003	L2	L2	single_or_fixed	0	-
PMD	pretomanid	fbiC	p.I84V	84	missense	NC_000962.3:1303179:A:G	1	1	1	1	0.003	L2	L2	single_or_fixed	0	-
PMD	pretomanid	fbiC	p.A527S	527	missense	NC_000962.3:1304508:G:T	1	1	1	1	0.003	L2	L2	single_or_fixed	0	-
PMD	pretomanid	fbiC	p.D375G	375	missense	NC_000962.3:1304053:A:G	1	1	1	1	0.003	L2	L2	single_or_fixed	0	-
PMD	pretomanid	fbiC	p.G808D	808	missense	NC_000962.3:1305352:G:A	1	1	1	1	0.003	L2	L2	single_or_fixed	0	-
PMD	pretomanid	fbiC	p.R278L	278	missense	NC_000962.3:1303762:G:T	1	1	1	1	0.003	L2	L2	single_or_fixed	0	-
PMD	pretomanid	fbiC	p.C105R	105	missense	NC_000962.3:1303242:T:C	1	1	1	1	0.003	L2	L2	single_or_fixed	0	-
PMD	pretomanid	fbiC	p.F91C	91	missense	NC_000962.3:1303201:T:G	1	1	1	1	0.003	L2	L2	single_or_fixed	0	-
PMD	pretomanid	fbiC	p.C600R	600	missense	NC_000962.3:1304727:T:C	1	1	1	1	0.003	L2	L2	single_or_fixed	0	clofazimine:uncertain
PMD	pretomanid	fbiC	p.M601T	601	missense	NC_000962.3:1304731:T:C	1	1	1	1	0.003	L2	L2	single_or_fixed	0	-
PMD	pretomanid	fbiC	p.A442V	442	missense	NC_000962.3:1304254:C:T	1	1	1	1	0.003	L2	L2	single_or_fixed	0	-
PMD	pretomanid	fbiC	p.G135S	135	missense	NC_000962.3:1303332:G:A	1	1	1	1	0.011	L3	L3	single_or_fixed	0	clofazimine:uncertain;delamanid:uncertain
PMD	pretomanid	fbiC	p.R64Q	64	missense	NC_000962.3:1303120:G:A	1	1	1	1	0.011	L3	L3	single_or_fixed	0	clofazimine:uncertain;delamanid:uncertain
PMD	pretomanid	fbiC	p.Q288R	288	missense	NC_000962.3:1303792:A:G	1	1	1	1	0.003	L2	L2	single_or_fixed	0	-
PMD	pretomanid	fbiC	p.S61N	61	missense	NC_000962.3:1303111:G:A	1	1	1	1	0.003	L2	L2	single_or_fixed	0	-
PMD	pretomanid	fbiC	p.P238T	238	missense	NC_000962.3:1303641:C:A	1	1	1	1	0.003	L2	L2	single_or_fixed	0	-
PMD	pretomanid	fbiC	p.L647R	647	missense	NC_000962.3:1304869:T:G	1	1	1	1	0.011	L3	L3	single_or_fixed	0	clofazimine:uncertain;delamanid:uncertain
PMD	pretomanid	fbiC	p.R732L	732	missense	NC_000962.3:1305124:G:T	1	1	1	1	0.011	L3	L3	single_or_fixed	0	-
PMD	pretomanid	fbiC	p.T695M	695	missense	NC_000962.3:1305013:C:T	1	1	1	1	0.011	L3	L3	single_or_fixed	0	-
PMD	pretomanid	fbiC	p.A321V	321	missense	NC_000962.3:1303891:C:T	1	1	1	1	0.003	L2	L2	single_or_fixed	0	-
PMD	pretomanid	fbiC	p.W405C	405	missense	NC_000962.3:1304144:G:C	1	1	1	1	0.011	L3	L3	single_or_fixed	0	clofazimine:uncertain;delamanid:uncertain
PMD	pretomanid	fbiC	p.H103Q	103	missense	NC_000962.3:1303238:C:G	1	1	1	1	0.011	L3	L3	single_or_fixed	0	clofazimine:uncertain
PMD	pretomanid	fbiC	p.D126E	126	missense	NC_000962.3:1303307:C:A	1	1	1	1	0.011	L3	L3	single_or_fixed	0	-
PMD	pretomanid	fbiC	p.R7L	7	missense	NC_000962.3:1302949:G:T	1	1	1	1	0.011	L3	L3	single_or_fixed	0	clofazimine:uncertain;delamanid:uncertain
PMD	pretomanid	fbiC	p.D235G	235	missense	NC_000962.3:1303633:A:G	1	1	1	1	0.003	L2	L2	single_or_fixed	0	clofazimine:uncertain;delamanid:uncertain
PMD	pretomanid	fbiC	p.R175C	175	missense	NC_000962.3:1303452:C:T	1	1	1	1	0.003	L2	L2	single_or_fixed	0	-
PMD	pretomanid	fbiC	p.P665A	665	missense	NC_000962.3:1304922:C:G	1	1	1	1	0.011	L3	L3	single_or_fixed	0	-
PMD	pretomanid	fbiC	p.R446L	446	missense	NC_000962.3:1304266:G:T	1	1	1	1	0.011	L3	L3	single_or_fixed	0	clofazimine:uncertain
PMD	pretomanid	fbiC	p.V365I	365	missense	NC_000962.3:1304022:G:A	1	1	1	1	0.003	L2	L2	single_or_fixed	0	clofazimine:uncertain;delamanid:uncertain
PMD	pretomanid	fbiC	p.E526K	526	missense	NC_000962.3:1304505:G:A	1	1	1	1	0.003	L2	L2	single_or_fixed	0	clofazimine:uncertain;delamanid:uncertain
PMD	pretomanid	fbiC	p.R794W	794	missense	NC_000962.3:1305309:C:T	1	1	1	1	0.003	L2	L2	single_or_fixed	0	-
PMD	pretomanid	fbiC	p.A484V	484	missense	NC_000962.3:1304380:C:T	1	1	1	1	0.011	L3	L3	single_or_fixed	0	-
PMD	pretomanid	fbiC	p.D272N	272	missense	NC_000962.3:1303743:G:A	1	1	1	1	0.011	L3	L3	single_or_fixed	0	-
PMD	pretomanid	fbiC	p.S782L	782	missense	NC_000962.3:1305274:C:T	1	1	1	1	0.011	L3	L3	single_or_fixed	0	clofazimine:uncertain
PMD	pretomanid	fbiC	p.A379P	379	missense	NC_000962.3:1304064:G:C	1	1	1	1	0.011	L3	L3	single_or_fixed	0	-
PMD	pretomanid	fbiC	p.V621L	621	missense	NC_000962.3:1304790:G:C	1	1	1	1	0.003	L2	L2	single_or_fixed	0	-
PMD	pretomanid	fbiC	p.G385C	385	missense	NC_000962.3:1304082:G:T	1	1	1	1	0.003	L2	L2	single_or_fixed	0	clofazimine:uncertain;delamanid:uncertain
PMD	pretomanid	fbiC	p.Q436P	436	missense	NC_000962.3:1304236:A:C	1	1	1	1	0.003	L2	L2	single_or_fixed	0	-
PMD	pretomanid	fbiC	p.A827V	827	missense	NC_000962.3:1305409:C:T	1	1	1	1	0.003	L2	L2	single_or_fixed	0	-
PMD	pretomanid	fbiC	p.L171V	171	missense	NC_000962.3:1303440:T:G	1	1	1	1	0.003	L2	L2	single_or_fixed	0	-
PMD	pretomanid	fbiC	p.Q20H	20	missense	NC_000962.3:1302989:G:T	1	1	1	1	0.003	L2	L2	single_or_fixed	0	-
PMD	pretomanid	fbiC	p.P741S	741	missense	NC_000962.3:1305150:C:T	1	1	1	1	0.003	L2	L2	single_or_fixed	0	-
PMD	pretomanid	fbiC	p.V830A	830	missense	NC_000962.3:1305418:T:C	1	1	1	1	0.003	L2	L2	single_or_fixed	0	-
PMD	pretomanid	fbiC	p.A345V	345	missense	NC_000962.3:1303963:C:T	1	1	1	1	0.003	L2	L2	single_or_fixed	0	-
PMD	pretomanid	fbiC	p.H76R	76	missense	NC_000962.3:1303156:A:G	1	1	1	1	0.003	L2	L2	single_or_fixed	0	-
PMD	pretomanid	fbiC	p.D728Y	728	missense	NC_000962.3:1305111:G:T	1	1	1	1	0.003	L2	L2	single_or_fixed	0	-
PMD	pretomanid	fbiC	p.I253T	253	missense	NC_000962.3:1303687:T:C	1	1	1	1	0.003	L2	L2	single_or_fixed	0	-
PMD	pretomanid	fbiC	p.G512R	512	missense	NC_000962.3:1304463:G:C	1	1	1	1	0.003	L2	L2	single_or_fixed	0	-
PMD	pretomanid	fbiC	p.G412E	412	missense	NC_000962.3:1304164:G:A	1	1	1	1	0.003	L2	L2	single_or_fixed	0	-
PMD	pretomanid	fbiC	p.R64L	64	missense	NC_000962.3:1303120:G:T	1	1	1	1	0.003	L2	L2	single_or_fixed	0	-
PMD	pretomanid	fbiC	p.D341G	341	missense	NC_000962.3:1303951:A:G	1	1	1	1	0.003	L2	L2	single_or_fixed	0	-
PMD	pretomanid	fbiC	p.I179V	179	missense	NC_000962.3:1303464:A:G	1	1	1	1	0.003	L2	L2	single_or_fixed	0	-
PMD	pretomanid	fbiC	p.R650S	650	missense	NC_000962.3:1304877:C:A	1	1	1	1	0.011	L3	L3	single_or_fixed	0	-
PMD	pretomanid	fbiC	p.E692A	692	missense	NC_000962.3:1305004:A:C	1	1	1	1	0.003	L2	L2	single_or_fixed	0	-
PMD	pretomanid	fbiC	p.N101S	101	missense	NC_000962.3:1303231:A:G	1	1	1	1	0.003	L2	L2	single_or_fixed	0	-
PMD	pretomanid	fbiC	p.V17A	17	missense	NC_000962.3:1302979:T:C	1	1	1	1	0.003	L2	L2	single_or_fixed	0	-
PMD	pretomanid	fbiC	p.E608K	608	missense	NC_000962.3:1304751:G:A	1	1	1	1	0.011	L3	L3	single_or_fixed	0	-
PMD	pretomanid	fbiC	p.T146S	146	missense	NC_000962.3:1303366:C:G	1	1	1	1	0.003	L2	L2	single_or_fixed	0	-
PMD	pretomanid	fbiC	p.T796A	796	missense	NC_000962.3:1305315:A:G	1	1	1	1	0.003	L2	L2	single_or_fixed	0	-
PMD	pretomanid	fbiC	p.P93L	93	missense	NC_000962.3:1303207:C:T	1	1	1	1	0.011	L3	L3	single_or_fixed	0	-
PMD	pretomanid	fbiC	p.S578L	578	missense	NC_000962.3:1304662:C:T	1	1	1	1	0.011	L3	L3	single_or_fixed	0	-
PMD	pretomanid	fbiC	p.A527V	527	missense	NC_000962.3:1304509:C:T	1	1	1	1	0.003	L2	L2	single_or_fixed	0	-
PMD	pretomanid	fbiC	p.H76Y	76	missense	NC_000962.3:1303155:C:T	1	1	1	1	0.003	L2	L2	single_or_fixed	0	-
PMD	pretomanid	fbiC	p.G80D	80	missense	NC_000962.3:1303168:G:A	1	1	1	1	0.003	L2	L2	single_or_fixed	0	-
PMD	pretomanid	fbiC	p.H824Q	824	missense	NC_000962.3:1305401:C:G	1	1	1	1	0.003	L2	L2	single_or_fixed	0	-
PMD	pretomanid	fbiC	p.T460I	460	missense	NC_000962.3:1304308:C:T	1	1	1	1	0.003	L2	L2	single_or_fixed	0	-
PMD	pretomanid	fbiC	p.E437K	437	missense	NC_000962.3:1304238:G:A	1	1	1	1	0.003	L2	L2	single_or_fixed	0	-
PMD	pretomanid	fbiC	p.P307A	307	missense	NC_000962.3:1303848:C:G	1	1	1	1	0.003	L2	L2	single_or_fixed	0	-
PMD	pretomanid	fbiC	p.V324A	324	missense	NC_000962.3:1303900:T:C	1	1	1	1	0.011	L3	L3	single_or_fixed	0	-
PMD	pretomanid	fbiC	p.V17L	17	missense	NC_000962.3:1302978:G:T	1	1	1	1	0.003	L2	L2	single_or_fixed	0	-
PMD	pretomanid	fbiC	p.V240A	240	missense	NC_000962.3:1303648:T:C	1	1	1	1	0.003	L2	L2	single_or_fixed	0	-
PMD	pretomanid	fbiC	p.E738G	738	missense	NC_000962.3:1305142:A:G	1	1	1	1	0.003	L2	L2	single_or_fixed	0	delamanid:uncertain
PMD	pretomanid	fbiC	p.N101D	101	missense	NC_000962.3:1303230:A:G	1	1	1	1	0.003	L2	L2	single_or_fixed	0	-
PMD	pretomanid	fbiC	p.M812L	812	missense	NC_000962.3:1305363:A:C	1	1	1	1	0.011	L3	L3	single_or_fixed	0	-
PMD	pretomanid	fbiC	p.D573E	573	missense	NC_000962.3:1304648:C:G	1	1	1	1	0.011	L3	L3	single_or_fixed	0	-
PMD	pretomanid	fbiC	p.R180C	180	missense	NC_000962.3:1303467:C:T	1	1	1	1	0.011	L3	L3	single_or_fixed	0	-
PMD	pretomanid	fbiC	p.V37I	37	missense	NC_000962.3:1303038:G:A	1	1	1	1	0.011	L3	L3	single_or_fixed	0	-
PMD	pretomanid	fbiC	p.A532S	532	missense	NC_000962.3:1304523:G:T	1	1	1	1	0.003	L2	L2	single_or_fixed	0	-
PMD	pretomanid	fbiC	p.P370S	370	missense	NC_000962.3:1304037:C:T	1	1	1	1	0.011	L3	L3	single_or_fixed	0	-
PMD	pretomanid	fbiC	p.Q157H	157	missense	NC_000962.3:1303400:G:C	1	1	1	1	0.011	L3	L3	single_or_fixed	0	-
PMD	pretomanid	fbiC	p.S199W	199	missense	NC_000962.3:1303525:C:G	1	1	1	1	0.011	L3	L3	single_or_fixed	0	-
PMD	pretomanid	fbiC	p.G227A	227	missense	NC_000962.3:1303609:G:C	1	1	1	1	0.003	L2	L2	single_or_fixed	0	-
PMD	pretomanid	fbiC	p.C59G	59	missense	NC_000962.3:1303104:T:G	1	1	1	1	0.003	L2	L2	single_or_fixed	0	-
PMD	pretomanid	fbiC	p.V389A	389	missense	NC_000962.3:1304095:T:C	1	1	1	1	0.011	L3	L3	single_or_fixed	0	-
PMD	pretomanid	fbiC	p.E543Q	543	missense	NC_000962.3:1304556:G:C	1	1	1	1	0.003	L2	L2	single_or_fixed	0	-
PMD	pretomanid	fbiC	p.G285R	285	missense	NC_000962.3:1303782:G:A	1	1	1	1	0.003	L2	L2	single_or_fixed	0	-
PMD	pretomanid	fbiC	p.P19S	19	missense	NC_000962.3:1302984:C:T	1	1	1	1	0.003	L2	L2	single_or_fixed	0	-
PMD	pretomanid	fbiC	p.G582E	582	missense	NC_000962.3:1304674:G:A	1	1	1	1	0.003	L2	L2	single_or_fixed	0	-
PMD	pretomanid	fbiC	p.S210L	210	missense	NC_000962.3:1303558:C:T	1	1	1	1	0.011	L3	L3	single_or_fixed	0	-
PMD	pretomanid	fbiC	p.R96Q	96	missense	NC_000962.3:1303216:G:A	1	1	1	1	0.011	L3	L3	single_or_fixed	0	-
PMD	pretomanid	fbiC	p.Q157R	157	missense	NC_000962.3:1303399:A:G	1	1	1	1	0.003	L2	L2	single_or_fixed	0	-
PMD	pretomanid	fbiC	p.D494G	494	missense	NC_000962.3:1304410:A:G	1	1	1	1	0.011	L3	L3	single_or_fixed	0	-
PMD	pretomanid	fbiC	p.L496R	496	missense	NC_000962.3:1304416:T:G	1	1	1	1	0.011	L3	L3	single_or_fixed	0	-
PMD	pretomanid	fbiC	p.D492G	492	missense	NC_000962.3:1304404:A:G	1	1	1	1	0.003	L2	L2	single_or_fixed	0	-
PMD	pretomanid	fbiC	p.A585V	585	missense	NC_000962.3:1304683:C:T	1	1	1	1	0.003	L2	L2	single_or_fixed	0	-
PMD	pretomanid	fbiC	p.A136V	136	missense	NC_000962.3:1303336:C:T	1	1	1	1	0.011	L3	L3	single_or_fixed	0	-
PMD	pretomanid	fbiC	p.L242M	242	missense	NC_000962.3:1303653:C:A	1	1	1	1	0.011	L3	L3	single_or_fixed	0	-
PMD	pretomanid	fbiC	p.V581A	581	missense	NC_000962.3:1304671:T:C	1	1	1	1	0.003	L2	L2	single_or_fixed	0	-
PMD	pretomanid	fbiC	p.Y577S	577	missense	NC_000962.3:1304659:A:C	1	1	1	1	0.003	L2	L2	single_or_fixed	0	-
PMD	pretomanid	fbiC	p.A309T	309	missense	NC_000962.3:1303854:G:A	1	1	1	1	0.003	L2	L2	single_or_fixed	0	-
PMD	pretomanid	fbiC	p.V769I	769	missense	NC_000962.3:1305234:G:A	1	1	1	1	0.003	L2	L2	single_or_fixed	0	-
PMD	pretomanid	fbiC	p.D511V	511	missense	NC_000962.3:1304461:A:T	1	1	1	1	0.003	L2	L2	single_or_fixed	0	-
PMD	pretomanid	fbiC	p.D419A	419	missense	NC_000962.3:1304185:A:C	1	1	1	1	0.003	L2	L2	single_or_fixed	0	-
PMD	pretomanid	fbiC	p.G595A	595	missense	NC_000962.3:1304713:G:C	1	1	1	1	0.003	L2	L2	single_or_fixed	0	-
PMD	pretomanid	fbiC	p.E283Q	283	missense	NC_000962.3:1303776:G:C	1	1	1	1	0.011	L3	L3	single_or_fixed	0	-
PMD	pretomanid	fbiC	p.A467T	467	missense	NC_000962.3:1304328:G:A	1	1	1	1	0.011	L3	L3	single_or_fixed	0	-
PMD	pretomanid	fbiC	p.D439N	439	missense	NC_000962.3:1304244:G:A	1	1	1	1	0.003	L2	L2	single_or_fixed	0	-
PMD	pretomanid	fbiC	p.S199P	199	missense	NC_000962.3:1303524:T:C	1	1	1	1	0.003	L2	L2	single_or_fixed	0	-
PMD	pretomanid	fbiC	p.P610A	610	missense	NC_000962.3:1304757:C:G	1	1	1	1	0.003	L2	L2	single_or_fixed	0	-
PMD	pretomanid	fbiC	p.A596G	596	missense	NC_000962.3:1304716:C:G	1	1	1	1	0.003	L2	L2	single_or_fixed	0	-
PMD	pretomanid	fbiC	p.E124K	124	missense	NC_000962.3:1303299:G:A	1	1	1	1	0.003	L2	L2	single_or_fixed	0	-
PMD	pretomanid	fbiC	p.G450D	450	missense	NC_000962.3:1304278:G:A	1	1	1	1	0.003	L2	L2	single_or_fixed	0	-
PMD	pretomanid	fbiC	p.I840T	840	missense	NC_000962.3:1305448:T:C	1	1	1	1	0.011	L3	L3	single_or_fixed	0	-
PMD	pretomanid	fbiC	p.R842C	842	missense	NC_000962.3:1305453:C:T	1	1	1	1	0.011	L3	L3	single_or_fixed	0	-
PMD	pretomanid	fbiC	p.R150C	150	missense	NC_000962.3:1303377:C:T	1	1	1	1	0.011	L3	L3	single_or_fixed	0	-
PMD	pretomanid	fbiC	p.R156L	156	missense	NC_000962.3:1303396:G:T	1	1	1	1	0.011	L3	L3	single_or_fixed	0	-
PMD	pretomanid	fbiC	p.D586A	586	missense	NC_000962.3:1304686:A:C	1	1	1	1	0.003	L2	L2	single_or_fixed	0	-
PMD	pretomanid	fbiC	p.G595E	595	missense	NC_000962.3:1304713:G:A	1	1	1	1	0.003	L2	L2	single_or_fixed	0	-
PMD	pretomanid	fbiC	p.D419N	419	missense	NC_000962.3:1304184:G:A	1	1	1	1	0.011	L3	L3	single_or_fixed	0	-
PMD	pretomanid	fbiC	p.R154C	154	missense	NC_000962.3:1303389:C:T	1	1	1	1	0.011	L3	L3	single_or_fixed	0	-
PMD	pretomanid	fbiC	p.N551S	551	missense	NC_000962.3:1304581:A:G	1	1	1	1	0.003	L2	L2	single_or_fixed	0	-
PMD	pretomanid	fbiC	p.V540I	540	missense	NC_000962.3:1304547:G:A	1	1	1	1	0.003	L2	L2	single_or_fixed	0	-
PMD	pretomanid	fbiC	p.F145I	145	missense	NC_000962.3:1303362:T:A	1	1	1	1	0.003	L2	L2	single_or_fixed	0	-
PMD	pretomanid	fbiC	p.T519A	519	missense	NC_000962.3:1304484:A:G	1	1	1	1	0.003	L2	L2	single_or_fixed	0	-
PMD	pretomanid	fbiC	p.L129V	129	missense	NC_000962.3:1303314:C:G	1	1	1	1	0.011	L3	L3	single_or_fixed	0	-
PMD	pretomanid	fbiC	p.E160Q	160	missense	NC_000962.3:1303407:G:C	1	1	1	1	0.011	L3	L3	single_or_fixed	0	-
PMD	pretomanid	fbiC	p.R717P	717	missense	NC_000962.3:1305079:G:C	1	1	1	1	0.011	L3	L3	single_or_fixed	0	-
PMD	pretomanid	fbiC	p.I263T	263	missense	NC_000962.3:1303717:T:C	1	1	1	1	0.003	L2	L2	single_or_fixed	0	-
PMD	pretomanid	fbiC	p.T121A	121	missense	NC_000962.3:1303290:A:G	1	1	1	1	0.002	L4	L4	single_or_fixed	0	-
PMD	pretomanid	fbiC	p.L182R	182	missense	NC_000962.3:1303474:T:G	1	1	1	1	0.002	L4	L4	single_or_fixed	0	-
PMD	pretomanid	fbiC	p.G841R	841	missense	NC_000962.3:1305450:G:C	1	1	1	1	0.01	L1	L1	single_or_fixed	0	-
PMD	pretomanid	fbiC	p.W652R	652	missense	NC_000962.3:1304883:T:C	1	1	1	1	0.002	L4	L4	single_or_fixed	0	-
PMD	pretomanid	fbiC	p.S172F	172	missense	NC_000962.3:1303444:C:T	1	1	1	1	0.002	L4	L4	single_or_fixed	0	-
PMD	pretomanid	fbiC	p.G646E	646	missense	NC_000962.3:1304866:G:A	1	1	1	1	0.01	L1	L1	single_or_fixed	0	-
PMD	pretomanid	fbiC	p.R31Q	31	missense	NC_000962.3:1303021:G:A	1	1	1	1	0.01	L1	L1	single_or_fixed	0	-
PMD	pretomanid	fbiC	p.G734S	734	missense	NC_000962.3:1305129:G:A	1	1	1	1	0.01	L1	L1	single_or_fixed	0	-
PMD	pretomanid	fbiC	p.A239E	239	missense	NC_000962.3:1303645:C:A	1	1	1	1	0.01	L1	L1	single_or_fixed	0	-
PMD	pretomanid	fbiC	p.S61R	61	missense	NC_000962.3:1303112:C:A	1	1	1	1	0.002	L4	L4	single_or_fixed	0	-
PMD	pretomanid	fbiC	p.Y752H	752	missense	NC_000962.3:1305183:T:C	1	1	1	1	0.002	L4	L4	single_or_fixed	0	-
PMD	pretomanid	fbiC	p.V547A	547	missense	NC_000962.3:1304569:T:C	1	1	1	1	0.01	L1	L1	single_or_fixed	0	clofazimine:uncertain
PMD	pretomanid	fbiC	p.L222P	222	missense	NC_000962.3:1303594:T:C	1	1	1	1	0.002	L4	L4	single_or_fixed	0	-
PMD	pretomanid	fbiC	p.T696I	696	missense	NC_000962.3:1305016:C:T	1	1	1	1	0.225	L5	L5	single_or_fixed	0	-
PMD	pretomanid	fbiC	p.A516T	516	missense	NC_000962.3:1304475:G:A	1	1	1	1	0.01	L1	L1	single_or_fixed	0	-
PMD	pretomanid	fbiC	p.E823G	823	missense	NC_000962.3:1305397:A:G	1	1	1	1	0.002	L4	L4	single_or_fixed	0	-
PMD	pretomanid	fbiC	p.G522A	522	missense	NC_000962.3:1304494:G:C	1	1	1	1	0.01	L1	L1	single_or_fixed	0	-
PMD	pretomanid	fbiC	p.S443C	443	missense	NC_000962.3:1304257:C:G	1	1	1	1	0.01	L1	L1	single_or_fixed	0	-
PMD	pretomanid	fbiC	p.V740A	740	missense	NC_000962.3:1305148:T:C	1	1	1	1	0.002	L4	L4	single_or_fixed	0	-
PMD	pretomanid	fbiC	p.R458P	458	missense	NC_000962.3:1304302:G:C	1	1	1	1	0.01	L1	L1	single_or_fixed	0	-
PMD	pretomanid	fbiC	p.G6S	6	missense	NC_000962.3:1302945:G:A	1	1	1	1	0.002	L4	L4	single_or_fixed	0	-
PMD	pretomanid	fbiC	p.A852D	852	missense	NC_000962.3:1305484:C:A	1	1	1	1	0.225	L5	L5	single_or_fixed	0	-
PMD	pretomanid	fbiC	p.R587W	587	missense	NC_000962.3:1304688:C:T	1	1	1	1	0.01	L1	L1	single_or_fixed	0	-
PMD	pretomanid	fbiC	p.V17I	17	missense	NC_000962.3:1302978:G:A	1	1	1	1	0.085	L6	L6	single_or_fixed	0	-
PMD	pretomanid	fbiC	p.P686T	686	missense	NC_000962.3:1304985:C:A	1	1	1	1	0.002	L4	L4	single_or_fixed	0	-
PMD	pretomanid	fbiC	p.P438R	438	missense	NC_000962.3:1304242:C:G	1	1	1	1	0.01	L1	L1	single_or_fixed	0	-
PMD	pretomanid	fbiC	p.A136S	136	missense	NC_000962.3:1303335:G:T	1	1	1	1	0.002	L4	L4	single_or_fixed	0	-
PMD	pretomanid	fbiC	p.D235E	235	missense	NC_000962.3:1303634:C:G	1	1	1	1	0.085	L6	L6	single_or_fixed	0	-
PMD	pretomanid	fbiC	p.R221Q	221	missense	NC_000962.3:1303591:G:A	1	1	1	1	0.002	L4	L4	single_or_fixed	0	-
PMD	pretomanid	fbiC	p.A467V	467	missense	NC_000962.3:1304329:C:T	1	1	1	1	0.002	L4	L4	single_or_fixed	0	-
PMD	pretomanid	fbiC	p.A469P	469	missense	NC_000962.3:1304334:G:C	1	1	1	1	0.002	L4	L4	single_or_fixed	0	clofazimine:uncertain;delamanid:uncertain
PMD	pretomanid	fbiC	p.I491V	491	missense	NC_000962.3:1304400:A:G	1	1	1	1	0.002	L4	L4	single_or_fixed	0	clofazimine:uncertain;delamanid:uncertain
PMD	pretomanid	fbiC	p.D57N	57	missense	NC_000962.3:1303098:G:A	1	1	1	1	0.014	BOV	BOV	single_or_fixed	0	-
PMD	pretomanid	fbiC	p.A520S	520	missense	NC_000962.3:1304487:G:T	1	1	1	1	0.01	L1	L1	single_or_fixed	0	clofazimine:uncertain
PMD	pretomanid	fbiC	p.T106M	106	missense	NC_000962.3:1303246:C:T	1	1	1	1	0.01	L1	L1	single_or_fixed	0	-
PMD	pretomanid	fbiC	p.P125H	125	missense	NC_000962.3:1303303:C:A	1	1	1	1	0.01	L1	L1	single_or_fixed	0	clofazimine:uncertain;delamanid:uncertain
PMD	pretomanid	fbiC	p.D454N	454	missense	NC_000962.3:1304289:G:A	1	1	1	1	0.01	L1	L1	single_or_fixed	0	clofazimine:uncertain;delamanid:uncertain
PMD	pretomanid	fbiC	p.Q288H	288	missense	NC_000962.3:1303793:A:C	1	1	1	1	0.002	L4	L4	single_or_fixed	0	-
PMD	pretomanid	fbiC	p.M628I	628	missense	NC_000962.3:1304813:G:T	1	1	1	1	0.01	L1	L1	single_or_fixed	0	clofazimine:uncertain;delamanid:uncertain
PMD	pretomanid	fbiC	p.N549D	549	missense	NC_000962.3:1304574:A:G	1	1	1	1	0.002	L4	L4	single_or_fixed	0	clofazimine:uncertain;delamanid:uncertain
PMD	pretomanid	fbiC	p.G457D	457	missense	NC_000962.3:1304299:G:A	1	1	1	1	0.98	BOV_AFRI	BOV_AFRI	single_or_fixed	0	-
PMD	pretomanid	fbiC	p.L162V	162	missense	NC_000962.3:1303413:C:G	1	1	1	1	0.002	L4	L4	single_or_fixed	0	clofazimine:uncertain;delamanid:uncertain
PMD	pretomanid	fbiC	p.S645G	645	missense	NC_000962.3:1304862:A:G	1	1	1	1	0.002	L4	L4	single_or_fixed	0	clofazimine:uncertain;delamanid:uncertain
PMD	pretomanid	fbiC	p.R795S	795	missense	NC_000962.3:1305312:C:A	1	1	1	1	0.01	L1	L1	single_or_fixed	0	-
PMD	pretomanid	fbiC	p.R66S	66	missense	NC_000962.3:1303125:C:A	1	1	1	1	0.01	L1	L1	single_or_fixed	0	clofazimine:uncertain;delamanid:uncertain
PMD	pretomanid	fbiC	p.D352G	352	missense	NC_000962.3:1303984:A:G	1	1	1	1	0.002	L4	L4	single_or_fixed	0	delamanid:uncertain
PMD	pretomanid	fbiC	p.A856S	856	missense	NC_000962.3:1305495:G:T	1	1	1	1	0.002	L4	L4	single_or_fixed	0	-
PMD	pretomanid	fbiC	p.G683A	683	missense	NC_000962.3:1304977:G:C	1	1	1	1	0.002	L4	L4	single_or_fixed	0	clofazimine:uncertain;delamanid:uncertain
PMD	pretomanid	fbiC	p.Q117P	117	missense	NC_000962.3:1303279:A:C	1	1	1	1	0.002	L4	L4	single_or_fixed	0	clofazimine:uncertain;delamanid:uncertain
PMD	pretomanid	fbiC	p.E801G	801	missense	NC_000962.3:1305331:A:G	1	1	1	1	0.01	L1	L1	single_or_fixed	0	clofazimine:uncertain;delamanid:uncertain
PMD	pretomanid	fbiC	p.T707M	707	missense	NC_000962.3:1305049:C:T	1	1	1	1	0.01	L1	L1	single_or_fixed	0	clofazimine:uncertain;delamanid:uncertain
PMD	pretomanid	fbiC	p.T545S	545	missense	NC_000962.3:1304563:C:G	1	1	1	1	0.002	L4	L4	single_or_fixed	0	clofazimine:uncertain
PMD	pretomanid	fbiC	p.G541S	541	missense	NC_000962.3:1304550:G:A	1	1	1	1	0.01	L1	L1	single_or_fixed	0	-
PMD	pretomanid	fbiC	p.S648T	648	missense	NC_000962.3:1304872:G:C	1	1	1	1	0.002	L4	L4	single_or_fixed	0	-
PMD	pretomanid	fbiC	p.I816M	816	missense	NC_000962.3:1305377:C:G	1	1	1	1	0.01	L1	L1	single_or_fixed	0	clofazimine:uncertain;delamanid:uncertain
PMD	pretomanid	fbiC	p.T696N	696	missense	NC_000962.3:1305016:C:A	1	1	1	1	0.01	L1	L1	single_or_fixed	0	clofazimine:uncertain
PMD	pretomanid	fbiC	p.A756V	756	missense	NC_000962.3:1305196:C:T	1	1	1	1	0.01	L1	L1	single_or_fixed	0	clofazimine:uncertain
PMD	pretomanid	fbiC	p.D130E	130	missense	NC_000962.3:1303319:C:A	1	1	1	1	0.002	L4	L4	single_or_fixed	0	clofazimine:uncertain;delamanid:uncertain
PMD	pretomanid	fbiC	p.R330C	330	missense	NC_000962.3:1303917:C:T	1	1	1	1	0.01	L1	L1	single_or_fixed	0	clofazimine:uncertain;delamanid:uncertain
PMD	pretomanid	fbiC	p.K282N	282	missense	NC_000962.3:1303775:G:C	1	1	1	1	0.01	L1	L1	single_or_fixed	0	-
PMD	pretomanid	fbiC	p.D674H	674	missense	NC_000962.3:1304949:G:C	1	1	1	1	0.002	L4	L4	single_or_fixed	0	-
PMD	pretomanid	fbiC	p.A47T	47	missense	NC_000962.3:1303068:G:A	1	1	1	1	0.002	L4	L4	single_or_fixed	0	-
PMD	pretomanid	fbiC	p.H592R	592	missense	NC_000962.3:1304704:A:G	1	1	1	1	0.01	L1	L1	single_or_fixed	0	clofazimine:uncertain;delamanid:uncertain
PMD	pretomanid	fbiC	p.F554S	554	missense	NC_000962.3:1304590:T:C	1	1	1	1	0.01	L1	L1	single_or_fixed	0	clofazimine:uncertain
PMD	pretomanid	fbiC	p.G792A	792	missense	NC_000962.3:1305304:G:C	1	1	1	1	0.002	L4	L4	single_or_fixed	0	-
PMD	pretomanid	fbiC	p.E813A	813	missense	NC_000962.3:1305367:A:C	1	1	1	1	0.002	L4	L4	single_or_fixed	0	-
PMD	pretomanid	fbiC	p.G755S	755	missense	NC_000962.3:1305192:G:A	1	1	1	1	0.002	L4	L4	single_or_fixed	0	-
PMD	pretomanid	fbiC	p.L517I	517	missense	NC_000962.3:1304478:C:A	1	1	1	1	0.002	L4	L4	single_or_fixed	0	clofazimine:uncertain;delamanid:uncertain
PMD	pretomanid	fbiC	p.E813D	813	missense	NC_000962.3:1305368:G:C	1	1	1	1	0.01	L1	L1	single_or_fixed	0	-
PMD	pretomanid	fbiC	p.A33T	33	missense	NC_000962.3:1303026:G:A	1	1	1	1	0.002	L4	L4	single_or_fixed	0	-
PMD	pretomanid	fbiC	p.D149E	149	missense	NC_000962.3:1303376:C:A	1	1	1	1	0.01	L1	L1	single_or_fixed	0	-
PMD	pretomanid	fbiC	p.P506T	506	missense	NC_000962.3:1304445:C:A	1	1	1	1	0.002	L4	L4	single_or_fixed	0	-
PMD	pretomanid	fbiC	p.T687P	687	missense	NC_000962.3:1304988:A:C	1	1	1	1	0.01	L1	L1	single_or_fixed	0	-
PMD	pretomanid	fbiC	p.F470V	470	missense	NC_000962.3:1304337:T:G	1	1	1	1	0.002	L4	L4	single_or_fixed	0	clofazimine:uncertain;delamanid:uncertain
PMD	pretomanid	fbiC	p.W435S	435	missense	NC_000962.3:1304233:G:C	1	1	1	1	0.01	L1	L1	single_or_fixed	0	-
PMD	pretomanid	fbiC	p.K141N	141	missense	NC_000962.3:1303352:G:T	1	1	1	1	0.01	L1	L1	single_or_fixed	0	-
PMD	pretomanid	fbiC	p.I92V	92	missense	NC_000962.3:1303203:A:G	1	1	1	1	0.002	L4	L4	single_or_fixed	0	-
PMD	pretomanid	fbiC	p.G262S	262	missense	NC_000962.3:1303713:G:A	1	1	1	1	0.002	L4	L4	single_or_fixed	0	-
PMD	pretomanid	fbiC	p.D465N	465	missense	NC_000962.3:1304322:G:A	1	1	1	1	0.01	L1	L1	single_or_fixed	0	-
PMD	pretomanid	fbiC	p.E54G	54	missense	NC_000962.3:1303090:A:G	1	1	1	1	0.002	L4	L4	single_or_fixed	0	clofazimine:uncertain;delamanid:uncertain
PMD	pretomanid	fbiC	p.A248T	248	missense	NC_000962.3:1303671:G:A	1	1	1	1	0.002	L4	L4	single_or_fixed	0	-
PMD	pretomanid	fbiC	p.G582R	582	missense	NC_000962.3:1304673:G:C	1	1	1	1	0.002	L4	L4	single_or_fixed	0	-
PMD	pretomanid	fbiC	p.V725A	725	missense	NC_000962.3:1305103:T:C	1	1	1	1	0.002	L4	L4	single_or_fixed	0	clofazimine:uncertain;delamanid:uncertain
PMD	pretomanid	fbiC	p.R458C	458	missense	NC_000962.3:1304301:C:T	1	1	1	1	0.01	L1	L1	single_or_fixed	0	-
PMD	pretomanid	fbiC	p.G572S	572	missense	NC_000962.3:1304643:G:A	1	1	1	1	0.002	L4	L4	single_or_fixed	0	-
PMD	pretomanid	fbiC	p.G340D	340	missense	NC_000962.3:1303948:G:A	1	1	1	1	0.002	L4	L4	single_or_fixed	0	clofazimine:uncertain;delamanid:uncertain
PMD	pretomanid	fbiC	p.G385D	385	missense	NC_000962.3:1304083:G:A	1	1	1	1	0.002	L4	L4	single_or_fixed	0	clofazimine:uncertain;delamanid:uncertain
PMD	pretomanid	fbiC	p.A594G	594	missense	NC_000962.3:1304710:C:G	1	1	1	1	0.002	L4	L4	single_or_fixed	0	-
PMD	pretomanid	fbiC	p.H413Y	413	missense	NC_000962.3:1304166:C:T	1	1	1	1	0.002	L4	L4	single_or_fixed	0	-
PMD	pretomanid	fbiC	p.T796I	796	missense	NC_000962.3:1305316:C:T	1	1	1	1	0.085	L6	L6	single_or_fixed	0	-
PMD	pretomanid	fbiC	p.E832G	832	missense	NC_000962.3:1305424:A:G	1	1	1	1	0.002	L4	L4	single_or_fixed	0	clofazimine:uncertain;delamanid:uncertain
PMD	pretomanid	fbiC	p.A576V	576	missense	NC_000962.3:1304656:C:T	1	1	1	1	0.01	L1	L1	single_or_fixed	0	clofazimine:uncertain
PMD	pretomanid	fbiC	p.K141N	141	missense	NC_000962.3:1303352:G:C	1	1	1	1	0.01	L1	L1	single_or_fixed	0	-
PMD	pretomanid	fbiC	p.R7G	7	missense	NC_000962.3:1302948:C:G	1	1	1	1	0.002	L4	L4	single_or_fixed	0	-
PMD	pretomanid	fbiC	p.V94A	94	missense	NC_000962.3:1303210:T:C	1	1	1	1	0.002	L4	L4	single_or_fixed	0	clofazimine:uncertain;delamanid:uncertain
PMD	pretomanid	fbiC	p.V108A	108	missense	NC_000962.3:1303252:T:C	1	1	1	1	0.01	L1	L1	single_or_fixed	0	-
PMD	pretomanid	fbiC	p.G262D	262	missense	NC_000962.3:1303714:G:A	1	1	1	1	0.002	L4	L4	single_or_fixed	0	clofazimine:uncertain;delamanid:uncertain
PMD	pretomanid	fbiC	p.P151S	151	missense	NC_000962.3:1303380:C:T	1	1	1	1	0.01	L1	L1	single_or_fixed	0	-
PMD	pretomanid	fbiC	p.Q332E	332	missense	NC_000962.3:1303923:C:G	1	1	1	1	0.01	L1	L1	single_or_fixed	0	-
PMD	pretomanid	fbiC	p.T95N	95	missense	NC_000962.3:1303213:C:A	1	1	1	1	0.01	L1	L1	single_or_fixed	0	-
PMD	pretomanid	fbiC	p.F306V	306	missense	NC_000962.3:1303845:T:G	1	1	1	1	0.002	L4	L4	single_or_fixed	0	-
PMD	pretomanid	fbiC	p.G6A	6	missense	NC_000962.3:1302946:G:C	1	1	1	1	0.002	L4	L4	single_or_fixed	0	-
PMD	pretomanid	fbiC	p.R717W	717	missense	NC_000962.3:1305078:C:T	1	1	1	1	0.002	L4	L4	single_or_fixed	0	-
PMD	pretomanid	fbiC	p.R156C	156	missense	NC_000962.3:1303395:C:T	1	1	1	1	0.002	L4	L4	single_or_fixed	0	-
PMD	pretomanid	fbiC	p.P19L	19	missense	NC_000962.3:1302985:C:T	1	1	1	1	0.002	L4	L4	single_or_fixed	0	-
PMD	pretomanid	fbiC	p.S645N	645	missense	NC_000962.3:1304863:G:A	1	1	1	1	0.002	L4	L4	single_or_fixed	0	-
PMD	pretomanid	fbiC	p.K828E	828	missense	NC_000962.3:1305411:A:G	1	1	1	1	0.002	L4	L4	single_or_fixed	0	-
PMD	pretomanid	fbiC	p.L12V	12	missense	NC_000962.3:1302963:C:G	1	1	1	1	0.002	L4	L4	single_or_fixed	0	-
PMD	pretomanid	fbiC	p.T810M	810	missense	NC_000962.3:1305358:C:T	1	1	1	1	0.01	L1	L1	single_or_fixed	0	-
PMD	pretomanid	fbiC	p.D247N	247	missense	NC_000962.3:1303668:G:A	1	1	1	1	0.01	L1	L1	single_or_fixed	0	-
PMD	pretomanid	fbiC	p.S72L	72	missense	NC_000962.3:1303144:C:T	1	1	1	1	0.98	BOV_AFRI	BOV_AFRI	single_or_fixed	0	-
PMD	pretomanid	fbiC	p.P78A	78	missense	NC_000962.3:1303161:C:G	1	1	1	1	0.01	L1	L1	single_or_fixed	0	-
PMD	pretomanid	fbiC	p.A516V	516	missense	NC_000962.3:1304476:C:T	1	1	1	1	0.01	L1	L1	single_or_fixed	0	-
PMD	pretomanid	fbiC	p.P626H	626	missense	NC_000962.3:1304806:C:A	1	1	1	1	0.002	L4	L4	single_or_fixed	0	-
PMD	pretomanid	fbiC	p.G139D	139	missense	NC_000962.3:1303345:G:A	1	1	1	1	0.01	L1	L1	single_or_fixed	0	-
PMD	pretomanid	fbiC	p.M819V	819	missense	NC_000962.3:1305384:A:G	1	1	1	1	0.01	L1	L1	single_or_fixed	0	-
PMD	pretomanid	fbiC	p.E590K	590	missense	NC_000962.3:1304697:G:A	1	1	1	1	0.002	L4	L4	single_or_fixed	0	-
PMD	pretomanid	fbiC	p.R133H	133	missense	NC_000962.3:1303327:G:A	1	1	1	1	0.002	L4	L4	single_or_fixed	0	-
PMD	pretomanid	fbiC	p.S280L	280	missense	NC_000962.3:1303768:C:T	1	1	1	1	0.002	L4	L4	single_or_fixed	0	-
PMD	pretomanid	fbiC	p.R536L	536	missense	NC_000962.3:1304536:G:T	1	1	1	1	0.01	L1	L1	single_or_fixed	0	clofazimine:uncertain;delamanid:uncertain
PMD	pretomanid	fbiC	p.L617V	617	missense	NC_000962.3:1304778:C:G	1	1	1	1	0.002	L4	L4	single_or_fixed	0	-
PMD	pretomanid	fbiC	p.N766T	766	missense	NC_000962.3:1305226:A:C	1	1	1	1	0.01	L1	L1	single_or_fixed	0	-
PMD	pretomanid	fbiC	p.S715G	715	missense	NC_000962.3:1305072:A:G	1	1	1	1	0.002	L4	L4	single_or_fixed	0	-
PMD	pretomanid	fbiC	p.L374F	374	missense	NC_000962.3:1304051:G:C	1	1	1	1	0.014	BOV	BOV	single_or_fixed	0	-
PMD	pretomanid	fbiC	p.D533N	533	missense	NC_000962.3:1304526:G:A	1	1	1	1	0.002	L4	L4	single_or_fixed	0	-
PMD	pretomanid	fbiC	p.P367S	367	missense	NC_000962.3:1304028:C:T	1	1	1	1	0.002	L4	L4	single_or_fixed	0	-
PMD	pretomanid	fbiC	p.L656M	656	missense	NC_000962.3:1304895:C:A	1	1	1	1	0.002	L4	L4	single_or_fixed	0	-
PMD	pretomanid	fbiC	p.R463H	463	missense	NC_000962.3:1304317:G:A	1	1	1	1	0.01	L1	L1	single_or_fixed	0	-
PMD	pretomanid	fbiC	p.R369W	369	missense	NC_000962.3:1304034:C:T	1	1	1	1	0.014	BOV	BOV	single_or_fixed	0	-
PMD	pretomanid	fbiC	p.S443F	443	missense	NC_000962.3:1304257:C:T	1	1	1	1	0.01	L1	L1	single_or_fixed	0	-
PMD	pretomanid	fbiC	p.A507G	507	missense	NC_000962.3:1304449:C:G	1	1	1	1	0.002	L4	L4	single_or_fixed	0	-
PMD	pretomanid	fbiC	p.A132V	132	missense	NC_000962.3:1303324:C:T	1	1	1	1	0.002	L4	L4	single_or_fixed	0	-
PMD	pretomanid	fbiC	p.T381I	381	missense	NC_000962.3:1304071:C:T	1	1	1	1	0.01	L1	L1	single_or_fixed	0	-
PMD	pretomanid	fbiC	p.A497P	497	missense	NC_000962.3:1304418:G:C	1	1	1	1	0.002	L4	L4	single_or_fixed	0	-
PMD	pretomanid	fbiC	p.S580P	580	missense	NC_000962.3:1304667:T:C	1	1	1	1	0.002	L4	L4	single_or_fixed	0	-
PMD	pretomanid	fbiC	p.Y386C	386	missense	NC_000962.3:1304086:A:G	1	1	1	1	0.002	L4	L4	single_or_fixed	0	-
PMD	pretomanid	fbiC	p.R243S	243	missense	NC_000962.3:1303656:C:A	1	1	1	1	0.01	L1	L1	single_or_fixed	0	-
PMD	pretomanid	fbiC	p.G423S	423	missense	NC_000962.3:1304196:G:A	1	1	1	1	0.01	L1	L1	single_or_fixed	0	-
PMD	pretomanid	fbiC	p.T49A	49	missense	NC_000962.3:1303074:A:G	1	1	1	1	0.01	L1	L1	single_or_fixed	0	-
PMD	pretomanid	fbiC	p.S645T	645	missense	NC_000962.3:1304863:G:C	1	1	1	1	0.014	BOV	BOV	single_or_fixed	0	-
PMD	pretomanid	fbiC	p.A820V	820	missense	NC_000962.3:1305388:C:T	1	1	1	1	0.002	L4	L4	single_or_fixed	0	-
PMD	pretomanid	fbiC	p.E526A	526	missense	NC_000962.3:1304506:A:C	1	1	1	1	0.002	L4	L4	single_or_fixed	0	-
PMD	pretomanid	fbiC	p.H364R	364	missense	NC_000962.3:1304020:A:G	1	1	1	1	0.002	L4	L4	single_or_fixed	0	-
PMD	pretomanid	fbiC	p.E269G	269	missense	NC_000962.3:1303735:A:G	1	1	1	1	0.002	L4	L4	single_or_fixed	0	clofazimine:uncertain
PMD	pretomanid	fbiC	p.L70V	70	missense	NC_000962.3:1303137:C:G	1	1	1	1	0.002	L4	L4	single_or_fixed	0	-
PMD	pretomanid	fbiC	p.A757P	757	missense	NC_000962.3:1305198:G:C	1	1	1	1	0.002	L4	L4	single_or_fixed	0	-
PMD	pretomanid	fbiC	p.A276S	276	missense	NC_000962.3:1303755:G:T	1	1	1	1	0.002	L4	L4	single_or_fixed	0	-
PMD	pretomanid	fbiC	p.V195M	195	missense	NC_000962.3:1303512:G:A	1	1	1	1	0.002	L4	L4	single_or_fixed	0	-
PMD	pretomanid	fbiC	p.H281Q	281	missense	NC_000962.3:1303772:C:G	1	1	1	1	0.002	L4	L4	single_or_fixed	0	-
PMD	pretomanid	fbiC	p.V428I	428	missense	NC_000962.3:1304211:G:A	1	1	1	1	0.002	L4	L4	single_or_fixed	0	-
PMD	pretomanid	fbiC	p.V357I	357	missense	NC_000962.3:1303998:G:A	1	1	1	1	0.01	L1	L1	single_or_fixed	0	-
PMD	pretomanid	fbiC	p.M812T	812	missense	NC_000962.3:1305364:T:C	1	1	1	1	0.002	L4	L4	single_or_fixed	0	-
PMD	pretomanid	fbiC	p.D308N	308	missense	NC_000962.3:1303851:G:A	1	1	1	1	0.01	L1	L1	single_or_fixed	0	-
PMD	pretomanid	fbiC	p.R243C	243	missense	NC_000962.3:1303656:C:T	1	1	1	1	0.002	L4	L4	single_or_fixed	0	-
PMD	pretomanid	fbiC	p.P125R	125	missense	NC_000962.3:1303303:C:G	1	1	1	1	0.002	L4	L4	single_or_fixed	0	-
PMD	pretomanid	fbiC	p.A297G	297	missense	NC_000962.3:1303819:C:G	1	1	1	1	0.002	L4	L4	single_or_fixed	0	-
PMD	pretomanid	fbiC	p.E437G	437	missense	NC_000962.3:1304239:A:G	1	1	1	1	0.002	L4	L4	single_or_fixed	0	-
PMD	pretomanid	fbiC	p.M628I	628	missense	NC_000962.3:1304813:G:A	1	1	1	1	0.01	L1	L1	single_or_fixed	0	clofazimine:uncertain;delamanid:uncertain
PMD	pretomanid	fbiC	p.G163S	163	missense	NC_000962.3:1303416:G:A	1	1	1	1	0.002	L4	L4	single_or_fixed	0	-
PMD	pretomanid	fbiC	p.V131F	131	missense	NC_000962.3:1303320:G:T	1	1	1	1	0.002	L4	L4	single_or_fixed	0	-
PMD	pretomanid	fbiC	p.E699A	699	missense	NC_000962.3:1305025:A:C	1	1	1	1	0.002	L4	L4	single_or_fixed	0	-
PMD	pretomanid	fbiC	p.T301A	301	missense	NC_000962.3:1303830:A:G	1	1	1	1	0.002	L4	L4	single_or_fixed	0	-
PMD	pretomanid	fbiC	p.A596S	596	missense	NC_000962.3:1304715:G:T	1	1	1	1	0.002	L4	L4	single_or_fixed	0	-
PMD	pretomanid	fbiC	p.E164D	164	missense	NC_000962.3:1303421:A:C	1	1	1	1	0.002	L4	L4	single_or_fixed	0	-
PMD	pretomanid	fbiC	p.A756T	756	missense	NC_000962.3:1305195:G:A	1	1	1	1	0.002	L4	L4	single_or_fixed	0	-
PMD	pretomanid	fbiC	p.V244A	244	missense	NC_000962.3:1303660:T:C	1	1	1	1	0.01	L1	L1	single_or_fixed	0	-
PMD	pretomanid	fbiC	p.A855E	855	missense	NC_000962.3:1305493:C:A	1	1	1	1	0.01	L1	L1	single_or_fixed	0	-
PMD	pretomanid	fbiC	p.D35G	35	missense	NC_000962.3:1303033:A:G	1	1	1	1	0.014	BOV	BOV	single_or_fixed	0	-
PMD	pretomanid	fbiC	p.G450S	450	missense	NC_000962.3:1304277:G:A	1	1	1	1	0.002	L4	L4	single_or_fixed	0	-
PMD	pretomanid	fbiC	p.E474G	474	missense	NC_000962.3:1304350:A:G	1	1	1	1	0.002	L4	L4	single_or_fixed	0	-
PMD	pretomanid	fbiC	p.F255L	255	missense	NC_000962.3:1303692:T:C	1	1	1	1	0.01	L1	L1	single_or_fixed	0	-
PMD	pretomanid	fbiC	p.R650P	650	missense	NC_000962.3:1304878:G:C	1	1	1	1	0.01	L1	L1	single_or_fixed	0	-
PMD	pretomanid	fbiC	p.F255C	255	missense	NC_000962.3:1303693:T:G	1	1	1	1	0.01	L1	L1	single_or_fixed	0	-
PMD	pretomanid	fbiC	p.M201I	201	missense	NC_000962.3:1303532:G:T	1	1	1	1	0.002	L4	L4	single_or_fixed	0	-
PMD	pretomanid	fbiC	p.T848S	848	missense	NC_000962.3:1305472:C:G	1	1	1	1	0.01	L1	L1	single_or_fixed	0	-
PMD	pretomanid	fbiC	p.P761T	761	missense	NC_000962.3:1305210:C:A	1	1	1	1	0.01	L1	L1	single_or_fixed	0	-
PMD	pretomanid	fbiC	p.D149V	149	missense	NC_000962.3:1303375:A:T	1	1	1	1	0.01	L1	L1	single_or_fixed	0	-
PMD	pretomanid	fbiC	p.Y314H	314	missense	NC_000962.3:1303869:T:C	1	1	1	1	0.01	L1	L1	single_or_fixed	0	-
PMD	pretomanid	fbiC	p.D35A	35	missense	NC_000962.3:1303033:A:C	1	1	1	1	0.01	L1	L1	single_or_fixed	0	-
PMD	pretomanid	fbiC	p.G839C	839	missense	NC_000962.3:1305444:G:T	1	1	1	1	0.01	L1	L1	single_or_fixed	0	-
PMD	pretomanid	fbiC	p.L535F	535	missense	NC_000962.3:1304534:G:T	1	1	1	1	0.01	L1	L1	single_or_fixed	0	-
PMD	pretomanid	fbiC	p.R758L	758	missense	NC_000962.3:1305202:G:T	1	1	1	1	0.01	L1	L1	single_or_fixed	0	-
PMD	pretomanid	fbiC	p.L187P	187	missense	NC_000962.3:1303489:T:C	1	1	1	1	0.01	L1	L1	single_or_fixed	0	-
PMD	pretomanid	fbiC	p.N294K	294	missense	NC_000962.3:1303811:C:G	1	1	1	1	0.002	L4	L4	single_or_fixed	0	-
PMD	pretomanid	fbiC	p.R619L	619	missense	NC_000962.3:1304785:G:T	1	1	1	1	0.01	L1	L1	single_or_fixed	0	-
PMD	pretomanid	fbiC	p.D168N	168	missense	NC_000962.3:1303431:G:A	1	1	1	1	0.01	L1	L1	single_or_fixed	0	-
PMD	pretomanid	fbiC	p.T786A	786	missense	NC_000962.3:1305285:A:G	1	1	1	1	0.01	L1	L1	single_or_fixed	0	-
PMD	pretomanid	fbiC	p.P665L	665	missense	NC_000962.3:1304923:C:T	1	1	1	1	0.01	L1	L1	single_or_fixed	0	-
PMD	pretomanid	fbiC	p.A401V	401	missense	NC_000962.3:1304131:C:T	1	1	1	1	0.01	L1	L1	single_or_fixed	0	-
PMD	pretomanid	fbiC	p.I552V	552	missense	NC_000962.3:1304583:A:G	1	1	1	1	0.01	L1	L1	single_or_fixed	0	-
PMD	pretomanid	fbiC	p.V338A	338	missense	NC_000962.3:1303942:T:C	1	1	1	1	0.01	L1	L1	single_or_fixed	0	-
PMD	pretomanid	fbiC	p.A827T	827	missense	NC_000962.3:1305408:G:A	1	1	1	1	0.002	L4	L4	single_or_fixed	0	-
PMD	pretomanid	fbiC	p.A721T	721	missense	NC_000962.3:1305090:G:A	1	1	1	1	0.01	L1	L1	single_or_fixed	0	-
PMD	pretomanid	fbiC	p.T643I	643	missense	NC_000962.3:1304857:C:T	1	1	1	1	0.01	L1	L1	single_or_fixed	0	-
PMD	pretomanid	fbiC	p.E658Q	658	missense	NC_000962.3:1304901:G:C	1	1	1	1	0.01	L1	L1	single_or_fixed	0	-
PMD	pretomanid	fbiC	p.A33S	33	missense	NC_000962.3:1303026:G:T	1	1	1	1	0.01	L1	L1	single_or_fixed	0	-
PMD	pretomanid	fbiC	p.A271V	271	missense	NC_000962.3:1303741:C:T	1	1	1	1	0.01	L1	L1	single_or_fixed	0	-
PMD	pretomanid	fbiC	p.L854P	854	missense	NC_000962.3:1305490:T:C	1	1	1	1	0.01	L1	L1	single_or_fixed	0	-
PMD	pretomanid	fbiC	p.D387E	387	missense	NC_000962.3:1304090:C:G	1	1	1	1	0.01	L1	L1	single_or_fixed	0	-
PMD	pretomanid	fbiC	p.W444R	444	missense	NC_000962.3:1304259:T:C	1	1	1	1	0.01	L1	L1	single_or_fixed	0	-
PMD	pretomanid	fbiC	p.P741T	741	missense	NC_000962.3:1305150:C:A	1	1	1	1	0.002	L4	L4	single_or_fixed	0	-
PMD	pretomanid	fbiC	p.V389M	389	missense	NC_000962.3:1304094:G:A	1	1	1	1	0.014	BOV	BOV	single_or_fixed	0	-
PMD	pretomanid	fbiC	p.M628I	628	missense	NC_000962.3:1304813:G:C	1	1	1	1	0.01	L1	L1	single_or_fixed	0	clofazimine:uncertain;delamanid:uncertain
PMD	pretomanid	fbiC	p.G166A	166	missense	NC_000962.3:1303426:G:C	1	1	1	1	0.01	L1	L1	single_or_fixed	0	-
PMD	pretomanid	fbiC	p.Y577D	577	missense	NC_000962.3:1304658:T:G	1	1	1	1	0.01	L1	L1	single_or_fixed	0	-
PMD	pretomanid	fbiC	p.D575N	575	missense	NC_000962.3:1304652:G:A	1	1	1	1	0.01	L1	L1	single_or_fixed	0	-
PMD	pretomanid	fbiC	p.D440N	440	missense	NC_000962.3:1304247:G:A	1	1	1	1	0.01	L1	L1	single_or_fixed	0	-
PMD	pretomanid	fbiC	p.K571T	571	missense	NC_000962.3:1304641:A:C	1	1	1	1	0.01	L1	L1	single_or_fixed	0	-
PMD	pretomanid	fbiC	p.A178T	178	missense	NC_000962.3:1303461:G:A	1	1	1	1	0.01	L1	L1	single_or_fixed	0	-
PMD	pretomanid	fbiC	p.E543A	543	missense	NC_000962.3:1304557:A:C	1	1	1	1	0.002	L4	L4	single_or_fixed	0	-
PMD	pretomanid	fbiC	p.V399I	399	missense	NC_000962.3:1304124:G:A	1	1	1	1	0.002	L4	L4	single_or_fixed	0	-
PMD	pretomanid	fbiC	p.A229T	229	missense	NC_000962.3:1303614:G:A	1	1	1	1	0.002	L4	L4	single_or_fixed	0	-
PMD	pretomanid	fbiC	p.V17L	17	missense	NC_000962.3:1302978:G:C	1	1	1	1	0.01	L1	L1	single_or_fixed	0	-
PMD	pretomanid	fbiC	p.E583A	583	missense	NC_000962.3:1304677:A:C	1	1	1	1	0.002	L4	L4	single_or_fixed	0	-
PMD	pretomanid	fbiC	p.G613D	613	missense	NC_000962.3:1304767:G:A	1	1	1	1	0.002	L4	L4	single_or_fixed	0	-
PMD	pretomanid	fbiC	p.L807P	807	missense	NC_000962.3:1305349:T:C	1	1	1	1	0.002	L4	L4	single_or_fixed	0	-
PMD	pretomanid	fbiC	p.G52S	52	missense	NC_000962.3:1303083:G:A	1	1	1	1	0.01	L1	L1	single_or_fixed	0	-
PMD	pretomanid	fbiC	p.W405C	405	missense	NC_000962.3:1304144:G:T	1	1	1	1	0.01	L1	L1	single_or_fixed	0	clofazimine:uncertain;delamanid:uncertain
PMD	pretomanid	fbiC	p.A21P	21	missense	NC_000962.3:1302990:G:C	1	1	1	1	0.002	L4	L4	single_or_fixed	0	-
PMD	pretomanid	fbiC	p.T257A	257	missense	NC_000962.3:1303698:A:G	1	1	1	1	0.002	L4	L4	single_or_fixed	0	-
PMD	pretomanid	fbiC	p.T455I	455	missense	NC_000962.3:1304293:C:T	1	1	1	1	0.002	L4	L4	single_or_fixed	0	clofazimine:uncertain
PMD	pretomanid	fbiC	p.T185I	185	missense	NC_000962.3:1303483:C:T	1	1	1	1	0.002	L4	L4	single_or_fixed	0	-
PMD	pretomanid	fbiC	p.V441A	441	missense	NC_000962.3:1304251:T:C	1	1	1	1	0.002	L4	L4	single_or_fixed	0	-
PMD	pretomanid	fbiC	p.S172P	172	missense	NC_000962.3:1303443:T:C	1	1	1	1	0.002	L4	L4	single_or_fixed	0	-
PMD	pretomanid	fbiC	p.A856V	856	missense	NC_000962.3:1305496:C:T	1	1	1	1	0.002	L4	L4	single_or_fixed	0	-
PMD	pretomanid	fbiC	p.D235N	235	missense	NC_000962.3:1303632:G:A	1	1	1	1	0.002	L4	L4	single_or_fixed	0	-
PMD	pretomanid	fbiC	p.V414G	414	missense	NC_000962.3:1304170:T:G	1	1	1	1	0.002	L4	L4	single_or_fixed	0	-
PMD	pretomanid	fbiC	p.V324M	324	missense	NC_000962.3:1303899:G:A	1	1	1	1	0.002	L4	L4	single_or_fixed	0	-
PMD	pretomanid	fbiC	p.D272E	272	missense	NC_000962.3:1303745:T:A	1	1	1	1	0.002	L4	L4	single_or_fixed	0	-
PMD	pretomanid	fbiC	p.E838A	838	missense	NC_000962.3:1305442:A:C	1	1	1	1	0.002	L4	L4	single_or_fixed	0	-
PMD	pretomanid	fbiC	p.E376D	376	missense	NC_000962.3:1304057:G:C	1	1	1	1	0.002	L4	L4	single_or_fixed	0	delamanid:uncertain
PMD	pretomanid	fbiC	p.E478A	478	missense	NC_000962.3:1304362:A:C	1	1	1	1	0.002	L4	L4	single_or_fixed	0	-
PMD	pretomanid	fbiC	p.D237E	237	missense	NC_000962.3:1303640:C:G	1	1	1	1	0.002	L4	L4	single_or_fixed	0	-
PMD	pretomanid	fbiC	p.G779D	779	missense	NC_000962.3:1305265:G:A	1	1	1	1	0.002	L4	L4	single_or_fixed	0	-
PMD	pretomanid	fbiC	p.A623E	623	missense	NC_000962.3:1304797:C:A	1	1	1	1	0.002	L4	L4	single_or_fixed	0	-
PMD	pretomanid	fbiC	p.R203L	203	missense	NC_000962.3:1303537:G:T	1	1	1	1	0.002	L4	L4	single_or_fixed	0	-
PMD	pretomanid	fbiC	p.Q395H	395	missense	NC_000962.3:1304114:A:T	1	1	1	1	0.002	L4	L4	single_or_fixed	0	-
PMD	pretomanid	fbiC	p.N748S	748	missense	NC_000962.3:1305172:A:G	1	1	1	1	0.002	L4	L4	single_or_fixed	0	-
PMD	pretomanid	fbiC	p.A421V	421	missense	NC_000962.3:1304191:C:T	1	1	1	1	0.002	L4	L4	single_or_fixed	0	-
PMD	pretomanid	fbiC	p.I287V	287	missense	NC_000962.3:1303788:A:G	1	1	1	1	0.002	L4	L4	single_or_fixed	0	-
PMD	pretomanid	fbiD	p.G52S	52	missense	NC_000962.3:3339270:G:A	1	1	1	1	0.003	L2	L2	single_or_fixed	0	-
PMD	pretomanid	fbiD	p.T122P	122	missense	NC_000962.3:3339480:A:C	1	1	1	1	0.003	L2	L2	single_or_fixed	0	-
PMD	pretomanid	fbiD	p.T60P	60	missense	NC_000962.3:3339294:A:C	1	1	1	1	0.003	L2	L2	single_or_fixed	0	-
PMD	pretomanid	fbiD	p.G3A	3	missense	NC_000962.3:3339124:G:C	1	1	1	1	0.011	L3	L3	single_or_fixed	0	-
PMD	pretomanid	fbiD	p.N37D	37	missense	NC_000962.3:3339225:A:G	1	1	1	1	0.011	L3	L3	single_or_fixed	0	clofazimine:uncertain;delamanid:uncertain
PMD	pretomanid	fbiD	p.I110V	110	missense	NC_000962.3:3339444:A:G	1	1	1	1	0.011	L3	L3	single_or_fixed	0	clofazimine:uncertain;delamanid:uncertain
PMD	pretomanid	fbiD	p.S55L	55	missense	NC_000962.3:3339280:C:T	1	1	1	1	0.003	L2	L2	single_or_fixed	0	-
PMD	pretomanid	fbiD	p.D7N	7	missense	NC_000962.3:3339135:G:A	1	1	1	1	0.011	L3	L3	single_or_fixed	0	-
PMD	pretomanid	fbiD	p.T146S	146	missense	NC_000962.3:3339553:C:G	1	1	1	1	0.011	L3	L3	single_or_fixed	0	clofazimine:uncertain;delamanid:uncertain
PMD	pretomanid	fbiD	p.L144V	144	missense	NC_000962.3:3339546:C:G	1	1	1	1	0.003	L2	L2	single_or_fixed	0	clofazimine:uncertain;delamanid:uncertain
PMD	pretomanid	fbiD	p.T34S	34	missense	NC_000962.3:3339217:C:G	1	1	1	1	0.011	L3	L3	single_or_fixed	0	-
PMD	pretomanid	fbiD	p.A72T	72	missense	NC_000962.3:3339330:G:A	1	1	1	1	0.011	L3	L3	single_or_fixed	0	clofazimine:uncertain
PMD	pretomanid	fbiD	p.G76R	76	missense	NC_000962.3:3339342:G:C	1	1	1	1	0.011	L3	L3	single_or_fixed	0	-
PMD	pretomanid	fbiD	p.A68T	68	missense	NC_000962.3:3339318:G:A	1	1	1	1	0.003	L2	L2	single_or_fixed	0	clofazimine:uncertain;delamanid:uncertain
PMD	pretomanid	fbiD	p.T84A	84	missense	NC_000962.3:3339366:A:G	1	1	1	1	0.011	L3	L3	single_or_fixed	0	-
PMD	pretomanid	fbiD	p.E105D	105	missense	NC_000962.3:3339431:A:C	1	1	1	1	0.003	L2	L2	single_or_fixed	0	clofazimine:uncertain;delamanid:uncertain
PMD	pretomanid	fbiD	p.T146A	146	missense	NC_000962.3:3339552:A:G	1	1	1	1	0.003	L2	L2	single_or_fixed	0	clofazimine:uncertain;delamanid:uncertain
PMD	pretomanid	fbiD	p.A50V	50	missense	NC_000962.3:3339265:C:T	1	1	1	1	0.003	L2	L2	single_or_fixed	0	-
PMD	pretomanid	fbiD	p.D87G	87	missense	NC_000962.3:3339376:A:G	1	1	1	1	0.003	L2	L2	single_or_fixed	0	-
PMD	pretomanid	fbiD	p.D165A	165	missense	NC_000962.3:3339610:A:C	1	1	1	1	0.003	L2	L2	single_or_fixed	0	-
PMD	pretomanid	fbiD	p.D7Y	7	missense	NC_000962.3:3339135:G:T	1	1	1	1	0.011	L3	L3	single_or_fixed	0	-
PMD	pretomanid	fbiD	p.P164T	164	missense	NC_000962.3:3339606:C:A	1	1	1	1	0.003	L2	L2	single_or_fixed	0	-
PMD	pretomanid	fbiD	p.Q33R	33	missense	NC_000962.3:3339214:A:G	1	1	1	1	0.011	L3	L3	single_or_fixed	0	-
PMD	pretomanid	fbiD	p.A51S	51	missense	NC_000962.3:3339267:G:T	1	1	1	1	0.011	L3	L3	single_or_fixed	0	-
PMD	pretomanid	fbiD	p.V38M	38	missense	NC_000962.3:3339228:G:A	1	1	1	1	0.003	L2	L2	single_or_fixed	0	-
PMD	pretomanid	fbiD	p.G8S	8	missense	NC_000962.3:3339138:G:A	1	1	1	1	0.011	L3	L3	single_or_fixed	0	-
PMD	pretomanid	fbiD	p.G54S	54	missense	NC_000962.3:3339276:G:A	1	1	1	1	0.011	L3	L3	single_or_fixed	0	-
PMD	pretomanid	fbiD	p.A67S	67	missense	NC_000962.3:3339315:G:T	1	1	1	1	0.011	L3	L3	single_or_fixed	0	-
PMD	pretomanid	fbiD	p.T60A	60	missense	NC_000962.3:3339294:A:G	1	1	1	1	0.011	L3	L3	single_or_fixed	0	-
PMD	pretomanid	fbiD	p.E177A	177	missense	NC_000962.3:3339646:A:C	1	1	1	1	0.003	L2	L2	single_or_fixed	0	-
PMD	pretomanid	fbiD	p.A181T	181	missense	NC_000962.3:3339657:G:A	1	1	1	1	0.011	L3	L3	single_or_fixed	0	-
PMD	pretomanid	fbiD	p.I59S	59	missense	NC_000962.3:3339292:T:G	1	1	1	1	0.003	L2	L2	single_or_fixed	0	-
PMD	pretomanid	fbiD	p.V53I	53	missense	NC_000962.3:3339273:G:A	1	1	1	1	0.011	L3	L3	single_or_fixed	0	-
PMD	pretomanid	fbiD	p.Q123P	123	missense	NC_000962.3:3339484:A:C	1	1	1	1	0.011	L3	L3	single_or_fixed	0	-
PMD	pretomanid	fbiD	p.P85A	85	missense	NC_000962.3:3339369:C:G	1	1	1	1	0.01	L1	L1	single_or_fixed	0	-
PMD	pretomanid	fbiD	p.A81P	81	missense	NC_000962.3:3339357:G:C	1	1	1	1	0.01	L1	L1	single_or_fixed	0	-
PMD	pretomanid	fbiD	p.A104V	104	missense	NC_000962.3:3339427:C:T	1	1	1	1	0.002	L4	L4	single_or_fixed	0	-
PMD	pretomanid	fbiD	p.I13V	13	missense	NC_000962.3:3339153:A:G	1	1	1	1	0.01	L1	L1	single_or_fixed	0	-
PMD	pretomanid	fbiD	p.H135R	135	missense	NC_000962.3:3339520:A:G	1	1	1	1	0.01	L1	L1	single_or_fixed	0	-
PMD	pretomanid	fbiD	p.E105A	105	missense	NC_000962.3:3339430:A:C	1	1	1	1	0.002	L4	L4	single_or_fixed	0	-
PMD	pretomanid	fbiD	p.A81T	81	missense	NC_000962.3:3339357:G:A	1	1	1	1	0.002	L4	L4	single_or_fixed	0	-
PMD	pretomanid	fbiD	p.V44I	44	missense	NC_000962.3:3339246:G:A	1	1	1	1	0.002	L4	L4	single_or_fixed	0	-
PMD	pretomanid	fbiD	p.A22T	22	missense	NC_000962.3:3339180:G:A	1	1	1	1	0.002	L4	L4	single_or_fixed	0	-
PMD	pretomanid	fbiD	p.V38L	38	missense	NC_000962.3:3339228:G:C	1	1	1	1	0.002	L4	L4	single_or_fixed	0	-
PMD	pretomanid	fbiD	p.R186C	186	missense	NC_000962.3:3339672:C:T	1	1	1	1	0.01	L1	L1	single_or_fixed	0	-
PMD	pretomanid	fbiD	p.G106E	106	missense	NC_000962.3:3339433:G:A	1	1	1	1	0.014	BOV	BOV	single_or_fixed	0	-
PMD	pretomanid	fbiD	p.A197T	197	missense	NC_000962.3:3339705:G:A	1	1	1	1	0.002	L4	L4	single_or_fixed	0	-
PMD	pretomanid	fbiD	p.R171H	171	missense	NC_000962.3:3339628:G:A	1	1	1	1	0.002	L4	L4	single_or_fixed	0	clofazimine:uncertain;delamanid:uncertain
PMD	pretomanid	fbiD	p.A119V	119	missense	NC_000962.3:3339472:C:T	1	1	1	1	0.002	L4	L4	single_or_fixed	0	clofazimine:uncertain;delamanid:uncertain
PMD	pretomanid	fbiD	p.D87Y	87	missense	NC_000962.3:3339375:G:T	1	1	1	1	0.01	L1	L1	single_or_fixed	0	clofazimine:uncertain
PMD	pretomanid	fbiD	p.S31W	31	missense	NC_000962.3:3339208:C:G	1	1	1	1	0.002	L4	L4	single_or_fixed	0	-
PMD	pretomanid	fbiD	p.L144R	144	missense	NC_000962.3:3339547:T:G	1	1	1	1	0.01	L1	L1	single_or_fixed	0	-
PMD	pretomanid	fbiD	p.V53G	53	missense	NC_000962.3:3339274:T:G	1	1	1	1	0.002	L4	L4	single_or_fixed	0	-
PMD	pretomanid	fbiD	p.A157E	157	missense	NC_000962.3:3339586:C:A	1	1	1	1	0.002	L4	L4	single_or_fixed	0	clofazimine:uncertain;delamanid:uncertain
PMD	pretomanid	fbiD	p.V39M	39	missense	NC_000962.3:3339231:G:A	1	1	1	1	0.002	L4	L4	single_or_fixed	0	-
PMD	pretomanid	fbiD	p.G3S	3	missense	NC_000962.3:3339123:G:A	1	1	1	1	0.01	L1	L1	single_or_fixed	0	clofazimine:uncertain
PMD	pretomanid	fbiD	p.A69T	69	missense	NC_000962.3:3339321:G:A	1	1	1	1	0.01	L1	L1	single_or_fixed	0	-
PMD	pretomanid	fbiD	p.I110T	110	missense	NC_000962.3:3339445:T:C	1	1	1	1	0.01	L1	L1	single_or_fixed	0	clofazimine:uncertain
PMD	pretomanid	fbiD	p.R18S	18	missense	NC_000962.3:3339168:C:A	1	1	1	1	0.002	L4	L4	single_or_fixed	0	-
PMD	pretomanid	fbiD	p.R101H	101	missense	NC_000962.3:3339418:G:A	1	1	1	1	0.002	L4	L4	single_or_fixed	0	clofazimine:uncertain;delamanid:uncertain
PMD	pretomanid	fbiD	p.A210V	210	missense	NC_000962.3:3339745:C:T	1	1	1	1	0.002	L4	L4	single_or_fixed	0	clofazimine:uncertain;delamanid:uncertain
PMD	pretomanid	fbiD	p.A175T	175	missense	NC_000962.3:3339639:G:A	1	1	1	1	0.002	L4	L4	single_or_fixed	0	-
PMD	pretomanid	fbiD	p.E105Q	105	missense	NC_000962.3:3339429:G:C	1	1	1	1	0.225	L5	L5	single_or_fixed	0	-
PMD	pretomanid	fbiD	p.A22P	22	missense	NC_000962.3:3339180:G:C	1	1	1	1	0.014	BOV	BOV	single_or_fixed	0	-
PMD	pretomanid	fbiD	p.P164S	164	missense	NC_000962.3:3339606:C:T	1	1	1	1	0.002	L4	L4	single_or_fixed	0	-
PMD	pretomanid	fbiD	p.A27T	27	missense	NC_000962.3:3339195:G:A	1	1	1	1	0.002	L4	L4	single_or_fixed	0	-
PMD	pretomanid	fbiD	p.A157S	157	missense	NC_000962.3:3339585:G:T	1	1	1	1	0.002	L4	L4	single_or_fixed	0	-
PMD	pretomanid	fbiD	p.A98V	98	missense	NC_000962.3:3339409:C:T	1	1	1	1	0.01	L1	L1	single_or_fixed	0	-
PMD	pretomanid	fbiD	p.S138T	138	missense	NC_000962.3:3339529:G:C	1	1	1	1	0.002	L4	L4	single_or_fixed	0	clofazimine:uncertain
PMD	pretomanid	fbiD	p.L144F	144	missense	NC_000962.3:3339546:C:T	1	1	1	1	0.225	L5	L5	single_or_fixed	0	-
PMD	pretomanid	fbiD	p.A153T	153	missense	NC_000962.3:3339573:G:A	1	1	1	1	0.014	BOV	BOV	single_or_fixed	0	-
PMD	pretomanid	fbiD	p.T191S	191	missense	NC_000962.3:3339688:C:G	1	1	1	1	0.014	BOV	BOV	single_or_fixed	0	-
PMD	pretomanid	fbiD	p.I10V	10	missense	NC_000962.3:3339144:A:G	1	1	1	1	0.002	L4	L4	single_or_fixed	0	-
PMD	pretomanid	fbiD	p.G202R	202	missense	NC_000962.3:3339720:G:A	1	1	1	1	0.014	BOV	BOV	single_or_fixed	0	-
PMD	pretomanid	fbiD	p.R101C	101	missense	NC_000962.3:3339417:C:T	1	1	1	1	0.002	L4	L4	single_or_fixed	0	clofazimine:uncertain
PMD	pretomanid	fbiD	p.P28L	28	missense	NC_000962.3:3339199:C:T	1	1	1	1	0.002	L4	L4	single_or_fixed	0	-
PMD	pretomanid	fbiD	p.T122A	122	missense	NC_000962.3:3339480:A:G	1	1	1	1	0.002	L4	L4	single_or_fixed	0	-
PMD	pretomanid	fbiD	p.T84I	84	missense	NC_000962.3:3339367:C:T	1	1	1	1	0.002	L4	L4	single_or_fixed	0	-
PMD	pretomanid	fbiD	p.A70T	70	missense	NC_000962.3:3339324:G:A	1	1	1	1	0.01	L1	L1	single_or_fixed	0	-
PMD	pretomanid	fbiD	p.G74V	74	missense	NC_000962.3:3339337:G:T	1	1	1	1	0.002	L4	L4	single_or_fixed	0	-
PMD	pretomanid	fbiD	p.H213Y	213	missense	NC_000962.3:3339753:C:T	1	1	1	1	0.002	L4	L4	single_or_fixed	0	-
PMD	pretomanid	fbiD	p.F30L	30	missense	NC_000962.3:3339206:C:A	1	1	1	1	0.002	L4	L4	single_or_fixed	0	-
PMD	pretomanid	fbiD	p.G204V	204	missense	NC_000962.3:3339727:G:T	1	1	1	1	0.01	L1	L1	single_or_fixed	0	-
PMD	pretomanid	fbiD	p.L56V	56	missense	NC_000962.3:3339282:C:G	1	1	1	1	0.01	L1	L1	single_or_fixed	0	-
PMD	pretomanid	fbiD	p.A206G	206	missense	NC_000962.3:3339733:C:G	1	1	1	1	0.002	L4	L4	single_or_fixed	0	-
PMD	pretomanid	fbiD	p.E86K	86	missense	NC_000962.3:3339372:G:A	1	1	1	1	0.01	L1	L1	single_or_fixed	0	-
PMD	pretomanid	fbiD	p.I59V	59	missense	NC_000962.3:3339291:A:G	1	1	1	1	0.01	L1	L1	single_or_fixed	0	-
PMD	pretomanid	fbiD	p.G155D	155	missense	NC_000962.3:3339580:G:A	1	1	1	1	0.01	L1	L1	single_or_fixed	0	-
PMD	pretomanid	fbiD	p.A141S	141	missense	NC_000962.3:3339537:G:T	1	1	1	1	0.01	L1	L1	single_or_fixed	0	-
PMD	pretomanid	fbiD	p.D88H	88	missense	NC_000962.3:3339378:G:C	1	1	1	1	0.01	L1	L1	single_or_fixed	0	-
PMD	pretomanid	fbiD	p.A20S	20	missense	NC_000962.3:3339174:G:T	1	1	1	1	0.01	L1	L1	single_or_fixed	0	-
PMD	pretomanid	fbiD	p.C187W	187	missense	NC_000962.3:3339677:C:G	1	1	1	1	0.002	L4	L4	single_or_fixed	0	-
PMD	pretomanid	fbiD	p.G184A	184	missense	NC_000962.3:3339667:G:C	1	1	1	1	0.002	L4	L4	single_or_fixed	0	-
PMD	pretomanid	fbiD	p.R161Q	161	missense	NC_000962.3:3339598:G:A	1	1	1	1	0.002	L4	L4	single_or_fixed	0	-
PMD	pretomanid	fbiD	p.P164A	164	missense	NC_000962.3:3339606:C:G	1	1	1	1	0.002	L4	L4	single_or_fixed	0	-
PMD	pretomanid	fbiD	p.V150A	150	missense	NC_000962.3:3339565:T:C	1	1	1	1	0.002	L4	L4	single_or_fixed	0	-
PMD	pretomanid	fbiD	p.N37S	37	missense	NC_000962.3:3339226:A:G	1	1	1	1	0.002	L4	L4	single_or_fixed	0	-
PMD	pretomanid	fbiA	p.G221D	221	missense	NC_000962.3:3641203:G:A	1	1	1	1	0.003	L2	L2	single_or_fixed	0	-
PMD	pretomanid	fbiA	p.G70S	70	missense	NC_000962.3:3640749:G:A	1	1	1	1	0.003	L2	L2	single_or_fixed	0	clofazimine:uncertain;delamanid:uncertain
PMD	pretomanid	fbiA	p.A33G	33	missense	NC_000962.3:3640639:C:G	1	1	1	1	0.002	L4	L4	single_or_fixed	0	-
PMD	pretomanid	fbiA	p.D325E	325	missense	NC_000962.3:3641516:C:A	1	1	1	1	0.003	L2	L2	single_or_fixed	0	-
PMD	pretomanid	fbiA	p.A121V	121	missense	NC_000962.3:3640903:C:T	1	1	1	1	0.002	L4	L4	single_or_fixed	0	-
PMD	pretomanid	fbiA	p.V226I	226	missense	NC_000962.3:3641217:G:A	1	1	1	1	0.002	L4	L4	single_or_fixed	0	-
PMD	pretomanid	fbiA	p.L69M	69	missense	NC_000962.3:3640746:C:A	1	1	1	1	0.01	L1	L1	single_or_fixed	0	-
PMD	pretomanid	fbiA	p.V303M	303	missense	NC_000962.3:3641448:G:A	1	1	1	1	0.003	L2	L2	single_or_fixed	0	-
PMD	pretomanid	fbiA	p.A278G	278	missense	NC_000962.3:3641374:C:G	1	1	1	1	0.003	L2	L2	single_or_fixed	0	-
PMD	pretomanid	fbiA	p.L25M	25	missense	NC_000962.3:3640614:C:A	1	1	1	1	0.003	L2	L2	single_or_fixed	0	-
PMD	pretomanid	fbiA	p.R77H	77	missense	NC_000962.3:3640771:G:A	1	1	1	1	0.003	L2	L2	single_or_fixed	0	-
PMD	pretomanid	fbiA	p.G189D	189	missense	NC_000962.3:3641107:G:A	1	1	1	1	0.003	L2	L2	single_or_fixed	0	-
PMD	pretomanid	fbiA	p.I223V	223	missense	NC_000962.3:3641208:A:G	1	1	1	1	0.003	L2	L2	single_or_fixed	0	-
PMD	pretomanid	fbiA	p.Q81R	81	missense	NC_000962.3:3640783:A:G	1	1	1	1	0.003	L2	L2	single_or_fixed	0	-
PMD	pretomanid	fbiA	p.V290M	290	missense	NC_000962.3:3641409:G:A	1	1	1	1	0.003	L2	L2	single_or_fixed	0	-
PMD	pretomanid	fbiA	p.R304W	304	missense	NC_000962.3:3641451:C:T	1	1	1	1	0.003	L2	L2	single_or_fixed	0	-
PMD	pretomanid	fbiA	p.V217M	217	missense	NC_000962.3:3641190:G:A	1	1	1	1	0.011	L3	L3	single_or_fixed	0	clofazimine:uncertain;delamanid:uncertain
PMD	pretomanid	fbiA	p.S126P	126	missense	NC_000962.3:3640917:T:C	1	1	1	1	0.003	L2	L2	single_or_fixed	0	-
PMD	pretomanid	fbiA	p.T129A	129	missense	NC_000962.3:3640926:A:G	1	1	1	1	0.011	L3	L3	single_or_fixed	0	-
PMD	pretomanid	fbiA	p.P239S	239	missense	NC_000962.3:3641256:C:T	1	1	1	1	0.003	L2	L2	single_or_fixed	0	clofazimine:uncertain;delamanid:uncertain
PMD	pretomanid	fbiA	p.D266N	266	missense	NC_000962.3:3641337:G:A	1	1	1	1	0.011	L3	L3	single_or_fixed	0	-
PMD	pretomanid	fbiA	p.H291N	291	missense	NC_000962.3:3641412:C:A	1	1	1	1	0.003	L2	L2	single_or_fixed	0	-
PMD	pretomanid	fbiA	p.W101C	101	missense	NC_000962.3:3640844:G:C	1	1	1	1	0.003	L2	L2	single_or_fixed	0	clofazimine:uncertain;delamanid:uncertain
PMD	pretomanid	fbiA	p.K192E	192	missense	NC_000962.3:3641115:A:G	1	1	1	1	0.011	L3	L3	single_or_fixed	0	delamanid:uncertain
PMD	pretomanid	fbiA	p.G26S	26	missense	NC_000962.3:3640617:G:A	1	1	1	1	0.011	L3	L3	single_or_fixed	0	clofazimine:uncertain;delamanid:uncertain
PMD	pretomanid	fbiA	p.A269S	269	missense	NC_000962.3:3641346:G:T	1	1	1	1	0.011	L3	L3	single_or_fixed	0	-
PMD	pretomanid	fbiA	p.A225V	225	missense	NC_000962.3:3641215:C:T	1	1	1	1	0.011	L3	L3	single_or_fixed	0	clofazimine:uncertain
PMD	pretomanid	fbiA	p.V114L	114	missense	NC_000962.3:3640881:G:C	1	1	1	1	0.011	L3	L3	single_or_fixed	0	clofazimine:uncertain;delamanid:uncertain
PMD	pretomanid	fbiA	p.A30V	30	missense	NC_000962.3:3640630:C:T	1	1	1	1	0.011	L3	L3	single_or_fixed	0	clofazimine:uncertain;delamanid:uncertain
PMD	pretomanid	fbiA	p.V262I	262	missense	NC_000962.3:3641325:G:A	1	1	1	1	0.003	L2	L2	single_or_fixed	0	clofazimine:uncertain
PMD	pretomanid	fbiA	p.V160I	160	missense	NC_000962.3:3641019:G:A	1	1	1	1	0.003	L2	L2	single_or_fixed	0	clofazimine:uncertain;delamanid:uncertain
PMD	pretomanid	fbiA	p.R321H	321	missense	NC_000962.3:3641503:G:A	1	1	1	1	0.003	L2	L2	single_or_fixed	0	-
PMD	pretomanid	fbiA	p.C324Y	324	missense	NC_000962.3:3641512:G:A	1	1	1	1	0.003	L2	L2	single_or_fixed	0	-
PMD	pretomanid	fbiA	p.G12S	12	missense	NC_000962.3:3640575:G:A	1	1	1	1	0.003	L2	L2	single_or_fixed	0	-
PMD	pretomanid	fbiA	p.E249A	249	missense	NC_000962.3:3641287:A:C	1	1	1	1	0.003	L2	L2	single_or_fixed	0	-
PMD	pretomanid	fbiA	p.H183N	183	missense	NC_000962.3:3641088:C:A	1	1	1	1	0.003	L2	L2	single_or_fixed	0	-
PMD	pretomanid	fbiA	p.R82C	82	missense	NC_000962.3:3640785:C:T	1	1	1	1	0.003	L2	L2	single_or_fixed	0	-
PMD	pretomanid	fbiA	p.G248R	248	missense	NC_000962.3:3641283:G:C	1	1	1	1	0.003	L2	L2	single_or_fixed	0	-
PMD	pretomanid	fbiA	p.C280Y	280	missense	NC_000962.3:3641380:G:A	1	1	1	1	0.003	L2	L2	single_or_fixed	0	-
PMD	pretomanid	fbiA	p.D134G	134	missense	NC_000962.3:3640942:A:G	1	1	1	1	0.003	L2	L2	single_or_fixed	0	-
PMD	pretomanid	fbiA	p.I247S	247	missense	NC_000962.3:3641281:T:G	1	1	1	1	0.003	L2	L2	single_or_fixed	0	-
PMD	pretomanid	fbiA	p.A166S	166	missense	NC_000962.3:3641037:G:T	1	1	1	1	0.011	L3	L3	single_or_fixed	0	-
PMD	pretomanid	fbiA	p.G72E	72	missense	NC_000962.3:3640756:G:A	1	1	1	1	0.011	L3	L3	single_or_fixed	0	-
PMD	pretomanid	fbiA	p.L289M	289	missense	NC_000962.3:3641406:C:A	1	1	1	1	0.003	L2	L2	single_or_fixed	0	-
PMD	pretomanid	fbiA	p.A315T	315	missense	NC_000962.3:3641484:G:A	1	1	1	1	0.003	L2	L2	single_or_fixed	0	-
PMD	pretomanid	fbiA	p.W86R	86	missense	NC_000962.3:3640797:T:C	1	1	1	1	0.011	L3	L3	single_or_fixed	0	-
PMD	pretomanid	fbiA	p.G189A	189	missense	NC_000962.3:3641107:G:C	1	1	1	1	0.003	L2	L2	single_or_fixed	0	-
PMD	pretomanid	fbiA	p.G328E	328	missense	NC_000962.3:3641524:G:A	1	1	1	1	0.011	L3	L3	single_or_fixed	0	-
PMD	pretomanid	fbiA	p.A327S	327	missense	NC_000962.3:3641520:G:T	1	1	1	1	0.011	L3	L3	single_or_fixed	0	-
PMD	pretomanid	fbiA	p.V320A	320	missense	NC_000962.3:3641500:T:C	1	1	1	1	0.003	L2	L2	single_or_fixed	0	-
PMD	pretomanid	fbiA	p.G300R	300	missense	NC_000962.3:3641439:G:C	1	1	1	1	0.011	L3	L3	single_or_fixed	0	clofazimine:uncertain
PMD	pretomanid	fbiA	p.I200V	200	missense	NC_000962.3:3641139:A:G	1	1	1	1	0.003	L2	L2	single_or_fixed	0	-
PMD	pretomanid	fbiA	p.W288R	288	missense	NC_000962.3:3641403:T:C	1	1	1	1	0.003	L2	L2	single_or_fixed	0	-
PMD	pretomanid	fbiA	p.D147G	147	missense	NC_000962.3:3640981:A:G	1	1	1	1	0.003	L2	L2	single_or_fixed	0	-
PMD	pretomanid	fbiA	p.V3A	3	missense	NC_000962.3:3640549:T:C	1	1	1	1	0.003	L2	L2	single_or_fixed	0	-
PMD	pretomanid	fbiA	p.P60S	60	missense	NC_000962.3:3640719:C:T	1	1	1	1	0.011	L3	L3	single_or_fixed	0	-
PMD	pretomanid	fbiA	p.R149C	149	missense	NC_000962.3:3640986:C:T	1	1	1	1	0.011	L3	L3	single_or_fixed	0	-
PMD	pretomanid	fbiA	p.G277D	277	missense	NC_000962.3:3641371:G:A	1	1	1	1	0.01	L1	L1	single_or_fixed	0	-
PMD	pretomanid	fbiA	p.I53L	53	missense	NC_000962.3:3640698:A:C	1	1	1	1	0.003	L2	L2	single_or_fixed	0	-
PMD	pretomanid	fbiA	p.A7G	7	missense	NC_000962.3:3640561:C:G	1	1	1	1	0.01	L1	L1	single_or_fixed	0	-
PMD	pretomanid	fbiA	p.S35P	35	missense	NC_000962.3:3640644:T:C	1	1	1	1	0.225	L5	L5	single_or_fixed	0	-
PMD	pretomanid	fbiA	p.A7V	7	missense	NC_000962.3:3640561:C:T	1	1	1	1	0.01	L1	L1	single_or_fixed	0	-
PMD	pretomanid	fbiA	p.A37V	37	missense	NC_000962.3:3640651:C:T	1	1	1	1	0.002	L4	L4	single_or_fixed	0	-
PMD	pretomanid	fbiA	p.A271T	271	missense	NC_000962.3:3641352:G:A	1	1	1	1	0.225	L5	L5	single_or_fixed	0	-
PMD	pretomanid	fbiA	p.V218I	218	missense	NC_000962.3:3641193:G:A	1	1	1	1	0.01	L1	L1	single_or_fixed	0	-
PMD	pretomanid	fbiA	p.P239Q	239	missense	NC_000962.3:3641257:C:A	1	1	1	1	0.002	L4	L4	single_or_fixed	0	-
PMD	pretomanid	fbiA	p.Y123C	123	missense	NC_000962.3:3640909:A:G	1	1	1	1	0.002	L4	L4	single_or_fixed	0	-
PMD	pretomanid	fbiA	p.A278T	278	missense	NC_000962.3:3641373:G:A	1	1	1	1	0.085	L6	L6	single_or_fixed	0	-
PMD	pretomanid	fbiA	p.A178S	178	missense	NC_000962.3:3641073:G:T	1	1	1	1	0.002	L4	L4	single_or_fixed	0	-
PMD	pretomanid	fbiA	p.S193P	193	missense	NC_000962.3:3641118:T:C	1	1	1	1	0.002	L4	L4	single_or_fixed	0	-
PMD	pretomanid	fbiA	p.M89I	89	missense	NC_000962.3:3640808:G:C	1	1	1	1	0.014	BOV	BOV	single_or_fixed	0	-
PMD	pretomanid	fbiA	p.V329M	329	missense	NC_000962.3:3641526:G:A	1	1	1	1	0.002	L4	L4	single_or_fixed	0	-
PMD	pretomanid	fbiA	p.L132V	132	missense	NC_000962.3:3640935:C:G	1	1	1	1	0.002	L4	L4	single_or_fixed	0	clofazimine:uncertain;delamanid:uncertain
PMD	pretomanid	fbiA	p.F102L	102	missense	NC_000962.3:3640845:T:C	1	1	1	1	0.01	L1	L1	single_or_fixed	0	clofazimine:uncertain;delamanid:uncertain
PMD	pretomanid	fbiA	p.V217G	217	missense	NC_000962.3:3641191:T:G	1	1	1	1	0.002	L4	L4	single_or_fixed	0	clofazimine:uncertain;delamanid:uncertain
PMD	pretomanid	fbiA	p.V188A	188	missense	NC_000962.3:3641104:T:C	1	1	1	1	0.002	L4	L4	single_or_fixed	0	clofazimine:uncertain;delamanid:uncertain
PMD	pretomanid	fbiA	p.A327T	327	missense	NC_000962.3:3641520:G:A	1	1	1	1	0.01	L1	L1	single_or_fixed	0	clofazimine:uncertain;delamanid:uncertain
PMD	pretomanid	fbiA	p.Y123S	123	missense	NC_000962.3:3640909:A:C	1	1	1	1	0.002	L4	L4	single_or_fixed	0	-
PMD	pretomanid	fbiA	p.A166E	166	missense	NC_000962.3:3641038:C:A	1	1	1	1	0.01	L1	L1	single_or_fixed	0	clofazimine:uncertain
PMD	pretomanid	fbiA	p.Q170H	170	missense	NC_000962.3:3641051:G:T	1	1	1	1	0.01	L1	L1	single_or_fixed	0	-
PMD	pretomanid	fbiA	p.S35L	35	missense	NC_000962.3:3640645:C:T	1	1	1	1	0.01	L1	L1	single_or_fixed	0	clofazimine:uncertain
PMD	pretomanid	fbiA	p.L211V	211	missense	NC_000962.3:3641172:C:G	1	1	1	1	0.01	L1	L1	single_or_fixed	0	clofazimine:uncertain
PMD	pretomanid	fbiA	p.A212P	212	missense	NC_000962.3:3641175:G:C	1	1	1	1	0.002	L4	L4	single_or_fixed	0	-
PMD	pretomanid	fbiA	p.T4N	4	missense	NC_000962.3:3640552:C:A	1	1	1	1	0.002	L4	L4	single_or_fixed	0	clofazimine:uncertain;delamanid:uncertain
PMD	pretomanid	fbiA	p.S194N	194	missense	NC_000962.3:3641122:G:A	1	1	1	1	0.002	L4	L4	single_or_fixed	0	-
PMD	pretomanid	fbiA	p.S194G	194	missense	NC_000962.3:3641121:A:G	1	1	1	1	0.01	L1	L1	single_or_fixed	0	clofazimine:uncertain;delamanid:uncertain
PMD	pretomanid	fbiA	p.T129S	129	missense	NC_000962.3:3640927:C:G	1	1	1	1	0.002	L4	L4	single_or_fixed	0	-
PMD	pretomanid	fbiA	p.E91G	91	missense	NC_000962.3:3640813:A:G	1	1	1	1	0.002	L4	L4	single_or_fixed	0	-
PMD	pretomanid	fbiA	p.G48S	48	missense	NC_000962.3:3640683:G:A	1	1	1	1	0.002	L4	L4	single_or_fixed	0	clofazimine:uncertain;delamanid:uncertain
PMD	pretomanid	fbiA	p.D299A	299	missense	NC_000962.3:3641437:A:C	1	1	1	1	0.002	L4	L4	single_or_fixed	0	clofazimine:uncertain;delamanid:uncertain
PMD	pretomanid	fbiA	p.S32F	32	missense	NC_000962.3:3640636:C:T	1	1	1	1	0.002	L4	L4	single_or_fixed	0	clofazimine:uncertain;delamanid:uncertain
PMD	pretomanid	fbiA	p.V180M	180	missense	NC_000962.3:3641079:G:A	1	1	1	1	0.002	L4	L4	single_or_fixed	0	clofazimine:uncertain;delamanid:uncertain
PMD	pretomanid	fbiA	p.Q40R	40	missense	NC_000962.3:3640660:A:G	1	1	1	1	0.002	L4	L4	single_or_fixed	0	clofazimine:uncertain
PMD	pretomanid	fbiA	p.E130K	130	missense	NC_000962.3:3640929:G:A	1	1	1	1	0.002	L4	L4	single_or_fixed	0	clofazimine:uncertain;delamanid:uncertain
PMD	pretomanid	fbiA	p.P313L	313	missense	NC_000962.3:3641479:C:T	1	1	1	1	0.002	L4	L4	single_or_fixed	0	-
PMD	pretomanid	fbiA	p.Q21L	21	missense	NC_000962.3:3640603:A:T	1	1	1	1	0.002	L4	L4	single_or_fixed	0	clofazimine:uncertain;delamanid:uncertain
PMD	pretomanid	fbiA	p.V330I	330	missense	NC_000962.3:3641529:G:A	1	1	1	1	0.002	L4	L4	single_or_fixed	0	-
PMD	pretomanid	fbiA	p.E297A	297	missense	NC_000962.3:3641431:A:C	1	1	1	1	0.01	L1	L1	single_or_fixed	0	-
PMD	pretomanid	fbiA	p.E235Q	235	missense	NC_000962.3:3641244:G:C	1	1	1	1	0.002	L4	L4	single_or_fixed	0	-
PMD	pretomanid	fbiA	p.A88T	88	missense	NC_000962.3:3640803:G:A	1	1	1	1	0.002	L4	L4	single_or_fixed	0	-
PMD	pretomanid	fbiA	p.R135C	135	missense	NC_000962.3:3640944:C:T	1	1	1	1	0.002	L4	L4	single_or_fixed	0	-
PMD	pretomanid	fbiA	p.A196T	196	missense	NC_000962.3:3641127:G:A	1	1	1	1	0.01	L1	L1	single_or_fixed	0	-
PMD	pretomanid	fbiA	p.D38V	38	missense	NC_000962.3:3640654:A:T	1	1	1	1	0.002	L4	L4	single_or_fixed	0	-
PMD	pretomanid	fbiA	p.R94H	94	missense	NC_000962.3:3640822:G:A	1	1	1	1	0.002	L4	L4	single_or_fixed	0	-
PMD	pretomanid	fbiA	p.A317G	317	missense	NC_000962.3:3641491:C:G	1	1	1	1	0.01	L1	L1	single_or_fixed	0	-
PMD	pretomanid	fbiA	p.R234W	234	missense	NC_000962.3:3641241:C:T	1	1	1	1	0.002	L4	L4	single_or_fixed	0	-
PMD	pretomanid	fbiA	p.I247M	247	missense	NC_000962.3:3641282:C:G	1	1	1	1	0.002	L4	L4	single_or_fixed	0	-
PMD	pretomanid	fbiA	p.A206V	206	missense	NC_000962.3:3641158:C:T	1	1	1	1	0.002	L4	L4	single_or_fixed	0	-
PMD	pretomanid	fbiA	p.G18R	18	missense	NC_000962.3:3640593:G:A	1	1	1	1	0.01	L1	L1	single_or_fixed	0	-
PMD	pretomanid	fbiA	p.V180A	180	missense	NC_000962.3:3641080:T:C	1	1	1	1	0.01	L1	L1	single_or_fixed	0	-
PMD	pretomanid	fbiA	p.S126L	126	missense	NC_000962.3:3640918:C:T	1	1	1	1	0.01	L1	L1	single_or_fixed	0	-
PMD	pretomanid	fbiA	p.A166V	166	missense	NC_000962.3:3641038:C:T	1	1	1	1	0.002	L4	L4	single_or_fixed	0	-
PMD	pretomanid	fbiA	p.I200T	200	missense	NC_000962.3:3641140:T:C	1	1	1	1	0.002	L4	L4	single_or_fixed	0	-
PMD	pretomanid	fbiA	p.W101R	101	missense	NC_000962.3:3640842:T:C	1	1	1	1	0.002	L4	L4	single_or_fixed	0	-
PMD	pretomanid	fbiA	p.A186S	186	missense	NC_000962.3:3641097:G:T	1	1	1	1	0.002	L4	L4	single_or_fixed	0	-
PMD	pretomanid	fbiA	p.A33T	33	missense	NC_000962.3:3640638:G:A	1	1	1	1	0.002	L4	L4	single_or_fixed	0	-
PMD	pretomanid	fbiA	p.E84D	84	missense	NC_000962.3:3640793:A:C	1	1	1	1	0.002	L4	L4	single_or_fixed	0	-
PMD	pretomanid	fbiA	p.P181A	181	missense	NC_000962.3:3641082:C:G	1	1	1	1	0.002	L4	L4	single_or_fixed	0	-
PMD	pretomanid	fbiA	p.P99R	99	missense	NC_000962.3:3640837:C:G	1	1	1	1	0.002	L4	L4	single_or_fixed	0	-
PMD	pretomanid	fbiA	p.R107H	107	missense	NC_000962.3:3640861:G:A	1	1	1	1	0.002	L4	L4	single_or_fixed	0	-
PMD	pretomanid	fbiA	p.T237P	237	missense	NC_000962.3:3641250:A:C	1	1	1	1	0.002	L4	L4	single_or_fixed	0	-
PMD	pretomanid	fbiA	p.A140V	140	missense	NC_000962.3:3640960:C:T	1	1	1	1	0.01	L1	L1	single_or_fixed	0	-
PMD	pretomanid	fbiA	p.H291R	291	missense	NC_000962.3:3641413:A:G	1	1	1	1	0.01	L1	L1	single_or_fixed	0	-
PMD	pretomanid	fbiA	p.V97M	97	missense	NC_000962.3:3640830:G:A	1	1	1	1	0.01	L1	L1	single_or_fixed	0	-
PMD	pretomanid	fbiA	p.A236T	236	missense	NC_000962.3:3641247:G:A	1	1	1	1	0.01	L1	L1	single_or_fixed	0	-
PMD	pretomanid	fbiA	p.R164P	164	missense	NC_000962.3:3641032:G:C	1	1	1	1	0.002	L4	L4	single_or_fixed	0	-
PMD	pretomanid	fbiA	p.R177C	177	missense	NC_000962.3:3641070:C:T	1	1	1	1	0.01	L1	L1	single_or_fixed	0	-
PMD	pretomanid	fbiA	p.D325G	325	missense	NC_000962.3:3641515:A:G	1	1	1	1	0.002	L4	L4	single_or_fixed	0	-
PMD	pretomanid	fbiA	p.Q90H	90	missense	NC_000962.3:3640811:G:T	1	1	1	1	0.01	L1	L1	single_or_fixed	0	-
PMD	pretomanid	fbiA	p.A315V	315	missense	NC_000962.3:3641485:C:T	1	1	1	1	0.01	L1	L1	single_or_fixed	0	-
PMD	pretomanid	fbiA	p.R77S	77	missense	NC_000962.3:3640770:C:A	1	1	1	1	0.01	L1	L1	single_or_fixed	0	-
PMD	pretomanid	fbiA	p.E191A	191	missense	NC_000962.3:3641113:A:C	1	1	1	1	0.002	L4	L4	single_or_fixed	0	-
PMD	pretomanid	fbiA	p.I200M	200	missense	NC_000962.3:3641141:C:G	1	1	1	1	0.002	L4	L4	single_or_fixed	0	-
PMD	pretomanid	fbiA	p.M255I	255	missense	NC_000962.3:3641306:G:C	1	1	1	1	0.002	L4	L4	single_or_fixed	0	-
PMD	pretomanid	fbiA	p.K165E	165	missense	NC_000962.3:3641034:A:G	1	1	1	1	0.01	L1	L1	single_or_fixed	0	-
PMD	pretomanid	fbiA	p.E162G	162	missense	NC_000962.3:3641026:A:G	1	1	1	1	0.002	L4	L4	single_or_fixed	0	-
PMD	pretomanid	fbiA	p.M255T	255	missense	NC_000962.3:3641305:T:C	1	1	1	1	0.01	L1	L1	single_or_fixed	0	-
PMD	pretomanid	fbiA	p.G72A	72	missense	NC_000962.3:3640756:G:C	1	1	1	1	0.002	L4	L4	single_or_fixed	0	-
PMD	pretomanid	fbiA	p.R253H	253	missense	NC_000962.3:3641299:G:A	1	1	1	1	0.002	L4	L4	single_or_fixed	0	-
PMD	pretomanid	fbiA	p.T237I	237	missense	NC_000962.3:3641251:C:T	1	1	1	1	0.002	L4	L4	single_or_fixed	0	-
PMD	pretomanid	fbiA	p.Q179H	179	missense	NC_000962.3:3641078:G:C	1	1	1	1	0.002	L4	L4	single_or_fixed	0	-
PMD	pretomanid	fbiA	p.S267F	267	missense	NC_000962.3:3641341:C:T	1	1	1	1	0.002	L4	L4	single_or_fixed	0	-
PMD	pretomanid	fbiA	p.I220V	220	missense	NC_000962.3:3641199:A:G	1	1	1	1	0.002	L4	L4	single_or_fixed	0	-
PMD	pretomanid	fbiB	p.Q231H	231	missense	NC_000962.3:3642226:A:C	1	1	1	1	0.002	L4	L4	single_or_fixed	0	-
PMD	pretomanid	fbiB	p.A82T	82	missense	NC_000962.3:3641777:G:A	1	1	1	1	0.01	L1	L1	single_or_fixed	0	clofazimine:uncertain;delamanid:uncertain
PMD	pretomanid	fbiB	p.R137H	137	missense	NC_000962.3:3641943:G:A	1	1	1	1	0.002	L4	L4	single_or_fixed	0	-
PMD	pretomanid	fbiB	p.N238S	238	missense	NC_000962.3:3642246:A:G	1	1	1	1	0.002	L4	L4	single_or_fixed	0	-
PMD	pretomanid	fbiB	p.E68K	68	missense	NC_000962.3:3641735:G:A	1	1	1	1	0.002	L4	L4	single_or_fixed	0	-
PMD	pretomanid	fbiB	p.A441T	441	missense	NC_000962.3:3642854:G:A	1	1	1	1	0.003	L2	L2	single_or_fixed	0	-
PMD	pretomanid	fbiB	p.R59W	59	missense	NC_000962.3:3641708:C:T	1	1	1	1	0.011	L3	L3	single_or_fixed	0	-
PMD	pretomanid	fbiB	p.E117K	117	missense	NC_000962.3:3641882:G:A	1	1	1	1	0.003	L2	L2	single_or_fixed	0	-
PMD	pretomanid	fbiB	p.P16R	16	missense	NC_000962.3:3641580:C:G	1	1	1	1	0.003	L2	L2	single_or_fixed	0	-
PMD	pretomanid	fbiB	p.T374M	374	missense	NC_000962.3:3642654:C:T	1	1	1	1	0.011	L3	L3	single_or_fixed	0	-
PMD	pretomanid	fbiB	p.S395N	395	missense	NC_000962.3:3642717:G:A	1	1	1	1	0.003	L2	L2	single_or_fixed	0	-
PMD	pretomanid	fbiB	p.V439A	439	missense	NC_000962.3:3642849:T:C	1	1	1	1	0.003	L2	L2	single_or_fixed	0	-
PMD	pretomanid	fbiB	p.E247D	247	missense	NC_000962.3:3642274:A:C	1	1	1	1	0.003	L2	L2	single_or_fixed	0	-
PMD	pretomanid	fbiB	p.A425S	425	missense	NC_000962.3:3642806:G:T	1	1	1	1	0.003	L2	L2	single_or_fixed	0	-
PMD	pretomanid	fbiB	p.V142A	142	missense	NC_000962.3:3641958:T:C	1	1	1	1	0.003	L2	L2	single_or_fixed	0	-
PMD	pretomanid	fbiB	p.D324E	324	missense	NC_000962.3:3642505:C:A	1	1	1	1	0.003	L2	L2	single_or_fixed	0	-
PMD	pretomanid	fbiB	p.A357E	357	missense	NC_000962.3:3642603:C:A	1	1	1	1	0.003	L2	L2	single_or_fixed	0	-
PMD	pretomanid	fbiB	p.L132V	132	missense	NC_000962.3:3641927:T:G	1	1	1	1	0.011	L3	L3	single_or_fixed	0	-
PMD	pretomanid	fbiB	p.G19W	19	missense	NC_000962.3:3641588:G:T	1	1	1	1	0.011	L3	L3	single_or_fixed	0	-
PMD	pretomanid	fbiB	p.A363S	363	missense	NC_000962.3:3642620:G:T	1	1	1	1	0.003	L2	L2	single_or_fixed	0	-
PMD	pretomanid	fbiB	p.E346Q	346	missense	NC_000962.3:3642569:G:C	1	1	1	1	0.011	L3	L3	single_or_fixed	0	-
PMD	pretomanid	fbiB	p.P361L	361	missense	NC_000962.3:3642615:C:T	1	1	1	1	0.011	L3	L3	single_or_fixed	0	clofazimine:uncertain;delamanid:uncertain
PMD	pretomanid	fbiB	p.D343A	343	missense	NC_000962.3:3642561:A:C	1	1	1	1	0.011	L3	L3	single_or_fixed	0	clofazimine:uncertain;delamanid:uncertain
PMD	pretomanid	fbiB	p.V386I	386	missense	NC_000962.3:3642689:G:A	1	1	1	1	0.003	L2	L2	single_or_fixed	0	-
PMD	pretomanid	fbiB	p.R59Q	59	missense	NC_000962.3:3641709:G:A	1	1	1	1	0.011	L3	L3	single_or_fixed	0	-
PMD	pretomanid	fbiB	p.H370R	370	missense	NC_000962.3:3642642:A:G	1	1	1	1	0.011	L3	L3	single_or_fixed	0	clofazimine:uncertain;delamanid:uncertain
PMD	pretomanid	fbiB	p.Q301E	301	missense	NC_000962.3:3642434:C:G	1	1	1	1	0.003	L2	L2	single_or_fixed	0	-
PMD	pretomanid	fbiB	p.E138K	138	missense	NC_000962.3:3641945:G:A	1	1	1	1	0.003	L2	L2	single_or_fixed	0	clofazimine:uncertain;delamanid:uncertain
PMD	pretomanid	fbiB	p.P270Q	270	missense	NC_000962.3:3642342:C:A	1	1	1	1	0.011	L3	L3	single_or_fixed	0	-
PMD	pretomanid	fbiB	p.R88H	88	missense	NC_000962.3:3641796:G:A	1	1	1	1	0.003	L2	L2	single_or_fixed	0	-
PMD	pretomanid	fbiB	p.G178D	178	missense	NC_000962.3:3642066:G:A	1	1	1	1	0.011	L3	L3	single_or_fixed	0	clofazimine:uncertain
PMD	pretomanid	fbiB	p.A105T	105	missense	NC_000962.3:3641846:G:A	1	1	1	1	0.003	L2	L2	single_or_fixed	0	-
PMD	pretomanid	fbiB	p.R312Q	312	missense	NC_000962.3:3642468:G:A	1	1	1	1	0.011	L3	L3	single_or_fixed	0	clofazimine:uncertain
PMD	pretomanid	fbiB	p.W418S	418	missense	NC_000962.3:3642786:G:C	1	1	1	1	0.011	L3	L3	single_or_fixed	0	clofazimine:uncertain;delamanid:uncertain
PMD	pretomanid	fbiB	p.A328T	328	missense	NC_000962.3:3642515:G:A	1	1	1	1	0.011	L3	L3	single_or_fixed	0	-
PMD	pretomanid	fbiB	p.S323G	323	missense	NC_000962.3:3642500:A:G	1	1	1	1	0.011	L3	L3	single_or_fixed	0	clofazimine:uncertain
PMD	pretomanid	fbiB	p.P294S	294	missense	NC_000962.3:3642413:C:T	1	1	1	1	0.011	L3	L3	single_or_fixed	0	clofazimine:uncertain
PMD	pretomanid	fbiB	p.A286G	286	missense	NC_000962.3:3642390:C:G	1	1	1	1	0.011	L3	L3	single_or_fixed	0	clofazimine:uncertain;delamanid:uncertain
PMD	pretomanid	fbiB	p.E191Q	191	missense	NC_000962.3:3642104:G:C	1	1	1	1	0.003	L2	L2	single_or_fixed	0	clofazimine:uncertain;delamanid:uncertain
PMD	pretomanid	fbiB	p.F403L	403	missense	NC_000962.3:3642742:T:G	1	1	1	1	0.003	L2	L2	single_or_fixed	0	clofazimine:uncertain;delamanid:uncertain
PMD	pretomanid	fbiB	p.K314N	314	missense	NC_000962.3:3642475:A:C	1	1	1	1	0.011	L3	L3	single_or_fixed	0	-
PMD	pretomanid	fbiB	p.P122A	122	missense	NC_000962.3:3641897:C:G	1	1	1	1	0.003	L2	L2	single_or_fixed	0	clofazimine:uncertain;delamanid:uncertain
PMD	pretomanid	fbiB	p.D90G	90	missense	NC_000962.3:3641802:A:G	1	1	1	1	0.003	L2	L2	single_or_fixed	0	clofazimine:uncertain;delamanid:uncertain
PMD	pretomanid	fbiB	p.G43R	43	missense	NC_000962.3:3641660:G:C	1	1	1	1	0.011	L3	L3	single_or_fixed	0	-
PMD	pretomanid	fbiB	p.K206E	206	missense	NC_000962.3:3642149:A:G	1	1	1	1	0.011	L3	L3	single_or_fixed	0	-
PMD	pretomanid	fbiB	p.D406G	406	missense	NC_000962.3:3642750:A:G	1	1	1	1	0.003	L2	L2	single_or_fixed	0	-
PMD	pretomanid	fbiB	p.A442G	442	missense	NC_000962.3:3642858:C:G	1	1	1	1	0.003	L2	L2	single_or_fixed	0	-
PMD	pretomanid	fbiB	p.A177S	177	missense	NC_000962.3:3642062:G:T	1	1	1	1	0.003	L2	L2	single_or_fixed	0	-
PMD	pretomanid	fbiB	p.A167G	167	missense	NC_000962.3:3642033:C:G	1	1	1	1	0.003	L2	L2	single_or_fixed	0	-
PMD	pretomanid	fbiB	p.P289A	289	missense	NC_000962.3:3642398:C:G	1	1	1	1	0.003	L2	L2	single_or_fixed	0	-
PMD	pretomanid	fbiB	p.L309M	309	missense	NC_000962.3:3642458:C:A	1	1	1	1	0.003	L2	L2	single_or_fixed	0	-
PMD	pretomanid	fbiB	p.A145P	145	missense	NC_000962.3:3641966:G:C	1	1	1	1	0.003	L2	L2	single_or_fixed	0	-
PMD	pretomanid	fbiB	p.R133C	133	missense	NC_000962.3:3641930:C:T	1	1	1	1	0.003	L2	L2	single_or_fixed	0	-
PMD	pretomanid	fbiB	p.P235S	235	missense	NC_000962.3:3642236:C:T	1	1	1	1	0.003	L2	L2	single_or_fixed	0	-
PMD	pretomanid	fbiB	p.V263A	263	missense	NC_000962.3:3642321:T:C	1	1	1	1	0.003	L2	L2	single_or_fixed	0	-
PMD	pretomanid	fbiB	p.T401A	401	missense	NC_000962.3:3642734:A:G	1	1	1	1	0.003	L2	L2	single_or_fixed	0	-
PMD	pretomanid	fbiB	p.L435F	435	missense	NC_000962.3:3642838:G:C	1	1	1	1	0.003	L2	L2	single_or_fixed	0	-
PMD	pretomanid	fbiB	p.H291D	291	missense	NC_000962.3:3642404:C:G	1	1	1	1	0.003	L2	L2	single_or_fixed	0	-
PMD	pretomanid	fbiB	p.E13G	13	missense	NC_000962.3:3641571:A:G	1	1	1	1	0.003	L2	L2	single_or_fixed	0	-
PMD	pretomanid	fbiB	p.H358R	358	missense	NC_000962.3:3642606:A:G	1	1	1	1	0.011	L3	L3	single_or_fixed	0	-
PMD	pretomanid	fbiB	p.N238D	238	missense	NC_000962.3:3642245:A:G	1	1	1	1	0.003	L2	L2	single_or_fixed	0	-
PMD	pretomanid	fbiB	p.V214M	214	missense	NC_000962.3:3642173:G:A	1	1	1	1	0.003	L2	L2	single_or_fixed	0	-
PMD	pretomanid	fbiB	p.L435S	435	missense	NC_000962.3:3642837:T:C	1	1	1	1	0.003	L2	L2	single_or_fixed	0	-
PMD	pretomanid	fbiB	p.P354R	354	missense	NC_000962.3:3642594:C:G	1	1	1	1	0.011	L3	L3	single_or_fixed	0	-
PMD	pretomanid	fbiB	p.L120Q	120	missense	NC_000962.3:3641892:T:A	1	1	1	1	0.003	L2	L2	single_or_fixed	0	-
PMD	pretomanid	fbiB	p.W39R	39	missense	NC_000962.3:3641648:T:C	1	1	1	1	0.011	L3	L3	single_or_fixed	0	-
PMD	pretomanid	fbiB	p.M351V	351	missense	NC_000962.3:3642584:A:G	1	1	1	1	0.011	L3	L3	single_or_fixed	0	-
PMD	pretomanid	fbiB	p.P345L	345	missense	NC_000962.3:3642567:C:T	1	1	1	1	0.003	L2	L2	single_or_fixed	0	-
PMD	pretomanid	fbiB	p.V146A	146	missense	NC_000962.3:3641970:T:C	1	1	1	1	0.003	L2	L2	single_or_fixed	0	-
PMD	pretomanid	fbiB	p.E431G	431	missense	NC_000962.3:3642825:A:G	1	1	1	1	0.003	L2	L2	single_or_fixed	0	-
PMD	pretomanid	fbiB	p.V102I	102	missense	NC_000962.3:3641837:G:A	1	1	1	1	0.011	L3	L3	single_or_fixed	0	-
PMD	pretomanid	fbiB	p.A171E	171	missense	NC_000962.3:3642045:C:A	1	1	1	1	0.011	L3	L3	single_or_fixed	0	-
PMD	pretomanid	fbiB	p.A171V	171	missense	NC_000962.3:3642045:C:T	1	1	1	1	0.003	L2	L2	single_or_fixed	0	-
PMD	pretomanid	fbiB	p.A36T	36	missense	NC_000962.3:3641639:G:A	1	1	1	1	0.003	L2	L2	single_or_fixed	0	-
PMD	pretomanid	fbiB	p.G434R	434	missense	NC_000962.3:3642833:G:A	1	1	1	1	0.011	L3	L3	single_or_fixed	0	-
PMD	pretomanid	fbiB	p.D90E	90	missense	NC_000962.3:3641803:C:G	1	1	1	1	0.011	L3	L3	single_or_fixed	0	clofazimine:uncertain;delamanid:uncertain
PMD	pretomanid	fbiB	p.G19R	19	missense	NC_000962.3:3641588:G:A	1	1	1	1	0.003	L2	L2	single_or_fixed	0	-
PMD	pretomanid	fbiB	p.V271M	271	missense	NC_000962.3:3642344:G:A	1	1	1	1	0.011	L3	L3	single_or_fixed	0	-
PMD	pretomanid	fbiB	p.V146L	146	missense	NC_000962.3:3641969:G:C	1	1	1	1	0.003	L2	L2	single_or_fixed	0	-
PMD	pretomanid	fbiB	p.R296G	296	missense	NC_000962.3:3642419:C:G	1	1	1	1	0.011	L3	L3	single_or_fixed	0	-
PMD	pretomanid	fbiB	p.M351I	351	missense	NC_000962.3:3642586:G:A	1	1	1	1	0.011	L3	L3	single_or_fixed	0	-
PMD	pretomanid	fbiB	p.P67S	67	missense	NC_000962.3:3641732:C:T	1	1	1	1	0.003	L2	L2	single_or_fixed	0	-
PMD	pretomanid	fbiB	p.P64S	64	missense	NC_000962.3:3641723:C:T	1	1	1	1	0.003	L2	L2	single_or_fixed	0	-
PMD	pretomanid	fbiB	p.A104V	104	missense	NC_000962.3:3641844:C:T	1	1	1	1	0.003	L2	L2	single_or_fixed	0	-
PMD	pretomanid	fbiB	p.G26R	26	missense	NC_000962.3:3641609:G:C	1	1	1	1	0.01	L1	L1	single_or_fixed	0	-
PMD	pretomanid	fbiB	p.T366N	366	missense	NC_000962.3:3642630:C:A	1	1	1	1	0.01	L1	L1	single_or_fixed	0	-
PMD	pretomanid	fbiB	p.R74H	74	missense	NC_000962.3:3641754:G:A	1	1	1	1	0.003	L2	L2	single_or_fixed	0	-
PMD	pretomanid	fbiB	p.R180C	180	missense	NC_000962.3:3642071:C:T	1	1	1	1	0.002	L4	L4	single_or_fixed	0	-
PMD	pretomanid	fbiB	p.P38A	38	missense	NC_000962.3:3641645:C:G	1	1	1	1	0.002	L4	L4	single_or_fixed	0	-
PMD	pretomanid	fbiB	p.A246S	246	missense	NC_000962.3:3642269:G:T	1	1	1	1	0.01	L1	L1	single_or_fixed	0	-
PMD	pretomanid	fbiB	p.I349V	349	missense	NC_000962.3:3642578:A:G	1	1	1	1	0.002	L4	L4	single_or_fixed	0	-
PMD	pretomanid	fbiB	p.G114D	114	missense	NC_000962.3:3641874:G:A	1	1	1	1	0.014	BOV	BOV	single_or_fixed	0	-
PMD	pretomanid	fbiB	p.G141S	141	missense	NC_000962.3:3641954:G:A	1	1	1	1	0.002	L4	L4	single_or_fixed	0	-
PMD	pretomanid	fbiB	p.L240R	240	missense	NC_000962.3:3642252:T:G	1	1	1	1	0.002	L4	L4	single_or_fixed	0	-
PMD	pretomanid	fbiB	p.R334G	334	missense	NC_000962.3:3642533:C:G	1	1	1	1	0.002	L4	L4	single_or_fixed	0	-
PMD	pretomanid	fbiB	p.R333C	333	missense	NC_000962.3:3642530:C:T	1	1	1	1	0.085	L6	L6	single_or_fixed	0	-
PMD	pretomanid	fbiB	p.E369Q	369	missense	NC_000962.3:3642638:G:C	1	1	1	1	0.002	L4	L4	single_or_fixed	0	-
PMD	pretomanid	fbiB	p.G26S	26	missense	NC_000962.3:3641609:G:A	1	1	1	1	0.002	L4	L4	single_or_fixed	0	-
PMD	pretomanid	fbiB	p.P38Q	38	missense	NC_000962.3:3641646:C:A	1	1	1	1	0.01	L1	L1	single_or_fixed	0	-
PMD	pretomanid	fbiB	p.V165I	165	missense	NC_000962.3:3642026:G:A	1	1	1	1	0.002	L4	L4	single_or_fixed	0	-
PMD	pretomanid	fbiB	p.G338C	338	missense	NC_000962.3:3642545:G:T	1	1	1	1	0.002	L4	L4	single_or_fixed	0	-
PMD	pretomanid	fbiB	p.A344V	344	missense	NC_000962.3:3642564:C:T	1	1	1	1	0.01	L1	L1	single_or_fixed	0	-
PMD	pretomanid	fbiB	p.A376T	376	missense	NC_000962.3:3642659:G:A	1	1	1	1	0.002	L4	L4	single_or_fixed	0	clofazimine:uncertain;delamanid:uncertain
PMD	pretomanid	fbiB	p.L284V	284	missense	NC_000962.3:3642383:C:G	1	1	1	1	0.002	L4	L4	single_or_fixed	0	clofazimine:uncertain;delamanid:uncertain
PMD	pretomanid	fbiB	p.S30R	30	missense	NC_000962.3:3641623:C:G	1	1	1	1	0.01	L1	L1	single_or_fixed	0	clofazimine:uncertain;delamanid:uncertain
PMD	pretomanid	fbiB	p.V214L	214	missense	NC_000962.3:3642173:G:C	1	1	1	1	0.002	L4	L4	single_or_fixed	0	clofazimine:uncertain;delamanid:uncertain
PMD	pretomanid	fbiB	p.P438R	438	missense	NC_000962.3:3642846:C:G	1	1	1	1	0.002	L4	L4	single_or_fixed	0	-
PMD	pretomanid	fbiB	p.V179F	179	missense	NC_000962.3:3642068:G:T	1	1	1	1	0.002	L4	L4	single_or_fixed	0	-
PMD	pretomanid	fbiB	p.D437A	437	missense	NC_000962.3:3642843:A:C	1	1	1	1	0.002	L4	L4	single_or_fixed	0	clofazimine:uncertain;delamanid:uncertain
PMD	pretomanid	fbiB	p.T268A	268	missense	NC_000962.3:3642335:A:G	1	1	1	1	0.002	L4	L4	single_or_fixed	0	clofazimine:uncertain;delamanid:uncertain
PMD	pretomanid	fbiB	p.G3S	3	missense	NC_000962.3:3641540:G:A	1	1	1	1	0.002	L4	L4	single_or_fixed	0	clofazimine:uncertain;delamanid:uncertain
PMD	pretomanid	fbiB	p.G399S	399	missense	NC_000962.3:3642728:G:A	1	1	1	1	0.01	L1	L1	single_or_fixed	0	-
PMD	pretomanid	fbiB	p.E65K	65	missense	NC_000962.3:3641726:G:A	1	1	1	1	0.002	L4	L4	single_or_fixed	0	clofazimine:uncertain;delamanid:uncertain
PMD	pretomanid	fbiB	p.P303L	303	missense	NC_000962.3:3642441:C:T	1	1	1	1	0.002	L4	L4	single_or_fixed	0	-
PMD	pretomanid	fbiB	p.Q160H	160	missense	NC_000962.3:3642013:G:T	1	1	1	1	0.01	L1	L1	single_or_fixed	0	-
PMD	pretomanid	fbiB	p.D417N	417	missense	NC_000962.3:3642782:G:A	1	1	1	1	0.002	L4	L4	single_or_fixed	0	-
PMD	pretomanid	fbiB	p.E186A	186	missense	NC_000962.3:3642090:A:C	1	1	1	1	0.002	L4	L4	single_or_fixed	0	-
PMD	pretomanid	fbiB	p.R265W	265	missense	NC_000962.3:3642326:C:T	1	1	1	1	0.01	L1	L1	single_or_fixed	0	-
PMD	pretomanid	fbiB	p.V222A	222	missense	NC_000962.3:3642198:T:C	1	1	1	1	0.002	L4	L4	single_or_fixed	0	-
PMD	pretomanid	fbiB	p.E191D	191	missense	NC_000962.3:3642106:G:C	1	1	1	1	0.002	L4	L4	single_or_fixed	0	clofazimine:uncertain;delamanid:uncertain
PMD	pretomanid	fbiB	p.A237T	237	missense	NC_000962.3:3642242:G:A	1	1	1	1	0.01	L1	L1	single_or_fixed	0	-
PMD	pretomanid	fbiB	p.L421F	421	missense	NC_000962.3:3642796:G:C	1	1	1	1	0.01	L1	L1	single_or_fixed	0	-
PMD	pretomanid	fbiB	p.V353A	353	missense	NC_000962.3:3642591:T:C	1	1	1	1	0.01	L1	L1	single_or_fixed	0	-
PMD	pretomanid	fbiB	p.A405S	405	missense	NC_000962.3:3642746:G:T	1	1	1	1	0.014	BOV	BOV	single_or_fixed	0	-
PMD	pretomanid	fbiB	p.D315H	315	missense	NC_000962.3:3642476:G:C	1	1	1	1	0.002	L4	L4	single_or_fixed	0	clofazimine:uncertain;delamanid:uncertain
PMD	pretomanid	fbiB	p.A127V	127	missense	NC_000962.3:3641913:C:T	1	1	1	1	0.01	L1	L1	single_or_fixed	0	-
PMD	pretomanid	fbiB	p.A200E	200	missense	NC_000962.3:3642132:C:A	1	1	1	1	0.002	L4	L4	single_or_fixed	0	clofazimine:uncertain;delamanid:uncertain
PMD	pretomanid	fbiB	p.R293L	293	missense	NC_000962.3:3642411:G:T	1	1	1	1	0.01	L1	L1	single_or_fixed	0	-
PMD	pretomanid	fbiB	p.D417G	417	missense	NC_000962.3:3642783:A:G	1	1	1	1	0.002	L4	L4	single_or_fixed	0	-
PMD	pretomanid	fbiB	p.T401P	401	missense	NC_000962.3:3642734:A:C	1	1	1	1	0.01	L1	L1	single_or_fixed	0	-
PMD	pretomanid	fbiB	p.P272S	272	missense	NC_000962.3:3642347:C:T	1	1	1	1	0.01	L1	L1	single_or_fixed	0	-
PMD	pretomanid	fbiB	p.S116F	116	missense	NC_000962.3:3641880:C:T	1	1	1	1	0.002	L4	L4	single_or_fixed	0	-
PMD	pretomanid	fbiB	p.Q254H	254	missense	NC_000962.3:3642295:G:T	1	1	1	1	0.002	L4	L4	single_or_fixed	0	-
PMD	pretomanid	fbiB	p.L73V	73	missense	NC_000962.3:3641750:T:G	1	1	1	1	0.01	L1	L1	single_or_fixed	0	-
PMD	pretomanid	fbiB	p.V335M	335	missense	NC_000962.3:3642536:G:A	1	1	1	1	0.01	L1	L1	single_or_fixed	0	-
PMD	pretomanid	fbiB	p.S10L	10	missense	NC_000962.3:3641562:C:T	1	1	1	1	0.01	L1	L1	single_or_fixed	0	-
PMD	pretomanid	fbiB	p.D443N	443	missense	NC_000962.3:3642860:G:A	1	1	1	1	0.01	L1	L1	single_or_fixed	0	-
PMD	pretomanid	fbiB	p.E68D	68	missense	NC_000962.3:3641737:G:C	1	1	1	1	0.01	L1	L1	single_or_fixed	0	-
PMD	pretomanid	fbiB	p.P415Q	415	missense	NC_000962.3:3642777:C:A	1	1	1	1	0.002	L4	L4	single_or_fixed	0	-
PMD	pretomanid	fbiB	p.E419D	419	missense	NC_000962.3:3642790:G:T	1	1	1	1	0.98	BOV_AFRI	BOV_AFRI	single_or_fixed	0	-
PMD	pretomanid	fbiB	p.L407P	407	missense	NC_000962.3:3642753:T:C	1	1	1	1	0.01	L1	L1	single_or_fixed	0	-
PMD	pretomanid	fbiB	p.N158K	158	missense	NC_000962.3:3642007:C:A	1	1	1	1	0.014	BOV	BOV	single_or_fixed	0	-
PMD	pretomanid	fbiB	p.P361R	361	missense	NC_000962.3:3642615:C:G	1	1	1	1	0.01	L1	L1	single_or_fixed	0	-
PMD	pretomanid	fbiB	p.P67L	67	missense	NC_000962.3:3641733:C:T	1	1	1	1	0.002	L4	L4	single_or_fixed	0	-
PMD	pretomanid	fbiB	p.D410G	410	missense	NC_000962.3:3642762:A:G	1	1	1	1	0.002	L4	L4	single_or_fixed	0	-
PMD	pretomanid	fbiB	p.S323I	323	missense	NC_000962.3:3642501:G:T	1	1	1	1	0.01	L1	L1	single_or_fixed	0	-
PMD	pretomanid	fbiB	p.A256T	256	missense	NC_000962.3:3642299:G:A	1	1	1	1	0.01	L1	L1	single_or_fixed	0	-
PMD	pretomanid	fbiB	p.K448E	448	missense	NC_000962.3:3642875:A:G	1	1	1	1	0.01	L1	L1	single_or_fixed	0	-
PMD	pretomanid	fbiB	p.G356R	356	missense	NC_000962.3:3642599:G:C	1	1	1	1	0.01	L1	L1	single_or_fixed	0	-
PMD	pretomanid	fbiB	p.E186D	186	missense	NC_000962.3:3642091:G:T	1	1	1	1	0.002	L4	L4	single_or_fixed	0	-
PMD	pretomanid	fbiB	p.D269G	269	missense	NC_000962.3:3642339:A:G	1	1	1	1	0.01	L1	L1	single_or_fixed	0	-
PMD	pretomanid	fbiB	p.L258R	258	missense	NC_000962.3:3642306:T:G	1	1	1	1	0.002	L4	L4	single_or_fixed	0	-
PMD	pretomanid	fbiB	p.L232P	232	missense	NC_000962.3:3642228:T:C	1	1	1	1	0.002	L4	L4	single_or_fixed	0	-
PMD	pretomanid	fbiB	p.G252D	252	missense	NC_000962.3:3642288:G:A	1	1	1	1	0.002	L4	L4	single_or_fixed	0	-
PMD	pretomanid	fbiB	p.A283S	283	missense	NC_000962.3:3642380:G:T	1	1	1	1	0.002	L4	L4	single_or_fixed	0	-
PMD	pretomanid	fbiB	p.A130E	130	missense	NC_000962.3:3641922:C:A	1	1	1	1	0.085	L6	L6	single_or_fixed	0	-
PMD	pretomanid	fbiB	p.G236S	236	missense	NC_000962.3:3642239:G:A	1	1	1	1	0.002	L4	L4	single_or_fixed	0	-
PMD	pretomanid	fbiB	p.L73W	73	missense	NC_000962.3:3641751:T:G	1	1	1	1	0.01	L1	L1	single_or_fixed	0	-
PMD	pretomanid	fbiB	p.E250K	250	missense	NC_000962.3:3642281:G:A	1	1	1	1	0.01	L1	L1	single_or_fixed	0	-
PMD	pretomanid	fbiB	p.A167V	167	missense	NC_000962.3:3642033:C:T	1	1	1	1	0.002	L4	L4	single_or_fixed	0	-
PMD	pretomanid	fbiB	p.L140R	140	missense	NC_000962.3:3641952:T:G	1	1	1	1	0.002	L4	L4	single_or_fixed	0	-
PMD	pretomanid	fbiB	p.D66A	66	missense	NC_000962.3:3641730:A:C	1	1	1	1	0.002	L4	L4	single_or_fixed	0	-
PMD	pretomanid	fbiB	p.Q255K	255	missense	NC_000962.3:3642296:C:A	1	1	1	1	0.002	L4	L4	single_or_fixed	0	-
PMD	pretomanid	fbiB	p.A246T	246	missense	NC_000962.3:3642269:G:A	1	1	1	1	0.01	L1	L1	single_or_fixed	0	-
PMD	pretomanid	fbiB	p.L187V	187	missense	NC_000962.3:3642092:T:G	1	1	1	1	0.01	L1	L1	single_or_fixed	0	-
PMD	pretomanid	fbiB	p.G273C	273	missense	NC_000962.3:3642350:G:T	1	1	1	1	0.002	L4	L4	single_or_fixed	0	-
PMD	pretomanid	fbiB	p.P272L	272	missense	NC_000962.3:3642348:C:T	1	1	1	1	0.01	L1	L1	single_or_fixed	0	-
PMD	pretomanid	fbiB	p.R84H	84	missense	NC_000962.3:3641784:G:A	1	1	1	1	0.01	L1	L1	single_or_fixed	0	-
PMD	pretomanid	fbiB	p.R91H	91	missense	NC_000962.3:3641805:G:A	1	1	1	1	0.002	L4	L4	single_or_fixed	0	-
PMD	pretomanid	fbiB	p.P38L	38	missense	NC_000962.3:3641646:C:T	1	1	1	1	0.085	L6	L6	single_or_fixed	0	-
PMD	pretomanid	fbiB	p.I331V	331	missense	NC_000962.3:3642524:A:G	1	1	1	1	0.01	L1	L1	single_or_fixed	0	-
PMD	pretomanid	fbiB	p.L310I	310	missense	NC_000962.3:3642461:C:A	1	1	1	1	0.01	L1	L1	single_or_fixed	0	-
PMD	pretomanid	fbiB	p.L258P	258	missense	NC_000962.3:3642306:T:C	1	1	1	1	0.01	L1	L1	single_or_fixed	0	-
PMD	pretomanid	fbiB	p.W317*	317	stop_gained	NC_000962.3:3642483:G:A	1	1	1	1	0.01	L1	L1	single_or_fixed	1	clofazimine:uncertain;delamanid:R-associated
PMD	pretomanid	fbiB	p.A404T	404	missense	NC_000962.3:3642743:G:A	1	1	1	1	0.002	L4	L4	single_or_fixed	0	-
PMD	pretomanid	fbiB	p.H370N	370	missense	NC_000962.3:3642641:C:A	1	1	1	1	0.01	L1	L1	single_or_fixed	0	-
PMD	pretomanid	fbiB	p.D42E	42	missense	NC_000962.3:3641659:C:A	1	1	1	1	0.01	L1	L1	single_or_fixed	0	-
PMD	pretomanid	fbiB	p.V179I	179	missense	NC_000962.3:3642068:G:A	1	1	1	1	0.01	L1	L1	single_or_fixed	0	-
PMD	pretomanid	fbiB	p.V144A	144	missense	NC_000962.3:3641964:T:C	1	1	1	1	0.01	L1	L1	single_or_fixed	0	-
PMD	pretomanid	fbiB	p.R75G	75	missense	NC_000962.3:3641756:C:G	1	1	1	1	0.01	L1	L1	single_or_fixed	0	-
PMD	pretomanid	fbiB	p.R230G	230	missense	NC_000962.3:3642221:C:G	1	1	1	1	0.002	L4	L4	single_or_fixed	0	-
PMD	pretomanid	fbiB	p.N238K	238	missense	NC_000962.3:3642247:C:A	1	1	1	1	0.01	L1	L1	single_or_fixed	0	-
PMD	pretomanid	fbiB	p.R218H	218	missense	NC_000962.3:3642186:G:A	1	1	1	1	0.01	L1	L1	single_or_fixed	0	-
PMD	pretomanid	fbiB	p.G110R	110	missense	NC_000962.3:3641861:G:A	1	1	1	1	0.002	L4	L4	single_or_fixed	0	-
PMD	pretomanid	fbiB	p.T131I	131	missense	NC_000962.3:3641925:C:T	1	1	1	1	0.01	L1	L1	single_or_fixed	0	-
PMD	pretomanid	fbiB	p.E431K	431	missense	NC_000962.3:3642824:G:A	1	1	1	1	0.01	L1	L1	single_or_fixed	0	-
PMD	pretomanid	fbiB	p.T161I	161	missense	NC_000962.3:3642015:C:T	1	1	1	1	0.01	L1	L1	single_or_fixed	0	-
PMD	pretomanid	fbiB	p.L93F	93	missense	NC_000962.3:3641812:G:C	1	1	1	1	0.002	L4	L4	single_or_fixed	0	-
PMD	pretomanid	fbiB	p.P64A	64	missense	NC_000962.3:3641723:C:G	1	1	1	1	0.002	L4	L4	single_or_fixed	0	-
PMD	pretomanid	fbiB	p.L15R	15	missense	NC_000962.3:3641577:T:G	1	1	1	1	0.002	L4	L4	single_or_fixed	0	-
PMD	pretomanid	fbiB	p.F220L	220	missense	NC_000962.3:3642191:T:C	1	1	1	1	0.002	L4	L4	single_or_fixed	0	-
PMD	pretomanid	fbiB	p.A35T	35	missense	NC_000962.3:3641636:G:A	1	1	1	1	0.002	L4	L4	single_or_fixed	0	-
PMD	pretomanid	fbiB	p.D367N	367	missense	NC_000962.3:3642632:G:A	1	1	1	1	0.002	L4	L4	single_or_fixed	0	-
PMD	pretomanid	fbiB	p.A363V	363	missense	NC_000962.3:3642621:C:T	1	1	1	1	0.002	L4	L4	single_or_fixed	0	-
PMD	pretomanid	fbiB	p.E65D	65	missense	NC_000962.3:3641728:A:C	1	1	1	1	0.002	L4	L4	single_or_fixed	0	-
PMD	pretomanid	fbiB	p.E57D	57	missense	NC_000962.3:3641704:G:C	1	1	1	1	0.002	L4	L4	single_or_fixed	0	-
PMD	pretomanid	fbiB	p.D367G	367	missense	NC_000962.3:3642633:A:G	1	1	1	1	0.002	L4	L4	single_or_fixed	0	-
PMD	pretomanid	ddn	p.P131L	131	missense	NC_000962.3:3987234:C:T	1	1	1	1	0.002	L4	L4	single_or_fixed	0	-
PMD	pretomanid	ddn	p.W88*	88	stop_gained	NC_000962.3:3987106:G:A	1	1	1	1	0.011	L3	L3	single_or_fixed	1	delamanid:R-associated;delamanid:uncertain
PMD	pretomanid	ddn	p.L67P	67	missense	NC_000962.3:3987042:T:C	1	1	1	1	0.002	L4	L4	single_or_fixed	0	-
PMD	pretomanid	ddn	p.T50I	50	missense	NC_000962.3:3986991:C:T	1	1	1	1	0.002	L4	L4	single_or_fixed	0	-
PMD	pretomanid	ddn	p.F66S	66	missense	NC_000962.3:3987039:T:C	1	1	1	1	0.002	L4	L4	single_or_fixed	0	delamanid:uncertain
PMD	pretomanid	ddn	p.Q58E	58	missense	NC_000962.3:3987014:C:G	1	1	1	1	0.002	L4	L4	single_or_fixed	0	-
PMD	pretomanid	ddn	p.G53S	53	missense	NC_000962.3:3986999:G:A	1	1	1	1	0.002	L4	L4	single_or_fixed	0	-
PMD	pretomanid	ddn	p.A77T	77	missense	NC_000962.3:3987071:G:A	1	1	1	1	0.002	L4	L4	single_or_fixed	0	-
PMD	pretomanid	ddn	p.Y133F	133	missense	NC_000962.3:3987240:A:T	1	1	1	1	0.002	L4	L4	single_or_fixed	0	-
PMD	pretomanid	ddn	p.T52N	52	missense	NC_000962.3:3986997:C:A	1	1	1	1	0.003	L2	L2	single_or_fixed	0	-
PMD	pretomanid	ddn	p.S14N	14	missense	NC_000962.3:3986883:G:A	1	1	1	1	0.011	L3	L3	single_or_fixed	0	-
PMD	pretomanid	ddn	p.R72G	72	missense	NC_000962.3:3987056:C:G	1	1	1	1	0.011	L3	L3	single_or_fixed	0	delamanid:uncertain
PMD	pretomanid	ddn	p.K104R	104	missense	NC_000962.3:3987153:A:G	1	1	1	1	0.011	L3	L3	single_or_fixed	0	-
PMD	pretomanid	ddn	p.D15E	15	missense	NC_000962.3:3986887:C:A	1	1	1	1	0.003	L2	L2	single_or_fixed	0	delamanid:uncertain
PMD	pretomanid	ddn	p.E121K	121	missense	NC_000962.3:3987203:G:A	1	1	1	1	0.003	L2	L2	single_or_fixed	0	-
PMD	pretomanid	ddn	p.R142C	142	missense	NC_000962.3:3987266:C:T	1	1	1	1	0.011	L3	L3	single_or_fixed	0	-
PMD	pretomanid	ddn	p.A82T	82	missense	NC_000962.3:3987086:G:A	1	1	1	1	0.011	L3	L3	single_or_fixed	0	-
PMD	pretomanid	ddn	p.R7L	7	missense	NC_000962.3:3986862:G:T	1	1	1	1	0.003	L2	L2	single_or_fixed	0	delamanid:uncertain
PMD	pretomanid	ddn	p.T115A	115	missense	NC_000962.3:3987185:A:G	1	1	1	1	0.003	L2	L2	single_or_fixed	0	delamanid:uncertain
PMD	pretomanid	ddn	p.F17S	17	missense	NC_000962.3:3986892:T:C	1	1	1	1	0.003	L2	L2	single_or_fixed	0	delamanid:uncertain
PMD	pretomanid	ddn	p.M21T	21	missense	NC_000962.3:3986904:T:C	1	1	1	1	0.011	L3	L3	single_or_fixed	0	-
PMD	pretomanid	ddn	p.Q99*	99	stop_gained	NC_000962.3:3987137:C:T	1	1	1	1	0.003	L2	L2	single_or_fixed	1	delamanid:R-associated
PMD	pretomanid	ddn	p.D141E	141	missense	NC_000962.3:3987265:C:G	1	1	1	1	0.003	L2	L2	single_or_fixed	0	-
PMD	pretomanid	ddn	p.G36R	36	missense	NC_000962.3:3986948:G:C	1	1	1	1	0.003	L2	L2	single_or_fixed	0	-
PMD	pretomanid	ddn	p.Q42H	42	missense	NC_000962.3:3986968:G:C	1	1	1	1	0.011	L3	L3	single_or_fixed	0	-
PMD	pretomanid	ddn	p.R68P	68	missense	NC_000962.3:3987045:G:C	1	1	1	1	0.003	L2	L2	single_or_fixed	0	-
PMD	pretomanid	ddn	p.E150G	150	missense	NC_000962.3:3987291:A:G	1	1	1	1	0.011	L3	L3	single_or_fixed	0	-
PMD	pretomanid	ddn	p.G36A	36	missense	NC_000962.3:3986949:G:C	1	1	1	1	0.011	L3	L3	single_or_fixed	0	-
PMD	pretomanid	ddn	p.S4T	4	missense	NC_000962.3:3986852:T:A	1	1	1	1	0.003	L2	L2	single_or_fixed	0	-
PMD	pretomanid	ddn	p.E35K	35	missense	NC_000962.3:3986945:G:A	1	1	1	1	0.003	L2	L2	single_or_fixed	0	-
PMD	pretomanid	ddn	p.L49R	49	missense	NC_000962.3:3986988:T:G	1	1	1	1	0.003	L2	L2	single_or_fixed	0	-
PMD	pretomanid	ddn	p.F16L	16	missense	NC_000962.3:3986890:C:A	1	1	1	1	0.003	L2	L2	single_or_fixed	0	-
PMD	pretomanid	ddn	p.Y29*	29	stop_gained	NC_000962.3:3986929:C:A	1	1	1	1	0.003	L2	L2	single_or_fixed	1	delamanid:R-associated
PMD	pretomanid	ddn	p.D108E	108	missense	NC_000962.3:3987166:C:A	1	1	1	1	0.003	L2	L2	single_or_fixed	0	-
PMD	pretomanid	ddn	p.Y133H	133	missense	NC_000962.3:3987239:T:C	1	1	1	1	0.011	L3	L3	single_or_fixed	0	-
PMD	pretomanid	ddn	p.K43T	43	missense	NC_000962.3:3986970:A:C	1	1	1	1	0.003	L2	L2	single_or_fixed	0	-
PMD	pretomanid	ddn	p.N95K	95	missense	NC_000962.3:3987127:C:A	1	1	1	1	0.003	L2	L2	single_or_fixed	0	-
PMD	pretomanid	ddn	p.P145R	145	missense	NC_000962.3:3987276:C:G	1	1	1	1	0.003	L2	L2	single_or_fixed	0	-
PMD	pretomanid	ddn	p.Y65*	65	stop_gained	NC_000962.3:3987037:C:G	1	1	1	1	0.003	L2	L2	single_or_fixed	1	delamanid:R-associated
PMD	pretomanid	ddn	p.K79R	79	missense	NC_000962.3:3987078:A:G	1	1	1	1	0.003	L2	L2	single_or_fixed	0	-
PMD	pretomanid	ddn	p.A82P	82	missense	NC_000962.3:3987086:G:C	1	1	1	1	0.011	L3	L3	single_or_fixed	0	-
PMD	pretomanid	ddn	p.G81D	81	missense	NC_000962.3:3987084:G:A	1	1	1	1	0.011	L3	L3	single_or_fixed	0	-
PMD	pretomanid	ddn	p.M28I	28	missense	NC_000962.3:3986926:G:T	1	1	1	1	0.011	L3	L3	single_or_fixed	0	-
PMD	pretomanid	ddn	p.D15A	15	missense	NC_000962.3:3986886:A:C	1	1	1	1	0.003	L2	L2	single_or_fixed	0	-
PMD	pretomanid	ddn	p.N32I	32	missense	NC_000962.3:3986937:A:T	1	1	1	1	0.011	L3	L3	single_or_fixed	0	-
PMD	pretomanid	ddn	p.V147A	147	missense	NC_000962.3:3987282:T:C	1	1	1	1	0.003	L2	L2	single_or_fixed	0	-
PMD	pretomanid	ddn	p.D108G	108	missense	NC_000962.3:3987165:A:G	1	1	1	1	0.011	L3	L3	single_or_fixed	0	-
PMD	pretomanid	ddn	p.S22P	22	missense	NC_000962.3:3986906:T:C	1	1	1	1	0.003	L2	L2	single_or_fixed	0	-
PMD	pretomanid	ddn	p.I102V	102	missense	NC_000962.3:3987146:A:G	1	1	1	1	0.002	L4	L4	single_or_fixed	0	-
PMD	pretomanid	ddn	p.Y133*	133	stop_gained	NC_000962.3:3987241:T:G	1	1	1	1	0.01	L1	L1	single_or_fixed	1	delamanid:R-associated
PMD	pretomanid	ddn	p.Y133C	133	missense	NC_000962.3:3987240:A:G	1	1	1	1	0.01	L1	L1	single_or_fixed	0	-
PMD	pretomanid	ddn	p.G36V	36	missense	NC_000962.3:3986949:G:T	1	1	1	1	0.01	L1	L1	single_or_fixed	0	-
PMD	pretomanid	ddn	p.R60P	60	missense	NC_000962.3:3987021:G:C	1	1	1	1	0.002	L4	L4	single_or_fixed	0	-
PMD	pretomanid	ddn	p.V46G	46	missense	NC_000962.3:3986979:T:G	1	1	1	1	0.225	L5	L5	single_or_fixed	0	-
PMD	pretomanid	ddn	p.A82V	82	missense	NC_000962.3:3987087:C:T	1	1	1	1	0.225	L5	L5	single_or_fixed	0	-
PMD	pretomanid	ddn	p.Q58P	58	missense	NC_000962.3:3987015:A:C	1	1	1	1	0.002	L4	L4	single_or_fixed	0	-
PMD	pretomanid	ddn	p.K97T	97	missense	NC_000962.3:3987132:A:C	1	1	1	1	0.002	L4	L4	single_or_fixed	0	-
PMD	pretomanid	ddn	p.I144T	144	missense	NC_000962.3:3987273:T:C	1	1	1	1	0.01	L1	L1	single_or_fixed	0	delamanid:uncertain
PMD	pretomanid	ddn	p.L13R	13	missense	NC_000962.3:3986880:T:G	1	1	1	1	0.002	L4	L4	single_or_fixed	0	-
PMD	pretomanid	ddn	p.G71R	71	missense	NC_000962.3:3987053:G:A	1	1	1	1	0.002	L4	L4	single_or_fixed	0	-
PMD	pretomanid	ddn	p.R31C	31	missense	NC_000962.3:3986933:C:T	1	1	1	1	0.002	L4	L4	single_or_fixed	0	-
PMD	pretomanid	ddn	p.W27*	27	stop_gained	NC_000962.3:3986923:G:A	1	1	1	1	0.01	L1	L1	single_or_fixed	1	delamanid:R-associated
PMD	pretomanid	ddn	p.D108N	108	missense	NC_000962.3:3987164:G:A	1	1	1	1	0.002	L4	L4	single_or_fixed	0	delamanid:uncertain
PMD	pretomanid	ddn	p.Q58L	58	missense	NC_000962.3:3987015:A:T	1	1	1	1	0.01	L1	L1	single_or_fixed	0	-
PMD	pretomanid	ddn	p.W123*	123	stop_gained	NC_000962.3:3987210:G:A	1	1	1	1	0.002	L4	L4	single_or_fixed	1	delamanid:R-associated
PMD	pretomanid	ddn	p.T26N	26	missense	NC_000962.3:3986919:C:A	1	1	1	1	0.002	L4	L4	single_or_fixed	0	-
PMD	pretomanid	ddn	p.F41S	41	missense	NC_000962.3:3986964:T:C	1	1	1	1	0.014	BOV	BOV	single_or_fixed	0	-
PMD	pretomanid	ddn	p.P86L	86	missense	NC_000962.3:3987099:C:T	1	1	1	1	0.01	L1	L1	single_or_fixed	0	-
PMD	pretomanid	ddn	p.M28I	28	missense	NC_000962.3:3986926:G:A	1	1	1	1	0.01	L1	L1	single_or_fixed	0	-
PMD	pretomanid	ddn	p.R54C	54	missense	NC_000962.3:3987002:C:T	1	1	1	1	0.002	L4	L4	single_or_fixed	0	-
PMD	pretomanid	ddn	p.T51I	51	missense	NC_000962.3:3986994:C:T	1	1	1	1	0.002	L4	L4	single_or_fixed	0	-
PMD	pretomanid	ddn	p.Q125K	125	missense	NC_000962.3:3987215:C:A	1	1	1	1	0.014	BOV	BOV	single_or_fixed	0	-
PMD	pretomanid	ddn	p.E117G	117	missense	NC_000962.3:3987192:A:G	1	1	1	1	0.014	BOV	BOV	single_or_fixed	0	-
PMD	pretomanid	ddn	p.Q137R	137	missense	NC_000962.3:3987252:A:G	1	1	1	1	0.002	L4	L4	single_or_fixed	0	-
PMD	pretomanid	ddn	p.W88C	88	missense	NC_000962.3:3987106:G:C	1	1	1	1	0.002	L4	L4	single_or_fixed	0	-
PMD	pretomanid	ddn	p.R60Q	60	missense	NC_000962.3:3987021:G:A	1	1	1	1	0.002	L4	L4	single_or_fixed	0	-
PMD	pretomanid	ddn	p.G57S	57	missense	NC_000962.3:3987011:G:A	1	1	1	1	0.014	BOV	BOV	single_or_fixed	0	-
PMD	pretomanid	ddn	p.W20C	20	missense	NC_000962.3:3986902:G:T	1	1	1	1	0.014	BOV	BOV	single_or_fixed	0	-
PMD	pretomanid	ddn	p.K104N	104	missense	NC_000962.3:3987154:G:T	1	1	1	1	0.014	BOV	BOV	single_or_fixed	0	-
PMD	pretomanid	ddn	p.W27G	27	missense	NC_000962.3:3986921:T:G	1	1	1	1	0.002	L4	L4	single_or_fixed	0	-
PMD	pretomanid	ddn	p.N95K	95	missense	NC_000962.3:3987127:C:G	1	1	1	1	0.01	L1	L1	single_or_fixed	0	-
PMD	pretomanid	ddn	p.T128M	128	missense	NC_000962.3:3987225:C:T	1	1	1	1	0.01	L1	L1	single_or_fixed	0	-
PMD	pretomanid	ddn	p.T115I	115	missense	NC_000962.3:3987186:C:T	1	1	1	1	0.002	L4	L4	single_or_fixed	0	-
PMD	pretomanid	ddn	p.R54G	54	missense	NC_000962.3:3987002:C:G	1	1	1	1	0.002	L4	L4	single_or_fixed	0	-
PMD	pretomanid	ddn	p.K3Q	3	missense	NC_000962.3:3986849:A:C	1	1	1	1	0.002	L4	L4	single_or_fixed	0	-
PMD	pretomanid	ddn	p.R30H	30	missense	NC_000962.3:3986931:G:A	1	1	1	1	0.01	L1	L1	single_or_fixed	0	-
PMD	pretomanid	ddn	p.A114V	114	missense	NC_000962.3:3987183:C:T	1	1	1	1	0.01	L1	L1	single_or_fixed	0	-
PMD	pretomanid	ddn	p.T128S	128	missense	NC_000962.3:3987224:A:T	1	1	1	1	0.002	L4	L4	single_or_fixed	0	-
PMD	pretomanid	ddn	p.A111G	111	missense	NC_000962.3:3987174:C:G	1	1	1	1	0.01	L1	L1	single_or_fixed	0	-
PMD	pretomanid	ddn	p.T52I	52	missense	NC_000962.3:3986997:C:T	1	1	1	1	0.01	L1	L1	single_or_fixed	0	-
PMD	pretomanid	ddn	p.M129T	129	missense	NC_000962.3:3987228:T:C	1	1	1	1	0.01	L1	L1	single_or_fixed	0	-
PMD	pretomanid	ddn	p.P59A	59	missense	NC_000962.3:3987017:C:G	1	1	1	1	0.002	L4	L4	single_or_fixed	0	-
PMD	pretomanid	ddn	p.N85S	85	missense	NC_000962.3:3987096:A:G	1	1	1	1	0.01	L1	L1	single_or_fixed	0	-
PMD	pretomanid	ddn	p.Q125*	125	stop_gained	NC_000962.3:3987215:C:T	1	1	1	1	0.01	L1	L1	single_or_fixed	1	delamanid:R-associated
PMD	pretomanid	ddn	p.F8L	8	missense	NC_000962.3:3986866:T:G	1	1	1	1	0.01	L1	L1	single_or_fixed	0	-
PMD	pretomanid	ddn	p.V75I	75	missense	NC_000962.3:3987065:G:A	1	1	1	1	0.01	L1	L1	single_or_fixed	0	-
PMD	pretomanid	ddn	p.L109F	109	missense	NC_000962.3:3987167:C:T	1	1	1	1	0.01	L1	L1	single_or_fixed	0	-
PMD	pretomanid	ddn	p.P124L	124	missense	NC_000962.3:3987213:C:T	1	1	1	1	0.01	L1	L1	single_or_fixed	0	-
PMD	pretomanid	ddn	p.R60W	60	missense	NC_000962.3:3987020:C:T	1	1	1	1	0.002	L4	L4	single_or_fixed	0	-
PMD	pretomanid	ddn	p.V61L	61	missense	NC_000962.3:3987023:G:C	1	1	1	1	0.002	L4	L4	single_or_fixed	0	-
PMD	pretomanid	ddn	p.K103T	103	missense	NC_000962.3:3987150:A:C	1	1	1	1	0.002	L4	L4	single_or_fixed	0	-
PMD	pretomanid	ddn	p.L92R	92	missense	NC_000962.3:3987117:T:G	1	1	1	1	0.002	L4	L4	single_or_fixed	0	-
PMD	pretomanid	ddn	p.A114T	114	missense	NC_000962.3:3987182:G:A	1	1	1	1	0.003	L2	L2	single_or_fixed	0	-
MFX	moxifloxacin	gyrA	p.E21Q	21	missense	NC_000962.3:7361:G:C	113472	9	0	5	100.0	L5		single_or_fixed	0	levofloxacin:S-associated;moxifloxacin:S-associated
MFX	moxifloxacin	gyrA	p.G668D	668	missense	NC_000962.3:9303:G:A	110177	9	0	5	99.831	L6		single_or_fixed	0	levofloxacin:S-associated;moxifloxacin:S-associated
MFX	moxifloxacin	gyrA	p.S95T	95	missense	NC_000962.3:7584:G:C	101386	9	0	5	100.0	L7		single_or_fixed	0	levofloxacin:S-associated;moxifloxacin:S-associated
COMP	rifampicin	rpoC	p.G594E	594	missense	NC_000962.3:765149:G:A	14975	1	0	1	32.231	L4		lineage_marker	0	rifampicin:S-associated
PMD	pretomanid	fgd1	p.K270M	270	missense	NC_000962.3:491590:A:T	10393	1	0	1	22.369	L4		lineage_marker	0	clofazimine:S-associated;delamanid:uncertain
MFX	moxifloxacin	gyrB	p.M291I	291	missense	NC_000962.3:6111:G:C	9875	1	0	1	97.966	L1		lineage_marker	0	levofloxacin:S-associated;moxifloxacin:S-associated
MFX	moxifloxacin	gyrA	p.G247S	247	missense	NC_000962.3:8039:G:A	6632	1	0	1	14.274	L4		lineage_marker	0	levofloxacin:S-associated;moxifloxacin:S-associated
MFX	moxifloxacin	gyrA	p.D639A	639	missense	NC_000962.3:9216:A:C	5521	2	0	2	79.38	BOV		lineage_marker	0	levofloxacin:uncertain;moxifloxacin:uncertain
COMP	rifampicin	rpoC	p.P601L	601	missense	NC_000962.3:765170:C:T	5502	1	0	1	54.583	L1		lineage_marker	0	rifampicin:S-associated
PMD	pretomanid	fgd1	p.R64S	64	missense	NC_000962.3:490971:C:A	1174	1	0	1	11.647	L1		lineage_marker	0	clofazimine:uncertain;delamanid:uncertain
PMD	pretomanid	ddn	p.L90V	90	missense	NC_000962.3:3987110:C:G	52	1	0	1	50.98	BOV_AFRI		lineage_marker	0	-
COMP	rifampicin	rpoC	p.E215A	215	missense	NC_000962.3:764012:A:C	39	1	0	1	97.5	L7		lineage_marker	0	rifampicin:uncertain
COMP	rifampicin	rpoA	p.V325F	325	missense	NC_000962.3:3877534:C:A	11	1	0	1	10.784	BOV_AFRI		lineage_marker	0	-
