id	accession	organism_code	organism_name	order	uniprot_length	module_len	tail_len	total_len
A0A1G6QDA5_9PSEU/2-61	A0A1G6QDA5	9PSEU	Actinokineospora iranica	Pseudonocardiales	61	32	28	60
A0A2T0MZZ8_9ACTN/2-63	A0A2T0MZZ8	9ACTN	Nonomuraea fuscirosea	Streptosporangiales	76	32	30	62
A0A1R4G886_9MICO/2-66	A0A1R4G886	9MICO		None		32	33	65
A0A514JQW5_9ACTN/2-80	A0A514JQW5	9ACTN	Streptomyces calvus	Kitasatosporales	82	32	47	79
A0A3M0G259_9ACTN/2-72	A0A3M0G259	9ACTN	Tessaracoccus antarcticus	Propionibacteriales	74	32	39	71
A0A087EKX5_9BIFI/2-81	A0A087EKX5	9BIFI	Bifidobacterium tsurumiense	Bifidobacteriales	127	32	48	80
J0XC03_9ACTO/2-71	J0XC03	9ACTO	Actinomyces massiliensis F0489	Actinomycetales	76	32	38	70
A0A4V2S4C7_9ACTN/2-61	A0A4V2S4C7	9ACTN	Kribbella antiqua	Propionibacteriales	61	32	28	60
A0A2S1STS8_9ACTN/2-78	A0A2S1STS8	9ACTN	Streptomyces tirandamycinicus	Kitasatosporales	82	32	45	77
A0A7T0KIC5_9ACTO/2-76	A0A7T0KIC5	9ACTO		None		32	43	75
A0A6B3FV09_9ACTN/2-79	A0A6B3FV09	9ACTN		None		32	46	78
A0A2A9FDP2_9PSEU/2-61	A0A2A9FDP2	9PSEU	Amycolatopsis sulphurea	Pseudonocardiales	61	32	28	60
A0A0G3HIP5_9CORY/2-67	A0A0G3HIP5	9CORY	Corynebacterium uterequi	Mycobacteriales	68	32	34	66
A0A5B8NXI4_9CORY/2-89	A0A5B8NXI4	9CORY		None		32	56	88
A0A1G6HJE1_9MICO/2-68	A0A1G6HJE1	9MICO	Sanguibacter gelidistatuariae	Micrococcales	68	32	35	67
A0A1H7X1Q8_9NOCA/2-68	A0A1H7X1Q8	9NOCA	Rhodococcus maanshanensis	Mycobacteriales	68	32	35	67
A0A9W6PWB6_9ACTN/2-64	A0A9W6PWB6	9ACTN	Actinomadura rubrobrunea	Streptosporangiales	72	32	31	63
A0A3N6X7Q9_9ACTN/2-58	A0A3N6X7Q9	9ACTN	Aeromicrobium camelliae	Propionibacteriales	58	32	25	57
A0A5J6KRA9_9MICO/2-58	A0A5J6KRA9	9MICO	Microbacterium caowuchunii	Micrococcales	58	32	25	57
A0A923E400_9ACTO/2-65	A0A923E400	9ACTO	Schaalia hyovaginalis	Actinomycetales	85	32	32	64
A0A2B8AU83_9ACTN/2-85	A0A2B8AU83	9ACTN		None		32	52	84
A0A095YBH0_9MICC/2-76	A0A095YBH0	9MICC		None		32	43	75
A0A3G8JL43_9ACTN/2-59	A0A3G8JL43	9ACTN	Gordonia insulae	Mycobacteriales	59	32	26	58
A0A7K2Q6H4_9ACTN/2-68	A0A7K2Q6H4	9ACTN		None		32	35	67
A0A8H9GEE1_9MICO/2-66	A0A8H9GEE1	9MICO	Promicromonospora citrea	Micrococcales	70	32	33	65
A0A6I3LEV4_9MICO/2-60	A0A6I3LEV4	9MICO		None		32	27	59
A0A1E7N3I9_KITAU/2-74	A0A1E7N3I9	KITAU	Kitasatospora aureofaciens (Streptomyces aureofaciens)	Kitasatosporales	85	32	41	73
A0A3N2PI76_9ACTN/2-70	A0A3N2PI76	9ACTN		None		32	37	69
A0A9W6V8I5_9PSEU/2-61	A0A9W6V8I5	9PSEU	Actinokineospora globicatena	Pseudonocardiales	61	32	28	60
A0A653YQB4_9ACTN/2-57	A0A653YQB4	9ACTN		None		32	24	56
A0A0A1D0A4_9MICC/2-69	A0A0A1D0A4	9MICC		None		32	36	68
D7GIU2_PROFC/2-74	D7GIU2	PROFC	Propionibacterium freudenreichii subsp. shermanii (strain ATCC 9614 / DSM 4902 / CIP 103027 / NCIMB 8099 / CIRM-BIA1)	Propionibacteriales	76	32	41	73
F4CKH4_PSEUX/2-67	F4CKH4	PSEUX	Pseudonocardia dioxanivorans (strain ATCC 55486 / DSM 44775 / JCM 13855 / CB1190)	Pseudonocardiales	68	32	34	66
A0A7Y0G4F2_9ACTN/2-64	A0A7Y0G4F2	9ACTN		None		32	31	63
A0A1G4XYB1_9ACTN/2-69	A0A1G4XYB1	9ACTN	Klenkia marina	Geodermatophilales	71	32	36	68
A9WQP4_RENSM/15-75	A9WQP4	RENSM	Renibacterium salmoninarum (strain ATCC 33209 / DSM 20767 / JCM 11484 / NBRC 15589 / NCIMB 2235)	Micrococcales	75	32	29	61
A0A318HDG3_9MYCO/2-61	A0A318HDG3	9MYCO	Mycolicibacterium moriokaense	Mycobacteriales	61	32	28	60
A0A917G4U8_9NOCA/2-62	A0A917G4U8	9NOCA	Rhodococcoides trifolii	Mycobacteriales	62	32	29	61
A0A6B3H8B9_9ACTN/2-64	A0A6B3H8B9	9ACTN		None		32	31	63
A0A089XBE0_STRGA/2-79	A0A089XBE0	STRGA	Streptomyces glaucescens	Kitasatosporales	81	32	46	78
M2YFJ1_9MICC/1-54	M2YFJ1	9MICC	Kocuria palustris PEL	Micrococcales	55	17	37	54
A0A2M9HBT1_9BIFI/2-79	A0A2M9HBT1	9BIFI	Bifidobacterium primatium	Bifidobacteriales	155	32	46	78
A0A7Y9LEB1_9ACTN/2-67	A0A7Y9LEB1	9ACTN	Microlunatus parietis	Propionibacteriales	70	32	34	66
A0A917VUH6_9ACTN/2-57	A0A917VUH6	9ACTN	Sphaerisporangium melleum	Streptosporangiales	61	31	25	56
A0A1I2UAT9_9CORY/2-64	A0A1I2UAT9	9CORY	Corynebacterium spheniscorum	Mycobacteriales	74	32	31	63
A0A939FJC5_9ACTN/2-84	A0A939FJC5	9ACTN	Streptomyces triculaminicus	Kitasatosporales	86	32	51	83
A4FQF3_SACEN/1-36	A4FQF3	SACEN	Saccharopolyspora erythraea (strain ATCC 11635 / DSM 40517 / JCM 4748 / NBRC 13426 / NCIMB 8594 / NRRL 2338)	Pseudonocardiales	36	10	26	36
A0A1G6NYE3_9NOCA/2-69	A0A1G6NYE3	9NOCA	Rhodococcus tukisamuensis	Mycobacteriales	69	32	36	68
A0A944JD44_9ACTN/2-64	A0A944JD44	9ACTN		None		32	31	63
A0A6A9UR76_9ACTN/2-70	A0A6A9UR76	9ACTN	Auraticoccus cholistanensis	Propionibacteriales	71	32	37	69
A0A0N1NUU2_9ACTN/2-65	A0A0N1NUU2	9ACTN		None		32	32	64
A0A5C4VDS3_9ACTN/2-68	A0A5C4VDS3	9ACTN	Nonomuraea phyllanthi	Streptosporangiales	76	32	35	67
A0A841BUK5_9ACTN/1-54	A0A841BUK5	9ACTN	Allocatelliglobosispora scoriae	Micromonosporales	57	21	33	54
A0A4R7JDD2_9ACTN/2-68	A0A4R7JDD2	9ACTN	Naumannella halotolerans	Propionibacteriales	75	32	35	67
A0A171DN76_9ACTN/2-63	A0A171DN76	9ACTN	Planomonospora sphaerica	Streptosporangiales	77	32	30	62
A0A810NIW4_9ACTN/2-81	A0A810NIW4	9ACTN		None		32	48	80
A0A0T6LR26_WENVI/2-66	A0A0T6LR26	WENVI	Wenjunlia vitaminophila (Streptomyces vitaminophilus)	Kitasatosporales	83	32	33	65
A0A9W6VHK9_9PSEU/2-62	A0A9W6VHK9	9PSEU	Amycolatopsis taiwanensis	Pseudonocardiales	62	32	29	61
A0A0Q6RMW3_9MICO/2-61	A0A0Q6RMW3	9MICO		None		32	28	60
A0A8J3L444_9ACTN/2-81	A0A8J3L444	9ACTN	Catellatospora methionotrophica	Micromonosporales	82	32	48	80
A0A917VTA3_9ACTN/44-105	A0A917VTA3	9ACTN	Streptomyces flaveus	Kitasatosporales	126	32	30	62
A0A554UUT5_9ACTN/2-67	A0A554UUT5	9ACTN		None		32	34	66
S2VJC1_9ACTO/8-85	S2VJC1	9ACTO	Actinotignum schaalii FB123-CNA-2	Actinomycetales	91	32	46	78
A0A7G9RH16_9ACTN/2-59	A0A7G9RH16	9ACTN	Nocardioides mesophilus	Propionibacteriales	63	32	26	58
A0A2X4TV30_9NOCA/2-63	A0A2X4TV30	9NOCA	Rhodococcus coprophilus	Mycobacteriales	63	32	30	62
K0YEP6_9CORY/2-62	K0YEP6	9CORY	Corynebacterium otitidis ATCC 51513	Mycobacteriales	62	32	29	61
A0A917S8E7_9ACTN/2-73	A0A917S8E7	9ACTN	Microlunatus endophyticus	Propionibacteriales	75	32	40	72
A0A4R2KEQ9_9PSEU/2-58	A0A4R2KEQ9	9PSEU	Actinocrispum wychmicini	Pseudonocardiales	58	32	25	57
A0A6I2FDZ1_9MICO/2-71	A0A6I2FDZ1	9MICO		None		32	38	70
A0A2P9F275_9ACTN/2-81	A0A2P9F275	9ACTN		None		32	48	80
A0A558A2J2_9PSEU/2-61	A0A558A2J2	9PSEU	Amycolatopsis acidiphila	Pseudonocardiales	61	32	28	60
A0A101RMI6_9ACTN/2-64	A0A101RMI6	9ACTN	Streptomyces griseorubiginosus	Kitasatosporales	84	32	31	63
U3GWU6_9CORY/2-65	U3GWU6	9CORY	Corynebacterium argentoratense DSM 44202	Mycobacteriales	68	32	32	64
A0AAJ2WMR6_9MICO/2-62	A0AAJ2WMR6	9MICO		None		32	29	61
A0A5S9MPQ1_MYCVN/2-61	A0A5S9MPQ1	MYCVN	Mycolicibacterium vanbaalenii (Mycobacterium vanbaalenii)	Mycobacteriales	61	32	28	60
A0A7W9Q3U7_9ACTN/2-65	A0A7W9Q3U7	9ACTN	Streptomyces echinatus	Kitasatosporales	82	32	32	64
A0A918F917_AGRME/2-63	A0A918F917	AGRME	Agromyces mediolanus (Corynebacterium mediolanum)	Micrococcales	68	32	30	62
A0A545AM89_9ACTN/2-63	A0A545AM89	9ACTN	Cryptosporangium phraense	Cryptosporangiales	64	32	30	62
A0A2U1TB48_9MICO/2-63	A0A2U1TB48	9MICO	Mycetocola zhujimingii	Micrococcales	65	32	30	62
A0A8J3HNV5_9ACTN/2-67	A0A8J3HNV5	9ACTN		None		32	34	66
A0A373DIL5_9MICO/2-61	A0A373DIL5	9MICO		None		32	28	60
A0A263D1X0_9PSEU/2-62	A0A263D1X0	9PSEU	Amycolatopsis antarctica	Pseudonocardiales	62	32	29	61
A0A1G8DAV2_9MICC/2-68	A0A1G8DAV2	9MICC	Arthrobacter subterraneus	Micrococcales	75	32	35	67
A0A117RI30_9ACTN/2-81	A0A117RI30	9ACTN	Streptomyces caeruleatus	Kitasatosporales	86	32	48	80
A0A2M9D083_9CELL/2-64	A0A2M9D083	9CELL	Sediminihabitans luteus	Micrococcales	64	32	31	63
A0A2A9CN40_9ACTN/2-66	A0A2A9CN40	9ACTN	Propionicimonas paludicola	Propionibacteriales	75	32	33	65
A0A4Y3R659_STRCI/2-65	A0A4Y3R659	STRCI	Streptomyces cacaoi	Kitasatosporales	88	32	32	64
A0A2N3YIT6_9MICO/2-61	A0A2N3YIT6	9MICO	Phycicoccus duodecadis	Micrococcales	62	32	28	60
A0A918BWJ0_9ACTN/2-80	A0A918BWJ0	9ACTN	Streptomyces aurantiogriseus	Kitasatosporales	82	32	47	79
B4V7H8_9ACTN/2-68	B4V7H8	9ACTN		None		32	35	67
A0A3R8YCM1_9ACTN/2-78	A0A3R8YCM1	9ACTN		None		32	45	77
A0A918LV59_9ACTN/2-79	A0A918LV59	9ACTN	Streptomyces purpureus	Kitasatosporales	84	32	46	78
A0A975PEI8_9MICC/2-73	A0A975PEI8	9MICC	Arthrobacter sunyaminii	Micrococcales	78	32	40	72
A0A919P1J0_9CELL/2-68	A0A919P1J0	9CELL	Cellulomonas chitinilytica	Micrococcales	68	32	35	67
A0A4P8KRT7_9MICO/2-62	A0A4P8KRT7	9MICO		None		32	29	61
A0A031FTD7_9MICO/2-63	A0A031FTD7	9MICO	Microbacterium oleivorans	Micrococcales	69	32	30	62
A0A2T5X7L9_9MICO/2-68	A0A2T5X7L9	9MICO		None		32	35	67
A0A0Q5EK71_9MICO/2-67	A0A0Q5EK71	9MICO		None		32	34	66
A0A934Q890_9MICO/2-66	A0A934Q890	9MICO	Leucobacter chromiisoli	Micrococcales	69	32	33	65
E4MZL1_KITSK/2-76	E4MZL1	KITSK	Kitasatospora setae (strain ATCC 33774 / DSM 43861 / JCM 3304 / KCC A-0304 / NBRC 14216 / KM-6054) (Streptomyces setae)	Kitasatosporales	81	32	43	75
A0A5R8Z1C9_9PSEU/2-60	A0A5R8Z1C9	9PSEU	Microbispora triticiradicis	Streptosporangiales	63	31	28	59
A0A3N2IIC2_9MICO/2-64	A0A3N2IIC2	9MICO		None		32	31	63
A0A7M1SUB9_9MICO/2-61	A0A7M1SUB9	9MICO	Ruania alkalisoli	Micrococcales	65	32	28	60
A0A9W6LYY5_9MICO/2-66	A0A9W6LYY5	9MICO	Leifsonia poae	Micrococcales	68	32	33	65
A0A2T0VDF4_9MICO/2-81	A0A2T0VDF4	9MICO	Glaciihabitans tibetensis	Micrococcales	84	32	48	80
A0A4Q7KX89_9PSEU/2-61	A0A4Q7KX89	9PSEU	Herbihabitans rhizosphaerae	Pseudonocardiales	61	32	28	60
A0A1G9KJW6_9ACTN/2-74	A0A1G9KJW6	9ACTN	Tessaracoccus oleiagri	Propionibacteriales	75	32	41	73
A0A1R1IEV1_9ACTN/2-74	A0A1R1IEV1	9ACTN		None		32	41	73
M1NV47_9CORY/2-65	M1NV47	9CORY	Corynebacterium halotolerans YIM 70093 = DSM 44683	Mycobacteriales	79	32	32	64
A0A6G4U273_9ACTN/2-67	A0A6G4U273	9ACTN	Streptomyces coryli	Kitasatosporales	84	32	34	66
A0A1H6CJY7_9ACTN/2-67	A0A1H6CJY7	9ACTN	Thermomonospora echinospora	Streptosporangiales	72	32	34	66
A0A3N3ZTE9_9MICC/2-69	A0A3N3ZTE9	9MICC	Kocuria soli	Micrococcales	69	32	36	68
A0A8J2TXW8_9MICO/2-62	A0A8J2TXW8	9MICO	Sediminivirga luteola	Micrococcales	63	32	29	61
A0A916NP63_9MICO/2-60	A0A916NP63	9MICO	Leucobacter soli	Micrococcales	60	32	27	59
A0A1S1LE99_9MYCO/2-59	A0A1S1LE99	9MYCO	Mycobacteroides franklinii	Mycobacteriales	59	32	26	58
A0A365H3F9_9ACTN/2-64	A0A365H3F9	9ACTN	Actinomadura craniellae	Streptosporangiales	70	32	31	63
A0A8J3CE11_9PSEU/2-57	A0A8J3CE11	9PSEU	Longimycelium tulufanense	Pseudonocardiales	59	32	24	56
A0A1Z4ENA8_9MYCO/2-62	A0A1Z4ENA8	9MYCO	Mycobacterium shigaense	Mycobacteriales	62	32	29	61
A0A2W2NDS4_9ACTN/2-64	A0A2W2NDS4	9ACTN		None		32	31	63
A0A841AT07_9MICO/2-89	A0A841AT07	9MICO	Conyzicola lurida	Micrococcales	91	32	56	88
A0A4S2U753_9ACTN/2-64	A0A4S2U753	9ACTN		None		32	31	63
A0A7W9G2A9_9ACTN/2-56	A0A7W9G2A9	9ACTN	Nonomuraea jabiensis	Streptosporangiales	56	32	23	55
A0A4V2EWI4_9MICO/2-62	A0A4V2EWI4	9MICO	Microcella putealis	Micrococcales	64	32	29	61
A0A7K3W9J1_9ACTN/2-72	A0A7K3W9J1	9ACTN	Goekera deserti	Geodermatophilales	73	32	39	71
A0A368T795_9ACTN/2-70	A0A368T795	9ACTN	Marinitenerispora sediminis	Streptosporangiales	91	32	37	69
A0A2U3H6G1_9ACTN/2-79	A0A2U3H6G1	9ACTN		None		32	46	78
A0A3A3YYV8_9ACTN/2-64	A0A3A3YYV8	9ACTN	Vallicoccus soli	Motilibacterales	64	32	31	63
A0A1T5KUK5_9MICO/2-63	A0A1T5KUK5	9MICO	Okibacterium fritillariae	Micrococcales	64	32	30	62
A0A4T2BRJ1_9MICO/2-83	A0A4T2BRJ1	9MICO	Subtercola vilae	Micrococcales	88	32	50	82
A0A1Q5MV10_9ACTN/2-80	A0A1Q5MV10	9ACTN		None		32	47	79
A0A2N1JKT8_9ACTO/2-61	A0A2N1JKT8	9ACTO		None		32	28	60
A0A3N6F6V4_9ACTN/2-81	A0A3N6F6V4	9ACTN		None		32	48	80
A4AFW8_9ACTN/2-72	A4AFW8	9ACTN		None		32	39	71
A0A923EWW7_9PSEU/2-64	A0A923EWW7	9PSEU		None		32	31	63
A0A0H5CQL1_9PSEU/2-60	A0A0H5CQL1	9PSEU		None		32	27	59
B5H5R4_STRE2/2-81	B5H5R4	STRE2	Streptomyces pristinaespiralis (strain ATCC 25486 / DSM 40338 / CBS 914.69 / JCM 4507 / KCC S-0507 / NBRC 13074 / NRRL 2958 / 5647)	Kitasatosporales	84	32	48	80
A0A9W6L3N2_9PSEU/2-63	A0A9W6L3N2	9PSEU	Pseudonocardia halophobica	Pseudonocardiales	65	32	30	62
A0A3N0DQA7_9ACTN/2-61	A0A3N0DQA7	9ACTN	Nocardioides marmorisolisilvae	Propionibacteriales	64	32	28	60
A0A3M2L507_9NOCA/2-70	A0A3M2L507	9NOCA	Nocardia stercoris	Mycobacteriales	71	32	37	69
A0A9W6I9L7_9ACTN/2-54	A0A9W6I9L7	9ACTN	Streptosporangium carneum	Streptosporangiales	55	32	21	53
A0A495IK76_9MICO/2-67	A0A495IK76	9MICO	Frondihabitans australicus	Micrococcales	74	32	34	66
A0A0M8WWM2_9ACTN/2-76	A0A0M8WWM2	9ACTN		None		32	43	75
A0A2T0U4U6_9MICO/2-63	A0A2T0U4U6	9MICO	Knoellia remsis	Micrococcales	64	32	30	62
A0A6G9Y5U3_9NOCA/2-68	A0A6G9Y5U3	9NOCA	Nocardia arthritidis	Mycobacteriales	68	32	35	67
A0A4R2R473_9PSEU/2-60	A0A4R2R473	9PSEU	Tamaricihabitans halophyticus	Pseudonocardiales	60	32	27	59
A0A7I7QIQ1_9MYCO/2-63	A0A7I7QIQ1	9MYCO	Mycolicibacterium sediminis	Mycobacteriales	63	32	30	62
A0A1Q8C0M4_9PSEU/2-61	A0A1Q8C0M4	9PSEU	Actinophytocola xanthii	Pseudonocardiales	61	32	28	60
A0A2S4YKG5_9ACTN/2-80	A0A2S4YKG5	9ACTN		None		32	47	79
A0A7X0EVX5_9ACTN/2-56	A0A7X0EVX5	9ACTN	Nonomuraea muscovyensis	Streptosporangiales	56	32	23	55
A0A4R4XPJ7_9ACTN/2-64	A0A4R4XPJ7	9ACTN		None		32	31	63
A0A4S5ADW2_9ACTN/2-62	A0A4S5ADW2	9ACTN		None		32	29	61
S2VY54_9ACTN/2-70	S2VY54	9ACTN	Propionimicrobium lymphophilum ACS-093-V-SCH5	Propionibacteriales	70	32	37	69
A0A239QUQ2_9MICO/2-72	A0A239QUQ2	9MICO		None		32	39	71
A0A1H3N6B6_9MICO/2-64	A0A1H3N6B6	9MICO	Herbiconiux ginsengi	Micrococcales	65	32	31	63
F4GZX7_CELFA/2-69	F4GZX7	CELFA	Cellulomonas fimi (strain ATCC 484 / DSM 20113 / JCM 1341 / CCUG 24087 / LMG 16345 / NBRC 15513 / NCIMB 8980 / NCTC 7547 / NRS-133)	Micrococcales	70	32	36	68
A0A552WUS2_9MICO/2-63	A0A552WUS2	9MICO	Georgenia yuyongxinii	Allobogoriellales	66	32	30	62
A0A543K7X6_9MICO/2-76	A0A543K7X6	9MICO	Ornithinimicrobium humiphilum	Micrococcales	78	32	43	75
A0A1C3N7Z8_9ACTN/2-66	A0A1C3N7Z8	9ACTN	Micromonospora krabiensis	Micromonosporales	71	32	33	65
A0A1X1T1N9_9MYCO/2-63	A0A1X1T1N9	9MYCO	Mycobacterium conspicuum	Mycobacteriales	63	32	30	62
A0A810KV73_9ACTN/2-61	A0A810KV73	9ACTN	Actinocatenispora sera	Micromonosporales	68	32	28	60
A0A6F8Y3X5_9ACTN/23-87	A0A6F8Y3X5	9ACTN	Phytohabitans flavus	Micromonosporales	91	32	33	65
A0A1H1VY45_9ACTN/2-72	A0A1H1VY45	9ACTN	Microlunatus soli	Propionibacteriales	74	32	39	71
A0A918EVI2_9ACTN/2-77	A0A918EVI2	9ACTN	Streptomyces pilosus	Kitasatosporales	81	32	44	76
A0A543BBU8_9MICO/2-61	A0A543BBU8	9MICO	Microbacterium saperdae	Micrococcales	61	32	28	60
A0A7M2SPB9_9ACTN/2-63	A0A7M2SPB9	9ACTN	Streptomyces ferrugineus	Kitasatosporales	85	32	30	62
A0A9X1N9C1_9ACTN/2-65	A0A9X1N9C1	9ACTN	Kineosporia babensis	Kineosporiales	71	32	32	64
A0A3P5WLL9_9MICC/2-70	A0A3P5WLL9	9MICC	Arthrobacter ulcerisalmonis	Micrococcales	77	32	37	69
S5V5P7_STRC3/2-80	S5V5P7	STRC3	Streptomyces collinus (strain DSM 40733 / Tue 365)	Kitasatosporales	83	32	47	79
A0A512SXX1_9MICO/2-63	A0A512SXX1	9MICO	Knoellia locipacati	Micrococcales	64	32	30	62
A0A561E7E0_9MICO/2-64	A0A561E7E0	9MICO	Rudaeicoccus suwonensis	Micrococcales	68	32	31	63
A0A7Y9SG46_9MICO/2-71	A0A7Y9SG46	9MICO		None		32	38	70
A0A839NHP4_9MICO/2-62	A0A839NHP4	9MICO	Flexivirga oryzae	Micrococcales	64	32	29	61
Z9JVW9_9MICO/2-62	Z9JVW9	9MICO	Brachybacterium phenoliresistens	Micrococcales	65	32	29	61
A0A0F2TEX5_STRR3/2-63	A0A0F2TEX5	STRR3	Streptomyces rubellomurinus (strain ATCC 31215)	Kitasatosporales	85	32	30	62
A0A918U4L5_9ACTN/44-106	A0A918U4L5	9ACTN	Streptomyces fructofermentans	Kitasatosporales	125	32	31	63
A0A5J6V7U2_9MICO/2-74	A0A5J6V7U2	9MICO	Ornithinimicrobium pratense	Micrococcales	79	32	41	73
A0A7W9PBR5_9NOCA/2-72	A0A7W9PBR5	9NOCA	Nocardia transvalensis	Mycobacteriales	72	32	39	71
A0A1X7HFF5_9ACTN/2-84	A0A1X7HFF5	9ACTN		None		32	51	83
A0A178XC54_9PSEU/2-60	A0A178XC54	9PSEU		None		32	27	59
Q8G6N9_BIFLO/20-107	Q8G6N9	BIFLO	Bifidobacterium longum (strain NCC 2705)	Bifidobacteriales	147	32	56	88
A0A261FBN6_9BIFI/2-82	A0A261FBN6	9BIFI	Bifidobacterium tissieri	Bifidobacteriales	132	32	49	81
A0A087ANF1_9BIFI/2-82	A0A087ANF1	9BIFI	Bifidobacterium cuniculi	Bifidobacteriales	123	32	49	81
A0A7W5Y0H1_9MICC/2-60	A0A7W5Y0H1	9MICC	Garicola koreensis	Micrococcales	60	32	27	59
A0A329QH80_9ACTN/2-63	A0A329QH80	9ACTN	Phytoactinopolyspora halophila	Jiangellales	66	32	30	62
A0A6P2BRE7_9ACTN/2-77	A0A6P2BRE7	9ACTN	Trebonia kvetii	Streptosporangiales	77	32	44	76
A0A975FS22_9MICO/2-65	A0A975FS22	9MICO	Agromyces archimandritae	Micrococcales	66	32	32	64
S4MDT8_9ACTN/2-66	S4MDT8	9ACTN	Streptomyces afghaniensis 772	Kitasatosporales	83	32	33	65
A0A0F0HBM1_LENAE/2-62	A0A0F0HBM1	LENAE	Lentzea aerocolonigenes (Lechevalieria aerocolonigenes) (Saccharothrix aerocolonigenes)	Pseudonocardiales	62	32	29	61
A0A344U813_9ACTN/2-83	A0A344U813	9ACTN	Streptomyces globosus	Kitasatosporales	87	32	50	82
A0A1Q9ULQ1_9PSEU/2-62	A0A1Q9ULQ1	9PSEU		None		32	29	61
A0A086BPL5_9BIFI/1-76	A0A086BPL5	9BIFI	Bifidobacterium bombi DSM 19703	Bifidobacteriales	116	17	59	76
A0AA37UNB2_9MICO/2-64	A0AA37UNB2	9MICO	Litorihabitans aurantiacus	Micrococcales	67	32	31	63
A0A944L6Q3_9MICC/2-74	A0A944L6Q3	9MICC		None		32	41	73
A0A2S4XT70_9ACTN/2-63	A0A2S4XT70	9ACTN		None		32	30	62
A0A1G9YTK6_9ACTN/2-57	A0A1G9YTK6	9ACTN	Nocardioides szechwanensis	Propionibacteriales	61	32	24	56
A0A077MFT0_9MICO/2-63	A0A077MFT0	9MICO	Nostocoides jenkinsii Ben 74	Micrococcales	65	32	30	62
A0A6M5J4H7_9MICO/2-64	A0A6M5J4H7	9MICO		None		32	31	63
A0A9W6I5U3_9ACTN/2-63	A0A9W6I5U3	9ACTN	Streptosporangium carneum	Streptosporangiales	77	32	30	62
A0A367AUP9_9ACTN/2-72	A0A367AUP9	9ACTN		None		32	39	71
A0A1A2ZY00_9MYCO/2-64	A0A1A2ZY00	9MYCO		None		32	31	63
A0A1Y2MW42_PSEAH/2-62	A0A1Y2MW42	PSEAH	Pseudonocardia autotrophica (Amycolata autotrophica) (Nocardia autotrophica)	Pseudonocardiales	67	32	29	61
A0A4P6KGS8_9MICO/2-61	A0A4P6KGS8	9MICO	Leucobacter triazinivorans	Micrococcales	61	32	28	60
A0A512D6I7_9MICO/2-62	A0A512D6I7	9MICO	Terrabacter aerolatus	Micrococcales	64	32	29	61
B8DT78_BIFA0/2-73	B8DT78	BIFA0	Bifidobacterium animalis subsp. lactis (strain AD011)	Bifidobacteriales	115	32	40	72
A0A0J6VPY6_MYCCU/2-60	A0A0J6VPY6	MYCCU	Mycolicibacterium chubuense (Mycobacterium chubuense)	Mycobacteriales	60	32	27	59
A0A3N0E983_9ACTN/2-65	A0A3N0E983	9ACTN	Halostreptopolyspora alba	Streptosporangiales	86	32	32	64
A0A4U6MYX2_9MICC/2-66	A0A4U6MYX2	9MICC		None		32	33	65
A0A4S2R549_9ACTN/2-65	A0A4S2R549	9ACTN		None		32	32	64
A0A4R4KZI5_9ACTN/2-66	A0A4R4KZI5	9ACTN		None		32	33	65
A0A939BAJ8_9BIFI/2-82	A0A939BAJ8	9BIFI	Bifidobacterium pullorum subsp. saeculare	Bifidobacteriales	119	32	49	81
A0A553ZMW6_9ACTN/2-66	A0A553ZMW6	9ACTN	Streptomyces benahoarensis	Kitasatosporales	84	32	33	65
A0A0N1CQJ0_9MICO/2-63	A0A0N1CQJ0	9MICO		None		32	30	62
A0A7W7LXY6_9ACTN/2-64	A0A7W7LXY6	9ACTN	Streptomyces griseomycini	Kitasatosporales	82	32	31	63
A0A917BHP3_9ACTN/2-61	A0A917BHP3	9ACTN	Marmoricola endophyticus	Propionibacteriales	63	32	28	60
A0A5J5IYA4_9MICO/2-59	A0A5J5IYA4	9MICO	Microbacterium rhizomatis	Micrococcales	59	32	26	58
A0A2S5XAG5_9MICO/2-80	A0A2S5XAG5	9MICO		None		32	47	79
A0A7W3Y055_9ACTN/2-75	A0A7W3Y055	9ACTN	Streptomyces alkaliphilus	Kitasatosporales	85	32	42	74
A0A7L5ZEZ5_9ACTN/2-72	A0A7L5ZEZ5	9ACTN		None		32	39	71
A0A3N1A6C3_9ACTN/2-68	A0A3N1A6C3	9ACTN		None		32	35	67
A0A840WB19_9ACTN/2-73	A0A840WB19	9ACTN	Nocardiopsis metallicus	Streptosporangiales	75	32	40	72
A0A1H0TFS1_9ACTN/2-64	A0A1H0TFS1	9ACTN		None		32	31	63
A0A1G6XVB6_9ACTN/2-61	A0A1G6XVB6	9ACTN	Nocardioides lianchengensis	Propionibacteriales	62	32	28	60
A0A327ZB74_9ACTN/2-71	A0A327ZB74	9ACTN	Actinoplanes lutulentus	Micromonosporales	73	32	38	70
A0A0B9ACM4_BRELN/10-77	A0A0B9ACM4	BRELN	Brevibacterium linens	Micrococcales	77	32	36	68
A0A543ES58_9MICO/2-62	A0A543ES58	9MICO	Microbacterium kyungheense	Micrococcales	65	32	29	61
F9EEA0_9ACTO/37-107	F9EEA0	9ACTO		None		32	39	71
A0A286DV68_9ACTN/2-67	A0A286DV68	9ACTN	Streptomyces zhaozhouensis	Kitasatosporales	88	32	34	66
A0A0D8HSQ5_RHOSX/2-67	A0A0D8HSQ5	RHOSX		None		32	34	66
A0A7I7XME3_9MYCO/2-62	A0A7I7XME3	9MYCO	Mycolicibacterium madagascariense	Mycobacteriales	62	32	29	61
A0A2P8EFL2_9ACTN/2-67	A0A2P8EFL2	9ACTN	Haloactinopolyspora alba	Jiangellales	68	32	34	66
A0A1M4U8Y3_STRHI/2-60	A0A1M4U8Y3	STRHI	Streptoalloteichus hindustanus	Pseudonocardiales	60	32	27	59
A0A3N6GX95_9ACTN/2-77	A0A3N6GX95	9ACTN		None		32	44	76
A0A2U2ZW62_9ACTN/2-82	A0A2U2ZW62	9ACTN		None		32	49	81
A0A418Q617_9CORY/2-78	A0A418Q617	9CORY	Corynebacterium falsenii	Mycobacteriales	84	32	45	77
D5UKC8_CELFN/2-67	D5UKC8	CELFN	Cellulomonas flavigena (strain ATCC 482 / DSM 20109 / BCRC 11376 / JCM 18109 / NBRC 3775 / NCIMB 8073 / NRS 134)	Micrococcales	68	32	34	66
A0A0Q4V4I8_9MICO/2-67	A0A0Q4V4I8	9MICO		None		32	34	66
A0A2U2RPD0_9MICO/2-64	A0A2U2RPD0	9MICO	Brachybacterium endophyticum	Micrococcales	67	32	31	63
A0A1C6RGL0_9ACTN/2-67	A0A1C6RGL0	9ACTN	Micromonospora inyonensis	Micromonosporales	71	32	34	66
A0A6I4NSW1_9MICO/2-65	A0A6I4NSW1	9MICO	Agromyces seonyuensis	Micrococcales	66	32	32	64
A0A438MIK3_9ACTN/2-68	A0A438MIK3	9ACTN	Nonomuraea polychroma	Streptosporangiales	75	32	35	67
A0A318LU83_9PSEU/2-62	A0A318LU83	9PSEU	Prauserella flavalba	Pseudonocardiales	63	32	29	61
W6JVX1_9MICO/2-65	W6JVX1	9MICO	Nostocoides australiense Ben110	Micrococcales	65	32	32	64
B8DV66_BIFA0/2-73	B8DV66	BIFA0	Bifidobacterium animalis subsp. lactis (strain AD011)	Bifidobacteriales	115	32	40	72
A0A7W7PMJ7_9ACTN/2-65	A0A7W7PMJ7	9ACTN	Streptomyces olivoverticillatus	Kitasatosporales	85	32	32	64
A0A3S8WWY0_9ACTN/2-79	A0A3S8WWY0	9ACTN		None		32	46	78
A0A8J3BPA2_9ACTN/2-64	A0A8J3BPA2	9ACTN	Pilimelia terevasa	Micromonosporales	64	32	31	63
A0A2A3YM38_9MICO/2-63	A0A2A3YM38	9MICO	Brachybacterium alimentarium	Micrococcales	65	32	30	62
A0A7W9IIJ4_9ACTN/2-63	A0A7W9IIJ4	9ACTN	Streptosporangium becharense	Streptosporangiales	77	32	30	62
A0A4R2CIK1_9ACTN/2-63	A0A4R2CIK1	9ACTN		None		32	30	62
A0A4Q6V070_9ACTN/2-64	A0A4Q6V070	9ACTN		None		32	31	63
A0A1I6KEX6_9MICO/2-58	A0A1I6KEX6	9MICO		None		32	25	57
A0A1E5PTT9_9ACTN/2-82	A0A1E5PTT9	9ACTN	Streptomyces subrutilus	Kitasatosporales	86	32	49	81
A0A7I9UV80_9ACTN/44-97	A0A7I9UV80	9ACTN	Gordonia crocea	Mycobacteriales	98	32	22	54
A0A344URS4_9ACTN/2-66	A0A344URS4	9ACTN	Acidipropionibacterium virtanenii	Propionibacteriales	68	32	33	65
A0A6I6S187_9ACTN/2-64	A0A6I6S187	9ACTN		None		32	31	63
A0A4Q2M9A7_9MICO/2-62	A0A4Q2M9A7	9MICO	Agromyces atrinae	Micrococcales	63	32	29	61
A0A6I4MS23_9ACTN/2-64	A0A6I4MS23	9ACTN	Actinomadura physcomitrii	Streptosporangiales	68	32	31	63
A0A0D4C073_9MICC/2-64	A0A0D4C073	9MICC	Psychromicrobium lacuslunae	Micrococcales	71	32	31	63
A0A1H5KDA4_9MICO/2-59	A0A1H5KDA4	9MICO	Ruania alba	Micrococcales	63	32	26	58
A1SPS6_NOCSJ/2-61	A1SPS6	NOCSJ		None		32	28	60
A0A6I6N6K2_9ACTN/2-65	A0A6I6N6K2	9ACTN	Streptomyces broussonetiae	Kitasatosporales	85	32	32	64
A0A0H4CFM8_9ACTN/2-80	A0A0H4CFM8	9ACTN		None		32	47	79
A0A940PVU2_9MICO/2-61	A0A940PVU2	9MICO	Leucobacter exalbidus	Micrococcales	61	32	28	60
A0A4R4Z994_9PSEU/2-61	A0A4R4Z994	9PSEU	Saccharopolyspora elongata	Pseudonocardiales	62	32	28	60
A0A0L8KYH1_9ACTN/2-64	A0A0L8KYH1	9ACTN	Streptomyces resistomycificus	Kitasatosporales	84	32	31	63
A0A0M4QJB3_9PSEU/2-63	A0A0M4QJB3	9PSEU		None		32	30	62
A0A8H9LFE2_9ACTO/20-85	A0A8H9LFE2	9ACTO	Actinomyces gaoshouyii	Actinomycetales	96	32	34	66
A0A5M3Y2D6_9ACTN/2-64	A0A5M3Y2D6	9ACTN	Acrocarpospora pleiomorpha	Streptosporangiales	77	32	31	63
A0A839E6E8_9PSEU/1-48	A0A839E6E8	9PSEU	Halosaccharopolyspora lacisalsi	Pseudonocardiales	48	21	27	48
S3BRV3_9ACTN/2-80	S3BRV3	9ACTN		None		32	47	79
A0A561UGT5_9ACTN/2-79	A0A561UGT5	9ACTN	Kitasatospora viridis	Kitasatosporales	82	32	46	78
A0A8J3QF84_9ACTN/2-71	A0A8J3QF84	9ACTN	Rhizocola hellebori	Micromonosporales	71	32	38	70
A0A918GID6_9ACTN/2-81	A0A918GID6	9ACTN	Streptomyces griseoviridis	Kitasatosporales	85	32	48	80
A0A0K1JPP5_9MICO/2-64	A0A0K1JPP5	9MICO	Luteipulveratus mongoliensis	Micrococcales	68	32	31	63
A0A1G6W8N4_9ACTN/2-73	A0A1G6W8N4	9ACTN	Auraticoccus monumenti	Propionibacteriales	74	32	40	72
A0A5B1LP31_9ACTN/2-58	A0A5B1LP31	9ACTN	Nocardioides humilatus	Propionibacteriales	61	32	25	57
A0AAE3YVX3_9ACTN/1-58	A0AAE3YVX3	9ACTN	Catenuloplanes atrovinosus	Micromonosporales	62	21	37	58
A0A4Y9PXT8_9MICO/2-58	A0A4Y9PXT8	9MICO		None		32	25	57
A0A975SUL9_9ACTO/2-81	A0A975SUL9	9ACTO		None		32	48	80
A0A7G6ZBI2_9MICO/2-80	A0A7G6ZBI2	9MICO		None		32	47	79
A0A1E5P9M1_9ACTN/2-81	A0A1E5P9M1	9ACTN	Streptomyces agglomeratus	Kitasatosporales	86	32	48	80
A0A1H5MW00_9ACTN/2-64	A0A1H5MW00	9ACTN		None		32	31	63
A0A4V2RJ96_9NOCA/2-64	A0A4V2RJ96	9NOCA		None		32	31	63
A0A7I7SM44_9MYCO/2-61	A0A7I7SM44	9MYCO	Mycolicibacterium sarraceniae	Mycobacteriales	61	32	28	60
A0A7W7S1J6_9ACTN/1-43	A0A7W7S1J6	9ACTN	Streptosporangium album	Streptosporangiales	43	21	22	43
A0A0Q9C7U8_9CELL/2-69	A0A0Q9C7U8	9CELL		None		32	36	68
A0A2N6T6V8_9CORY/2-64	A0A2N6T6V8	9CORY	Corynebacterium tuscaniense	Mycobacteriales	70	32	31	63
A0A1I1EPE9_9ACTN/2-59	A0A1I1EPE9	9ACTN	Nocardioides terrae	Propionibacteriales	59	32	26	58
A0A8J3JFJ7_9ACTN/2-64	A0A8J3JFJ7	9ACTN	Actinocatenispora rupis	Micromonosporales	67	32	31	63
A0A1X1QY66_MYCBE/2-60	A0A1X1QY66	MYCBE	Mycobacterium bohemicum	Mycobacteriales	61	32	27	59
A0AAE3KNG0_9PSEU/2-62	A0AAE3KNG0	9PSEU	Goodfellowiella coeruleoviolacea	Pseudonocardiales	63	32	29	61
A0A255H8F7_9ACTN/2-66	A0A255H8F7	9ACTN	Enemella dayhoffiae	Propionibacteriales	72	32	33	65
A0A542ZD63_9ACTN/17-81	A0A542ZD63	9ACTN	Propioniferax innocua	Propionibacteriales	91	32	33	65
A0A7J5X3N7_9ACTN/2-58	A0A7J5X3N7	9ACTN		None		32	25	57
A0A919UXM7_9ACTN/2-59	A0A919UXM7	9ACTN	Sphaerisporangium rufum	Streptosporangiales	59	31	27	58
A0A2V1KAU0_9ACTO/2-65	A0A2V1KAU0	9ACTO	Ancrocorticia populi	Actinomycetales	69	32	32	64
A0A315ZQN0_9ACTN/2-64	A0A315ZQN0	9ACTN	Quadrisphaera granulorum	Kineosporiales	68	32	31	63
A0A2A9DNY5_9CORY/2-70	A0A2A9DNY5	9CORY	Corynebacterium renale	Mycobacteriales	77	32	37	69
A0A849BK47_9ACTN/2-62	A0A849BK47	9ACTN	Pseudokineococcus marinus	Kineosporiales	64	32	29	61
A0A387HCL7_9ACTN/2-84	A0A387HCL7	9ACTN	Streptomyces hundungensis	Kitasatosporales	87	32	51	83
D3Q079_STANL/2-66	D3Q079	STANL	Stackebrandtia nassauensis (strain DSM 44728 / CIP 108903 / NRRL B-16338 / NBRC 102104 / LLR-40K-21)	Glycomycetales	71	32	33	65
A0A2W1TQS0_9MICO/2-66	A0A2W1TQS0	9MICO		None		32	33	65
A0A7Y4L6A1_9ACTN/2-62	A0A7Y4L6A1	9ACTN	Kribbella sandramycini	Propionibacteriales	62	32	29	61
A0A6N4W735_9MYCO/2-61	A0A6N4W735	9MYCO	Mycolicibacterium anyangense	Mycobacteriales	61	32	28	60
A0A1E7JP54_9ACTN/2-82	A0A1E7JP54	9ACTN	Streptomyces abyssalis	Kitasatosporales	83	32	49	81
A0A7J9VKN2_9ACTN/2-68	A0A7J9VKN2	9ACTN		None		32	35	67
A0A919AG99_9ACTN/2-80	A0A919AG99	9ACTN	Streptomyces spiralis	Kitasatosporales	82	32	47	79
A0A3N5A828_9ACTN/2-80	A0A3N5A828	9ACTN		None		32	47	79
A0A0Q8ATB4_9MICO/2-63	A0A0Q8ATB4	9MICO		None		32	30	62
A0A6C0Q3U3_9ACTN/2-78	A0A6C0Q3U3	9ACTN		None		32	45	77
A0A7Y9LU49_9MICC/1-52	A0A7Y9LU49	9MICC	Psychromicrobium silvestre	Micrococcales	56	17	35	52
A0A7I7MVF9_9MYCO/2-62	A0A7I7MVF9	9MYCO	Mycobacterium shinjukuense	Mycobacteriales	62	32	29	61
A0A4R8WR37_9MICO/2-75	A0A4R8WR37	9MICO		None		32	42	74
A0A255EAQ6_9ACTN/2-72	A0A255EAQ6	9ACTN	Parenemella sanctibonifatiensis	Propionibacteriales	73	32	39	71
A0A0A6X7Z0_ACTUT/2-69	A0A0A6X7Z0	ACTUT	Actinoplanes utahensis	Micromonosporales	77	32	36	68
A0A5C8NF04_9ACTN/2-57	A0A5C8NF04	9ACTN	Aeromicrobium terrae	Propionibacteriales	58	32	24	56
A0A853ACS1_9PSEU/1-38	A0A853ACS1	9PSEU	Saccharopolyspora hordei	Pseudonocardiales	39	10	28	38
A0A849AKC9_9MICO/2-61	A0A849AKC9	9MICO	Flexivirga aerilata	Micrococcales	65	32	28	60
A0A4V6PEC3_9ACTN/2-62	A0A4V6PEC3	9ACTN	Actinomadura rubrisoli	Streptosporangiales	63	32	29	61
A0A1V0ALY1_9ACTN/2-69	A0A1V0ALY1	9ACTN	[Actinomadura] parvosata subsp. kistnae	Streptosporangiales	76	32	36	68
A0A7W9II29_9ACTN/2-55	A0A7W9II29	9ACTN	Streptosporangium becharense	Streptosporangiales	55	32	22	54
I3WFH9_BIFBI/2-80	I3WFH9	BIFBI		None		32	47	79
A0A246RT35_9ACTN/2-68	A0A246RT35	9ACTN	Micromonospora wenchangensis	Micromonosporales	72	32	35	67
A0A6I3JFU6_9ACTN/2-58	A0A6I3JFU6	9ACTN	Nocardioides marmotae	Propionibacteriales	61	32	25	57
A0A9E7BMV3_9MICO/2-63	A0A9E7BMV3	9MICO		None		32	30	62
G7CGL0_MYCT3/2-54	G7CGL0	MYCT3	Mycolicibacterium thermoresistibile (strain ATCC 19527 / DSM 44167 / CIP 105390 / JCM 6362 / NCTC 10409 / 316) (Mycobacterium thermoresistibile)	Mycobacteriales	54	32	21	53
A0A1V1W519_9ACTN/2-59	A0A1V1W519	9ACTN		None		32	26	58
A0A841DX00_9ACTN/2-61	A0A841DX00	9ACTN	Kribbella solani	Propionibacteriales	61	32	28	60
A0A164HXG6_9NOCA/2-70	A0A164HXG6	9NOCA	Nocardia terpenica	Mycobacteriales	70	32	37	69
A0A840XAE1_9MICO/2-64	A0A840XAE1	9MICO	Microcella frigidaquae	Micrococcales	71	32	31	63
A0A7T0PX22_9ACTO/2-68	A0A7T0PX22	9ACTO	Actinomyces respiraculi	Actinomycetales	68	32	35	67
A0A1S2PGI5_9ACTN/2-64	A0A1S2PGI5	9ACTN	Streptomyces colonosanans	Kitasatosporales	82	32	31	63
A0A2M9HLB1_9BIFI/2-80	A0A2M9HLB1	9BIFI	Bifidobacterium felsineum	Bifidobacteriales	122	32	47	79
A0A117PW16_9ACTN/2-80	A0A117PW16	9ACTN	Streptomyces cellostaticus	Kitasatosporales	83	32	47	79
A0A1A9C5C4_9ACTN/2-77	A0A1A9C5C4	9ACTN		None		32	44	76
A0ZZC6_BIFAA/2-85	A0ZZC6	BIFAA	Bifidobacterium adolescentis (strain ATCC 15703 / DSM 20083 / NCTC 11814 / E194a)	Bifidobacteriales	123	32	52	84
A0A7Y8WYZ7_9ACTN/2-67	A0A7Y8WYZ7	9ACTN		None		32	34	66
A0A7K2YVR1_9ACTN/2-80	A0A7K2YVR1	9ACTN		None		32	47	79
A0A511F7E5_9CELL/2-63	A0A511F7E5	9CELL	Cellulomonas hominis	Micrococcales	63	32	30	62
A0A918NXA2_9ACTN/44-105	A0A918NXA2	9ACTN	Streptomyces minutiscleroticus	Kitasatosporales	125	32	30	62
A0A1H7A9S5_9MICO/2-61	A0A1H7A9S5	9MICO	Demequina mangrovi	Micrococcales	62	32	28	60
A0A2V5L4C3_9MICC/2-73	A0A2V5L4C3	9MICC	Arthrobacter livingstonensis	Micrococcales	76	32	40	72
A0A124H5U4_9ACTN/2-81	A0A124H5U4	9ACTN	Streptomyces curacoi	Kitasatosporales	83	32	48	80
A0A370GUY7_9NOCA/2-72	A0A370GUY7	9NOCA	Nocardia mexicana	Mycobacteriales	72	32	39	71
A0A918AB51_9ACTN/21-81	A0A918AB51	9ACTN	Nonomuraea glycinis	Streptosporangiales	95	32	29	61
L7KHU1_9ACTN/2-58	L7KHU1	9ACTN	Gordonia aichiensis NBRC 108223	Mycobacteriales	58	32	25	57
A0A0A7I5R4_9BIFI/2-77	A0A0A7I5R4	9BIFI	Bifidobacterium pseudolongum PV8-2	Bifidobacteriales	115	32	44	76
A0A0K2YKM5_9NOCA/2-69	A0A0K2YKM5	9NOCA		None		32	36	68
A0A6B8VVJ5_9CORY/2-64	A0A6B8VVJ5	9CORY	Corynebacterium kalinowskii	Mycobacteriales	69	32	31	63
A0A1S1Q935_9ACTN/2-68	A0A1S1Q935	9ACTN	Parafrankia colletiae	Frankiales	69	32	35	67
A0A5N5UUW8_MYCPH/2-58	A0A5N5UUW8	MYCPH	Mycolicibacterium phlei DSM 43239 = CCUG 21000	Mycobacteriales	58	32	25	57
A0A918MSG9_9ACTN/2-65	A0A918MSG9	9ACTN	Streptomyces lucensis JCM 4490	Kitasatosporales	82	32	32	64
A0A931CUL5_9MICC/2-69	A0A931CUL5	9MICC	Arthrobacter terrae	Micrococcales	74	32	36	68
A0A0B2AKR7_9MICC/2-66	A0A0B2AKR7	9MICC	Sinomonas humi	Micrococcales	73	32	33	65
A0A3G2JG42_9ACTN/2-62	A0A3G2JG42	9ACTN	Streptomyces dangxiongensis	Kitasatosporales	64	32	29	61
D6ZEK7_SEGRD/2-55	D6ZEK7	SEGRD	Segniliparus rotundus (strain ATCC BAA-972 / CDC 1076 / CIP 108378 / DSM 44985 / JCM 13578)	Mycobacteriales	55	32	22	54
A0A0T0MHH9_9CELL/2-69	A0A0T0MHH9	9CELL		None		32	36	68
A0A8J3YUW9_9ACTN/23-87	A0A8J3YUW9	9ACTN	Virgisporangium aliadipatigenens	Micromonosporales	105	32	33	65
A0A512HT78_9ACTN/42-91	A0A512HT78	9ACTN	Aeromicrobium flavum	Propionibacteriales	98	32	18	50
A0A7X8TKB2_9MICC/2-63	A0A7X8TKB2	9MICC	Nesterenkonia sedimenti	Micrococcales	64	32	30	62
A0A0Q7UW30_9MICO/2-61	A0A0Q7UW30	9MICO		None		32	28	60
A0A1B6AFX0_9ACTN/2-82	A0A1B6AFX0	9ACTN		None		32	49	81
A0A6I6DUT6_9MICO/2-61	A0A6I6DUT6	9MICO	Microbacterium oryzae	Micrococcales	62	32	28	60
A0A1I5U8W8_9ACTN/2-64	A0A1I5U8W8	9ACTN	Actinomadura madurae	Streptosporangiales	68	32	31	63
A0A4S4FI80_9MICO/2-66	A0A4S4FI80	9MICO	Naasia lichenicola	Micrococcales	67	32	33	65
A0A7Y7BBI8_STRMO/2-64	A0A7Y7BBI8	STRMO	Streptomyces morookaense (Streptoverticillium morookaense)	Kitasatosporales	86	32	31	63
A0A4Q2S9W1_9ACTN/2-60	A0A4Q2S9W1	9ACTN	Nocardioides ganghwensis	Propionibacteriales	62	32	27	59
A0A2H1L4G9_9MICO/2-64	A0A2H1L4G9	9MICO	Brevibacterium jeotgali	Micrococcales	64	32	31	63
A0A918LWH8_9ACTN/2-84	A0A918LWH8	9ACTN	Streptomyces phaeofaciens	Kitasatosporales	85	32	51	83
A0A7W7M3T6_9MICC/1-54	A0A7W7M3T6	9MICC	Micrococcus cohnii	Micrococcales	56	17	37	54
A0A3G8ZXA3_9ACTN/2-62	A0A3G8ZXA3	9ACTN	Nakamurella antarctica	Nakamurellales	63	32	29	61
A0A919PNY0_9ACTN/2-72	A0A919PNY0	9ACTN	Dactylosporangium siamense	Micromonosporales	76	32	39	71
A0A5P0YTN5_9ACTN/2-76	A0A5P0YTN5	9ACTN	Streptomyces alkaliterrae	Kitasatosporales	79	32	43	75
A0A4Y8KLU0_9MICO/2-82	A0A4Y8KLU0	9MICO	Cryobacterium psychrophilum	Micrococcales	86	32	49	81
A0A3L7AWQ4_9MICO/2-63	A0A3L7AWQ4	9MICO	Mycetocola lacteus	Micrococcales	63	32	30	62
A0A916SNT7_9MICO/7-90	A0A916SNT7	9MICO	Conyzicola nivalis	Micrococcales	92	32	52	84
A0A0A1DNK9_NOCSI/2-60	A0A0A1DNK9	NOCSI	Nocardioides simplex (Arthrobacter simplex)	Propionibacteriales	62	32	27	59
A0A7X0HGC2_9ACTN/2-78	A0A7X0HGC2	9ACTN	Streptomyces candidus	Kitasatosporales	82	32	45	77
A0A2P8B1F3_9ACTN/2-69	A0A2P8B1F3	9ACTN		None		32	36	68
A0A2V4P2T9_9ACTN/2-80	A0A2V4P2T9	9ACTN	Streptomyces tateyamensis	Kitasatosporales	83	32	47	79
A0A1C4H5X7_9BIFI/2-92	A0A1C4H5X7	9BIFI	Bifidobacterium commune	Bifidobacteriales	135	32	59	91
N0E4I0_9MICO/17-79	N0E4I0	9MICO	Phycicoccus elongatus Lp2	Micrococcales	80	32	31	63
A0A927M0H8_9ACTN/2-69	A0A927M0H8	9ACTN	Plantactinospora soyae	Micromonosporales	71	32	36	68
A0A1E8PWB5_9MYCO/2-63	A0A1E8PWB5	9MYCO	Mycolicibacterium grossiae	Mycobacteriales	64	32	30	62
A0A430FR01_9BIFI/2-89	A0A430FR01	9BIFI	Bifidobacterium dolichotidis	Bifidobacteriales	119	32	56	88
A0A428XM98_9ACTN/2-70	A0A428XM98	9ACTN		None		32	37	69
A0A430FIW7_9BIFI/2-94	A0A430FIW7	9BIFI	Bifidobacterium samirii	Bifidobacteriales	135	32	61	93
A0A7L7VQP2_9MICC/2-71	A0A7L7VQP2	9MICC		None		32	38	70
A0A9X3BVG9_9MYCO/2-60	A0A9X3BVG9	9MYCO	[Mycobacterium] manitobense	Mycobacteriales	61	32	27	59
A0A3N6D9V4_9ACTN/2-64	A0A3N6D9V4	9ACTN		None		32	31	63
A0A2N5XJZ8_9ACTN/2-78	A0A2N5XJZ8	9ACTN		None		32	45	77
A0A511ABV8_9MICO/2-62	A0A511ABV8	9MICO	Microbacterium aerolatum	Micrococcales	62	32	29	61
A0A087A0A8_9BIFI/2-90	A0A087A0A8	9BIFI	Bifidobacterium biavatii DSM 23969	Bifidobacteriales	128	32	57	89
A0A7U3UT97_9ACTN/2-65	A0A7U3UT97	9ACTN	Actinacidiphila reveromycinica	Kitasatosporales	89	32	32	64
A0A4U2YR05_9ACTN/2-60	A0A4U2YR05	9ACTN	Nocardioides jishulii	Propionibacteriales	61	32	27	59
I0QZV8_9MICO/2-60	I0QZV8	9MICO		None		32	27	59
A0A1H9T6X4_9ACTN/2-76	A0A1H9T6X4	9ACTN	Propionibacterium cyclohexanicum	Propionibacteriales	77	32	43	75
A0A429AT10_9ACTN/2-56	A0A429AT10	9ACTN		None		32	23	55
A0A5S4VB69_9MICO/2-63	A0A5S4VB69	9MICO	Agromyces mariniharenae	Micrococcales	66	32	30	62
A0A919BHW3_STRFL/2-64	A0A919BHW3	STRFL	Streptomyces filamentosus (Streptomyces roseosporus)	Kitasatosporales	84	32	31	63
A0A1H1WT31_9ACTN/2-61	A0A1H1WT31	9ACTN	Nocardioides scoriae	Propionibacteriales	66	32	28	60
A0A563E9P4_9MICO/2-62	A0A563E9P4	9MICO	Leekyejoonella antrihumi	Micrococcales	66	32	29	61
A0A3A4F5K6_9MICC/2-62	A0A3A4F5K6	9MICC	Nesterenkonia natronophila	Micrococcales	62	32	29	61
A0A8J3GS47_9MICO/2-68	A0A8J3GS47	9MICO	Pseudolysinimonas yzui	Micrococcales	69	32	35	67
A0A7W5V3Z5_9ACTN/2-69	A0A7W5V3Z5	9ACTN	Nonomuraea dietziae	Streptosporangiales	75	32	36	68
A0A5C4M314_9PSEU/2-62	A0A5C4M314	9PSEU	Amycolatopsis alkalitolerans	Pseudonocardiales	62	32	29	61
A0A3G9J0R8_9ACTN/13-72	A0A3G9J0R8	9ACTN	Nocardioides baekrokdamisoli	Propionibacteriales	72	32	28	60
E2PXT8_STRCL/21-83	E2PXT8	STRCL	Streptomyces clavuligerus	Kitasatosporales	101	32	31	63
A0A8J3TRI8_9ACTN/2-65	A0A8J3TRI8	9ACTN	Planosporangium mesophilum	Micromonosporales	72	32	32	64
A0A0Q5AVJ1_9MICO/2-64	A0A0Q5AVJ1	9MICO		None		32	31	63
A0A3B0B3S2_9MICO/2-61	A0A3B0B3S2	9MICO		None		32	28	60
A0A4P8RBL3_9MICO/2-62	A0A4P8RBL3	9MICO		None		32	29	61
L7LA22_9ACTN/2-61	L7LA22	9ACTN	Gordonia hirsuta DSM 44140 = NBRC 16056	Mycobacteriales	61	32	28	60
A0A0P7GHP5_9MICC/2-76	A0A0P7GHP5	9MICC		None		32	43	75
A0A5J6HF91_STRAD/2-64	A0A5J6HF91	STRAD	Streptomyces alboniger	Kitasatosporales	84	32	31	63
A0A1M5YXR2_9ACTN/2-84	A0A1M5YXR2	9ACTN		None		32	51	83
A0A3Q9G838_9ACTO/2-64	A0A3Q9G838	9ACTO	Flaviflexus ciconiae	Actinomycetales	74	32	31	63
A0A2W2CMC0_9ACTN/2-67	A0A2W2CMC0	9ACTN	Micromonospora deserti	Micromonosporales	71	32	34	66
A0A1S1R4H7_9ACTN/2-63	A0A1S1R4H7	9ACTN	Parafrankia colletiae	Frankiales	64	32	30	62
A0A944JY22_9ACTN/2-78	A0A944JY22	9ACTN		None		32	45	77
A0A495VQ72_9PSEU/2-61	A0A495VQ72	9PSEU	Saccharothrix australiensis	Pseudonocardiales	61	32	28	60
W5IHK9_SCAIO/2-78	W5IHK9	SCAIO	Scardovia inopinata F0304	Bifidobacteriales	116	32	45	77
A0A2S0WYT8_9MICO/2-64	A0A2S0WYT8	9MICO	Agromyces badenianii	Micrococcales	67	32	31	63
U7LE29_9CORY/2-64	U7LE29	9CORY		None		32	31	63
A0A2T0MX60_9ACTN/2-55	A0A2T0MX60	9ACTN	Nonomuraea fuscirosea	Streptosporangiales	56	32	22	54
A0A0Q5LKB4_9MICO/2-64	A0A0Q5LKB4	9MICO		None		32	31	63
A0A2M9CNI9_9MICO/2-62	A0A2M9CNI9	9MICO	Diaminobutyricimonas aerilata	Micrococcales	62	32	29	61
A0A2T0K0E5_9ACTN/2-69	A0A2T0K0E5	9ACTN	Actinoplanes italicus	Micromonosporales	78	32	36	68
A0A7X6R4X8_9NOCA/2-68	A0A7X6R4X8	9NOCA	Nocardia gamkensis	Mycobacteriales	68	32	35	67
A0A4R4PS10_9ACTN/2-66	A0A4R4PS10	9ACTN		None		32	33	65
A0A087CXV2_9BIFI/2-85	A0A087CXV2	9BIFI	Bifidobacterium reuteri DSM 23975	Bifidobacteriales	127	32	52	84
A0A918MCH8_9ACTN/2-80	A0A918MCH8	9ACTN	Streptomyces filipinensis	Kitasatosporales	83	32	47	79
A0A1E8FTQ1_9MICC/2-74	A0A1E8FTQ1	9MICC		None		32	41	73
A0A239BNH1_9ACTN/2-55	A0A239BNH1	9ACTN	Streptosporangium subroseum	Streptosporangiales	55	32	22	54
A0A7K0CMD9_9ACTN/2-64	A0A7K0CMD9	9ACTN	Streptomyces smaragdinus	Kitasatosporales	89	32	31	63
A0A1X1TIR6_9MYCO/2-59	A0A1X1TIR6	9MYCO	Mycolicibacterium doricum	Mycobacteriales	59	32	26	58
F8A4G6_CELGA/2-64	F8A4G6	CELGA	Cellulomonas gilvus (strain ATCC 13127 / NRRL B-14078) (Cellvibrio gilvus)	Micrococcales	67	32	31	63
S2YXT5_9CORY/2-61	S2YXT5	9CORY	Corynebacterium pyruviciproducens ATCC BAA-1742	Mycobacteriales	61	32	28	60
A0A553K5M6_9ACTN/2-77	A0A553K5M6	9ACTN	Tessaracoccus rhinocerotis	Propionibacteriales	78	32	44	76
A0A7Y7LX73_9MICC/2-72	A0A7Y7LX73	9MICC	Arthrobacter wenxiniae	Micrococcales	76	32	39	71
A0A0M8TGT2_9ACTN/2-64	A0A0M8TGT2	9ACTN		None		32	31	63
A0A291QBQ9_9ACTN/2-78	A0A291QBQ9	9ACTN	Streptomyces formicae	Kitasatosporales	83	32	45	77
C5C2R2_BEUC1/2-61	C5C2R2	BEUC1	Beutenbergia cavernae (strain ATCC BAA-8 / DSM 12333 / CCUG 43141 / JCM 11478 / NBRC 16432 / NCIMB 13614 / HKI 0122)	Micrococcales	62	32	28	60
A0A0Q8V9N8_9ACTN/2-60	A0A0Q8V9N8	9ACTN		None		32	27	59
A0A9W6P7W8_9ACTN/2-69	A0A9W6P7W8	9ACTN	Nocardiopsis ansamitocini	Streptosporangiales	88	32	36	68
U1PXW0_9ACTO/2-63	U1PXW0	9ACTO		None		32	30	62
A0A929B7R4_9PSEU/2-59	A0A929B7R4	9PSEU	Saccharopolyspora montiporae	Pseudonocardiales	59	32	26	58
A0A1G8JJ05_9ACTN/2-54	A0A1G8JJ05	9ACTN	Sinosporangium album	Streptosporangiales	55	32	21	53
A0A1M5HG09_9ACTN/2-61	A0A1M5HG09	9ACTN	Jatrophihabitans endophyticus	Jatrophihabitantales	62	32	28	60
A0A372JIZ0_9ACTN/2-63	A0A372JIZ0	9ACTN	Actinomadura logoneensis	Streptosporangiales	70	32	30	62
A0A5N0V7D7_9PSEU/2-62	A0A5N0V7D7	9PSEU	Amycolatopsis acidicola	Pseudonocardiales	62	32	29	61
A0A0Q6FY93_9MICO/2-68	A0A0Q6FY93	9MICO		None		32	35	67
A0A1H2N115_9ACTN/2-77	A0A1H2N115	9ACTN	Microlunatus sagamiharensis	Propionibacteriales	79	32	44	76
A0A372J7J7_9ACTN/2-72	A0A372J7J7	9ACTN		None		32	39	71
A0A5Q0HCL1_SACSY/2-60	A0A5Q0HCL1	SACSY	Saccharothrix syringae (Nocardiopsis syringae)	Pseudonocardiales	60	32	27	59
A0A2Z3YWH0_9CORY/2-57	A0A2Z3YWH0	9CORY	Corynebacterium provencense	Mycobacteriales	60	32	24	56
A0A1I3TY12_9CELL/2-67	A0A1I3TY12	9CELL		None		32	34	66
A0A095ZBL8_9CORY/2-60	A0A095ZBL8	9CORY		None		32	27	59
A0A0Q8UQM9_9MICO/2-64	A0A0Q8UQM9	9MICO		None		32	31	63
A0A939QIT6_9MICO/2-71	A0A939QIT6	9MICO	Microbacterium stercoris	Micrococcales	75	32	38	70
A0A4V3T3V6_9ACTN/2-83	A0A4V3T3V6	9ACTN		None		32	50	82
A0A1V2I3G0_9ACTN/2-70	A0A1V2I3G0	9ACTN	Pseudofrankia asymbiotica	Frankiales	71	32	37	69
A0A1S6JAP1_9ACTN/2-65	A0A1S6JAP1	9ACTN	Streptomyces pactum	Kitasatosporales	83	32	32	64
A0A941EMS5_9ACTN/2-63	A0A941EMS5	9ACTN	Actinospica durhamensis	Catenulisporales	85	31	31	62
R7WH31_9NOCA/2-56	R7WH31	9NOCA	Rhodococcus rhodnii LMG 5362	Mycobacteriales	56	32	23	55
A0A7Y0F3C3_9BIFI/2-91	A0A7Y0F3C3	9BIFI	Bifidobacterium moraviense	Bifidobacteriales	128	32	58	90
A0A1Q9LFP1_9PSEU/2-60	A0A1Q9LFP1	9PSEU	Actinokineospora bangkokensis	Pseudonocardiales	60	32	27	59
A0A3N4Z471_9MICO/2-65	A0A3N4Z471	9MICO	Georgenia muralis	Allobogoriellales	68	32	32	64
B1VIJ0_CORU7/2-57	B1VIJ0	CORU7	Corynebacterium urealyticum (strain ATCC 43042 / DSM 7109)	Mycobacteriales	57	32	24	56
A0A542SQI5_9MICO/2-62	A0A542SQI5	9MICO	Rarobacter incanus	Micrococcales	62	32	29	61
A0A221WBX2_9PSEU/2-61	A0A221WBX2	9PSEU	Actinoalloteichus hoggarensis	Pseudonocardiales	61	32	28	60
A0A286GG47_9ACTN/2-71	A0A286GG47	9ACTN	Blastococcus haudaquaticus	Geodermatophilales	74	32	38	70
A0A164E7J6_9MICO/2-66	A0A164E7J6	9MICO		None		32	33	65
A0A640UU85_9ACTN/2-64	A0A640UU85	9ACTN	Streptomyces tubercidicus	Kitasatosporales	81	32	31	63
A0A372FV45_9ACTN/2-66	A0A372FV45	9ACTN	Micromonospora craniellae	Micromonosporales	70	32	33	65
A0A6I5VTD4_9ACTN/2-74	A0A6I5VTD4	9ACTN		None		32	41	73
A0A939FE45_9ACTN/2-64	A0A939FE45	9ACTN	Streptomyces beijiangensis	Kitasatosporales	85	32	31	63
A0A7C9TRB6_9MICO/2-66	A0A7C9TRB6	9MICO	Galbitalea soli	Micrococcales	67	32	33	65
A0A7Y6ALA1_9MICC/2-73	A0A7Y6ALA1	9MICC		None		32	40	72
J1ZW68_9ACTN/2-64	J1ZW68	9ACTN	Streptomyces auratus AGR0001	Kitasatosporales	81	32	31	63
A0A3Q9UJS0_9ACTN/2-67	A0A3Q9UJS0	9ACTN	Acidipropionibacterium jensenii	Propionibacteriales	69	32	34	66
A0A917IQI2_9MICC/2-69	A0A917IQI2	9MICC	Rothia aerolata	Micrococcales	70	32	36	68
A0A0M5LXZ1_9MICC/2-70	A0A0M5LXZ1	9MICC	Arthrobacter alpinus	Micrococcales	76	32	37	69
A0A895XSQ9_9ACTN/2-70	A0A895XSQ9	9ACTN	Natronoglycomyces albus	Glycomycetales	102	32	37	69
A0A4Q4ZGX2_9ACTN/2-61	A0A4Q4ZGX2	9ACTN	Nocardioides guangzhouensis	Propionibacteriales	63	32	28	60
Q0RUD0_FRAAA/2-65	Q0RUD0	FRAAA	Frankia alni (strain DSM 45986 / CECT 9034 / ACN14a)	Frankiales	68	32	32	64
A0A543HH85_9MICO/2-60	A0A543HH85	9MICO	Klugiella xanthotipulae	Micrococcales	60	32	27	59
A0A1N7GXD1_9NOCA/2-59	A0A1N7GXD1	9NOCA	Williamsia sterculiae	Mycobacteriales	59	32	26	58
M3VFC1_GORML/2-61	M3VFC1	GORML	Gordonia malaquae NBRC 108250	Mycobacteriales	61	32	28	60
K6X1U3_9MICO/9-68	K6X1U3	9MICO	Kineosphaera limosa NBRC 100340	Micrococcales	70	32	28	60
A0A917IDM9_9MICO/2-61	A0A917IDM9	9MICO	Microbacterium album	Micrococcales	62	32	28	60
A0A543IQF8_9ACTN/2-79	A0A543IQF8	9ACTN	Thermopolyspora flexuosa	Streptosporangiales	80	32	46	78
A0A438MK16_9ACTN/2-56	A0A438MK16	9ACTN	Nonomuraea polychroma	Streptosporangiales	56	32	23	55
U5VRZ3_9ACTN/2-70	U5VRZ3	9ACTN	Actinoplanes friuliensis DSM 7358	Micromonosporales	72	32	37	69
A0A366ZT39_9ACTN/2-74	A0A366ZT39	9ACTN		None		32	41	73
A0A7G5ZLR2_9MICO/2-61	A0A7G5ZLR2	9MICO		None		32	28	60
O53824_MYCTO/2-60	O53824	MYCTO	Mycobacterium tuberculosis (strain CDC 1551 / Oshkosh)	Mycobacteriales	60	32	27	59
A0A931A893_9ACTN/2-55	A0A931A893	9ACTN	Nonomuraea cypriaca	Streptosporangiales	56	32	22	54
A0A918CQB9_9ACTN/2-85	A0A918CQB9	9ACTN	Streptomyces fuscichromogenes	Kitasatosporales	88	32	52	84
D6ZKI5_MOBCV/2-65	D6ZKI5	MOBCV	Mobiluncus curtisii (strain ATCC 43063 / DSM 2711 / CCUG 24716 / V125) (Falcivibrio vaginalis)	Actinomycetales	73	32	32	64
A0A2M9C4R7_9MICO/2-63	A0A2M9C4R7	9MICO	Compostimonas suwonensis	Micrococcales	66	32	30	62
A0A4U3ML34_9ACTN/2-75	A0A4U3ML34	9ACTN	Herbidospora galbida	Streptosporangiales	78	32	42	74
A0A4Q2KTC0_9MICO/2-63	A0A4Q2KTC0	9MICO	Agromyces albus	Micrococcales	66	32	30	62
A0A841G0H1_9ACTN/1-65	A0A841G0H1	9ACTN	Phytomonospora endophytica	Micromonosporales	69	21	44	65
A0A291GR73_9MICO/2-63	A0A291GR73	9MICO	Brachybacterium vulturis	Micrococcales	66	32	30	62
A0A4T0V980_9ACTN/2-62	A0A4T0V980	9ACTN		None		32	29	61
Q8NMJ1_CORGL/2-67	Q8NMJ1	CORGL	Corynebacterium glutamicum (strain ATCC 13032 / DSM 20300 / JCM 1318 / BCRC 11384 / CCUG 27702 / LMG 3730 / NBRC 12168 / NCIMB 10025 / NRRL B-2784 / 534)	Mycobacteriales	71	32	34	66
A0A841D279_PLAVE/2-55	A0A841D279	PLAVE	Planomonospora venezuelensis	Streptosporangiales	55	32	22	54
A0A940WNG9_9ACTN/2-58	A0A940WNG9	9ACTN	Microbispora oryzae	Streptosporangiales	70	31	26	57
A0A372G9T0_9ACTN/2-64	A0A372G9T0	9ACTN	Actinomadura spongiicola	Streptosporangiales	68	32	31	63
A0A1G4V8M4_9MICO/2-73	A0A1G4V8M4	9MICO		None		32	40	72
C7MRD7_SACVD/2-61	C7MRD7	SACVD	Saccharomonospora viridis (strain ATCC 15386 / DSM 43017 / JCM 3036 / CCUG 5913 / NBRC 12207 / NCIMB 9602 / P101) (Thermoactinomyces viridis)	Pseudonocardiales	61	32	28	60
H5X933_9PSEU/2-61	H5X933	9PSEU	Saccharomonospora marina XMU15	Pseudonocardiales	61	32	28	60
A0A974UTP3_9PSEU/2-62	A0A974UTP3	9PSEU		None		32	29	61
J0DF23_9BIFI/2-98	J0DF23	9BIFI	Scardovia wiggsiae F0424	Bifidobacteriales	136	32	65	97
A0A6I5W8Z6_9ACTN/2-66	A0A6I5W8Z6	9ACTN		None		32	33	65
A0A516G7P6_9MICO/2-65	A0A516G7P6	9MICO	Ornithinimicrobium ciconiae	Micrococcales	66	32	32	64
A0A8H9IT10_9PSEU/2-61	A0A8H9IT10	9PSEU	Amycolatopsis bartoniae	Pseudonocardiales	61	32	28	60
A0A2A3H3N2_9ACTN/2-81	A0A2A3H3N2	9ACTN		None		32	48	80
A0A543I836_9ACTN/2-64	A0A543I836	9ACTN	Actinomadura hallensis	Streptosporangiales	68	32	31	63
H0QNV4_ARTG1/2-73	H0QNV4	ARTG1	Arthrobacter globiformis (strain ATCC 8010 / DSM 20124 / JCM 1332 / NBRC 12137 / NCIMB 8907 / NRRL B-2979 / 168)	Micrococcales	77	32	40	72
A0A7W5VDT8_9ACTN/2-56	A0A7W5VDT8	9ACTN	Nonomuraea dietziae	Streptosporangiales	57	32	23	55
A0A0W1KHM3_9ACTO/2-60	A0A0W1KHM3	9ACTO	Trueperella bernardiae	Actinomycetales	65	32	27	59
A0A3N1GAR9_9ACTN/2-64	A0A3N1GAR9	9ACTN	Pseudokineococcus lusitanus	Kineosporiales	65	32	31	63
A0A7L5Z593_9ACTN/2-61	A0A7L5Z593	9ACTN		None		32	28	60
A0A7X0G521_9ACTN/2-62	A0A7X0G521	9ACTN	Actinomadura coerulea	Streptosporangiales	63	32	29	61
A0A4P6EM17_9MICO/2-65	A0A4P6EM17	9MICO	Xylanimonas allomyrinae	Micrococcales	66	32	32	64
A0A7G9XQF0_9MICO/2-66	A0A7G9XQF0	9MICO		None		32	33	65
A0A0Q4FFG9_9MICO/2-74	A0A0Q4FFG9	9MICO		None		32	41	73
A0A926KB02_9MICO/2-76	A0A926KB02	9MICO		None		32	43	75
A0A1I4LUD6_9MICO/2-66	A0A1I4LUD6	9MICO		None		32	33	65
D9WYT1_STRVT/2-65	D9WYT1	STRVT	Streptomyces viridochromogenes (strain DSM 40736 / JCM 4977 / BCRC 1201 / Tue 494)	Kitasatosporales	83	32	32	64
A0A1M6SBV6_PSETH/2-65	A0A1M6SBV6	PSETH	Pseudonocardia thermophila	Pseudonocardiales	67	32	32	64
A0A931E0T0_9MICO/2-80	A0A931E0T0	9MICO		None		32	47	79
A0A448PF91_9ACTO/2-74	A0A448PF91	9ACTO	Trueperella bialowiezensis	Actinomycetales	77	32	41	73
A0A0V8HY85_9MICC/2-70	A0A0V8HY85	9MICC		None		32	37	69
A0A7X0IK63_9ACTN/1-63	A0A7X0IK63	9ACTN	Sphaerisporangium rubeum	Streptosporangiales	65	23	40	63
C3PIV0_CORA7/2-74	C3PIV0	CORA7	Corynebacterium aurimucosum (strain ATCC 700975 / DSM 44827 / CIP 107346 / CN-1) (Corynebacterium nigricans)	Mycobacteriales	75	32	41	73
A0A5C8JBM5_9ACTN/2-65	A0A5C8JBM5	9ACTN		None		32	32	64
A0A5Q0NWM8_9ACTN/2-61	A0A5Q0NWM8	9ACTN		None		32	28	60
A0A5C8HNS5_9MICO/2-63	A0A5C8HNS5	9MICO	Microbacterium mitrae	Micrococcales	64	32	30	62
A0A7X0VBX8_9ACTN/2-58	A0A7X0VBX8	9ACTN	Nocardioides luti	Propionibacteriales	61	32	25	57
A0A1G8X5C9_ACTMZ/2-58	A0A1G8X5C9	ACTMZ	Actinopolyspora mzabensis	Actinopolysporales	58	32	25	57
A0A0I9URL9_9MYCO/2-63	A0A0I9URL9	9MYCO	Mycobacterium haemophilum	Mycobacteriales	63	32	30	62
A0A4Y9MYG9_9ACTN/2-73	A0A4Y9MYG9	9ACTN		None		32	40	72
A0A1C4LI67_9ACTN/2-81	A0A1C4LI67	9ACTN		None		32	48	80
F2REK6_STRVP/2-79	F2REK6	STRVP	Streptomyces venezuelae (strain ATCC 10712 / CBS 650.69 / DSM 40230 / JCM 4526 / NBRC 13096 / PD 04745)	Kitasatosporales	84	32	46	78
A0A318AEA6_9MICC/2-72	A0A318AEA6	9MICC		None		32	39	71
E3IXE7_PSEI1/2-68	E3IXE7	PSEI1	Pseudofrankia inefficax (strain DSM 45817 / CECT 9037 / DDB 130130 / EuI1c) (Frankia inefficax)	Frankiales	70	32	35	67
A0A919RQA3_9ACTN/2-71	A0A919RQA3	9ACTN	Sinosporangium siamense	Streptosporangiales	74	32	38	70
F5Z0K5_MYCSD/2-55	F5Z0K5	MYCSD	Mycolicibacter sinensis (strain JDM601) (Mycobacterium sinense)	Mycobacteriales	55	32	22	54
A0A0F0LVA0_9MICO/2-66	A0A0F0LVA0	9MICO	Microbacterium ginsengisoli	Micrococcales	68	32	33	65
A0A088QIL5_9CORY/2-56	A0A088QIL5	9CORY		None		32	23	55
A0A0Q5CGV1_9MICO/2-67	A0A0Q5CGV1	9MICO		None		32	34	66
A0A1I0L3D6_9ACTN/2-56	A0A1I0L3D6	9ACTN	Nonomuraea wenchangensis	Streptosporangiales	56	32	23	55
W5YAI2_9CORY/2-66	W5YAI2	9CORY	Corynebacterium vitaeruminis DSM 20294	Mycobacteriales	79	32	33	65
A0A1H0PNH7_9PSEU/2-60	A0A1H0PNH7	9PSEU	Actinokineospora alba	Pseudonocardiales	60	32	27	59
A0A931D4D3_9MICC/13-77	A0A931D4D3	9MICC	Zhihengliuella flava	Micrococcales	82	32	33	65
A0A0Q8CEI3_9MICO/2-74	A0A0Q8CEI3	9MICO		None		32	41	73
A0A238W7N5_9PSEU/2-64	A0A238W7N5	9PSEU	Haloechinothrix alba	Pseudonocardiales	68	32	31	63
A0A5Q2W183_9CELL/2-62	A0A5Q2W183	9CELL		None		32	29	61
A0A7X6KVE9_9CELL/2-61	A0A7X6KVE9	9CELL	Cellulomonas denverensis	Micrococcales	61	32	28	60
A0A0M8MKT1_9MICO/2-61	A0A0M8MKT1	9MICO	Microbacterium aurantiacum	Micrococcales	61	32	28	60
U5E8P5_NOCAS/2-72	U5E8P5	NOCAS	Nocardia asteroides NBRC 15531	Mycobacteriales	72	32	39	71
A0A7X6HFM1_9MICC/2-74	A0A7X6HFM1	9MICC	Arthrobacter mobilis	Micrococcales	76	32	41	73
A0A1Q4WFW8_9ACTN/2-69	A0A1Q4WFW8	9ACTN		None		32	36	68
A0AA41PVK7_9ACTN/2-78	A0AA41PVK7	9ACTN	Yinghuangia soli	Kitasatosporales	82	32	45	77
A0A4P8TKU4_9MICO/2-62	A0A4P8TKU4	9MICO		None		32	29	61
A0A7W7RLJ4_9ACTN/2-65	A0A7W7RLJ4	9ACTN	Lipingzhangella halophila	Streptosporangiales	86	32	32	64
A0A4Y9QHV5_9ACTN/2-74	A0A4Y9QHV5	9ACTN		None		32	41	73
K0KCY6_SACES/2-62	K0KCY6	SACES	Saccharothrix espanaensis (strain ATCC 51144 / DSM 44229 / JCM 9112 / NBRC 15066 / NRRL 15764)	Pseudonocardiales	62	32	29	61
A0A0M9X665_9ACTN/2-79	A0A0M9X665	9ACTN	Streptomyces caelestis	Kitasatosporales	82	32	46	78
A0A1Q5GPT6_9ACTN/2-80	A0A1Q5GPT6	9ACTN		None		32	47	79
A0A1V2RJ73_9ACTN/2-69	A0A1V2RJ73	9ACTN		None		32	36	68
A0A918M8I9_9ACTN/2-67	A0A918M8I9	9ACTN	Streptomyces lavendofoliae	Kitasatosporales	86	32	34	66
A0A931BZH2_9ACTN/2-68	A0A931BZH2	9ACTN	Actinoplanes aureus	Micromonosporales	72	32	35	67
A0A0Q8E1V3_9ACTN/2-59	A0A0Q8E1V3	9ACTN		None		32	26	58
A0A371PRZ3_STRIH/2-81	A0A371PRZ3	STRIH	Streptomyces inhibens	Kitasatosporales	83	32	48	80
A0A2S9Z249_9CORY/2-55	A0A2S9Z249	9CORY		None		32	22	54
A0A0Q6VZF3_9ACTN/2-59	A0A0Q6VZF3	9ACTN		None		32	26	58
A0A1G8Y5N3_9ACTN/2-53	A0A1G8Y5N3	9ACTN	Nonomuraea jiangxiensis	Streptosporangiales	53	32	20	52
A0A6I5N1T6_9BIFI/2-86	A0A6I5N1T6	9BIFI	Bifidobacterium choloepi	Bifidobacteriales	151	32	53	85
A0A081XIW4_STRTO/2-76	A0A081XIW4	STRTO	Streptomyces toyocaensis	Kitasatosporales	82	32	43	75
A0A3N0CBK1_9ACTN/2-61	A0A3N0CBK1	9ACTN	Nocardioides marmoriginsengisoli	Propionibacteriales	64	32	28	60
A0A6G4VG68_9ACTN/2-82	A0A6G4VG68	9ACTN	Streptomyces scabichelini	Kitasatosporales	85	32	49	81
A0A7H1B8R4_9ACTN/2-83	A0A7H1B8R4	9ACTN	Streptomyces xanthii	Kitasatosporales	87	32	50	82
A0A448HZC0_MYCCI/2-58	A0A448HZC0	MYCCI	Mycolicibacterium chitae (Mycobacterium chitae)	Mycobacteriales	58	32	25	57
A0A6H1R3Z4_9PSEU/2-61	A0A6H1R3Z4	9PSEU		None		32	28	60
A0A939MNE3_9MICO/2-57	A0A939MNE3	9MICO	Leucobacter weissii	Micrococcales	57	32	24	56
A0A7Z1AX01_9PSEU/2-60	A0A7Z1AX01	9PSEU	Actinophytocola xinjiangensis	Pseudonocardiales	60	32	27	59
A0A1B9NAF6_9MICO/2-61	A0A1B9NAF6	9MICO	Microbacterium sediminis	Micrococcales	61	32	28	60
A0A087DTT8_9BIFI/2-90	A0A087DTT8	9BIFI	Bifidobacterium subtile	Bifidobacteriales	225	32	57	89
A0A7W7M5Y4_9ACTN/1-55	A0A7W7M5Y4	9ACTN	Actinoplanes octamycinicus	Micromonosporales	59	21	34	55
C7MAJ4_BRAFD/2-63	C7MAJ4	BRAFD	Brachybacterium faecium (strain ATCC 43885 / DSM 4810 / JCM 11609 / LMG 19847 / NBRC 14762 / NCIMB 9860 / 6-10)	Micrococcales	66	32	30	62
A0A150VXD3_9ACTN/2-64	A0A150VXD3	9ACTN		None		32	31	63
A0AB38RB15_RHOSG/2-67	A0AB38RB15	RHOSG	Rhodococcus qingshengii JCM 15477	Mycobacteriales	67	32	34	66
A0A1I0VFH9_9PSEU/2-61	A0A1I0VFH9	9PSEU	Amycolatopsis marina	Pseudonocardiales	61	32	28	60
A0A1A3BUJ5_9MYCO/2-59	A0A1A3BUJ5	9MYCO		None		32	26	58
A0A853CFF0_9ACTN/1-61	A0A853CFF0	9ACTN	Petropleomorpha daqingensis	Geodermatophilales	61	21	40	61
A0A4S8QAN1_9ACTN/2-71	A0A4S8QAN1	9ACTN	Glycomyces buryatensis	Glycomycetales	84	32	38	70
A0A367EZX7_9ACTN/2-83	A0A367EZX7	9ACTN	Streptomyces diacarni	Kitasatosporales	85	32	50	82
A0A918PVY4_9ACTN/2-79	A0A918PVY4	9ACTN	Streptomyces poonensis	Kitasatosporales	81	32	46	78
A0A0G3GRU3_9CORY/2-62	A0A0G3GRU3	9CORY	Corynebacterium epidermidicanis	Mycobacteriales	70	32	29	61
A0A085LFR3_9MICO/2-68	A0A085LFR3	9MICO		None		32	35	67
A0A0A0JFK9_9MICO/2-63	A0A0A0JFK9	9MICO	Knoellia subterranea KCTC 19937	Micrococcales	64	32	30	62
A0A7Y9DMP4_9ACTN/2-82	A0A7Y9DMP4	9ACTN	Kineococcus aurantiacus	Kineosporiales	84	32	49	81
A0A1H5FU85_9ACTN/2-82	A0A1H5FU85	9ACTN		None		32	49	81
A0A168I7V8_9ACTN/2-67	A0A168I7V8	9ACTN		None		32	34	66
E6SD89_INTC7/2-63	E6SD89	INTC7	Intrasporangium calvum (strain ATCC 23552 / DSM 43043 / JCM 3097 / NBRC 12989 / NCIMB 10167 / NRRL B-3866 / 7 KIP)	Micrococcales	64	32	30	62
A0A0M5KZP4_9ACTN/2-69	A0A0M5KZP4	9ACTN		None		32	36	68
A0A918A0E1_9ACTN/2-56	A0A918A0E1	9ACTN	Nonomuraea glycinis	Streptosporangiales	56	32	23	55
A0A5J6Z6H7_9CORY/2-59	A0A5J6Z6H7	9CORY	Corynebacterium urogenitale	Mycobacteriales	59	32	26	58
A0A5B8JL84_9MICC/2-73	A0A5B8JL84	9MICC		None		32	40	72
A0A3M2JNP0_9CELL/2-63	A0A3M2JNP0	9CELL	Cellulomonas triticagri	Micrococcales	63	32	30	62
A0A1M4S0I4_9ACTO/2-68	A0A1M4S0I4	9ACTO	Actinomyces glycerinitolerans	Actinomycetales	69	32	35	67
A0A2T3G8N3_9BIFI/2-100	A0A2T3G8N3	9BIFI	Bifidobacterium callitrichos	Bifidobacteriales	141	32	67	99
A0A6L5QZ56_9MICO/2-64	A0A6L5QZ56	9MICO	Agromyces kandeliae	Micrococcales	66	32	31	63
A0A1V4D815_9ACTN/2-64	A0A1V4D815	9ACTN	Streptomyces antioxidans	Kitasatosporales	84	32	31	63
A0A4Q7Y8L9_9ACTN/2-73	A0A4Q7Y8L9	9ACTN	Blastococcus saxobsidens	Geodermatophilales	74	32	40	72
A0A3N2G523_9CELL/2-67	A0A3N2G523	9CELL		None		32	34	66
A0A563F176_9PSEU/2-61	A0A563F176	9PSEU	Lentzea tibetensis	Pseudonocardiales	61	32	28	60
A0A6B8WDY1_9CORY/2-73	A0A6B8WDY1	9CORY	Corynebacterium occultum	Mycobacteriales	82	32	40	72
A0A7Y9J780_9PSEU/2-61	A0A7Y9J780	9PSEU	Actinomycetospora corticicola	Pseudonocardiales	62	32	28	60
A0A3N2JT23_9CELL/2-63	A0A3N2JT23	9CELL		None		32	30	62
A0A1I2KNS9_9ACTN/2-69	A0A1I2KNS9	9ACTN	Actinoplanes philippinensis	Micromonosporales	77	32	36	68
A0A7K1UHY3_9MICC/2-61	A0A7K1UHY3	9MICC	Nesterenkonia alkaliphila	Micrococcales	61	32	28	60
A0A8T4J4Z2_9ACTN/2-64	A0A8T4J4Z2	9ACTN	Streptomyces daliensis	Kitasatosporales	85	32	31	63
A0A1R4G819_9MICO/1-48	A0A1R4G819	9MICO	Agrococcus casei LMG 22410	Micrococcales	48	17	31	48
A0A949U3M5_9CORY/2-63	A0A949U3M5	9CORY		None		32	30	62
A0A3N4SAC2_9ACTN/2-65	A0A3N4SAC2	9ACTN		None		32	32	64
A0A1C5JBY0_9ACTN/2-66	A0A1C5JBY0	9ACTN	Micromonospora halophytica	Micromonosporales	71	32	33	65
A0A1Q5PME6_9ACTO/2-72	A0A1Q5PME6	9ACTO	Boudabousia marimammalium	Actinomycetales	72	32	39	71
A0A3R9VMK7_9ACTN/2-79	A0A3R9VMK7	9ACTN		None		32	46	78
A0A543CLH3_9ACTN/2-72	A0A543CLH3	9ACTN	Actinoallomurus bryophytorum	Streptosporangiales	77	32	39	71
A0A095X689_9ACTO/2-66	A0A095X689	9ACTO		None		32	33	65
A0A6N7KRP8_9ACTN/2-74	A0A6N7KRP8	9ACTN	Streptomyces kaniharaensis	Kitasatosporales	85	32	41	73
W9GJ80_9MICO/2-62	W9GJ80	9MICO	Intrasporangium chromatireducens Q5-1	Micrococcales	63	32	29	61
A0A7Y9JLK3_9MICO/2-61	A0A7Y9JLK3	9MICO	Microbacterium pseudoresistens	Micrococcales	61	32	28	60
A0A543AM57_9MICC/17-81	A0A543AM57	9MICC	Enteractinococcus coprophilus	Micrococcales	81	32	33	65
A0A7M2T1S6_STRCW/2-66	A0A7M2T1S6	STRCW	Streptomyces chromofuscus	Kitasatosporales	84	32	33	65
A0A927F031_9ACTN/2-63	A0A927F031	9ACTN	Streptomyces chumphonensis	Kitasatosporales	83	32	30	62
A0A975LAX1_9ACTN/2-74	A0A975LAX1	9ACTN	Nocardiopsis eucommiae	Streptosporangiales	75	32	41	73
A0A6I2F3Z8_9MICO/2-62	A0A6I2F3Z8	9MICO	Agromyces agglutinans	Micrococcales	66	32	29	61
A0A086ZKV7_9BIFI/2-79	A0A086ZKV7	9BIFI	Bifidobacterium boum	Bifidobacteriales	124	32	46	78
A0A6N2I0F6_9ACTN/2-63	A0A6N2I0F6	9ACTN		None		32	30	62
A0A366ZZ99_9ACTN/2-73	A0A366ZZ99	9ACTN		None		32	40	72
A0A7Z0PVK6_9ACTN/2-64	A0A7Z0PVK6	9ACTN		None		32	31	63
A0A132ML06_9ACTN/2-73	A0A132ML06	9ACTN	Carbonactinospora thermoautotrophica	Kitasatosporales	73	32	40	72
A0A5B7UUY8_9ACTN/2-81	A0A5B7UUY8	9ACTN		None		32	48	80
A0A5C8UR94_9MICO/2-78	A0A5C8UR94	9MICO	Lacisediminihabitans profunda	Micrococcales	79	32	45	77
A0A917EZN1_9MICO/2-69	A0A917EZN1	9MICO	Subtercola lobariae	Micrococcales	74	32	36	68
A0A239MN46_9ACTN/2-63	A0A239MN46	9ACTN	Streptosporangium subroseum	Streptosporangiales	77	32	30	62
A0A7Z7IPD1_9MYCO/2-63	A0A7Z7IPD1	9MYCO	Mycobacterium simulans	Mycobacteriales	64	32	30	62
A0A3M2MF51_9ACTN/2-63	A0A3M2MF51	9ACTN	Actinomadura harenae	Streptosporangiales	70	32	30	62
A0A840P4M1_9ACTN/1-42	A0A840P4M1	9ACTN	Thermocatellispora tengchongensis	Streptosporangiales	43	21	21	42
A0A3P3W2I6_9MICO/2-69	A0A3P3W2I6	9MICO	Gulosibacter macacae	Micrococcales	71	32	36	68
A0A510USA8_9CELL/2-65	A0A510USA8	9CELL	Cellulomonas persica	Micrococcales	66	32	32	64
A0A2S8WW68_9MICC/2-72	A0A2S8WW68	9MICC		None		32	39	71
A0A2S8ZX04_9MICO/2-63	A0A2S8ZX04	9MICO		None		32	30	62
C4RJL9_MICS3/8-72	C4RJL9	MICS3		None		32	33	65
A0A6B2XMK5_9ACTN/2-81	A0A6B2XMK5	9ACTN		None		32	48	80
A0A7C8FXL0_9MICO/2-63	A0A7C8FXL0	9MICO	Pseudoclavibacter caeni	Micrococcales	63	32	30	62
A0A7W3PGU8_9MICO/2-66	A0A7W3PGU8	9MICO	Promicromonospora sukumoe	Micrococcales	70	32	33	65
A0A0W8IC63_9MICC/2-67	A0A0W8IC63	9MICC	Nesterenkonia jeotgali	Micrococcales	67	32	34	66
A0A2P2GL73_STREW/2-64	A0A2P2GL73	STREW	Streptomyces showdoensis	Kitasatosporales	84	32	31	63
A0A940WPD3_9ACTN/2-71	A0A940WPD3	9ACTN	Microbispora oryzae	Streptosporangiales	75	32	38	70
A0A370HSJ3_9NOCA/2-73	A0A370HSJ3	9NOCA	Nocardia pseudobrasiliensis	Mycobacteriales	74	32	40	72
A0A0L0BB37_9MICC/2-67	A0A0L0BB37	9MICC		None		32	34	66
A0A9X1QQ62_9CORY/2-71	A0A9X1QQ62	9CORY	Corynebacterium uropygiale	Mycobacteriales	72	32	38	70
A0A7W0CIU7_9ACTN/2-56	A0A7W0CIU7	9ACTN	Nonomuraea soli	Streptosporangiales	56	32	23	55
A0A934U539_9NOCA/2-69	A0A934U539	9NOCA	Antrihabitans stalagmiti	Mycobacteriales	69	32	36	68
G2G8I4_9ACTN/2-65	G2G8I4	9ACTN	Streptomyces zinciresistens K42	Kitasatosporales	85	32	32	64
A0A1D9MI77_9ACTO/2-77	A0A1D9MI77	9ACTO	Boudabousia tangfeifanii	Actinomycetales	82	32	44	76
A0A2T7T6B4_9ACTN/2-78	A0A2T7T6B4	9ACTN	Streptomyces scopuliridis RB72	Kitasatosporales	83	32	45	77
A0A2H5B355_9ACTN/2-80	A0A2H5B355	9ACTN		None		32	47	79
A0A849K4T3_9MICO/2-64	A0A849K4T3	9MICO	Isoptericola sediminis	Micrococcales	66	32	31	63
A0A1I2JGZ2_9ACTN/2-80	A0A1I2JGZ2	9ACTN	Actinacidiphila alni	Kitasatosporales	82	32	47	79
A0A1G9YFG3_9ACTN/2-64	A0A1G9YFG3	9ACTN	Actinacidiphila guanduensis	Kitasatosporales	85	32	31	63
A0A6I0FJK3_9CORY/2-65	A0A6I0FJK3	9CORY		None		32	32	64
A0A1D8T780_9NOCA/2-66	A0A1D8T780	9NOCA		None		32	33	65
K0ENP3_NOCB7/2-68	K0ENP3	NOCB7	Nocardia brasiliensis (strain ATCC 700358 / HUJEG-1)	Mycobacteriales	68	32	35	67
A0A0Q7JG74_9ACTN/2-63	A0A0Q7JG74	9ACTN		None		32	30	62
A0A2P8PZA9_9ACTN/2-64	A0A2P8PZA9	9ACTN	Streptomyces dioscori	Kitasatosporales	83	32	31	63
D2S5N9_GEOOG/2-71	D2S5N9	GEOOG	Geodermatophilus obscurus (strain ATCC 25078 / DSM 43160 / JCM 3152 / CCUG 61914 / KCC A-0152 / KCTC 9177 / NBRC 13315 / NRRL B-3577 / G-20)	Geodermatophilales	73	32	38	70
A0A1I3RX57_9PSEU/2-61	A0A1I3RX57	9PSEU	Amycolatopsis sacchari	Pseudonocardiales	61	32	28	60
A0A1Q5PZW7_9ACTO/2-62	A0A1Q5PZW7	9ACTO	Bowdeniella nasicola	Actinomycetales	62	32	29	61
A0A1C5GZB6_9ACTN/2-69	A0A1C5GZB6	9ACTN	Micromonospora siamensis	Micromonosporales	72	32	36	68
A0A2N6PHX5_9MICO/2-64	A0A2N6PHX5	9MICO	Brevibacterium luteolum	Micrococcales	71	32	31	63
A0A1F1L015_9CORY/4-68	A0A1F1L015	9CORY		None		32	33	65
A0A1Q2CVH6_9ACTN/2-71	A0A1Q2CVH6	9ACTN	Tessaracoccus flavescens	Propionibacteriales	73	32	38	70
A0A0C2B298_9ACTN/2-65	A0A0C2B298	9ACTN		None		32	32	64
A0A0T2KZF5_9MICO/2-59	A0A0T2KZF5	9MICO		None		32	26	58
A0A7D4TJN2_9MICO/2-71	A0A7D4TJN2	9MICO	Aquiluna borgnonia	Micrococcales	72	32	38	70
A0A934U8H1_9NOCA/2-67	A0A934U8H1	9NOCA		None		32	34	66
A0A0Q5N4X6_9MICO/2-63	A0A0Q5N4X6	9MICO		None		32	30	62
A0A916T5D0_9ACTN/2-63	A0A916T5D0	9ACTN	Gordonia jinhuaensis	Mycobacteriales	64	32	30	62
A0A516Q4Q5_9ACTN/2-72	A0A516Q4Q5	9ACTN	Microlunatus elymi	Propionibacteriales	74	32	39	71
A0A2N9JAP4_9ACTN/2-69	A0A2N9JAP4	9ACTN	Micropruina glycogenica	Propionibacteriales	76	32	36	68
A0A917ESM7_9MICC/20-77	A0A917ESM7	9MICC	Nesterenkonia cremea	Micrococcales	77	32	26	58
A0AA95FRD8_9ACTN/2-58	A0AA95FRD8	9ACTN		None		32	25	57
A0A419HQT8_9PSEU/2-61	A0A419HQT8	9PSEU		None		32	28	60
A0A934MEK0_9MICO/2-67	A0A934MEK0	9MICO	Sanguibacter suaedae	Micrococcales	68	32	34	66
A0A7X5R1F8_9MICO/2-59	A0A7X5R1F8	9MICO	Lysinibacter cavernae	Micrococcales	59	32	26	58
A0A6N4VH47_9MYCO/2-61	A0A6N4VH47	9MYCO	Mycolicibacterium poriferae	Mycobacteriales	61	32	28	60
A0A0A0BWM7_9CELL/2-63	A0A0A0BWM7	9CELL	Cellulomonas carbonis T26	Micrococcales	64	32	30	62
A0A1L7CP31_CORFL/2-63	A0A1L7CP31	CORFL	Corynebacterium flavescens	Mycobacteriales	64	32	30	62
A0A5N5RMF7_9BIFI/2-89	A0A5N5RMF7	9BIFI	Bifidobacterium jacchi	Bifidobacteriales	136	32	56	88
A0A384ING8_9ACTN/2-65	A0A384ING8	9ACTN		None		32	32	64
A0A061M0A5_9MICO/2-70	A0A061M0A5	9MICO		None		32	37	69
S5SWP3_9CORY/2-72	S5SWP3	9CORY	Corynebacterium maris DSM 45190	Mycobacteriales	76	32	39	71
A0A7M2BXZ5_9MICC/2-69	A0A7M2BXZ5	9MICC		None		32	36	68
A0A562V1U2_9ACTN/2-69	A0A562V1U2	9ACTN	Stackebrandtia albiflava	Glycomycetales	70	32	36	68
A0A506Y5U7_9MICO/2-63	A0A506Y5U7	9MICO		None		32	30	62
A0A839RY17_9PSEU/2-62	A0A839RY17	9PSEU	Prauserella isguenensis	Pseudonocardiales	62	32	29	61
A0A4R1AJE5_9ACTN/2-57	A0A4R1AJE5	9ACTN		None		32	24	56
A0A7J5BET9_9MICO/2-75	A0A7J5BET9	9MICO	Gulosibacter chungangensis	Micrococcales	82	32	42	74
A0A4V6X7J4_9ACTN/2-70	A0A4V6X7J4	9ACTN		None		32	37	69
A0A967B6B5_9MICO/2-65	A0A967B6B5	9MICO	Metallococcus carri	Micrococcales	65	32	32	64
A0A8J3CIP9_9PSEU/2-64	A0A8J3CIP9	9PSEU	Longimycelium tulufanense	Pseudonocardiales	64	32	31	63
A0A239VUS3_9MICO/35-97	A0A239VUS3	9MICO	Dermatophilus congolensis	Micrococcales	101	32	31	63
A0A077LV41_9MICO/2-65	A0A077LV41	9MICO	Nostocoides japonicum T1-X7	Micrococcales	68	32	32	64
A0A3B7DKB1_9ACTN/2-56	A0A3B7DKB1	9ACTN		None		32	23	55
A0A285E9B1_9ACTN/2-71	A0A285E9B1	9ACTN	Geodermatophilus sabuli	Geodermatophilales	72	32	38	70
A0A2S9PUK9_9ACTN/2-64	A0A2S9PUK9	9ACTN	Streptomyces solincola	Kitasatosporales	86	32	31	63
A0A1W0B9M5_9NOCA/2-69	A0A1W0B9M5	9NOCA	Nocardia donostiensis	Mycobacteriales	69	32	36	68
A0A378YGS8_9NOCA/2-70	A0A378YGS8	9NOCA	Nocardia otitidiscaviarum	Mycobacteriales	70	32	37	69
A0A316TF53_9ACTN/2-57	A0A316TF53	9ACTN	Nocardioides silvaticus	Propionibacteriales	57	32	24	56
A0A916Y0X9_9MICO/2-60	A0A916Y0X9	9MICO	Microbacterium faecale	Micrococcales	61	32	27	59
A0A852VW48_9MICO/2-62	A0A852VW48	9MICO	Janibacter cremeus	Micrococcales	63	32	29	61
A0A1C5EUC8_9ACTN/2-64	A0A1C5EUC8	9ACTN		None		32	31	63
A0A2A9DVL8_9MICO/2-63	A0A2A9DVL8	9MICO	Paramicrobacterium agarici	Micrococcales	63	32	30	62
A0A7Y0PUS1_9PSEU/2-61	A0A7Y0PUS1	9PSEU		None		32	28	60
A0A7H2BKU2_9MICC/2-69	A0A7H2BKU2	9MICC	Rothia amarae	Micrococcales	71	32	36	68
A0A4R6SN13_LABRH/2-58	A0A4R6SN13	LABRH	Labedaea rhizosphaerae	Pseudonocardiales	58	32	25	57
A0A975MZE2_9PSEU/2-61	A0A975MZE2	9PSEU		None		32	28	60
A0A1C6TYK9_9ACTN/2-67	A0A1C6TYK9	9ACTN	Micromonospora yangpuensis	Micromonosporales	71	32	34	66
A0AA37UH57_9MICO/2-64	A0AA37UH57	9MICO	Arenivirga flava	Micrococcales	68	32	31	63
A0A0T2IHB2_9MICO/2-63	A0A0T2IHB2	9MICO		None		32	30	62
A0A0K9ETS3_9ACTO/2-82	A0A0K9ETS3	9ACTO	Actinobaculum suis	Actinomycetales	82	32	49	81
A0A2T0S172_9ACTN/2-69	A0A2T0S172	9ACTN	Pseudosporangium ferrugineum	Micromonosporales	71	32	36	68
A0A1H2CRJ3_9ACTN/2-68	A0A1H2CRJ3	9ACTN	Actinoplanes derwentensis	Micromonosporales	76	32	35	67
A0A1Q4YX52_9PSEU/2-61	A0A1Q4YX52	9PSEU		None		32	28	60
A0A542UVD3_9CELL/2-63	A0A542UVD3	9CELL		None		32	30	62
A0A143QM46_RHOFA/2-65	A0A143QM46	RHOFA	Rhodococcoides fascians (Rhodococcus fascians)	Mycobacteriales	65	32	32	64
A0A940Z0P2_9ACTN/2-83	A0A940Z0P2	9ACTN		None		32	50	82
A0A7W8ABR2_9ACTN/2-74	A0A7W8ABR2	9ACTN	Nonomuraea endophytica	Streptosporangiales	77	32	41	73
A0A4P7QJM9_9CORY/2-71	A0A4P7QJM9	9CORY	Corynebacterium endometrii	Mycobacteriales	72	32	38	70
A0A2U2ZJ33_9ACTN/2-79	A0A2U2ZJ33	9ACTN		None		32	46	78
A0A8T8HTG0_9PSEU/2-61	A0A8T8HTG0	9PSEU		None		32	28	60
W9ANI6_MYCCO/2-58	W9ANI6	MYCCO	Mycolicibacterium cosmeticum	Mycobacteriales	58	32	25	57
A0A931DM55_9ACTN/2-62	A0A931DM55	9ACTN	Actinomadura viridis	Streptosporangiales	68	32	29	61
A0A939LUE5_9CELL/2-64	A0A939LUE5	9CELL	Actinotalea soli	Micrococcales	67	32	31	63
A0A6H1A010_9ACTN/2-61	A0A6H1A010	9ACTN		None		32	28	60
A0A101UDR0_9ACTN/2-66	A0A101UDR0	9ACTN		None		32	33	65
A0A1X0D9E9_9MYCO/2-58	A0A1X0D9E9	9MYCO	Mycolicibacterium insubricum	Mycobacteriales	58	32	25	57
A0A852TQH1_9ACTN/2-69	A0A852TQH1	9ACTN	Spinactinospora alkalitolerans	Streptosporangiales	89	32	36	68
A0A3S3ZH75_9NOCA/2-66	A0A3S3ZH75	9NOCA	Rhodococcus xishaensis	Mycobacteriales	66	32	33	65
A0A944KUJ0_9ACTN/2-77	A0A944KUJ0	9ACTN		None		32	44	76
A0A846YTY2_9ACTN/2-63	A0A846YTY2	9ACTN	Actinomadura latina	Streptosporangiales	68	32	30	62
A0A543AYM2_9ACTN/2-70	A0A543AYM2	9ACTN	Stackebrandtia endophytica	Glycomycetales	108	32	37	69
A0A1F1E6S9_9CORY/4-67	A0A1F1E6S9	9CORY		None		32	32	64
A0A6N7GHG6_9ACTN/2-63	A0A6N7GHG6	9ACTN		None		32	30	62
A0A7W4Z3A8_9ACTN/2-61	A0A7W4Z3A8	9ACTN	Nocardioides soli	Propionibacteriales	62	32	28	60
A0A7I7YZK0_9MYCO/2-60	A0A7I7YZK0	9MYCO	Mycobacterium parmense	Mycobacteriales	60	32	27	59
A0A4V1EBP8_9MICO/2-63	A0A4V1EBP8	9MICO		None		32	30	62
A0A7G9S3S6_9MICO/2-65	A0A7G9S3S6	9MICO	Leucobacter denitrificans	Micrococcales	65	32	32	64
A0A5P9QE91_9MICO/2-66	A0A5P9QE91	9MICO	Luteimicrobium xylanilyticum	Micrococcales	66	32	33	65
A0A1M6KW23_9ACTN/2-64	A0A1M6KW23	9ACTN	Tessaracoccus bendigoensis DSM 12906	Propionibacteriales	69	32	31	63
A0A846XHI2_9NOCA/2-68	A0A846XHI2	9NOCA	Nocardia speluncae	Mycobacteriales	69	32	35	67
A0A5N5WAJ7_STRMB/2-83	A0A5N5WAJ7	STRMB	Streptomyces mobaraensis (Streptoverticillium mobaraense)	Kitasatosporales	84	32	50	82
A0A7W7I610_9ACTN/1-58	A0A7W7I610	9ACTN	Actinoplanes digitatis	Micromonosporales	60	21	37	58
A0A1X1YCW7_9MYCO/2-63	A0A1X1YCW7	9MYCO	Mycobacterium lacus	Mycobacteriales	63	32	30	62
A0A941IE25_9ACTN/2-81	A0A941IE25	9ACTN	Actinospica acidithermotolerans	Catenulisporales	81	31	49	80
A0A087C209_9BIFI/2-79	A0A087C209	9BIFI	Bifidobacterium mongoliense DSM 21395	Bifidobacteriales	119	32	46	78
A0A1Q5PYS5_9ACTO/2-60	A0A1Q5PYS5	9ACTO	Buchananella hordeovulneris	Actinomycetales	60	32	27	59
A0A062VMB5_9MICO/2-61	A0A062VMB5	9MICO		None		32	28	60
A0A076N2D3_AMYME/2-65	A0A076N2D3	AMYME	Amycolatopsis methanolica 239	Pseudonocardiales	65	32	32	64
A0A939T778_9ACTN/2-69	A0A939T778	9ACTN	Actinomadura barringtoniae	Streptosporangiales	74	32	36	68
A0A6M4PKW1_9ACTN/2-78	A0A6M4PKW1	9ACTN	Streptomyces argyrophylli	Kitasatosporales	82	32	45	77
A0A2S2BRC9_9NOCA/2-66	A0A2S2BRC9	9NOCA	Rhodococcus oxybenzonivorans	Mycobacteriales	66	32	33	65
A0A1V2Q2E7_9PSEU/2-61	A0A1V2Q2E7	9PSEU		None		32	28	60
A0A4U6QCN9_9ACTN/2-76	A0A4U6QCN9	9ACTN	Nakamurella flava	Nakamurellales	77	32	43	75
A0A1H1HQ11_9ACTN/2-55	A0A1H1HQ11	9ACTN	Thermostaphylospora chromogena	Streptosporangiales	55	32	22	54
A0A345HPX9_9ACTN/2-79	A0A345HPX9	9ACTN	Streptomyces paludis	Kitasatosporales	83	32	46	78
A0A7L5AFM9_9MICO/2-79	A0A7L5AFM9	9MICO	Marisediminicola antarctica	Micrococcales	81	32	46	78
A0A7W3PKH7_9MICO/2-60	A0A7W3PKH7	9MICO	Microbacterium halimionae	Micrococcales	60	32	27	59
A0A1H8YLM1_9PSEU/2-62	A0A1H8YLM1	9PSEU	Amycolatopsis saalfeldensis	Pseudonocardiales	62	32	29	61
A0A561ET76_9ACTN/2-79	A0A561ET76	9ACTN	Kitasatospora atroaurantiaca	Kitasatosporales	82	32	46	78
A0A2Y9ALX8_9MICO/2-61	A0A2Y9ALX8	9MICO	Georgenia satyanarayanai	Allobogoriellales	61	32	28	60
A0A0M2HFF6_9MICO/2-58	A0A0M2HFF6	9MICO	Microbacterium terrae	Micrococcales	58	32	25	57
A0A7W7RTV0_9ACTN/2-63	A0A7W7RTV0	9ACTN	Streptosporangium album	Streptosporangiales	77	32	30	62
A0A944LLT3_9MICC/2-73	A0A944LLT3	9MICC		None		32	40	72
A0A3D9LEH6_9MICC/2-68	A0A3D9LEH6	9MICC	Citricoccus muralis	Micrococcales	70	32	35	67
A0A191WIW4_9MICO/2-65	A0A191WIW4	9MICO	Agromyces aureus	Micrococcales	71	32	32	64
A0A0Q5AN99_9MICO/2-65	A0A0Q5AN99	9MICO		None		32	32	64
A0A927IZT9_9MICO/2-69	A0A927IZT9	9MICO	Cellulosimicrobium arenosum	Micrococcales	69	32	36	68
A0A5C5UFV2_9CORY/2-67	A0A5C5UFV2	9CORY	Corynebacterium canis	Mycobacteriales	67	32	34	66
A0A3M8LS79_9MICO/2-73	A0A3M8LS79	9MICO	Cryobacterium tepidiphilum	Micrococcales	75	32	40	72
A0A4R6KN51_9ACTN/2-62	A0A4R6KN51	9ACTN	Kribbella caucasensis	Propionibacteriales	62	32	29	61
A0A1H8DAT0_9ACTN/2-56	A0A1H8DAT0	9ACTN	Nonomuraea pusilla	Streptosporangiales	56	32	23	55
A0A1S2QJV5_9ACTN/2-83	A0A1S2QJV5	9ACTN	Streptomyces monashensis	Kitasatosporales	85	32	50	82
A0A7L4Y2N6_9ACTN/2-65	A0A7L4Y2N6	9ACTN		None		32	32	64
A0A1H0T1M3_9MICO/2-63	A0A1H0T1M3	9MICO	Pedococcus dokdonensis	Micrococcales	65	32	30	62
A0A160P291_STRLU/2-65	A0A160P291	STRLU	Streptomyces laurentii	Kitasatosporales	85	32	32	64
A0A7W0HVV9_9ACTN/2-71	A0A7W0HVV9	9ACTN	Nonomuraea soli	Streptosporangiales	75	32	38	70
A0A919V4M2_9ACTN/2-67	A0A919V4M2	9ACTN	Sphaerisporangium rufum	Streptosporangiales	71	32	34	66
A0A4Q9UZJ1_9ACTO/2-76	A0A4Q9UZJ1	9ACTO	Arcanobacterium bovis	Actinomycetales	78	32	43	75
A0A0T1W143_9MYCO/2-62	A0A0T1W143	9MYCO		None		32	29	61
A0A0L6CKL6_9MICO/2-63	A0A0L6CKL6	9MICO	Luteipulveratus halotolerans	Micrococcales	67	32	30	62
A0A2T0QAQ4_9ACTN/2-72	A0A2T0QAQ4	9ACTN	Allonocardiopsis opalescens	Streptosporangiales	83	32	39	71
A0A975SJE1_9MICO/2-99	A0A975SJE1	9MICO		None		32	66	98
A0A1M5M6R0_9ACTN/2-71	A0A1M5M6R0	9ACTN	Geodermatophilus nigrescens	Geodermatophilales	73	32	38	70
F8B3L1_9ACTN/2-64	F8B3L1	9ACTN	Candidatus Protofrankia datiscae	Frankiales	66	32	31	63
A0A3M8K9J8_9CORY/20-83	A0A3M8K9J8	9CORY	Corynebacterium alimapuense	Mycobacteriales	98	32	32	64
A0LWN2_ACIC1/2-67	A0LWN2	ACIC1	Acidothermus cellulolyticus (strain ATCC 43068 / DSM 8971 / 11B)	Acidothermales	81	32	34	66
A0A6L7EWE6_9ACTN/2-59	A0A6L7EWE6	9ACTN	Nocardioides flavescens	Propionibacteriales	62	32	26	58
A0A512DF07_9CELL/2-65	A0A512DF07	9CELL	Cellulomonas aerilata	Micrococcales	68	32	32	64
A0A1G9ZEY6_ALLAB/2-66	A0A1G9ZEY6	ALLAB	Allokutzneria albata (Kibdelosporangium albatum)	Pseudonocardiales	66	32	33	65
A0A209BR66_9ACTN/2-66	A0A209BR66	9ACTN		None		32	33	65
A0A3S4SPW4_MYCAU/2-61	A0A3S4SPW4	MYCAU	Mycolicibacterium aurum (Mycobacterium aurum)	Mycobacteriales	61	32	28	60
A0A6L5ENQ2_9PSEU/2-60	A0A6L5ENQ2	9PSEU		None		32	27	59
A0A939BYH2_9ACTN/2-78	A0A939BYH2	9ACTN	Nakamurella leprariae	Nakamurellales	81	32	45	77
A0A4Y3WTF6_9PSEU/2-62	A0A4Y3WTF6	9PSEU	Pseudonocardia hydrocarbonoxydans	Pseudonocardiales	63	32	29	61
D2NR44_ROTMD/2-68	D2NR44	ROTMD	Rothia mucilaginosa (strain DY-18) (Stomatococcus mucilaginosus)	Micrococcales	69	32	35	67
A0A5C5B8K9_9MICO/2-62	A0A5C5B8K9	9MICO	Miniimonas arenae	Micrococcales	64	32	29	61
A0A7K0D0X5_9NOCA/2-71	A0A7K0D0X5	9NOCA	Nocardia macrotermitis	Mycobacteriales	71	32	38	70
A0A7K1J442_9BIFI/2-86	A0A7K1J442	9BIFI	Bifidobacterium canis	Bifidobacteriales	125	32	53	85
A0A0M2LNN7_9MICO/2-61	A0A0M2LNN7	9MICO		None		32	28	60
A0A6G7Y816_9ACTN/2-76	A0A6G7Y816	9ACTN	Propioniciclava coleopterorum	Propionibacteriales	79	32	43	75
A0A177IGL8_9CORY/4-71	A0A177IGL8	9CORY	Corynebacterium stationis	Mycobacteriales	74	32	36	68
A0A0C2JJM0_9ACTN/2-65	A0A0C2JJM0	9ACTN	Streptomonospora alba	Streptosporangiales	86	32	32	64
A0A365ZAW8_9ACTN/2-66	A0A365ZAW8	9ACTN		None		32	33	65
A0A418USL5_9ACTO/2-67	A0A418USL5	9ACTO		None		32	34	66
A0A917LRI2_9MICC/2-72	A0A917LRI2	9MICC	Kocuria dechangensis	Micrococcales	74	32	39	71
A0A4V2EMJ7_9PSEU/2-61	A0A4V2EMJ7	9PSEU	Amycolatopsis suaedae	Pseudonocardiales	61	32	28	60
A0A5B1M6T8_9ACTN/2-60	A0A5B1M6T8	9ACTN	Nocardioides antri	Propionibacteriales	60	32	27	59
A0A0F0KLJ7_9MICO/2-62	A0A0F0KLJ7	9MICO	Microbacterium foliorum	Micrococcales	62	32	29	61
A0A4R8XU38_9MICO/2-79	A0A4R8XU38	9MICO	Cryobacterium cheniae	Micrococcales	84	32	46	78
A0A931GSQ9_9CORY/2-61	A0A931GSQ9	9CORY	Corynebacterium aquatimens	Mycobacteriales	64	32	28	60
A0A919T2T7_9ACTN/23-91	A0A919T2T7	9ACTN	Winogradskya consettensis	Micromonosporales	94	32	37	69
A0A927FJ37_9CELL/2-67	A0A927FJ37	9CELL		None		32	34	66
V5XH55_MYCNE/2-66	V5XH55	MYCNE	Mycolicibacterium neoaurum VKM Ac-1815D	Mycobacteriales	68	32	33	65
A0A0F0HFU1_9ACTN/2-67	A0A0F0HFU1	9ACTN		None		32	34	66
A0A7W3JUZ0_9MICO/2-79	A0A7W3JUZ0	9MICO	Alpinimonas psychrophila	Micrococcales	80	32	46	78
A0A5J6FB34_9ACTN/2-63	A0A5J6FB34	9ACTN	Streptomyces nitrosporeus	Kitasatosporales	69	33	29	62
A0A4Y3NDZ9_PAEAU/2-69	A0A4Y3NDZ9	PAEAU	Paenarthrobacter aurescens (Arthrobacter aurescens)	Micrococcales	74	32	36	68
A0A1I1PYU8_9ACTN/2-80	A0A1I1PYU8	9ACTN	Streptomyces aidingensis	Kitasatosporales	91	32	47	79
A0A2X0TZU7_9ACTO/2-66	A0A2X0TZU7	9ACTO	Schaalia odontolytica	Actinomycetales	93	32	33	65
A0A7K3DN00_9ACTN/2-83	A0A7K3DN00	9ACTN		None		32	50	82
A0A239BB06_9ACTN/2-66	A0A239BB06	9ACTN	Actinacidiphila glaucinigra	Kitasatosporales	87	32	33	65
A0A7W7WTF3_9PSEU/1-41	A0A7W7WTF3	9PSEU	Saccharothrix violaceirubra	Pseudonocardiales	41	21	20	41
A0A916WSK7_9MICO/2-61	A0A916WSK7	9MICO	Flexivirga endophytica	Micrococcales	65	32	28	60
A0A7K3LL33_9ACTN/2-60	A0A7K3LL33	9ACTN	Gordonia desulfuricans	Mycobacteriales	60	32	27	59
A0A1W7CXX5_9ACTN/2-66	A0A1W7CXX5	9ACTN	Streptomyces marincola	Kitasatosporales	86	32	33	65
A0A1I7MJS9_9MICC/2-67	A0A1I7MJS9	9MICC	Micrococcus terreus	Micrococcales	74	32	34	66
A0A5B8M6T4_9MICO/2-63	A0A5B8M6T4	9MICO	Humibacter ginsenosidimutans	Micrococcales	67	32	30	62
A0A3M2MEB8_9ACTN/2-53	A0A3M2MEB8	9ACTN	Actinomadura harenae	Streptosporangiales	54	32	20	52
A0A101AXW0_9MYCO/2-59	A0A101AXW0	9MYCO		None		32	26	58
A0A7X0G4J3_9ACTN/30-91	A0A7X0G4J3	9ACTN	Actinomadura coerulea	Streptosporangiales	96	32	30	62
A0A1D7VE73_9ACTN/2-81	A0A1D7VE73	9ACTN	Streptomyces lydicus	Kitasatosporales	82	32	48	80
A0A937RI06_9ACTN/2-75	A0A937RI06	9ACTN	Frankia nepalensis	Frankiales	76	32	42	74
A0A7J9UWS0_9MICO/2-64	A0A7J9UWS0	9MICO	Georgenia ruanii	Allobogoriellales	67	32	31	63
A0A5C8IAN6_9MICO/2-54	A0A5C8IAN6	9MICO	Microbacterium saccharophilum	Micrococcales	54	32	21	53
A0A931DU33_9ACTN/1-55	A0A931DU33	9ACTN	Actinomadura viridis	Streptosporangiales	61	23	32	55
Q2JGV2_FRACC/2-65	Q2JGV2	FRACC	Frankia casuarinae (strain DSM 45818 / CECT 9043 / HFP020203 / CcI3)	Frankiales	68	32	32	64
A0A2U1EDE4_9PSEU/2-61	A0A2U1EDE4	9PSEU	Actinomycetospora cinnamomea	Pseudonocardiales	62	32	28	60
I0GX59_ACTM4/2-69	I0GX59	ACTM4	Actinoplanes missouriensis (strain ATCC 14538 / DSM 43046 / CBS 188.64 / JCM 3121 / NBRC 102363 / NCIMB 12654 / NRRL B-3342 / UNCC 431)	Micromonosporales	71	32	36	68
A0A261F469_9BIFI/2-77	A0A261F469	9BIFI	Pseudoscardovia suis	Bifidobacteriales	123	32	44	76
A0A9P9Z8W8_9POAL/334-393	A0A9P9Z8W8	9POAL	Rhynchospora breviuscula	Poales	393	32	28	60
A0A926JZ14_9MICO/2-63	A0A926JZ14	9MICO		None		32	30	62
A0A1R3XYL1_MYCBO/2-60	A0A1R3XYL1	MYCBO	Mycobacterium bovis (strain ATCC BAA-935 / AF2122/97)	Mycobacteriales	60	32	27	59
A0A1Q9TME7_9ACTN/2-74	A0A1Q9TME7	9ACTN		None		32	41	73
D7CEF5_STRBB/2-82	D7CEF5	STRBB	Streptomyces bingchenggensis (strain BCW-1)	Kitasatosporales	86	32	49	81
A0A5D0NZF4_9ACTN/2-64	A0A5D0NZF4	9ACTN	Actinomadura chibensis	Streptosporangiales	66	32	31	63
A0A917L3Y6_9ACTN/44-121	A0A917L3Y6	9ACTN	Streptomyces brasiliensis	Kitasatosporales	126	32	46	78
A0A132T694_9MYCO/2-61	A0A132T694	9MYCO		None		32	28	60
A0A494V1M1_9ACTN/2-79	A0A494V1M1	9ACTN	Streptomyces fungicidicus	Kitasatosporales	82	32	46	78
A0AA43P4Y6_9BIFI/2-86	A0AA43P4Y6	9BIFI		None		32	53	85
A0A2M8WSH9_9MICO/2-71	A0A2M8WSH9	9MICO	Luteimicrobium subarcticum	Micrococcales	72	32	38	70
A0A367H8J6_9ACTN/2-82	A0A367H8J6	9ACTN		None		32	49	81
C7R2J3_JONDD/2-64	C7R2J3	JONDD	Jonesia denitrificans (strain ATCC 14870 / DSM 20603 / BCRC 15368 / CIP 55.134 / JCM 11481 / NBRC 15587 / NCTC 10816 / Prevot 55134) (Listeria denitrificans)	Micrococcales	64	32	31	63
A0A3R8NZD8_9PSEU/2-61	A0A3R8NZD8	9PSEU	Saccharopolyspora rhizosphaerae	Pseudonocardiales	62	32	28	60
A0A7W7ZYG6_9ACTN/2-54	A0A7W7ZYG6	9ACTN	Nonomuraea endophytica	Streptosporangiales	55	32	21	53
A0A7H2BEP1_9MICC/2-69	A0A7H2BEP1	9MICC	Rothia terrae	Micrococcales	70	32	36	68
A0A5A7WTC9_9MYCO/2-57	A0A5A7WTC9	9MYCO		None		32	24	56
I1D7U1_9PSEU/2-62	I1D7U1	9PSEU	Saccharomonospora glauca K62	Pseudonocardiales	62	32	29	61
A0A5P9Q122_9PSEU/2-62	A0A5P9Q122	9PSEU		None		32	29	61
A0A840NS59_9PSEU/1-47	A0A840NS59	9PSEU	Saccharopolyspora gloriosae	Pseudonocardiales	47	21	26	47
A0A4P6FET8_9MICO/2-62	A0A4P6FET8	9MICO	Agromyces protaetiae	Micrococcales	66	32	29	61
A0A269YKR0_9MICC/2-67	A0A269YKR0	9MICC	Rothia dentocariosa	Micrococcales	68	32	34	66
A0A975K0A6_9MYCO/2-61	A0A975K0A6	9MYCO	Mycobacterium spongiae	Mycobacteriales	61	32	28	60
A0A285JTI7_9ACTN/2-68	A0A285JTI7	9ACTN	Paractinoplanes atraurantiacus	Micromonosporales	70	32	35	67
A0A4R5A4M3_9ACTN/2-68	A0A4R5A4M3	9ACTN	Jiangella aurantiaca	Jiangellales	72	32	35	67
A0A5C1Y881_9MICO/2-66	A0A5C1Y881	9MICO	Protaetiibacter larvae	Micrococcales	67	32	33	65
A0A511DG90_9PSEU/2-68	A0A511DG90	9PSEU	Pseudonocardia sulfidoxydans NBRC 16205	Pseudonocardiales	69	32	35	67
A0A2T0GSY3_ACTMO/2-58	A0A2T0GSY3	ACTMO	Actinopolyspora mortivallis	Actinopolysporales	59	32	25	57
A0A919DJP5_9ACTN/2-63	A0A919DJP5	9ACTN	Streptomyces longispororuber	Kitasatosporales	85	32	30	62
A0A1R1LJ67_9MICC/2-65	A0A1R1LJ67	9MICC	Tersicoccus phoenicis	Micrococcales	72	32	32	64
A0A7G1KH99_9NOCA/2-70	A0A7G1KH99	9NOCA	Nocardia wallacei	Mycobacteriales	71	32	37	69
A0A2L0N3P6_9ACTN/2-76	A0A2L0N3P6	9ACTN		None		32	43	75
A0A6H9WRY2_9MICO/2-84	A0A6H9WRY2	9MICO	Pseudoclavibacter endophyticus	Micrococcales	84	32	51	83
A0A9W5XK59_9ACTN/2-67	A0A9W5XK59	9ACTN	Micromonospora sediminimaris	Micromonosporales	70	32	34	66
A0AAF0LF38_9MICO/2-68	A0AAF0LF38	9MICO		None		32	35	67
A0A4Q3XKU0_9MICO/2-64	A0A4Q3XKU0	9MICO		None		32	31	63
A0A1W2EB44_9PSEU/2-62	A0A1W2EB44	9PSEU	Lentzea albidocapillata	Pseudonocardiales	62	32	29	61
A0A6G7Z657_9MICO/2-59	A0A6G7Z657	9MICO		None		32	26	58
A0A5C8JE99_9ACTN/2-56	A0A5C8JE99	9ACTN		None		32	23	55
A0A444QFS1_9MICO/2-63	A0A444QFS1	9MICO	Labedella populi	Micrococcales	64	32	30	62
A0A4Q9HVM3_STRKA/2-65	A0A4Q9HVM3	STRKA	Streptomyces kasugaensis	Kitasatosporales	82	32	32	64
A0A0X3S8H6_9ACTN/2-80	A0A0X3S8H6	9ACTN		None		32	47	79
A0AAE3YGH2_9MICC/1-55	A0AAE3YGH2	9MICC	Falsarthrobacter nasiphocae	Micrococcales	58	17	38	55
A0A919FNZ4_9MICO/85-149	A0A919FNZ4	9MICO	Promicromonospora soli	Micrococcales	153	32	33	65
A0A263E249_9PSEU/2-69	A0A263E249	9PSEU		None		32	36	68
A0A931HMR1_9NOCA/2-63	A0A931HMR1	9NOCA		None		32	30	62
A0A1T4N452_9ACTN/2-86	A0A1T4N452	9ACTN	Marinactinospora thermotolerans DSM 45154	Streptosporangiales	89	32	53	85
A0A6I5X9K8_9MICO/2-62	A0A6I5X9K8	9MICO		None		32	29	61
A0A4Y3RVM3_9ACTN/2-78	A0A4Y3RVM3	9ACTN	Streptomyces gardneri	Kitasatosporales	83	32	45	77
A0A0N9IGW4_9PSEU/2-60	A0A0N9IGW4	9PSEU	Kibdelosporangium phytohabitans	Pseudonocardiales	60	32	27	59
A0A147EA32_9MICC/2-67	A0A147EA32	9MICC	Rothia kristinae	Micrococcales	68	32	34	66
A0A944KK38_9MICO/2-72	A0A944KK38	9MICO		None		32	39	71
A0A5B7WXW0_9MICC/2-70	A0A5B7WXW0	9MICC	Glutamicibacter creatinolyticus	Micrococcales	75	32	37	69
A0A1I0I3W4_9ACTN/2-67	A0A1I0I3W4	9ACTN	Nonomuraea wenchangensis	Streptosporangiales	73	32	34	66
A0A0B5DCW0_9ACTN/2-78	A0A0B5DCW0	9ACTN	Streptomyces nodosus	Kitasatosporales	82	32	45	77
A0A9W6HM43_9MICO/2-60	A0A9W6HM43	9MICO	Microbacterium dextranolyticum	Micrococcales	60	32	27	59
A0A383S4C2_9ACTN/2-63	A0A383S4C2	9ACTN	Propionibacterium australiense	Propionibacteriales	66	32	30	62
A0A4S5ET93_9ACTN/2-65	A0A4S5ET93	9ACTN	Candidatus Frankia alpina	Frankiales	68	32	32	64
A0A927MV41_9ACTN/2-65	A0A927MV41	9ACTN	Actinopolymorpha pittospori	Propionibacteriales	68	32	32	64
A0A285M0R4_9NOCA/2-70	A0A285M0R4	9NOCA	Nocardia amikacinitolerans	Mycobacteriales	70	32	37	69
A0A9X1LN17_9MICO/2-62	A0A9X1LN17	9MICO	Microbacterium tenebrionis	Micrococcales	62	32	29	61
A0A0T1S9L4_9ACTN/2-79	A0A0T1S9L4	9ACTN		None		32	46	78
A0A5B7RHJ3_9ACTN/2-62	A0A5B7RHJ3	9ACTN		None		32	29	61
A0A2R7R9Z3_9MICC/2-73	A0A2R7R9Z3	9MICC		None		32	40	72
A0A0F7N5L0_9ACTN/2-86	A0A0F7N5L0	9ACTN		None		32	53	85
A0A1Y5XIK3_KIBAR/2-58	A0A1Y5XIK3	KIBAR	Kibdelosporangium aridum	Pseudonocardiales	58	32	25	57
F6EKI4_HOYSD/2-68	F6EKI4	HOYSD	Hoyosella subflava (strain DSM 45089 / JCM 17490 / NBRC 109087 / DQS3-9A1) (Amycolicicoccus subflavus)	Mycobacteriales	71	32	35	67
A0A8J3WZI4_9ACTN/2-63	A0A8J3WZI4	9ACTN	Planosporangium mesophilum	Micromonosporales	64	32	30	62
A0A0F2C5N0_9MICO/2-61	A0A0F2C5N0	9MICO		None		32	28	60
A0A7X0M7A6_9ACTN/2-55	A0A7X0M7A6	9ACTN	Sphaerisporangium rubeum	Streptosporangiales	55	32	22	54
A0A1H3IFH5_9ACTN/2-70	A0A1H3IFH5	9ACTN		None		32	37	69
A0A317JV09_9ACTN/2-68	A0A317JV09	9ACTN	Micromonospora globispora	Micromonosporales	71	32	35	67
A0A495JLZ6_9ACTN/2-68	A0A495JLZ6	9ACTN	Micromonospora pisi	Micromonosporales	72	32	35	67
A0A919UK65_9ACTN/2-72	A0A919UK65	9ACTN	Acrocarpospora phusangensis	Streptosporangiales	77	32	39	71
A0A0C5B7P6_9MICO/2-63	A0A0C5B7P6	9MICO	Rathayibacter toxicus	Micrococcales	65	32	30	62
A0A1Q5KW83_9ACTN/2-80	A0A1Q5KW83	9ACTN		None		32	47	79
A0A212U7S0_9MICO/2-66	A0A212U7S0	9MICO	Kytococcus aerolatus	Micrococcales	67	32	33	65
U1MV34_9MICO/2-65	U1MV34	9MICO	Agrococcus pavilionensis RW1	Micrococcales	70	32	32	64
A0A1V4A4W2_9ACTN/2-64	A0A1V4A4W2	9ACTN	Streptomyces tsukubensis	Kitasatosporales	86	32	31	63
A0A2T9XST2_9CELL/2-67	A0A2T9XST2	9CELL		None		32	34	66
A0A939TU01_9MICO/2-66	A0A939TU01	9MICO	Leucobacter tardus	Micrococcales	66	32	33	65
A0A0M2HVQ3_9MICO/2-63	A0A0M2HVQ3	9MICO	Microbacterium hydrocarbonoxydans	Micrococcales	63	32	30	62
A0A1S9M8T4_9MICC/2-73	A0A1S9M8T4	9MICC		None		32	40	72
A0A4R5KSK4_9MICC/2-74	A0A4R5KSK4	9MICC	Arthrobacter terricola	Micrococcales	77	32	41	73
A0A919GFS1_9ACTN/44-122	A0A919GFS1	9ACTN	Streptomyces capitiformicae	Kitasatosporales	127	32	47	79
A0A0M8T2Q3_9ACTN/2-67	A0A0M8T2Q3	9ACTN		None		32	34	66
A0R4D7_MYCS2/2-57	A0R4D7	MYCS2	Mycolicibacterium smegmatis (strain ATCC 700084 / mc(2)155) (Mycobacterium smegmatis)	Mycobacteriales	57	32	24	56
A0A934SKU6_9MICO/2-73	A0A934SKU6	9MICO	Lacisediminihabitans changchengi	Micrococcales	77	32	40	72
A0A2A9EPN3_9MICO/32-90	A0A2A9EPN3	9MICO	Georgenia soli	Allobogoriellales	93	32	27	59
A0A1J4NAW5_9ACTN/2-61	A0A1J4NAW5	9ACTN	Nocardioides luteus	Propionibacteriales	63	32	28	60
A0A087DDX8_9BIFI/2-87	A0A087DDX8	9BIFI	Bifidobacterium scardovii	Bifidobacteriales	134	32	54	86
A0A2N6U1S1_9MICO/2-62	A0A2N6U1S1	9MICO		None		32	29	61
Q8FMM9_COREF/2-69	Q8FMM9	COREF	Corynebacterium efficiens (strain DSM 44549 / YS-314 / AJ 12310 / JCM 11189 / NBRC 100395)	Mycobacteriales	70	32	36	68
A0A7Y0JWF3_9ACTN/2-68	A0A7Y0JWF3	9ACTN		None		32	35	67
D2Q6X8_BIFDB/2-86	D2Q6X8	BIFDB	Bifidobacterium dentium (strain ATCC 27534 / DSM 20436 / JCM 1195 / Bd1)	Bifidobacteriales	124	32	53	85
E0QP13_9ACTO/2-83	E0QP13	9ACTO	Mobiluncus mulieris ATCC 35239	Actinomycetales	91	32	50	82
A0A7M4DFS8_9MICO/2-60	A0A7M4DFS8	9MICO	Occultella aeris	Micrococcales	63	32	27	59
M0QM04_9ACTN/2-59	M0QM04	9ACTN	Gordonia soli NBRC 108243	Mycobacteriales	59	32	26	58
A0A1G8H3F1_9ACTN/2-70	A0A1G8H3F1	9ACTN	Sinosporangium album	Streptosporangiales	77	32	37	69
A0A7H0HU57_9ACTN/2-84	A0A7H0HU57	9ACTN	Streptomyces genisteinicus	Kitasatosporales	87	32	51	83
A0A2U1T181_9MICO/2-64	A0A2U1T181	9MICO	Homoserinimonas hongtaonis	Micrococcales	66	32	31	63
A0A4R9ABP1_9MICO/2-91	A0A4R9ABP1	9MICO	Cryobacterium frigoriphilum	Micrococcales	96	32	58	90
A0A0W7WCF5_9MICO/2-63	A0A0W7WCF5	9MICO		None		32	30	62
A0A387BLH7_9MICO/2-68	A0A387BLH7	9MICO	Gryllotalpicola protaetiae	Micrococcales	72	32	35	67
A0A3E2YTA9_9ACTN/2-65	A0A3E2YTA9	9ACTN		None		32	32	64
A0A5M3XY83_9ACTN/2-56	A0A5M3XY83	9ACTN	Acrocarpospora pleiomorpha	Streptosporangiales	57	31	24	55
A0A3A4AYP5_9ACTN/2-64	A0A3A4AYP5	9ACTN	Bailinhaonella thermotolerans	Streptosporangiales	76	32	31	63
A0A3N1QM36_9MICO/2-72	A0A3N1QM36	9MICO		None		32	39	71
A0A5A7SAK1_9NOCA/2-66	A0A5A7SAK1	9NOCA	Antrihabitans cavernicola	Mycobacteriales	66	32	33	65
A0A3A5HBQ5_9ACTN/2-63	A0A3A5HBQ5	9ACTN	Nocardioides cavernaquae	Propionibacteriales	64	32	30	62
A0A939KN27_9MICC/2-67	A0A939KN27	9MICC	Arthrobacter cavernae	Micrococcales	74	32	34	66
A0A4Q7UPI8_PSEST/2-67	A0A4Q7UPI8	PSEST	Pseudonocardia sediminis	Pseudonocardiales	70	32	34	66
A0A974ZLZ2_9MICC/2-69	A0A974ZLZ2	9MICC		None		32	36	68
A0A0M8UUK7_9ACTN/2-64	A0A0M8UUK7	9ACTN		None		32	31	63
A0A2P8DQV2_9ACTN/2-71	A0A2P8DQV2	9ACTN	Murinocardiopsis flavida	Streptosporangiales	85	32	38	70
A0A3E0VLJ2_9MICO/2-75	A0A3E0VLJ2	9MICO	Subtercola boreus	Micrococcales	88	32	42	74
A0A6I4NBK9_9ACTN/2-65	A0A6I4NBK9	9ACTN		None		32	32	64
A0A239MQM8_9ACTN/2-73	A0A239MQM8	9ACTN	Asanoa hainanensis	Micromonosporales	74	32	40	72
A0A2A9E8X0_9MICO/2-65	A0A2A9E8X0	9MICO	Sanguibacter antarcticus	Micrococcales	68	32	32	64
A0A2M9HCB0_9BIFI/2-81	A0A2M9HCB0	9BIFI	Bifidobacterium simiarum	Bifidobacteriales	186	32	48	80
A0A1H8IR28_9ACTN/2-64	A0A1H8IR28	9ACTN	Nonomuraea pusilla	Streptosporangiales	76	32	31	63
A0A8T4FFA8_9ACTN/2-55	A0A8T4FFA8	9ACTN		None		32	22	54
A0A0K1RE79_9CORY/2-81	A0A0K1RE79	9CORY	Corynebacterium riegelii	Mycobacteriales	81	32	48	80
A0A917Y5F9_9ACTN/44-106	A0A917Y5F9	9ACTN	Streptomyces albiflavescens	Kitasatosporales	126	32	31	63
A0A7W7C7I8_9PSEU/2-65	A0A7W7C7I8	9PSEU	Crossiella cryophila	Pseudonocardiales	66	32	32	64
A0A0M9ZV88_9NOCA/2-61	A0A0M9ZV88	9NOCA		None		32	28	60
A0A087BD43_9BIFI/2-85	A0A087BD43	9BIFI	Bifidobacterium merycicum	Bifidobacteriales	124	32	52	84
A0A261F853_9BIFI/2-70	A0A261F853	9BIFI	Aeriscardovia aeriphila	Bifidobacteriales	127	32	37	69
A0A378TDY0_9MYCO/2-61	A0A378TDY0	9MYCO	Mycolicibacterium tokaiense	Mycobacteriales	61	32	28	60
A0A4P6TXF0_STRSO/2-80	A0A4P6TXF0	STRSO	Streptomyces seoulensis	Kitasatosporales	83	32	47	79
A0AA41XJ84_9MICO/2-64	A0AA41XJ84	9MICO	Herbiconiux oxytropis	Micrococcales	66	32	31	63
A0A810MZC5_9ACTN/23-87	A0A810MZC5	9ACTN	Polymorphospora rubra	Micromonosporales	91	32	33	65
G4CVN2_9ACTN/42-104	G4CVN2	9ACTN	Cutibacterium avidum ATCC 25577	Propionibacteriales	107	32	31	63
A0A2G8BEY6_9MYCO/2-63	A0A2G8BEY6	9MYCO	Mycobacterium heckeshornense	Mycobacteriales	63	32	30	62
A0A7V8NDV6_9ACTN/2-66	A0A7V8NDV6	9ACTN		None		32	33	65
A0A4R9BB91_9MICO/2-78	A0A4R9BB91	9MICO	Cryobacterium fucosi	Micrococcales	81	32	45	77
A0A095WY50_9ACTO/2-63	A0A095WY50	9ACTO		None		32	30	62
A0A1Q4VR77_9ACTN/2-85	A0A1Q4VR77	9ACTN		None		32	52	84
A0A1A9IXD9_9ACTN/2-81	A0A1A9IXD9	9ACTN		None		32	48	80
A0A964USE4_9ACTN/2-64	A0A964USE4	9ACTN	Streptomyces boluensis	Kitasatosporales	85	32	31	63
E5XV74_SEGRC/18-70	E5XV74	SEGRC	Segniliparus rugosus (strain ATCC BAA-974 / DSM 45345 / CCUG 50838 / CIP 108380 / JCM 13579 / CDC 945)	Mycobacteriales	70	32	21	53
A0A4Q8ADR6_9MICC/2-66	A0A4Q8ADR6	9MICC	Zhihengliuella halotolerans	Micrococcales	67	32	33	65
A0A4R4ND40_9ACTN/2-54	A0A4R4ND40	9ACTN	Nonomuraea longispora	Streptosporangiales	54	32	21	53
A0A6N7EIC8_9MICO/2-61	A0A6N7EIC8	9MICO	Georgenia subflava	Allobogoriellales	62	32	28	60
A0A918L9D3_9PSEU/2-62	A0A918L9D3	9PSEU	Actinokineospora fastidiosa	Pseudonocardiales	62	32	29	61
A0A7S8MXW9_9MICO/2-61	A0A7S8MXW9	9MICO	Microbacterium schleiferi	Micrococcales	61	32	28	60
A0A1M6UVL2_9ACTN/2-70	A0A1M6UVL2	9ACTN	Nocardiopsis flavescens	Streptosporangiales	73	32	37	69
M1UGY3_9CORY/2-59	M1UGY3	9CORY	Corynebacterium callunae DSM 20147	Mycobacteriales	72	32	26	58
A0A1N6U903_9ACTN/2-67	A0A1N6U903	9ACTN	Micromonospora avicenniae	Micromonosporales	71	32	34	66
A0A6G9H0Z5_9ACTN/2-79	A0A6G9H0Z5	9ACTN	Streptomyces liangshanensis	Kitasatosporales	83	32	46	78
A0A0X3V065_9ACTN/2-78	A0A0X3V065	9ACTN		None		32	45	77
A0A401MH32_9ACTN/2-80	A0A401MH32	9ACTN		None		32	47	79
A0A1M7REE1_9ACTN/2-63	A0A1M7REE1	9ACTN	Cryptosporangium aurantiacum	Cryptosporangiales	64	32	30	62
A0A1I5UYM7_9ACTN/2-68	A0A1I5UYM7	9ACTN	Geodermatophilus dictyosporus	Geodermatophilales	70	32	35	67
A0A8T4HN30_9ACTN/2-63	A0A8T4HN30	9ACTN		None		32	30	62
A0A7K0BUF9_9ACTN/2-64	A0A7K0BUF9	9ACTN	Actinomadura macrotermitis	Streptosporangiales	69	32	31	63
A0A495XW51_9MICO/2-65	A0A495XW51	9MICO	Terracoccus luteus	Micrococcales	69	32	32	64
A0A261CZD8_9NOCA/2-59	A0A261CZD8	9NOCA		None		32	26	58
F8JVL7_STREN/2-81	F8JVL7	STREN	Streptantibioticus cattleyicolor (strain ATCC 35852 / DSM 46488 / JCM 4925 / NBRC 14057 / NRRL 8057) (Streptomyces cattleya)	Kitasatosporales	83	32	48	80
A0A261EQF1_9BIFI/43-133	A0A261EQF1	9BIFI	Bombiscardovia coagulans	Bifidobacteriales	251	32	59	91
A0A1S2K0G2_9ACTN/2-64	A0A1S2K0G2	9ACTN		None		32	31	63
A0A542XF76_9MICO/2-64	A0A542XF76	9MICO	Barrientosiimonas humi	Micrococcales	68	32	31	63
A0A5J5L120_9MICC/2-69	A0A5J5L120	9MICC	Kocuria coralli	Micrococcales	69	32	36	68
A0A516X197_9ACTN/2-66	A0A516X197	9ACTN	Tomitella fengzijianii	Mycobacteriales	66	32	33	65
A0A6G7XEU6_9MICO/2-62	A0A6G7XEU6	9MICO	Leucobacter viscericola	Micrococcales	62	32	29	61
A0A1H1W5F7_9CELL/2-61	A0A1H1W5F7	9CELL	Paraoerskovia marina	Micrococcales	61	32	28	60
G7GTR1_9ACTN/2-58	G7GTR1	9ACTN	Gordonia amarae NBRC 15530	Mycobacteriales	58	32	25	57
A0A926KAY7_9MICO/2-62	A0A926KAY7	9MICO		None		32	29	61
A0A2S4YMQ8_9ACTN/2-65	A0A2S4YMQ8	9ACTN		None		32	32	64
A0A233SCD1_STRDA/2-65	A0A233SCD1	STRDA	Streptomyces diastatochromogenes	Kitasatosporales	83	32	32	64
A0A917RQR5_9ACTN/24-80	A0A917RQR5	9ACTN	Sphaerisporangium melleum	Streptosporangiales	83	31	26	57
A0A3M9MI83_9MICO/2-61	A0A3M9MI83	9MICO	Flexivirga caeni	Micrococcales	64	32	28	60
A0A4U0SSF3_9ACTN/2-84	A0A4U0SSF3	9ACTN	Actinacidiphila oryziradicis	Kitasatosporales	86	32	51	83
A0A0B6TTV0_9CORY/2-62	A0A0B6TTV0	9CORY	Corynebacterium marinum DSM 44953	Mycobacteriales	79	32	29	61
A0A366K7S4_9BIFI/2-101	A0A366K7S4	9BIFI	Bifidobacterium aemilianum	Bifidobacteriales	227	32	68	100
A0A541BPM4_9NOCA/2-68	A0A541BPM4	9NOCA	Rhodococcus spelaei	Mycobacteriales	68	32	35	67
A0A6G2RXR1_9ACTN/2-63	A0A6G2RXR1	9ACTN		None		32	30	62
A0A1M6YSQ4_9ACTN/2-66	A0A1M6YSQ4	9ACTN	Actinacidiphila paucisporea	Kitasatosporales	89	32	33	65
A0A5B8JIR6_9ACTN/2-81	A0A5B8JIR6	9ACTN	Streptomyces qinzhouensis	Kitasatosporales	84	32	48	80
A0A918QKE0_9ACTN/50-113	A0A918QKE0	9ACTN	Streptomyces inusitatus	Kitasatosporales	132	32	32	64
A0A2U9P3B4_STRAS/2-64	A0A2U9P3B4	STRAS	Streptomyces actuosus	Kitasatosporales	83	32	31	63
A0A066Z1V7_9ACTN/2-76	A0A066Z1V7	9ACTN	Kitasatospora cheerisanensis KCTC 2395	Kitasatosporales	79	32	43	75
A0A368W095_9ACTN/2-60	A0A368W095	9ACTN	Halopolyspora algeriensis	None	60	32	27	59
A0A7I7KYV4_9MYCO/2-55	A0A7I7KYV4	9MYCO	Mycobacterium cookii	Mycobacteriales	55	32	22	54
A0A4Y9FPX2_9MICO/2-65	A0A4Y9FPX2	9MICO	Microbacterium paludicola	Micrococcales	66	32	32	64
A0A849CCJ4_9NOCA/2-74	A0A849CCJ4	9NOCA	Nocardia uniformis	Mycobacteriales	74	32	41	73
A0A0Q6Q315_9MICO/2-66	A0A0Q6Q315	9MICO		None		32	33	65
A0A4Z1E7T8_9MICO/2-65	A0A4Z1E7T8	9MICO	Serinibacter arcticus	Micrococcales	68	32	32	64
A0A3D9SSI6_9ACTN/2-70	A0A3D9SSI6	9ACTN	Thermomonospora umbrina	Streptosporangiales	72	32	37	69
A0A939LXP8_9MICO/2-60	A0A939LXP8	9MICO	Leucobacter ruminantium	Micrococcales	60	32	27	59
A5U0J9_MYCTA/2-60	A5U0J9	MYCTA	Mycobacterium tuberculosis (strain ATCC 25177 / H37Ra)	Mycobacteriales	60	32	27	59
A0A251YR57_9MICO/2-64	A0A251YR57	9MICO	Clavibacter michiganensis	Micrococcales	69	32	31	63
A0A918YHW5_9ACTN/55-136	A0A918YHW5	9ACTN	Streptomyces alanosinicus	Kitasatosporales	138	32	50	82
A0A8H9LGI9_9ACTN/2-64	A0A8H9LGI9	9ACTN	Microbispora bryophytorum	Streptosporangiales	76	32	31	63
A0A2G5P7P6_9MYCO/2-54	A0A2G5P7P6	9MYCO	Mycolicibacterium brumae	Mycobacteriales	54	32	21	53
A0A0Q5M717_9MICO/2-70	A0A0Q5M717	9MICO		None		32	37	69
A0A4Y4DRZ5_GLUUR/2-72	A0A4Y4DRZ5	GLUUR	Glutamicibacter uratoxydans (Arthrobacter uratoxydans)	Micrococcales	72	32	39	71
A0A944EDG9_9ACTN/2-64	A0A944EDG9	9ACTN		None		32	31	63
R4T6A2_9PSEU/2-61	R4T6A2	9PSEU	Amycolatopsis keratiniphila	Pseudonocardiales	61	32	28	60
A0A160KVI3_9MICO/2-64	A0A160KVI3	9MICO	Rathayibacter tritici	Micrococcales	65	32	31	63
A0A5Q3QBB7_9PSEU/2-60	A0A5Q3QBB7	9PSEU	Allosaccharopolyspora coralli	Pseudonocardiales	60	32	27	59
A0A6I1Z475_9ACTN/2-80	A0A6I1Z475	9ACTN		None		32	47	79
A0A7K2JTZ8_9ACTN/2-78	A0A7K2JTZ8	9ACTN		None		32	45	77
A0A917UPY5_9MICO/2-64	A0A917UPY5	9MICO	Agromyces bauzanensis	Micrococcales	67	32	31	63
A0A6G8G000_9MICO/2-58	A0A6G8G000	9MICO		None		32	25	57
A0A0Q5QSA8_9NOCA/2-59	A0A0Q5QSA8	9NOCA		None		32	26	58
G8RWI6_MYCRN/2-58	G8RWI6	MYCRN	Mycolicibacterium rhodesiae (strain NBB3) (Mycobacterium rhodesiae)	Mycobacteriales	58	32	25	57
A0A1H1LA82_9CORY/2-58	A0A1H1LA82	9CORY	Corynebacterium timonense	Mycobacteriales	61	32	25	57
A0A3N0CAN8_9MICC/2-74	A0A3N0CAN8	9MICC	Arthrobacter oryzae	Micrococcales	77	32	41	73
A0A5S4GNU9_9ACTN/2-56	A0A5S4GNU9	9ACTN	Nonomuraea zeae	Streptosporangiales	56	32	23	55
A0A133ZH46_9CORY/42-116	A0A133ZH46	9CORY		None		32	43	75
A0A1L7CUF9_9CORY/4-77	A0A1L7CUF9	9CORY	Corynebacterium frankenforstense DSM 45800	Mycobacteriales	82	32	42	74
A0A938XXV4_9ACTN/2-59	A0A938XXV4	9ACTN	Nocardioides faecalis	Propionibacteriales	59	32	26	58
A0A4P6UAK1_9NOCA/2-71	A0A4P6UAK1	9NOCA		None		32	38	70
A0A2T1A2I9_9ACTN/2-67	A0A2T1A2I9	9ACTN	Antricoccus suffuscus	Geodermatophilales	74	32	34	66
A0A5S4H720_9ACTN/2-63	A0A5S4H720	9ACTN	Nonomuraea zeae	Streptosporangiales	77	32	30	62
A0A917LDR7_9ACTN/44-127	A0A917LDR7	9ACTN	Streptomyces lacrimifluminis	Kitasatosporales	130	32	52	84
A0A1H4KVK5_9MICC/2-78	A0A1H4KVK5	9MICC	Arthrobacter woluwensis	Micrococcales	82	32	45	77
A0A937EHX2_9ACTN/2-64	A0A937EHX2	9ACTN	Streptomyces actinomycinicus	Kitasatosporales	82	32	31	63
A0A852X369_9MICO/2-64	A0A852X369	9MICO	Janibacter alkaliphilus	Micrococcales	66	32	31	63
H6RRF5_BLASD/1-61	H6RRF5	BLASD	Blastococcus saxobsidens (strain DD2)	Geodermatophilales	62	21	40	61
A0A4P9J870_9MICC/2-71	A0A4P9J870	9MICC		None		32	38	70
A0A3G6IY94_9CORY/2-53	A0A3G6IY94	9CORY	Corynebacterium gerontici	Mycobacteriales	53	32	20	52
A0A7G9R1P8_9MICO/2-59	A0A7G9R1P8	9MICO	Phycicoccus endophyticus	Micrococcales	62	32	26	58
A0A6H0CP74_9ACTN/2-79	A0A6H0CP74	9ACTN		None		32	46	78
A0A4Q7M4K9_9MICO/2-64	A0A4Q7M4K9	9MICO	Xylanimonas ulmi	Micrococcales	65	32	31	63
A0A0N8HBE8_9ACTN/2-64	A0A0N8HBE8	9ACTN		None		32	31	63
A0A3N4ZRZ6_9ACTN/2-82	A0A3N4ZRZ6	9ACTN		None		32	49	81
A0A2A4KFG1_9ACTN/2-64	A0A2A4KFG1	9ACTN		None		32	31	63
A0A367A5C9_9ACTN/2-73	A0A367A5C9	9ACTN		None		32	40	72
A0A8J3RCY4_9ACTN/2-73	A0A8J3RCY4	9ACTN	Sphaerimonospora thailandensis	Streptosporangiales	79	32	40	72
A0A919NW32_9ACTN/2-69	A0A919NW32	9ACTN	Paractinoplanes tereljensis	Micromonosporales	71	32	36	68
A0A7Z0VSC4_9ACTO/2-89	A0A7Z0VSC4	9ACTO		None		32	56	88
A0A7K2ZHZ1_9ACTN/2-65	A0A7K2ZHZ1	9ACTN		None		32	32	64
A0A5C4Y0Z5_9ACTN/2-63	A0A5C4Y0Z5	9ACTN		None		32	30	62
S2YXH2_9ACTN/2-78	S2YXH2	9ACTN		None		32	45	77
A0A4R6G9Y4_9MICO/2-58	A0A4R6G9Y4	9MICO		None		32	25	57
A0A917K8P1_9PSEU/2-61	A0A917K8P1	9PSEU	Saccharopolyspora thermophila	Pseudonocardiales	62	32	28	60
A0A1Q5B937_9ACTN/2-68	A0A1Q5B937	9ACTN		None		32	35	67
A0A7W7Q4D2_9PSEU/2-58	A0A7W7Q4D2	9PSEU	Actinophytocola algeriensis	Pseudonocardiales	58	32	25	57
A0A4Q5N072_9MICO/2-68	A0A4Q5N072	9MICO	Pengzhenrongella frigida	Micrococcales	69	32	35	67
C4LH60_CORK4/2-60	C4LH60	CORK4	Corynebacterium kroppenstedtii (strain DSM 44385 / JCM 11950 / CIP 105744 / CCUG 35717)	Mycobacteriales	60	32	27	59
A0A1Q5MSI6_9ACTN/2-81	A0A1Q5MSI6	9ACTN		None		32	48	80
A0A1G8N9X3_9ACTN/2-64	A0A1G8N9X3	9ACTN		None		33	30	63
A0A9X2HGV8_9MICC/2-69	A0A9X2HGV8	9MICC	Rothia santali	Micrococcales	69	32	36	68
A0A7K1H112_9ACTN/2-67	A0A7K1H112	9ACTN		None		32	34	66
A0A9W6RMQ6_9ACTN/2-72	A0A9W6RMQ6	9ACTN	Actinoallomurus iriomotensis	Streptosporangiales	76	32	39	71
A0A7K2ZWQ9_9ACTN/2-68	A0A7K2ZWQ9	9ACTN		None		32	35	67
A0A3D9V5E8_THECX/2-65	A0A3D9V5E8	THECX	Thermasporomyces composti	Propionibacteriales	67	32	32	64
A0A918XZG7_9ACTN/2-81	A0A918XZG7	9ACTN	Streptomyces naganishii JCM 4654	Kitasatosporales	83	32	48	80
A0A1T3NYG0_9ACTN/2-82	A0A1T3NYG0	9ACTN	Embleya scabrispora	Kitasatosporales	83	32	49	81
A0A918DWL6_9ACTN/2-77	A0A918DWL6	9ACTN	Wenjunlia tyrosinilytica	Kitasatosporales	84	32	44	76
A0A379M4Z4_9NOCA/2-63	A0A379M4Z4	9NOCA	Rhodococcus gordoniae	Mycobacteriales	63	32	30	62
A0A1A1ZBK6_9MYCO/2-60	A0A1A1ZBK6	9MYCO		None		32	27	59
A0A3Q8WTQ1_9ACTO/2-64	A0A3Q8WTQ1	9ACTO	Flaviflexus salsibiostraticola	Actinomycetales	69	32	31	63
A0A5N8XJM0_9ACTN/2-64	A0A5N8XJM0	9ACTN	Streptomyces spongiae	Kitasatosporales	84	32	31	63
A0A941AYU5_9ACTN/2-79	A0A941AYU5	9ACTN	Streptomyces tagetis	Kitasatosporales	82	32	46	78
A0A2S9QPX0_9MICO/2-60	A0A2S9QPX0	9MICO	Leucobacter massiliensis	Micrococcales	60	32	27	59
A0A919M7K7_9ACTN/2-67	A0A919M7K7	9ACTN	Actinoplanes cyaneus	Micromonosporales	71	32	34	66
A0A448HGV5_9ACTO/2-67	A0A448HGV5	9ACTO	Actinomyces howellii	Actinomycetales	71	32	34	66
A0A6B2RX62_9ACTN/2-64	A0A6B2RX62	9ACTN		None		32	31	63
A0A0D0X037_9ACTN/2-66	A0A0D0X037	9ACTN	Micromonospora haikouensis	Micromonosporales	71	32	33	65
A0A916XIT1_9ACTN/2-69	A0A916XIT1	9ACTN	Hoyosella rhizosphaerae	Mycobacteriales	69	32	36	68
A0A512PBZ4_9CELL/2-65	A0A512PBZ4	9CELL	Cellulomonas soli	Micrococcales	68	32	32	64
A0A2I0SH20_9ACTN/2-81	A0A2I0SH20	9ACTN	Streptomyces populi	Kitasatosporales	84	32	48	80
A0A179B242_9ACTO/2-65	A0A179B242	9ACTO	Peptidiphaga gingivicola	Actinomycetales	67	32	32	64
A0A1B9EJF0_9ACTN/2-64	A0A1B9EJF0	9ACTN		None		32	31	63
A0A848RVN6_9MICO/2-65	A0A848RVN6	9MICO		None		32	32	64
A0A4R7UY77_9PSEU/2-61	A0A4R7UY77	9PSEU	Actinophytocola oryzae	Pseudonocardiales	61	32	28	60
A0A4Q5IX50_9ACTN/2-61	A0A4Q5IX50	9ACTN	Nocardioides iriomotensis	Propionibacteriales	65	32	28	60
A0A7W7CWJ7_9ACTN/1-56	A0A7W7CWJ7	9ACTN	Paractinoplanes abujensis	Micromonosporales	58	21	35	56
A0A1I5B5S9_9MICO/2-60	A0A1I5B5S9	9MICO	Mycetocola miduiensis	Micrococcales	64	32	27	59
A0A6L4WYZ2_9BIFI/2-86	A0A6L4WYZ2	9BIFI	Bifidobacterium ramosum	Bifidobacteriales	129	32	53	85
A0A1H9VR76_9MICO/2-62	A0A1H9VR76	9MICO	Pedococcus cremeus	Micrococcales	65	32	29	61
D7AX08_NOCDD/2-74	D7AX08	NOCDD	Nocardiopsis dassonvillei (strain ATCC 23218 / DSM 43111 / CIP 107115 / JCM 7437 / KCTC 9190 / NBRC 14626 / NCTC 10488 / NRRL B-5397 / IMRU 509) (Actinomadura dassonvillei)	Streptosporangiales	75	32	41	73
A0A7K3GV62_9ACTN/2-66	A0A7K3GV62	9ACTN		None		32	33	65
A0A944QEJ1_9MICC/2-73	A0A944QEJ1	9MICC		None		32	40	72
A0A1R4IGT3_9MICO/2-63	A0A1R4IGT3	9MICO	Mycetocola reblochoni REB411	Micrococcales	65	32	30	62
Q6ACF1_LEIXX/2-63	Q6ACF1	LEIXX	Leifsonia xyli subsp. xyli (strain CTCB07)	Micrococcales	73	32	30	62
A0A7G7CRA9_9CORY/2-76	A0A7G7CRA9	9CORY	Corynebacterium incognita	Mycobacteriales	91	32	43	75
A0A841IHU0_9ACTN/2-73	A0A841IHU0	9ACTN	Nocardiopsis algeriensis	Streptosporangiales	74	32	40	72
A0A075JJL0_9MICO/2-64	A0A075JJL0	9MICO	Dermacoccus nishinomiyaensis	Micrococcales	65	32	31	63
A0A1U7MUW7_9MICO/2-77	A0A1U7MUW7	9MICO		None		32	44	76
A0A505DEL4_9ACTN/2-83	A0A505DEL4	9ACTN	Streptomyces sporangiiformans	Kitasatosporales	85	32	50	82
A0A9W6KSP4_9ACTN/2-64	A0A9W6KSP4	9ACTN	Dactylosporangium matsuzakiense	Micromonosporales	74	32	31	63
A0A846Y5E5_9NOCA/2-68	A0A846Y5E5	9NOCA	Nocardia vermiculata	Mycobacteriales	68	32	35	67
A0A7W7QVP5_9ACTN/2-63	A0A7W7QVP5	9ACTN	Streptosporangium saharense	Streptosporangiales	77	32	30	62
A0A7I9XX65_9MYCO/2-63	A0A7I9XX65	9MYCO	Mycobacterium botniense	Mycobacteriales	63	32	30	62
K5BDL5_MYCHD/2-60	K5BDL5	MYCHD	Mycolicibacterium hassiacum (strain DSM 44199 / CIP 105218 / JCM 12690 / 3849) (Mycobacterium hassiacum)	Mycobacteriales	60	32	27	59
D0L437_GORB4/2-57	D0L437	GORB4	Gordonia bronchialis (strain ATCC 25592 / DSM 43247 / BCRC 13721 / JCM 3198 / KCTC 3076 / NBRC 16047 / NCTC 10667) (Rhodococcus bronchialis)	Mycobacteriales	58	32	24	56
A0A0W8IEJ6_9MICO/2-78	A0A0W8IEJ6	9MICO	Serinicoccus chungangensis	Micrococcales	82	32	45	77
A0A3P1SFR1_9ACTO/2-68	A0A3P1SFR1	9ACTO	Schaalia canis	Actinomycetales	71	32	35	67
A0A3N2DBG5_9MICO/2-64	A0A3N2DBG5	9MICO	Salana multivorans	Micrococcales	64	32	31	63
A0A261FRA3_9BIFI/2-100	A0A261FRA3	9BIFI	Bifidobacterium lemurum	Bifidobacteriales	137	32	67	99
A0A367EUS6_9ACTN/2-73	A0A367EUS6	9ACTN	Sphaerisporangium album	Streptosporangiales	74	32	40	72
B2HH28_MYCMM/2-59	B2HH28	MYCMM	Mycobacterium marinum (strain ATCC BAA-535 / M)	Mycobacteriales	59	32	26	58
A0A5A9ZHM6_9ACTN/2-61	A0A5A9ZHM6	9ACTN		None		32	28	60
A0A8H2K7D4_9MICO/2-70	A0A8H2K7D4	9MICO	Rhodoglobus vestalii	Micrococcales	73	32	37	69
A0A1R4G463_9MICC/2-70	A0A1R4G463	9MICC	Arthrobacter rhombi	Micrococcales	75	32	37	69
A0A1E7JX99_9ACTN/2-85	A0A1E7JX99	9ACTN	Streptomyces oceani	Kitasatosporales	86	33	51	84
A0A7X0FM82_9MICO/2-60	A0A7X0FM82	9MICO	Microbacterium thalassium	Micrococcales	60	32	27	59
A0A6M6JFW1_9PSEU/2-65	A0A6M6JFW1	9PSEU	Pseudonocardia broussonetiae	Pseudonocardiales	65	32	32	64
A0A7G8WLZ3_9ACTN/2-78	A0A7G8WLZ3	9ACTN		None		32	45	77
A0A8J3WWB3_9ACTN/2-55	A0A8J3WWB3	9ACTN	Planobispora takensis	Streptosporangiales	56	32	22	54
A0A853C750_9ACTN/2-60	A0A853C750	9ACTN	Nocardioides thalensis	Propionibacteriales	61	32	27	59
F3NKL8_9ACTN/2-81	F3NKL8	9ACTN		None		32	48	80
A0A1A3SY45_9MYCO/2-60	A0A1A3SY45	9MYCO		None		32	27	59
A0A2K2RK12_9ACTN/2-68	A0A2K2RK12	9ACTN		None		32	35	67
A0A7G7BKX6_9ACTN/2-64	A0A7G7BKX6	9ACTN	Streptomyces finlayi	Kitasatosporales	87	32	31	63
A0A7L4YN91_9ACTN/2-69	A0A7L4YN91	9ACTN	Epidermidibacterium keratini	Sporichthyales	76	32	36	68
A0A3P1XTE0_9MICO/2-79	A0A3P1XTE0	9MICO		None		32	46	78
A0A426Q0D2_9CORY/2-56	A0A426Q0D2	9CORY	Corynebacterium bovis	Mycobacteriales	58	32	23	55
A0A1K0FRM3_9ACTN/2-68	A0A1K0FRM3	9ACTN	Couchioplanes caeruleus subsp. caeruleus	Micromonosporales	71	32	35	67
A0A919FNL7_9ACTN/2-64	A0A919FNL7	9ACTN	Streptomyces sulfonofaciens	Kitasatosporales	83	32	31	63
A0A540W532_9ACTN/2-79	A0A540W532	9ACTN	Kitasatospora acidiphila	Kitasatosporales	82	32	46	78
A0A853B1G4_9PSEU/2-62	A0A853B1G4	9PSEU	Amycolatopsis endophytica	Pseudonocardiales	62	32	29	61
A0A2W2GVY8_9ACTN/2-54	A0A2W2GVY8	9ACTN	Spongiactinospora gelatinilytica	Streptosporangiales	54	32	21	53
A0A5C4WSA5_9ACTN/2-57	A0A5C4WSA5	9ACTN	Nonomuraea phyllanthi	Streptosporangiales	57	32	24	56
A0A3A9YWG8_9ACTN/2-65	A0A3A9YWG8	9ACTN	Streptomyces hoynatensis	Kitasatosporales	87	32	32	64
A0A0N0GZL9_9ACTN/2-64	A0A0N0GZL9	9ACTN	Streptomyces chattanoogensis	Kitasatosporales	83	32	31	63
A0A8T4F636_9ACTN/2-76	A0A8T4F636	9ACTN		None		32	43	75
Q743E5_MYCPA/2-61	Q743E5	MYCPA		None		32	28	60
A0A9X2DAL0_9ACTN/2-58	A0A9X2DAL0	9ACTN	Nocardioides bruguierae	Propionibacteriales	59	32	25	57
A0A4Y3VRC9_9ACTN/2-66	A0A4Y3VRC9	9ACTN	Streptomyces spinoverrucosus	Kitasatosporales	84	32	33	65
A0A1R3UWD0_9ACTN/2-74	A0A1R3UWD0	9ACTN		None		32	41	73
A0A8J3ASX4_9BIFI/2-77	A0A8J3ASX4	9BIFI	Galliscardovia ingluviei	Bifidobacteriales	120	32	44	76
A0A7W9KJF7_9PSEU/2-62	A0A7W9KJF7	9PSEU	Kutzneria kofuensis	Pseudonocardiales	62	32	29	61
A0A2V1HUF7_9MICO/2-63	A0A2V1HUF7	9MICO	Amnibacterium flavum	Micrococcales	64	32	30	62
A0A1H3I8Z3_9ACTN/2-66	A0A1H3I8Z3	9ACTN	Micromonospora pattaloongensis	Micromonosporales	70	32	33	65
A0A926KEL6_9MICO/2-64	A0A926KEL6	9MICO		None		32	31	63
A0A087VSJ9_9BIFI/2-92	A0A087VSJ9	9BIFI	Bifidobacterium [indicum] DSM 20214 = LMG 11587	Bifidobacteriales	237	32	59	91
A0A7W7FJM9_9MICO/2-65	A0A7W7FJM9	9MICO	Microbacterium marinum	Micrococcales	72	32	32	64
A0A2A7MWH0_MYCAG/2-58	A0A2A7MWH0	MYCAG	Mycolicibacterium agri (Mycobacterium agri)	Mycobacteriales	58	32	25	57
A0A1Y3FDH7_CLAMM/2-64	A0A1Y3FDH7	CLAMM	Clavibacter michiganensis subsp. michiganensis	Micrococcales	69	32	31	63
A0A1G9KGU3_9ACTN/2-70	A0A1G9KGU3	9ACTN	Nonomuraea maritima	Streptosporangiales	76	32	37	69
A0A4R1HZR5_PSEEN/2-66	A0A4R1HZR5	PSEEN	Pseudonocardia endophytica	Pseudonocardiales	68	32	33	65
A0A2W2G8A1_9ACTN/2-68	A0A2W2G8A1	9ACTN	Spongiactinospora gelatinilytica	Streptosporangiales	79	32	35	67
A0A9P2T7T3_THEFU/2-65	A0A9P2T7T3	THEFU	Thermobifida fusca TM51	Streptosporangiales	79	32	32	64
A0A399FZY8_9ACTN/2-65	A0A399FZY8	9ACTN	Thermobifida halotolerans	Streptosporangiales	78	32	32	64
A0A345SXF5_9ACTN/2-64	A0A345SXF5	9ACTN	Peterkaempfera bronchialis	Kitasatosporales	79	32	31	63
A0A2A3AJT0_9MICC/2-66	A0A2A3AJT0	9MICC		None		32	33	65
C5CCZ5_MICLC/2-66	C5CCZ5	MICLC	Micrococcus luteus (strain ATCC 4698 / DSM 20030 / JCM 1464 / CCM 169 / CCUG 5858 / IAM 1056 / NBRC 3333 / NCIMB 9278 / NCTC 2665 / VKM Ac-2230) (Micrococcus lysodeikticus)	Micrococcales	68	32	33	65
A0A542XX51_9MICO/2-65	A0A542XX51	9MICO	Homoserinimonas aerilata	Micrococcales	66	32	32	64
A0A0S9Q6N7_9ACTN/2-60	A0A0S9Q6N7	9ACTN		None		32	27	59
A0A4R4TF22_9ACTN/2-89	A0A4R4TF22	9ACTN	Streptomyces hainanensis	Kitasatosporales	93	32	56	88
A0A0N7JZ94_9PSEU/2-64	A0A0N7JZ94	9PSEU		None		32	31	63
A0AAJ3NR59_9MYCO/2-61	A0AAJ3NR59	9MYCO	Mycobacterium saskatchewanense	Mycobacteriales	61	32	28	60
A0A222VXG7_9PSEU/2-61	A0A222VXG7	9PSEU	Prauserella marina	Pseudonocardiales	61	32	28	60
A0A849A8Z8_9ACTN/2-76	A0A849A8Z8	9ACTN	Nakamurella aerolata	Nakamurellales	87	32	43	75
A0A7Y6I6P0_9ACTN/2-56	A0A7Y6I6P0	9ACTN	Nonomuraea montanisoli	Streptosporangiales	56	32	23	55
A0A238VPL8_9ACTN/2-71	A0A238VPL8	9ACTN	Blastococcus mobilis	Geodermatophilales	74	32	38	70
A0A5B9G3M3_9MICO/2-64	A0A5B9G3M3	9MICO		None		32	31	63
W9G4I8_9MICO/2-62	W9G4I8	9MICO	Intrasporangium oryzae NRRL B-24470	Micrococcales	64	32	29	61
A0A1A0M900_9MYCO/2-61	A0A1A0M900	9MYCO		None		32	28	60
A0A4P6ECB0_9MICO/2-68	A0A4P6ECB0	9MICO	Microbacterium protaetiae	Micrococcales	70	32	35	67
U2QMR2_9ACTN/1-51	U2QMR2	9ACTN	Propionibacterium acidifaciens F0233	Propionibacteriales	54	21	30	51
A0A2V4BBK8_9PSEU/2-61	A0A2V4BBK8	9PSEU	Prauserella muralis	Pseudonocardiales	61	32	28	60
A0A6L9S5S1_9ACTN/2-65	A0A6L9S5S1	9ACTN	Phytoactinopolyspora halotolerans	Jiangellales	69	32	32	64
A0A6I3KPP8_9NOCA/2-69	A0A6I3KPP8	9NOCA	Nocardia aurantiaca	Mycobacteriales	69	32	36	68
A0A6G7YEM6_9ACTN/2-58	A0A6G7YEM6	9ACTN	Nocardioides piscis	Propionibacteriales	61	32	25	57
A0A2S6GRI9_9PSEU/2-61	A0A2S6GRI9	9PSEU	Actinokineospora auranticolor	Pseudonocardiales	61	32	28	60
A0A124IEZ2_9ACTN/2-79	A0A124IEZ2	9ACTN	Streptomyces dysideae	Kitasatosporales	83	32	46	78
A0A4R6PMP1_NOCIG/2-73	A0A4R6PMP1	NOCIG	Nocardia ignorata	Mycobacteriales	73	32	40	72
A0A917BUH5_9MICO/2-78	A0A917BUH5	9MICO	Ornithinimicrobium tianjinense	Micrococcales	81	33	44	77
A0A0D0N4T9_KITGR/2-76	A0A0D0N4T9	KITGR	Kitasatospora griseola (Streptomyces griseolosporeus)	Kitasatosporales	79	32	43	75
A0A1H1NW48_9ACTN/2-66	A0A1H1NW48	9ACTN	Actinopolymorpha singaporensis	Propionibacteriales	68	32	33	65
A0A239MSA4_9ACTN/2-64	A0A239MSA4	9ACTN	Actinomadura meyerae	Streptosporangiales	68	32	31	63
A0A4Q4BWL7_9MICO/2-63	A0A4Q4BWL7	9MICO		None		32	30	62
A0A940G1B4_9MICO/2-72	A0A940G1B4	9MICO		None		32	39	71
A0A840PL04_9ACTN/2-75	A0A840PL04	9ACTN	Thermocatellispora tengchongensis	Streptosporangiales	77	32	42	74
A0A944KF07_9ACTN/2-81	A0A944KF07	9ACTN		None		32	48	80
A0A0A0C2I8_9CELL/2-64	A0A0A0C2I8	9CELL	Cellulomonas bogoriensis 69B4 = DSM 16987	Micrococcales	65	32	31	63
A0A542Q663_9ACTN/2-81	A0A542Q663	9ACTN		None		32	48	80
A0A261F6D9_9BIFI/2-81	A0A261F6D9	9BIFI	Alloscardovia macacae	Bifidobacteriales	112	32	48	80
A0A7H8ILF1_9ACTN/2-81	A0A7H8ILF1	9ACTN		None		32	48	80
A0A5B0AVA0_9ACTN/2-79	A0A5B0AVA0	9ACTN	Streptomyces apricus	Kitasatosporales	83	32	46	78
A0A1V3X7G2_MYCKA/2-60	A0A1V3X7G2	MYCKA	Mycobacterium kansasii	Mycobacteriales	60	32	27	59
A0A0A0BAH3_9CELL/2-64	A0A0A0BAH3	9CELL	Cellulomonas cellasea DSM 20118	Micrococcales	67	32	31	63
A0A1S1Q0X9_9ACTN/2-67	A0A1S1Q0X9	9ACTN	Parafrankia soli	Frankiales	68	32	34	66
A0A6I2G837_9NOCA/2-69	A0A6I2G837	9NOCA		None		32	36	68
A0A652K6B9_9ACTN/2-79	A0A652K6B9	9ACTN		None		32	46	78
A0A6N7CT79_9NOCA/2-66	A0A6N7CT79	9NOCA		None		32	33	65
A0A7H8JTA5_9ACTN/2-83	A0A7H8JTA5	9ACTN		None		32	50	82
A0A364V828_9CORY/2-58	A0A364V828	9CORY	Corynebacterium heidelbergense	Mycobacteriales	58	32	25	57
A0A430FH51_9BIFI/2-86	A0A430FH51	9BIFI	Bifidobacterium goeldii	Bifidobacteriales	127	32	53	85
A0A1R4HZL8_9MICO/2-61	A0A1R4HZL8	9MICO		None		32	28	60
A0A6B3HIY2_9ACTN/2-79	A0A6B3HIY2	9ACTN		None		32	46	78
A0A917T3N9_9ACTN/2-74	A0A917T3N9	9ACTN	Nakamurella endophytica	Nakamurellales	79	32	41	73
A0AA40SQD0_9MICO/2-54	A0AA40SQD0	9MICO	Microbacterium invictum	Micrococcales	54	32	21	53
A0A941D4H8_9MICO/2-61	A0A941D4H8	9MICO	Phycicoccus avicenniae	Micrococcales	62	32	28	60
A0A095X6D6_9ACTO/2-80	A0A095X6D6	9ACTO		None		32	47	79
A0A848KJA5_9NOCA/2-69	A0A848KJA5	9NOCA	Antrihabitans stalactiti	Mycobacteriales	70	32	36	68
A0A0D1KZB1_9MYCO/2-67	A0A0D1KZB1	9MYCO	Mycolicibacterium llatzerense	Mycobacteriales	70	32	34	66
A0A150HID3_9MICO/2-59	A0A150HID3	9MICO	Microbacterium laevaniformans	Micrococcales	59	32	26	58
A0A317M8A0_9ACTN/2-74	A0A317M8A0	9ACTN		None		32	41	73
A0A4T0UPC0_9ACTN/2-56	A0A4T0UPC0	9ACTN		None		32	23	55
A0A8J7GMV8_9ACTN/2-59	A0A8J7GMV8	9ACTN	Longispora fulva	Micromonosporales	61	32	26	58
A0A7W7LCJ0_STRNE/2-65	A0A7W7LCJ0	STRNE	Streptomyces netropsis (Streptoverticillium netropsis)	Kitasatosporales	83	32	32	64
A0A1Z1WE03_9ACTN/2-64	A0A1Z1WE03	9ACTN	Streptomyces alboflavus	Kitasatosporales	85	32	31	63
Q82FW9_STRAW/2-79	Q82FW9	STRAW	Streptomyces avermitilis (strain ATCC 31267 / DSM 46492 / JCM 5070 / NBRC 14893 / NCIMB 12804 / NRRL 8165 / MA-4680)	Kitasatosporales	83	32	46	78
A0A4R4NIJ5_9ACTN/2-64	A0A4R4NIJ5	9ACTN	Nonomuraea longispora	Streptosporangiales	75	32	31	63
A0A9W6H442_9MICO/54-114	A0A9W6H442	9MICO	Microbacterium barkeri	Micrococcales	114	32	29	61
A0A6L6XQC9_9ACTN/2-61	A0A6L6XQC9	9ACTN	Nocardioides agri	Propionibacteriales	62	32	28	60
A0A2Z4UXR9_9ACTN/2-85	A0A2Z4UXR9	9ACTN		None		32	52	84
A0A926LQ06_9ACTN/2-64	A0A926LQ06	9ACTN		None		32	31	63
A0A1C4NMC1_9ACTN/2-84	A0A1C4NMC1	9ACTN		None		32	51	83
A0A1I6SN25_9ACTN/2-69	A0A1I6SN25	9ACTN	Streptomyces harbinensis	Kitasatosporales	101	32	36	68
A0A1V9KLF1_9ACTN/2-64	A0A1V9KLF1	9ACTN		None		32	31	63
A0A076NTG2_9CORY/2-66	A0A076NTG2	9CORY	Corynebacterium imitans	Mycobacteriales	68	32	33	65
F8E131_CORRG/2-63	F8E131	CORRG	Corynebacterium resistens (strain DSM 45100 / JCM 12819 / GTC 2026 / SICGH 158)	Mycobacteriales	64	32	30	62
A0A223S1Y4_9ACTN/2-72	A0A223S1Y4	9ACTN	Nocardiopsis gilva YIM 90087	Streptosporangiales	90	32	39	71
A0A1I5SVZ6_9PSEU/2-62	A0A1I5SVZ6	9PSEU	Amycolatopsis arida	Pseudonocardiales	62	32	29	61
A0A919VV33_9ACTN/2-70	A0A919VV33	9ACTN	Actinoplanes auranticolor	Micromonosporales	72	32	37	69
A0A0J6YQN1_9MYCO/2-58	A0A0J6YQN1	9MYCO	Mycolicibacterium obuense	Mycobacteriales	59	32	25	57
A0A852SK62_9MICO/2-62	A0A852SK62	9MICO	Herbiconiux flava	Micrococcales	75	32	29	61
A0A197SM54_9ACTN/2-67	A0A197SM54	9ACTN		None		32	34	66
A0A1B1MCD6_STRLN/2-81	A0A1B1MCD6	STRLN	Streptomyces lincolnensis	Kitasatosporales	84	32	48	80
A0A5C4WJ38_9ACTN/2-59	A0A5C4WJ38	9ACTN	Nocardioides albidus	Propionibacteriales	59	32	26	58
A0A931N7C4_9NOCA/2-70	A0A931N7C4	9NOCA	Nocardia bovistercoris	Mycobacteriales	70	32	37	69
A0A8J3USE7_9ACTN/2-72	A0A8J3USE7	9ACTN	Planotetraspora silvatica	Streptosporangiales	78	32	39	71
A0A1H6D4K4_9ACTN/2-56	A0A1H6D4K4	9ACTN	Nonomuraea solani	Streptosporangiales	56	32	23	55
A0A172UJH4_9MYCO/2-60	A0A172UJH4	9MYCO	Mycobacterium adipatum	Mycobacteriales	60	32	27	59
W7IKB4_9PSEU/1-48	W7IKB4	9PSEU	Actinokineospora spheciospongiae	Pseudonocardiales	48	21	27	48
A0A239IK62_9MICO/2-61	A0A239IK62	9MICO		None		32	28	60
A0A975SY92_9ACTN/2-62	A0A975SY92	9ACTN	Nocardioides panacis	Propionibacteriales	65	32	29	61
A0A1B1NEU5_9MICO/2-79	A0A1B1NEU5	9MICO	Serinicoccus hydrothermalis	Micrococcales	82	32	46	78
A0A4R5A470_9ACTN/2-64	A0A4R5A470	9ACTN	Actinomadura darangshiensis	Streptosporangiales	68	32	31	63
A0A367YUM8_9ACTN/2-71	A0A367YUM8	9ACTN	Desertihabitans brevis	Propionibacteriales	72	32	38	70
A0A366DAK7_9NOCA/2-68	A0A366DAK7	9NOCA	Nocardia puris	Mycobacteriales	68	32	35	67
A0A171BGC2_9ACTN/2-63	A0A171BGC2	9ACTN		None		32	30	62
A0A939I5T7_9ACTN/2-73	A0A939I5T7	9ACTN		None		32	40	72
A0A839QRW3_9MICO/2-61	A0A839QRW3	9MICO	Helcobacillus massiliensis	Micrococcales	61	32	28	60
A0A934QQF0_9PSEU/2-62	A0A934QQF0	9PSEU	Prauserella cavernicola	Pseudonocardiales	63	32	29	61
A0A8J3C148_9ACTN/2-68	A0A8J3C148	9ACTN	Mangrovihabitans endophyticus	Micromonosporales	70	32	35	67
A0A2R4FRJ8_9ACTN/2-65	A0A2R4FRJ8	9ACTN		None		32	32	64
A0A430JPE7_9ACTO/2-78	A0A430JPE7	9ACTO		None		32	45	77
A0A918XFM7_9ACTN/2-67	A0A918XFM7	9ACTN	Nocardiopsis kunsanensis	Streptosporangiales	75	32	34	66
A0A944IMD4_9ACTN/2-67	A0A944IMD4	9ACTN		None		32	34	66
A0A4Q2SSU0_9ACTN/2-62	A0A4Q2SSU0	9ACTN	Nocardioides zhouii	Propionibacteriales	64	32	29	61
A0A399JGJ7_9MICC/2-66	A0A399JGJ7	9MICC	Galactobacter valiniphilus	Micrococcales	77	32	33	65
A0A1T5LHC9_9MICO/2-67	A0A1T5LHC9	9MICO	Krasilnikoviella flava	Micrococcales	67	32	34	66
A0A1F1IBB2_9MICC/2-66	A0A1F1IBB2	9MICC		None		32	33	65
A0A562I9V6_MICOL/2-65	A0A562I9V6	MICOL	Micromonospora olivasterospora	Micromonosporales	71	32	32	64
A0A542E093_9MICO/2-64	A0A542E093	9MICO	Lapillicoccus jejuensis	Micrococcales	66	32	31	63
A0A8J7WSD9_9ACTN/2-81	A0A8J7WSD9	9ACTN	Actinocrinis puniceicyclus	Catenulisporales	91	32	48	80
G9PFQ5_9ACTO/2-66	G9PFQ5	9ACTO	Actinomyces graevenitzii C83	Actinomycetales	68	32	33	65
A0A561WRV2_ACTTI/2-68	A0A561WRV2	ACTTI	Actinoplanes teichomyceticus	Micromonosporales	71	32	35	67
A0A930V801_9ACTN/2-59	A0A930V801	9ACTN	Nocardioides islandensis	Propionibacteriales	61	32	26	58
A0A3N4ZBE3_9MICO/2-68	A0A3N4ZBE3	9MICO	Myceligenerans xiligouense	Micrococcales	76	32	35	67
A0A2U3C094_9ACTN/2-64	A0A2U3C094	9ACTN		None		32	31	63
A0A6I3IVS5_9MICO/2-63	A0A6I3IVS5	9MICO	Arsenicicoccus cauae	Micrococcales	65	32	30	62
A0A6H9V6Y9_9ACTN/2-79	A0A6H9V6Y9	9ACTN	Streptomyces luteolifulvus	Kitasatosporales	83	32	46	78
A0A4R5C237_9ACTN/2-64	A0A4R5C237	9ACTN	Actinomadura rubrisoli	Streptosporangiales	68	32	31	63
A0A561BQM7_9ACTN/2-63	A0A561BQM7	9ACTN	Kribbella amoyensis	Propionibacteriales	63	32	30	62
A0A4Y9PAX1_9ACTN/2-70	A0A4Y9PAX1	9ACTN		None		32	37	69
A0A0M8Y102_9ACTN/2-74	A0A0M8Y102	9ACTN		None		32	41	73
A0A2W5WQE9_9MICO/2-66	A0A2W5WQE9	9MICO	Xylanimonas oleitrophica	Micrococcales	67	32	33	65
A0A3A4AWM5_9ACTN/2-54	A0A3A4AWM5	9ACTN	Bailinhaonella thermotolerans	Streptosporangiales	55	32	21	53
A0A060JK33_9MICO/2-74	A0A060JK33	9MICO	Rhodoluna lacicola	Micrococcales	75	32	41	73
A0A496PLA0_9MICC/2-70	A0A496PLA0	9MICC	Galactobacter caseinivorans	Micrococcales	74	32	37	69
A0A919Q1K0_9MICO/2-64	A0A919Q1K0	9MICO	Demequina activiva	Micrococcales	65	32	31	63
A0A1X0DV62_MYCHE/2-61	A0A1X0DV62	MYCHE	Mycobacterium heidelbergense	Mycobacteriales	61	32	28	60
A0A7K0DFU6_9NOCA/2-77	A0A7K0DFU6	9NOCA	Nocardia aurantia	Mycobacteriales	77	32	44	76
A0A9W6SHB7_9ACTN/2-75	A0A9W6SHB7	9ACTN	Actinorhabdospora filicis	Micromonosporales	79	32	42	74
A0A401Y7L7_9ACTN/9-66	A0A401Y7L7	9ACTN		None		32	26	58
A0A1Q5PK55_9ACTO/2-75	A0A1Q5PK55	9ACTO	Boudabousia liubingyangii	Actinomycetales	77	32	42	74
N6X430_9ACTO/2-63	N6X430	9ACTO	Schaalia cardiffensis F0333	Actinomycetales	84	32	30	62
A0A7W3LKX3_ACTNM/2-66	A0A7W3LKX3	ACTNM	Actinomadura kijaniata (Actinomadura namibiensis)	Streptosporangiales	71	32	33	65
A0A542Z843_9MICO/27-89	A0A542Z843	9MICO	Oryzihumus leptocrescens	Micrococcales	90	32	31	63
A0A3A4KRK1_9NOCA/2-78	A0A3A4KRK1	9NOCA	Nocardia panacis	Mycobacteriales	78	32	45	77
K4QYE0_STRDJ/2-64	K4QYE0	STRDJ	Streptomyces davaonensis (strain DSM 101723 / JCM 4913 / KCC S-0913 / 768)	Kitasatosporales	84	32	31	63
A0A2T7TKR3_9MICC/2-72	A0A2T7TKR3	9MICC		None		32	39	71
A0A1Q2HZ14_9CORY/2-65	A0A1Q2HZ14	9CORY	Corynebacterium glaucum	Mycobacteriales	69	32	32	64
A0A6P0H338_9ACTN/2-71	A0A6P0H338	9ACTN	Modestobacter muralis	Geodermatophilales	72	32	38	70
A0A2Z3S5J6_9MICO/2-63	A0A2Z3S5J6	9MICO	Aurantimicrobium photophilum	Micrococcales	64	32	30	62
A0A560WH94_9MICO/2-62	A0A560WH94	9MICO	Marihabitans asiaticum	Micrococcales	63	32	29	61
A0A6B2VGM8_9ACTN/2-65	A0A6B2VGM8	9ACTN		None		32	32	64
A0A0C5GF40_9ACTN/2-65	A0A0C5GF40	9ACTN	Streptomyces cyaneogriseus subsp. noncyanogenus	Kitasatosporales	83	32	32	64
A0A4R4RZU2_9ACTN/2-65	A0A4R4RZU2	9ACTN		None		32	32	64
A0A1I2H2B4_9MICO/2-63	A0A1I2H2B4	9MICO	Flavimobilis marinus	Micrococcales	63	32	30	62
A0A1C6RHH6_9ACTN/2-66	A0A1C6RHH6	9ACTN	Micromonospora rhizosphaerae	Micromonosporales	71	32	33	65
A0A6G7XUZ0_9ACTN/2-61	A0A6G7XUZ0	9ACTN		None		32	28	60
A0A1C6S2I8_9ACTN/2-68	A0A1C6S2I8	9ACTN	Micromonospora nigra	Micromonosporales	71	32	35	67
A0A4R4WR91_9ACTN/2-61	A0A4R4WR91	9ACTN	Kribbella turkmenica	Propionibacteriales	61	32	28	60
K9AIV0_9MICO/2-73	K9AIV0	9MICO	Brevibacterium casei S18	Micrococcales	74	32	40	72
A0A3D9SVX4_9ACTN/2-59	A0A3D9SVX4	9ACTN	Thermomonospora umbrina	Streptosporangiales	64	32	26	58
E2SC02_9ACTN/2-56	E2SC02	9ACTN	Aeromicrobium marinum DSM 15272	Propionibacteriales	56	32	23	55
A0A1A9GGG2_9ACTN/2-59	A0A1A9GGG2	9ACTN	Nocardioides dokdonensis FR1436	Propionibacteriales	59	32	26	58
A0A0X3VCN6_9ACTN/2-69	A0A0X3VCN6	9ACTN	Actinoplanes awajinensis subsp. mycoplanecinus	Micromonosporales	71	32	36	68
A0A1G9P0U8_9CORY/2-60	A0A1G9P0U8	9CORY	Corynebacterium mycetoides	Mycobacteriales	65	32	27	59
A0A2A9EDP3_9MICO/2-62	A0A2A9EDP3	9MICO	Flavimobilis soli	Micrococcales	63	32	29	61
A0A3M0HV21_9ACTN/2-81	A0A3M0HV21	9ACTN	Streptomyces shenzhenensis	Kitasatosporales	83	32	48	80
A0A6I5CSA5_9ACTN/2-81	A0A6I5CSA5	9ACTN		None		32	48	80
A0A7Y2LZP0_9MICO/2-62	A0A7Y2LZP0	9MICO	Microbacterium ulmi	Micrococcales	66	32	29	61
A0A5N6MV00_9MICC/2-73	A0A5N6MV00	9MICC	Arthrobacter yangruifuii	Micrococcales	77	32	40	72
A0A0U3EU20_9ACTN/2-81	A0A0U3EU20	9ACTN		None		32	48	80
A0A7W5FIM5_9ACTN/1-58	A0A7W5FIM5	9ACTN	Actinoplanes campanulatus	Micromonosporales	65	21	37	58
A0A2W2E7A8_9ACTN/2-70	A0A2W2E7A8	9ACTN	Nonomuraea aridisoli	Streptosporangiales	76	32	37	69
A0AA41QAP5_9MICO/2-67	A0AA41QAP5	9MICO	Antribacter soli	Micrococcales	70	32	34	66
A0A231H6P9_9NOCA/2-68	A0A231H6P9	9NOCA	Nocardia cerradoensis	Mycobacteriales	68	32	35	67
A0A7Y0HT62_9BIFI/2-89	A0A7Y0HT62	9BIFI	Bifidobacterium oedipodis	Bifidobacteriales	131	32	56	88
A0A1L2ZQC1_9MICC/2-73	A0A1L2ZQC1	9MICC	Neomicrococcus aestuarii	Micrococcales	77	32	40	72
A0A852V220_9ACTN/2-56	A0A852V220	9ACTN	Streptosporangium sandarakinum	Streptosporangiales	56	32	23	55
A0A0Q7BIX9_9ACTN/2-59	A0A0Q7BIX9	9ACTN		None		32	26	58
A0A200HJ19_9ACTN/2-57	A0A200HJ19	9ACTN		None		32	24	56
K6VUL4_9MICO/2-62	K6VUL4	9MICO	Austwickia chelonae NBRC 105200	Micrococcales	64	32	29	61
A0A848L7F5_9ACTN/2-57	A0A848L7F5	9ACTN	Gordonia asplenii	Mycobacteriales	57	32	24	56
A0A7Z0D847_9ACTN/1-59	A0A7Z0D847	9ACTN	Naumannella cuiyingiana	Propionibacteriales	62	21	38	59
A0A4P6F1C7_9MICO/2-65	A0A4P6F1C7	9MICO	Xylanimonas protaetiae	Micrococcales	66	32	32	64
A0A2W1Z5A6_9MICO/2-71	A0A2W1Z5A6	9MICO		None		32	38	70
A0A1J4PUA0_9ACTN/2-65	A0A1J4PUA0	9ACTN	Streptomyces malaysiense	Kitasatosporales	82	32	32	64
A0A5R9LZ83_9ACTN/2-82	A0A5R9LZ83	9ACTN		None		32	49	81
A0A1E8CSN7_9MICO/2-69	A0A1E8CSN7	9MICO		None		32	36	68
L1M9I2_9CORY/2-68	L1M9I2	9CORY	Corynebacterium durum F0235	Mycobacteriales	68	32	35	67
A0A4P6PWU1_9ACTN/2-84	A0A4P6PWU1	9ACTN	Streptomonospora litoralis	Streptosporangiales	86	32	51	83
A0A1G9NAY5_9ACTN/2-56	A0A1G9NAY5	9ACTN	Nonomuraea maritima	Streptosporangiales	56	32	23	55
A0A1G8B3K0_9NOCA/2-56	A0A1G8B3K0	9NOCA	Rhodococcus triatomae	Mycobacteriales	56	32	23	55
A0A3B0BMJ7_9ACTN/2-84	A0A3B0BMJ7	9ACTN	Streptomyces klenkii	Kitasatosporales	85	32	51	83
A0A143QBT2_9NOCA/2-62	A0A143QBT2	9NOCA		None		32	29	61
A0A1Q5DTZ6_9ACTN/2-65	A0A1Q5DTZ6	9ACTN		None		32	32	64
A0A370AYF0_9ACTN/2-64	A0A370AYF0	9ACTN	Streptomyces corynorhini	Kitasatosporales	83	32	31	63
Q4JXD4_CORJK/2-64	Q4JXD4	CORJK	Corynebacterium jeikeium (strain K411)	Mycobacteriales	85	32	31	63
C6WPT7_ACTMD/2-60	C6WPT7	ACTMD	Actinosynnema mirum (strain ATCC 29888 / DSM 43827 / JCM 3225 / NBRC 14064 / NCIMB 13271 / NRRL B-12336 / IMRU 3971 / 101)	Pseudonocardiales	60	32	27	59
A0A7Z0AA19_9MICO/8-70	A0A7Z0AA19	9MICO	Spelaeicoccus albus	Micrococcales	73	32	31	63
A0A1L7D1H6_9CORY/2-75	A0A1L7D1H6	9CORY	Corynebacterium phocae	Mycobacteriales	84	32	42	74
A0A550HG44_9ACTN/2-79	A0A550HG44	9ACTN		None		32	46	78
A0A0Q4DSX7_9MICO/2-60	A0A0Q4DSX7	9MICO		None		32	27	59
A0A2L2BN47_9MICO/2-56	A0A2L2BN47	9MICO	Pontimonas salivibrio	Micrococcales	56	32	23	55
A0A2S3ZF23_9MICO/2-77	A0A2S3ZF23	9MICO	Cryobacterium zongtaii	Micrococcales	79	32	44	76
F6FTF6_ISOV2/2-67	F6FTF6	ISOV2	Isoptericola variabilis (strain 225)	Micrococcales	67	32	34	66
A0A086YWD1_9BIFI/2-97	A0A086YWD1	9BIFI	Bifidobacterium actinocoloniiforme DSM 22766	Bifidobacteriales	251	32	64	96
A0A1H4BCY9_9MICO/2-70	A0A1H4BCY9	9MICO		None		32	37	69
A0A4Q7NX89_9ACTN/2-64	A0A4Q7NX89	9ACTN	Motilibacter rhizosphaerae	Motilibacterales	65	32	31	63
A0A974X5Z1_9ACTN/2-61	A0A974X5Z1	9ACTN		None		32	28	60
A0A429N5H6_9ACTN/2-64	A0A429N5H6	9ACTN		None		32	31	63
S4AJM6_9ACTN/2-80	S4AJM6	9ACTN	Streptomyces aurantiacus JA 4570	Kitasatosporales	84	32	47	79
A0A1H0BTY7_ALLAB/2-59	A0A1H0BTY7	ALLAB	Allokutzneria albata (Kibdelosporangium albatum)	Pseudonocardiales	59	32	26	58
A0A944PGP8_9ACTN/2-85	A0A944PGP8	9ACTN		None		32	52	84
A0A1K2G1G3_9ACTN/2-65	A0A1K2G1G3	9ACTN		None		32	32	64
G8S4U2_ACTS5/2-68	G8S4U2	ACTS5		None		32	35	67
A0A3P1WKC5_9ACTN/2-63	A0A3P1WKC5	9ACTN		None		32	30	62
A0A1F1K8Q2_9MICO/2-63	A0A1F1K8Q2	9MICO		None		32	30	62
A0A8J3F8J4_9ACTN/27-91	A0A8J3F8J4	9ACTN	Pilimelia anulata	Micromonosporales	92	32	33	65
A0A1E7KDI7_9ACTN/2-71	A0A1E7KDI7	9ACTN		None		32	38	70
A0A1H9XLI7_9ACTN/2-83	A0A1H9XLI7	9ACTN		None		32	50	82
A0A6H9Z284_9ACTN/2-67	A0A6H9Z284	9ACTN	Actinomadura rudentiformis	Streptosporangiales	71	32	34	66
A0A5B2XAC9_9PSEU/2-62	A0A5B2XAC9	9PSEU	Solihabitans fulvus	Pseudonocardiales	62	32	29	61
E3IWY6_PSEI1/2-70	E3IWY6	PSEI1	Pseudofrankia inefficax (strain DSM 45817 / CECT 9037 / DDB 130130 / EuI1c) (Frankia inefficax)	Frankiales	70	32	37	69
A0A918BMS4_9ACTN/2-79	A0A918BMS4	9ACTN	Streptomyces ruber	Kitasatosporales	81	32	46	78
A0A9P3Q7I7_9MYCO/2-57	A0A9P3Q7I7	9MYCO	Mycobacterium kiyosense	Mycobacteriales	57	32	24	56
A0A4U0MYL4_9ACTN/2-64	A0A4U0MYL4	9ACTN	Streptomyces piniterrae	Kitasatosporales	83	32	31	63
A0A6G2VV83_9ACTN/2-79	A0A6G2VV83	9ACTN		None		32	46	78
A0A2W2G4F7_9ACTN/2-55	A0A2W2G4F7	9ACTN	Nonomuraea aridisoli	Streptosporangiales	56	32	22	54
A0A7L5SYL9_9ACTN/2-64	A0A7L5SYL9	9ACTN		None		32	31	63
A0A7Z0K8K2_9MICC/2-66	A0A7Z0K8K2	9MICC	Nesterenkonia xinjiangensis	Micrococcales	66	32	33	65
A0A0G3H4X3_9CORY/2-66	A0A0G3H4X3	9CORY	Corynebacterium mustelae	Mycobacteriales	74	32	33	65
A0A5C8ICP7_9MICO/2-67	A0A5C8ICP7	9MICO		None		32	34	66
A0A4R8ZJQ0_9MICO/2-92	A0A4R8ZJQ0	9MICO	Cryobacterium lyxosi	Micrococcales	97	32	59	91
A0A6N9H4H6_9MICO/2-62	A0A6N9H4H6	9MICO	Brevibacterium rongguiense	Micrococcales	71	32	29	61
L1KZW2_9ACTN/37-99	L1KZW2	9ACTN	Streptomyces ipomoeae 91-03	Kitasatosporales	120	32	31	63
A0A2X0IJ80_9ACTN/2-65	A0A2X0IJ80	9ACTN	Streptacidiphilus pinicola	Kitasatosporales	83	32	32	64
U1SLZ7_9BIFI/2-70	U1SLZ7	9BIFI	Alloscardovia omnicolens F0580	Bifidobacteriales	102	32	37	69
B2GGR4_KOCRD/2-66	B2GGR4	KOCRD	Kocuria rhizophila (strain ATCC 9341 / DSM 348 / NBRC 103217 / DC2201)	Micrococcales	66	32	33	65
A0A7M3M351_9ACTN/2-64	A0A7M3M351	9ACTN		None		32	31	63
A0A1H7KLM2_9ACTN/2-71	A0A1H7KLM2	9ACTN		None		32	38	70
C9ZDR7_STRSW/42-119	C9ZDR7	STRSW	Streptomyces scabiei (strain 87.22)	Kitasatosporales	124	32	46	78
A0A4S4FUS6_9MICO/2-67	A0A4S4FUS6	9MICO	Orlajensenia flava	Micrococcales	72	32	34	66
A0A420XQZ6_9ACTN/2-64	A0A420XQZ6	9ACTN	Motilibacter peucedani	Motilibacterales	65	32	31	63
A0A100Y551_9ACTN/2-78	A0A100Y551	9ACTN	Streptomyces kanasensis	Kitasatosporales	83	32	45	77
A0A417XX84_9ACTN/2-58	A0A417XX84	9ACTN	Nocardioides immobilis	Propionibacteriales	60	32	25	57
A0A0F6R133_9CORY/20-79	A0A0F6R133	9CORY	Corynebacterium kutscheri	Mycobacteriales	89	32	28	60
A0A0Q6FCE3_9ACTN/2-61	A0A0Q6FCE3	9ACTN		None		32	28	60
A0A919K461_9ACTN/23-89	A0A919K461	9ACTN	Paractinoplanes rishiriensis	Micromonosporales	91	32	35	67
A0A841CB21_9PSEU/1-48	A0A841CB21	9PSEU	Saccharothrix tamanrassetensis	Pseudonocardiales	48	21	27	48
D5UXR5_TSUPD/2-65	D5UXR5	TSUPD	Tsukamurella paurometabola (strain ATCC 8368 / DSM 20162 / CCUG 35730 / CIP 100753 / JCM 10117 / KCTC 9821 / NBRC 16120 / NCIMB 702349 / NCTC 13040) (Corynebacterium paurometabolum)	Mycobacteriales	66	32	32	64
A0A2S6IUY0_9ACTN/2-87	A0A2S6IUY0	9ACTN	Kineococcus xinjiangensis	Kineosporiales	89	32	54	86
A0A7Y0LYH3_CELFI/2-65	A0A7Y0LYH3	CELFI	Cellulomonas fimi	Micrococcales	67	32	32	64
G9PQV7_9ACTO/2-67	G9PQV7	9ACTO		None		32	34	66
A0A1F1UWE3_9CORY/2-61	A0A1F1UWE3	9CORY		None		32	28	60
A0A4R6V3I1_9ACTN/2-71	A0A4R6V3I1	9ACTN	Actinorugispora endophytica	Streptosporangiales	87	32	38	70
A0A895YRY2_9ACTN/2-78	A0A895YRY2	9ACTN	Natronosporangium hydrolyticum	Micromonosporales	81	32	45	77
Q9RKJ8_STRCO/2-66	Q9RKJ8	STRCO	Streptomyces coelicolor (strain ATCC BAA-471 / A3(2) / M145)	Kitasatosporales	84	32	33	65
A0A853DGP1_9MICO/2-64	A0A853DGP1	9MICO	Allobranchiibius huperziae	Micrococcales	68	32	31	63
A0A7W3INR1_9ACTN/2-64	A0A7W3INR1	9ACTN	Microlunatus kandeliicorticis	Propionibacteriales	69	32	31	63
G2NNW2_STREK/2-65	G2NNW2	STREK		None		32	32	64
A0A557XHH2_9MYCO/2-62	A0A557XHH2	9MYCO	Mycobacterium helveticum	Mycobacteriales	62	32	29	61
A0A931A6C4_9ACTN/2-68	A0A931A6C4	9ACTN	Nonomuraea cypriaca	Streptosporangiales	75	32	35	67
A0A0F0HV89_9PSEU/2-79	A0A0F0HV89	9PSEU		None		32	46	78
M2ZXB1_9NOCA/2-69	M2ZXB1	9NOCA	Rhodococcus ruber BKS 20-38	Mycobacteriales	69	32	36	68
A0A7W9HQA4_9PSEU/2-61	A0A7W9HQA4	9PSEU	Saccharothrix ecbatanensis	Pseudonocardiales	61	32	28	60
U7MVX8_9CORY/2-59	U7MVX8	9CORY		None		32	26	58
A0A852WCS9_9MICO/2-63	A0A852WCS9	9MICO	Pedococcus badiiscoriae	Micrococcales	65	32	30	62
A0A5P2BMB7_STRVZ/2-64	A0A5P2BMB7	STRVZ	Streptomyces venezuelae	Kitasatosporales	84	32	31	63
C0W5M7_9ACTO/36-103	C0W5M7	9ACTO	Actinomyces urogenitalis DSM 15434	Actinomycetales	108	32	36	68
A0A1I3I9W8_9ACTN/2-58	A0A1I3I9W8	9ACTN	Nocardioides psychrotolerans	Propionibacteriales	62	32	25	57
A0A221P026_9ACTN/2-68	A0A221P026	9ACTN	Streptomyces pluripotens	Kitasatosporales	82	32	35	67
A0A8J3WVT1_9ACTN/2-63	A0A8J3WVT1	9ACTN	Planobispora takensis	Streptosporangiales	77	32	30	62
A0A1H1N1C3_9MICO/2-65	A0A1H1N1C3	9MICO	Agrococcus carbonis	Micrococcales	68	32	32	64
A0A285VT67_9MICO/2-75	A0A285VT67	9MICO	Ornithinimicrobium cerasi	Micrococcales	79	33	41	74
A0A0B5DAM8_9CORY/2-62	A0A0B5DAM8	9CORY	Corynebacterium humireducens NBRC 106098 = DSM 45392	Mycobacteriales	76	32	29	61
A0A4R5DLY3_9ACTN/2-66	A0A4R5DLY3	9ACTN	Jiangella asiatica	Jiangellales	67	32	33	65
A0A1H6F048_9ACTN/21-85	A0A1H6F048	9ACTN	Nonomuraea solani	Streptosporangiales	95	32	33	65
E0DDT4_9CORY/1-43	E0DDT4	9CORY	Corynebacterium matruchotii ATCC 14266	Mycobacteriales	50	10	33	43
A0A1D2I500_9ACTN/2-80	A0A1D2I500	9ACTN		None		32	47	79
A0A0Q7YYL6_9ACTN/2-62	A0A0Q7YYL6	9ACTN		None		32	29	61
C0VYS8_9ACTO/2-60	C0VYS8	9ACTO	Gleimia coleocanis DSM 15436	Actinomycetales	60	32	27	59
A0A917WNG3_9ACTN/2-73	A0A917WNG3	9ACTN	Dactylosporangium sucinum	Micromonosporales	77	32	40	72
A6WFB3_KINRD/2-83	A6WFB3	KINRD	Kineococcus radiotolerans (strain ATCC BAA-149 / DSM 14245 / SRS30216)	Kineosporiales	85	32	50	82
A0A1I3Z3J1_9ACTN/2-71	A0A1I3Z3J1	9ACTN	Geodermatophilus ruber	Geodermatophilales	72	32	38	70
A0A918LAY4_9ACTN/2-82	A0A918LAY4	9ACTN	Streptomyces humidus	Kitasatosporales	84	32	49	81
A0A2V3DTV6_9MICC/2-69	A0A2V3DTV6	9MICC	Arthrobacter psychrochitiniphilus	Micrococcales	75	32	36	68
A0A0M2HLX2_MICTR/2-62	A0A0M2HLX2	MICTR	Microbacterium trichothecenolyticum (Aureobacterium trichothecenolyticum)	Micrococcales	64	32	29	61
A0A3S9W642_9MICO/2-61	A0A3S9W642	9MICO	Microbacterium lemovicicum	Micrococcales	65	32	28	60
A0A1G7UKM1_PSEOR/2-65	A0A1G7UKM1	PSEOR	Pseudonocardia oroxyli	Pseudonocardiales	65	32	32	64
A0A1J7BJ47_9ACTN/2-74	A0A1J7BJ47	9ACTN	Mangrovactinospora gilvigrisea	Kitasatosporales	81	32	41	73
A0A949N503_9ACTN/2-80	A0A949N503	9ACTN	Streptomyces tardus	Kitasatosporales	82	32	47	79
A0A1Y0CAQ6_9MYCO/2-57	A0A1Y0CAQ6	9MYCO	Mycobacterium dioxanotrophicus	Mycobacteriales	57	32	24	56
A3TPJ5_9MICO/2-62	A3TPJ5	9MICO		None		32	29	61
A0A4Q7ZJ30_9ACTN/2-68	A0A4Q7ZJ30	9ACTN	Krasilnikovia cinnamomea	Micromonosporales	70	32	35	67
A0A8J3WDU2_PLARO/2-55	A0A8J3WDU2	PLARO	Planobispora rosea	Streptosporangiales	55	32	22	54
A0A0H2KQX3_9MICO/2-69	A0A0H2KQX3	9MICO	Cellulosimicrobium funkei	Micrococcales	69	32	36	68
A0A542ZE58_RARFA/2-64	A0A542ZE58	RARFA	Rarobacter faecitabidus	Micrococcales	64	32	31	63
A0A136PKQ5_9ACTN/2-69	A0A136PKQ5	9ACTN	Micromonospora rosaria	Micromonosporales	71	32	36	68
A0A1I4YZB9_PSUAM/2-63	A0A1I4YZB9	PSUAM	Pseudonocardia ammonioxydans	Pseudonocardiales	67	32	30	62
A0A0N6ZWB0_9MICO/2-72	A0A0N6ZWB0	9MICO		None		32	39	71
A0A0F5VWE1_9ACTN/2-69	A0A0F5VWE1	9ACTN		None		32	36	68
A0A6N7IK52_9ACTN/2-71	A0A6N7IK52	9ACTN		None		32	38	70
A0A2C9SSN5_9MYCO/2-61	A0A2C9SSN5	9MYCO		None		32	28	60
A0A562IU76_9ACTN/2-73	A0A562IU76	9ACTN	Modestobacter roseus	Geodermatophilales	73	32	40	72
A0A1H1EHE4_9MICC/2-70	A0A1H1EHE4	9MICC	Crystallibacter crystallopoietes	Micrococcales	75	32	37	69
A0A429FXZ1_9ACTN/2-65	A0A429FXZ1	9ACTN		None		32	32	64
A0A1H4MGY2_9MICO/2-64	A0A1H4MGY2	9MICO	Paramicrobacterium humi	Micrococcales	65	32	31	63
A0A7X0MAB1_9ACTN/2-64	A0A7X0MAB1	9ACTN	Sphaerisporangium rubeum	Streptosporangiales	65	31	32	63
S3XZA3_9MICO/2-64	S3XZA3	9MICO		None		32	31	63
A0A8I0GCA7_9ACTO/2-64	A0A8I0GCA7	9ACTO	Nanchangia anserum	Actinomycetales	66	32	31	63
D2B980_STRRD/2-63	D2B980	STRRD	Streptosporangium roseum (strain ATCC 12428 / DSM 43021 / JCM 3005 / KCTC 9067 / NCIMB 10171 / NRRL 2505 / NI 9100)	Streptosporangiales	77	32	30	62
A0A8J3ZLQ2_9ACTN/2-71	A0A8J3ZLQ2	9ACTN	Virgisporangium aurantiacum	Micromonosporales	78	32	38	70
A0A917T7H1_9ACTN/2-55	A0A917T7H1	9ACTN	Dactylosporangium sucinum	Micromonosporales	55	32	22	54
A0A1I2JRA2_9ACTN/2-72	A0A1I2JRA2	9ACTN	Blastococcus tunisiensis	Geodermatophilales	77	32	39	71
A0A1R3X286_9MICO/2-63	A0A1R3X286	9MICO		None		32	30	62
A0A1V2ID09_9ACTN/2-71	A0A1V2ID09	9ACTN	Pseudofrankia asymbiotica	Frankiales	71	32	38	70
A0A853A3X4_9ACTN/2-77	A0A853A3X4	9ACTN	Allostreptomyces psammosilenae	Kitasatosporales	85	32	44	76
Q9CBC3_MYCLE/2-62	Q9CBC3	MYCLE	Mycobacterium leprae (strain TN)	Mycobacteriales	62	32	29	61
A0A974WNQ5_9ACTN/2-60	A0A974WNQ5	9ACTN		None		32	27	59
A0A2C8Z3W0_9MICO/2-87	A0A2C8Z3W0	9MICO	Salinibacterium xinjiangense	Micrococcales	88	32	54	86
A0A0B2A600_9MICO/2-65	A0A0B2A600	9MICO	Microbacterium mangrovi	Micrococcales	70	32	32	64
A0A919TNA8_9ACTN/23-88	A0A919TNA8	9ACTN	Actinoplanes siamensis	Micromonosporales	92	32	34	66
A0A3N1DAA6_9ACTN/2-62	A0A3N1DAA6	9ACTN	Actinocorallia herbida	Streptosporangiales	69	32	29	61
A4X193_SALTO/2-66	A4X193	SALTO	Salinispora tropica (strain ATCC BAA-916 / DSM 44818 / JCM 13857 / NBRC 105044 / CNB-440)	Micromonosporales	71	32	33	65
A0A7K1FPM3_9ACTN/2-75	A0A7K1FPM3	9ACTN	Nakamurella alba	Nakamurellales	79	32	42	74
A0A4R1BYQ3_9ACTN/2-61	A0A4R1BYQ3	9ACTN	Nocardioides jejuensis	Propionibacteriales	62	32	28	60
A0A1I0Z333_9CELL/2-68	A0A1I0Z333	9CELL	Cellulomonas marina	Micrococcales	69	32	35	67
A0A6G4WS02_9ACTN/2-64	A0A6G4WS02	9ACTN	Streptomyces boncukensis	Kitasatosporales	90	32	31	63
A0A1H1BSY4_9ACTN/2-80	A0A1H1BSY4	9ACTN	Thermostaphylospora chromogena	Streptosporangiales	83	32	47	79
A0A934QAZ0_9MICO/2-61	A0A934QAZ0	9MICO	Leucobacter edaphi	Micrococcales	61	32	28	60
A0A1H9K0N6_9ACTN/2-83	A0A1H9K0N6	9ACTN	Streptomyces radiopugnans	Kitasatosporales	92	32	50	82
A0A520F6B5_RHOSO/2-65	A0A520F6B5	RHOSO		None		32	32	64
A0A919DYQ2_9ACTN/2-67	A0A919DYQ2	9ACTN	Streptomyces fumanus	Kitasatosporales	85	32	34	66
A0A3G6ZJJ0_9MICO/2-55	A0A3G6ZJJ0	9MICO		None		32	22	54
A0A7L8D3B7_9MICO/2-63	A0A7L8D3B7	9MICO		None		32	30	62
A0A161UFT7_9MICO/2-59	A0A161UFT7	9MICO		None		32	26	58
A0A5N8VXF7_9ACTN/2-78	A0A5N8VXF7	9ACTN	Streptomyces phyllanthi	Kitasatosporales	83	32	45	77
A0A0L0K0W9_9ACTN/2-84	A0A0L0K0W9	9ACTN	Streptomyces acidiscabies	Kitasatosporales	87	32	51	83
W5T8Y5_9NOCA/2-70	W5T8Y5	9NOCA	Nocardia nova SH22a	Mycobacteriales	70	32	37	69
A0A7W3MVB5_9ACTN/2-67	A0A7W3MVB5	9ACTN	Thermomonospora cellulosilytica	Streptosporangiales	71	32	34	66
S4XHQ4_9CORY/2-58	S4XHQ4	9CORY	Corynebacterium terpenotabidum Y-11	Mycobacteriales	60	32	25	57
A0A1H8Q4Z3_9ACTN/2-66	A0A1H8Q4Z3	9ACTN	Actinacidiphila rubida	Kitasatosporales	87	32	33	65
A0A1R4KLT4_9MICO/2-62	A0A1R4KLT4	9MICO	Microbacterium esteraromaticum	Micrococcales	62	32	29	61
A0A917R0B7_9ACTN/2-72	A0A917R0B7	9ACTN	Sphaerisporangium melleum	Streptosporangiales	74	32	39	71
A0A9X1LW76_9MICO/2-61	A0A9X1LW76	9MICO	Microbacterium allomyrinae	Micrococcales	65	32	28	60
A0A940MF17_9ACTN/2-65	A0A940MF17	9ACTN	Streptomyces montanisoli	Kitasatosporales	85	32	32	64
A0A1J4NX29_9ACTN/2-80	A0A1J4NX29	9ACTN	Streptomyces mangrovisoli	Kitasatosporales	84	32	47	79
A0A6B3AFD8_9ACTN/2-81	A0A6B3AFD8	9ACTN		None		32	48	80
N1V6Z2_9MICC/1-54	N1V6Z2	9MICC	Arthrobacter crystallopoietes BAB-32	Micrococcales	60	17	37	54
A0A1D9DXM1_9MICO/2-70	A0A1D9DXM1	9MICO	Candidatus Rhodoluna planktonica	Micrococcales	71	32	37	69
A0A376CJW3_9CORY/2-65	A0A376CJW3	9CORY	Corynebacterium pilosum	Mycobacteriales	73	32	32	64
A0AA44DC29_STRE0/2-77	A0AA44DC29	STRE0	Streptomyces somaliensis (strain ATCC 33201 / DSM 40738 / JCM 12659 / KCTC 9044 / NCTC 11332 / NRRL B-12077 / IP 733)	Kitasatosporales	83	32	44	76
A0AAE3KGF0_9PSEU/2-61	A0AAE3KGF0	9PSEU	Goodfellowiella coeruleoviolacea	Pseudonocardiales	61	32	28	60
A0A919H267_9ACTN/2-66	A0A919H267	9ACTN	Streptomyces xanthophaeus	Kitasatosporales	86	32	33	65
A0A366ICI8_9MICO/10-78	A0A366ICI8	9MICO	Brevibacterium celere	Micrococcales	79	32	37	69
A0A926L7I0_9ACTN/2-64	A0A926L7I0	9ACTN	Streptomyces griseicoloratus	Kitasatosporales	82	32	31	63
A0A0P0EFN3_9MICO/2-61	A0A0P0EFN3	9MICO		None		32	28	60
A0A919JMT8_9ACTN/2-70	A0A919JMT8	9ACTN	Actinoplanes nipponensis	Micromonosporales	72	32	37	69
A0A1C4UNZ0_9ACTN/2-68	A0A1C4UNZ0	9ACTN	Micromonospora marina	Micromonosporales	71	32	35	67
A0A4S5E9Q0_9MICC/2-66	A0A4S5E9Q0	9MICC	Arthrobacter echini	Micrococcales	77	32	33	65
A0A4Q9GTH4_9MICO/2-73	A0A4Q9GTH4	9MICO	Glaciihabitans arcticus	Micrococcales	74	32	40	72
A0A4R6S767_9MICO/45-104	A0A4R6S767	9MICO	Leucobacter luti	Micrococcales	104	32	28	60
A0A1L3MDB6_9MICO/2-64	A0A1L3MDB6	9MICO	Janibacter indicus	Micrococcales	65	32	31	63
A0A2M9HNS8_9BIFI/2-92	A0A2M9HNS8	9BIFI	Bifidobacterium scaligerum	Bifidobacteriales	132	32	59	91
A0A161RAG7_9MICO/2-60	A0A161RAG7	9MICO		None		32	27	59
D5P812_9MYCO/2-61	D5P812	9MYCO	Mycobacterium parascrofulaceum ATCC BAA-614	Mycobacteriales	61	32	28	60
A0A8J3LRB9_9ACTN/2-69	A0A8J3LRB9	9ACTN	Planosporangium flavigriseum	Micromonosporales	73	32	36	68
A0A1C0AHD4_9ACTN/2-74	A0A1C0AHD4	9ACTN	Tessaracoccus lapidicaptus	Propionibacteriales	75	32	41	73
U1EXU0_9ACTN/2-64	U1EXU0	9ACTN	Cutibacterium granulosum DSM 20700	Propionibacteriales	67	32	31	63
A0A2T0SH46_9PSEU/2-61	A0A2T0SH46	9PSEU	Umezawaea tangerina	Pseudonocardiales	61	32	28	60
A0A4P7GM90_9ACTN/2-61	A0A4P7GM90	9ACTN	Nocardioides euryhalodurans	Propionibacteriales	62	32	28	60
A0A0J6XPS3_9ACTN/2-68	A0A0J6XPS3	9ACTN	Streptomyces roseus	Kitasatosporales	88	32	35	67
A0A937RPF5_9ACTN/2-71	A0A937RPF5	9ACTN	Frankia nepalensis	Frankiales	71	32	38	70
A0A9X4RHG1_9ACTN/2-64	A0A9X4RHG1	9ACTN	Speluncibacter jeojiensis	Mycobacteriales	65	32	31	63
A0A1R4FQT7_9ACTO/2-60	A0A1R4FQT7	9ACTO		None		32	27	59
A0A511YYQ0_9CELL/2-70	A0A511YYQ0	9CELL	Actinotalea fermentans	Micrococcales	71	32	37	69
A0A5R8YWV0_9PSEU/2-70	A0A5R8YWV0	9PSEU	Microbispora triticiradicis	Streptosporangiales	76	32	37	69
A0A558DE15_9PSEU/2-65	A0A558DE15	9PSEU	Amycolatopsis rhizosphaerae	Pseudonocardiales	65	32	32	64
A0A0N9XN84_MYCFO/2-57	A0A0N9XN84	MYCFO		None		32	24	56
A0A852UZ65_9ACTN/2-63	A0A852UZ65	9ACTN	Streptosporangium sandarakinum	Streptosporangiales	74	32	30	62
A0A1D8B2N1_9ACTO/2-68	A0A1D8B2N1	9ACTO	Pauljensenia hongkongensis	Actinomycetales	94	32	35	67
A0A2M9IFV2_9ACTN/2-81	A0A2M9IFV2	9ACTN		None		32	48	80
A0A150H5M4_9MICO/2-65	A0A150H5M4	9MICO	Brevibacterium ravenspurgense	Micrococcales	66	32	32	64
A0A3R9WSY3_9ACTN/2-85	A0A3R9WSY3	9ACTN		None		32	52	84
A0A1H1EE37_9ACTN/2-63	A0A1H1EE37	9ACTN		None		32	30	62
A0A848DDN3_9PSEU/2-60	A0A848DDN3	9PSEU	Pseudonocardia bannensis	Pseudonocardiales	65	32	27	59
I0LEQ8_9ACTN/2-67	I0LEQ8	9ACTN	Micromonospora lupini str. Lupac 08	Micromonosporales	71	32	34	66
A0A7V8NK36_9ACTN/2-83	A0A7V8NK36	9ACTN		None		33	49	82
A0A918B2P3_9ACTN/2-64	A0A918B2P3	9ACTN	Streptomyces roseolilacinus	Kitasatosporales	83	32	31	63
A0A0F0L712_9MICO/2-61	A0A0F0L712	9MICO	Microbacterium azadirachtae	Micrococcales	61	32	28	60
A0A849HMH6_9MICO/2-62	A0A849HMH6	9MICO	Knoellia koreensis	Micrococcales	65	32	29	61
A0A7Z0J777_9MICO/1-60	A0A7Z0J777	9MICO	Glaciibacter psychrotolerans	Micrococcales	62	21	39	60
A0A4Q7XGR0_9ACTN/2-64	A0A4Q7XGR0	9ACTN		None		32	31	63
Q6NFH3_CORDI/2-66	Q6NFH3	CORDI	Corynebacterium diphtheriae (strain ATCC 700971 / NCTC 13129 / Biotype gravis)	Mycobacteriales	68	32	33	65
A0A2A3Y683_9MICC/2-70	A0A2A3Y683	9MICC		None		32	37	69
A0A3G2JE19_9ACTN/2-64	A0A3G2JE19	9ACTN	Streptomyces dangxiongensis	Kitasatosporales	82	32	31	63
A0A7I7K852_9MYCO/2-63	A0A7I7K852	9MYCO	Mycolicibacterium duvalii	Mycobacteriales	63	32	30	62
D4BLJ5_BIFBR/2-87	D4BLJ5	BIFBR	Bifidobacterium breve DSM 20213 = JCM 1192	Bifidobacteriales	128	32	54	86
A0A1A9AB73_9ACTN/2-66	A0A1A9AB73	9ACTN	Micromonospora narathiwatensis	Micromonosporales	71	32	33	65
A0A345XT57_9ACTN/2-64	A0A345XT57	9ACTN	Streptomyces armeniacus	Kitasatosporales	86	32	31	63
A0A917QMF5_9NOCA/2-73	A0A917QMF5	9NOCA	Nocardia camponoti	Mycobacteriales	73	32	40	72
A0A0Q8NSE6_9ACTN/2-80	A0A0Q8NSE6	9ACTN		None		32	47	79
A0A3T0Y8Z9_9MICC/2-71	A0A3T0Y8Z9	9MICC		None		32	38	70
A0A7G1P297_9ACTN/44-107	A0A7G1P297	9ACTN	Streptomyces aurantiacus	Kitasatosporales	126	32	32	64
A0A917TXK2_9ACTN/2-67	A0A917TXK2	9ACTN	Micromonospora sonchi	Micromonosporales	70	32	34	66
A0A1G6GCX4_9ACTN/2-72	A0A1G6GCX4	9ACTN	Raineyella antarctica	Propionibacteriales	79	32	39	71
A0A7G8KCW9_9ACTN/2-78	A0A7G8KCW9	9ACTN	Streptomyces buecherae	Kitasatosporales	82	32	45	77
A0A542YNQ6_9MICO/2-67	A0A542YNQ6	9MICO	Ornithinicoccus hortensis	Micrococcales	68	32	34	66
A0A022KYA0_9MICO/2-62	A0A022KYA0	9MICO	Brachybacterium muris UCD-AY4	Micrococcales	68	32	29	61
D6Y9K4_THEBD/2-72	D6Y9K4	THEBD	Thermobispora bispora (strain ATCC 19993 / DSM 43833 / CBS 139.67 / JCM 10125 / KCTC 9307 / NBRC 14880 / R51)	Streptosporangiales	75	32	39	71
A0A248YHD0_9ACTN/2-69	A0A248YHD0	9ACTN		None		32	36	68
A0A6I1GNL0_9BIFI/2-83	A0A6I1GNL0	9BIFI	Bifidobacterium leontopitheci	Bifidobacteriales	127	32	50	82
A0A3G6J8P2_9CORY/2-61	A0A3G6J8P2	9CORY	Corynebacterium choanae	Mycobacteriales	65	32	28	60
A0A6N7Z159_9PSEU/2-61	A0A6N7Z159	9PSEU	Amycolatopsis pithecellobii	Pseudonocardiales	61	32	28	60
A0A6G6WJY7_9ACTN/2-58	A0A6G6WJY7	9ACTN	Nocardioides anomalus	Propionibacteriales	61	32	25	57
A0A8A4ZE37_9MICO/2-66	A0A8A4ZE37	9MICO	Pengzhenrongella sicca	Micrococcales	67	32	33	65
A0A918EHF3_9PSEU/2-60	A0A918EHF3	9PSEU	Saccharothrix coeruleofusca	Pseudonocardiales	60	32	27	59
A0A6G2BBZ3_9ACTN/2-63	A0A6G2BBZ3	9ACTN	Streptomyces taklimakanensis	Kitasatosporales	91	32	30	62
A0A4R7TB28_9ACTN/2-63	A0A4R7TB28	9ACTN	Kribbella voronezhensis	Propionibacteriales	63	32	30	62
A0AAJ1EVA7_9ACTO/2-64	A0AAJ1EVA7	9ACTO		None		32	31	63
A0A1Q5M7Z8_9ACTN/2-77	A0A1Q5M7Z8	9ACTN		None		32	44	76
A0A926JKX8_9ACTN/2-81	A0A926JKX8	9ACTN		None		32	48	80
A0A2U0H941_9MICO/2-65	A0A2U0H941	9MICO		None		32	32	64
A0A919MEG6_9ACTN/23-90	A0A919MEG6	9ACTN	Paractinoplanes ferrugineus	Micromonosporales	92	32	36	68
A0A387B5W5_9MICO/2-67	A0A387B5W5	9MICO	Protaetiibacter intestinalis	Micrococcales	69	32	34	66
H5UUI1_9MICO/2-63	H5UUI1	9MICO	Mobilicoccus pelagius NBRC 104925	Micrococcales	63	32	30	62
A0A2R2WCH2_9MICO/2-65	A0A2R2WCH2	9MICO		None		32	32	64
A0A853BPA4_9ACTN/2-72	A0A853BPA4	9ACTN	Streptomonospora nanhaiensis	Streptosporangiales	85	32	39	71
A0A919PC90_9CELL/2-63	A0A919PC90	9CELL	Cellulomonas pakistanensis	Micrococcales	63	32	30	62
A0A168FF10_9MICO/2-68	A0A168FF10	9MICO	Isoptericola dokdonensis DS-3	Micrococcales	69	32	35	67
D2AQU0_STRRD/2-52	D2AQU0	STRRD	Streptosporangium roseum (strain ATCC 12428 / DSM 43021 / JCM 3005 / KCTC 9067 / NCIMB 10171 / NRRL 2505 / NI 9100)	Streptosporangiales	55	32	19	51
A0A3L8NWZ8_9ACTN/2-62	A0A3L8NWZ8	9ACTN	Nocardioides mangrovicus	Propionibacteriales	63	32	29	61
A0A9W6HIK0_9MICO/2-58	A0A9W6HIK0	9MICO	Microbacterium imperiale	Micrococcales	58	32	25	57
A0A7X6HZG0_9ACTN/2-86	A0A7X6HZG0	9ACTN	Streptomyces lonarensis	Kitasatosporales	87	32	53	85
A0A2P4ULD8_9ACTN/2-65	A0A2P4ULD8	9ACTN	Actinomadura rubteroloni	Streptosporangiales	70	32	32	64
A0A944E972_9ACTN/2-85	A0A944E972	9ACTN		None		32	52	84
A0A4R5TXJ5_9MICC/2-72	A0A4R5TXJ5	9MICC	Arthrobacter crusticola	Micrococcales	78	32	39	71
A0A1C6N392_9ACTN/2-64	A0A1C6N392	9ACTN		None		32	31	63
A0A543N6T4_9ACTN/2-70	A0A543N6T4	9ACTN	Haloactinospora alba	Streptosporangiales	94	33	36	69
A0A4R9EWA2_9ACTN/2-79	A0A4R9EWA2	9ACTN		None		32	46	78
A0A927PKC8_9ACTN/2-69	A0A927PKC8	9ACTN	Lolliginicoccus lacisalsi	Mycobacteriales	69	32	36	68
A0A917YPW5_9ACTN/2-56	A0A917YPW5	9ACTN	Nonomuraea cavernae	Streptosporangiales	56	32	23	55
A0A0Q0U8I1_9CORY/2-61	A0A0Q0U8I1	9CORY	Corynebacterium lowii	Mycobacteriales	68	32	28	60
A0A285QLC3_9ACTN/2-73	A0A285QLC3	9ACTN		None		32	40	72
A0A0A6VT32_KOCRO/2-71	A0A0A6VT32	KOCRO	Kocuria rosea subsp. polaris	Micrococcales	74	32	38	70
A0A2S4A0V3_ARTGL/2-72	A0A2S4A0V3	ARTGL	Arthrobacter glacialis	Micrococcales	76	32	39	71
A0A7Y6I6Z0_9ACTN/2-65	A0A7Y6I6Z0	9ACTN	Nonomuraea montanisoli	Streptosporangiales	72	32	32	64
A0A0X3XLR0_9ACTN/2-69	A0A0X3XLR0	9ACTN		None		32	36	68
A0A239H7Q1_9ACTN/2-69	A0A239H7Q1	9ACTN	Actinoplanes regularis	Micromonosporales	72	32	36	68
A0A850J8W8_9ACTN/2-63	A0A850J8W8	9ACTN		None		32	30	62
A0A918T714_9ACTN/2-64	A0A918T714	9ACTN	Streptomyces termitum	Kitasatosporales	85	32	31	63
A0A3N2BBD3_9MICO/2-62	A0A3N2BBD3	9MICO	Allobogoriella caseilytica	Allobogoriellales	62	32	29	61
A0A9W6HQP9_9MICO/2-61	A0A9W6HQP9	9MICO	Microbacterium keratanolyticum	Micrococcales	61	32	28	60
A0A087BSK5_9BIFI/2-79	A0A087BSK5	9BIFI	Bifidobacterium minimum	Bifidobacteriales	126	32	46	78
A0A5C4U277_9CORY/2-57	A0A5C4U277	9CORY	Corynebacterium tapiri	Mycobacteriales	59	32	24	56
A0A7Y0P362_9ACTN/2-65	A0A7Y0P362	9ACTN		None		32	32	64
A0A839QF47_9MICC/2-72	A0A839QF47	9MICC	Paeniglutamicibacter cryotolerans	Micrococcales	74	32	39	71
A0A2W2BWR0_9ACTN/2-66	A0A2W2BWR0	9ACTN	Micromonospora endophytica	Micromonosporales	70	32	33	65
A0A3P1VBV2_9ACTO/2-67	A0A3P1VBV2	9ACTO	Actinomyces bowdenii	Actinomycetales	70	32	34	66
A0A7K3MCA5_9ACTN/2-62	A0A7K3MCA5	9ACTN	Phytoactinopolyspora mesophila	Jiangellales	64	32	29	61
A0A1H4V9F1_9ACTN/2-81	A0A1H4V9F1	9ACTN		None		32	48	80
A0A5Q2FEE7_9ACTN/2-78	A0A5Q2FEE7	9ACTN	Raineyella fluvialis	Propionibacteriales	82	32	45	77
A0A930YBN0_9ACTN/2-62	A0A930YBN0	9ACTN	Nocardioides acrostichi	Propionibacteriales	63	32	29	61
A0A8J4DIW8_9ACTN/2-65	A0A8J4DIW8	9ACTN	Spirilliplanes yamanashiensis	Micromonosporales	70	32	32	64
A0A1C4SJG2_9ACTN/2-65	A0A1C4SJG2	9ACTN		None		32	32	64
D1A1H9_THECD/2-69	D1A1H9	THECD	Thermomonospora curvata (strain ATCC 19995 / DSM 43183 / JCM 3096 / KCTC 9072 / NBRC 15933 / NCIMB 10081 / Henssen B9)	Streptosporangiales	71	32	36	68
A0A5N8X686_9ACTN/2-79	A0A5N8X686	9ACTN	Streptomyces acidicola	Kitasatosporales	83	32	46	78
D7WA63_9CORY/2-63	D7WA63	9CORY	Corynebacterium genitalium ATCC 33030	Mycobacteriales	71	32	30	62
I4F4E0_9ACTN/2-71	I4F4E0	9ACTN	Modestobacter italicus (strain DSM 44449 / CECT 9708 / BC 501)	Geodermatophilales	71	32	38	70
A0A4Q9KIB6_9ACTN/2-73	A0A4Q9KIB6	9ACTN	Propioniciclava sinopodophylli	Propionibacteriales	77	32	40	72
A0A2S0KD86_9ACTN/2-61	A0A2S0KD86	9ACTN	Gordonia iterans	Mycobacteriales	61	32	28	60
A0A087DJF6_9BIFI/2-91	A0A087DJF6	9BIFI	Bifidobacterium stellenboschense	Bifidobacteriales	135	32	58	90
A0A1R1SLH8_9ACTN/2-82	A0A1R1SLH8	9ACTN	Streptomyces sparsogenes DSM 40356	Kitasatosporales	86	32	49	81
A0A367B9A5_9ACTN/2-72	A0A367B9A5	9ACTN		None		32	39	71
W5WUQ3_9PSEU/2-62	W5WUQ3	9PSEU	Kutzneria albida DSM 43870	Pseudonocardiales	62	32	29	61
A0A9W6G577_9ACTN/2-73	A0A9W6G577	9ACTN	Glycomyces algeriensis	Glycomycetales	102	32	40	72
S3XPA1_9ACTN/2-71	S3XPA1	9ACTN		None		32	38	70
A0A4P7SZI9_9MICC/2-73	A0A4P7SZI9	9MICC		None		32	40	72
M7MVB5_9MICC/2-72	M7MVB5	9MICC	Paeniglutamicibacter gangotriensis Lz1y	Micrococcales	75	32	39	71
A0A1Q9RYL8_9PSEU/2-67	A0A1Q9RYL8	9PSEU		None		32	34	66
A0A0Q8PZX3_9ACTN/2-59	A0A0Q8PZX3	9ACTN		None		32	26	58
A0A7W8QPG9_9ACTN/2-76	A0A7W8QPG9	9ACTN	Nocardiopsis composta	Streptosporangiales	78	32	43	75
A0A098Y5I6_9ACTN/2-71	A0A098Y5I6	9ACTN	Modestobacter caceresii	Geodermatophilales	71	32	38	70
A0A261GAP9_9BIFI/2-87	A0A261GAP9	9BIFI	Bifidobacterium aquikefiri	Bifidobacteriales	207	32	54	86
A0A2N8P6K6_STRNR/2-79	A0A2N8P6K6	STRNR	Streptomyces noursei (Streptomyces albulus)	Kitasatosporales	81	32	46	78
A0A6L7GUR8_9ACTN/2-58	A0A6L7GUR8	9ACTN	Gordonia mangrovi	Mycobacteriales	58	32	25	57
A0A2Z5K2W0_9ACTN/2-65	A0A2Z5K2W0	9ACTN		None		32	32	64
K6W7D0_9ACTN/2-58	K6W7D0	9ACTN	Gordonia rhizosphera NBRC 16068	Mycobacteriales	58	32	25	57
A0A542DKC4_AMYCI/2-60	A0A542DKC4	AMYCI	Amycolatopsis cihanbeyliensis	Pseudonocardiales	60	32	27	59
A0A1E3SET6_9MYCO/2-59	A0A1E3SET6	9MYCO	Mycobacterium sherrisii	Mycobacteriales	59	32	26	58
A0A7D6VJT0_9NOCA/2-71	A0A7D6VJT0	9NOCA	Nocardia huaxiensis	Mycobacteriales	71	32	38	70
Q83FK1_TROWT/2-41	Q83FK1	TROWT	Tropheryma whipplei (strain Twist) (Whipple's bacillus)	Micrococcales	41	32	8	40
A0A3A9ZJH3_9ACTN/2-66	A0A3A9ZJH3	9ACTN	Micromonospora endolithica	Micromonosporales	71	32	33	65
A0A5P8K647_9ACTN/2-81	A0A5P8K647	9ACTN	Streptomyces phaeolivaceus	Kitasatosporales	85	32	48	80
A0A974N8Z8_9ACTO/2-67	A0A974N8Z8	9ACTO		None		32	34	66
A0A7Y9RQD1_9ACTN/2-60	A0A7Y9RQD1	9ACTN	Nocardioides perillae	Propionibacteriales	61	32	27	59
A0A1D8G2V8_9ACTN/2-64	A0A1D8G2V8	9ACTN	Streptomyces rubrolavendulae	Kitasatosporales	83	32	31	63
A0A372JDV4_9ACTN/2-69	A0A372JDV4	9ACTN	Actinomadura logoneensis	Streptosporangiales	95	32	36	68
A0A5C1YFE2_9MICO/2-62	A0A5C1YFE2	9MICO	Agromyces intestinalis	Micrococcales	65	32	29	61
A0A2I2KIV9_9ACTN/2-65	A0A2I2KIV9	9ACTN	Frankia canadensis	Frankiales	68	32	32	64
A0A7Y9E3N6_9ACTN/2-60	A0A7Y9E3N6	9ACTN	Nocardioides panaciterrulae	Propionibacteriales	62	32	27	59
H0R4E9_9ACTN/2-56	H0R4E9	9ACTN	Gordonia effusa NBRC 100432	Mycobacteriales	57	32	23	55
A0A562C2Y9_9ACTN/2-60	A0A562C2Y9	9ACTN		None		32	27	59
A0A5J6F9Z5_9ACTN/2-78	A0A5J6F9Z5	9ACTN	Streptomyces nitrosporeus	Kitasatosporales	82	32	45	77
A0A3S4SEL9_9ACTO/2-68	A0A3S4SEL9	9ACTO	Actinomyces slackii	Actinomycetales	72	32	35	67
A0A646KKY0_STRJU/2-65	A0A646KKY0	STRJU	Streptomyces jumonjinensis	Kitasatosporales	84	32	32	64
A0A1S1NGK5_9MYCO/2-60	A0A1S1NGK5	9MYCO	Mycobacterium talmoniae	Mycobacteriales	60	32	27	59
A0A8J7KYN1_9ACTN/1-47	A0A8J7KYN1	9ACTN	Longispora fulva	Micromonosporales	48	21	26	47
K0YZ49_9ACTO/2-78	K0YZ49	9ACTO	Winkia neuii BV029A5	Actinomycetales	81	32	45	77
A0A2M9MCI6_9ACTN/2-64	A0A2M9MCI6	9ACTN		None		32	31	63
A0A1H1ZRD1_9ACTN/2-64	A0A1H1ZRD1	9ACTN	Friedmanniella luteola	Propionibacteriales	66	32	31	63
K9ECU2_9ACTO/2-82	K9ECU2	9ACTO	Actinobaculum massiliense ACS-171-V-Col2	Actinomycetales	90	32	49	81
A0A1G8YN43_9MICO/2-73	A0A1G8YN43	9MICO	Cryobacterium psychrotolerans	Micrococcales	77	32	40	72
A0A0M8VDW7_9ACTN/2-78	A0A0M8VDW7	9ACTN		None		32	45	77
A0A7H0H6F7_9ACTN/2-75	A0A7H0H6F7	9ACTN	Tessaracoccus defluvii	Propionibacteriales	76	32	42	74
A0A1X9LW91_9MICO/2-61	A0A1X9LW91	9MICO	Cnuibacter physcomitrellae	Micrococcales	66	32	28	60
F5XL18_MICPN/2-78	F5XL18	MICPN	Microlunatus phosphovorus (strain ATCC 700054 / DSM 10555 / JCM 9379 / NBRC 101784 / NCIMB 13414 / VKM Ac-1990 / NM-1)	Propionibacteriales	81	32	45	77
A0A495XCV1_9PSEU/2-63	A0A495XCV1	9PSEU	Saccharothrix variisporea	Pseudonocardiales	63	32	30	62
A0A2Z5QVG4_9MICC/2-68	A0A2Z5QVG4	9MICC	Rothia aeria	Micrococcales	69	32	35	67
A0A8J3ZKB2_9ACTN/2-73	A0A8J3ZKB2	9ACTN	Virgisporangium ochraceum	Micromonosporales	81	32	40	72
A0A519H2P1_MICSX/2-59	A0A519H2P1	MICSX		None		32	26	58
A0A938YH94_9ACTN/2-74	A0A938YH94	9ACTN	Nakamurella flavida	Nakamurellales	82	32	41	73
A0A510TQG2_9ACTN/2-65	A0A510TQG2	9ACTN		None		32	32	64
A0A7Y9URG6_9ACTN/2-61	A0A7Y9URG6	9ACTN	Nocardioides daedukensis	Propionibacteriales	64	32	28	60
A0A2W2E8D4_9ACTN/2-66	A0A2W2E8D4	9ACTN	Micromonospora craterilacus	Micromonosporales	70	32	33	65
A0A2R7YU37_9ACTN/2-57	A0A2R7YU37	9ACTN	Nocardioides currus	Propionibacteriales	61	32	24	56
A0A6H9WZ03_9MICO/2-63	A0A6H9WZ03	9MICO		None		32	30	62
A0A7K0C0L2_9ACTN/2-55	A0A7K0C0L2	9ACTN	Actinomadura macrotermitis	Streptosporangiales	55	32	22	54
A0A840Q1Y5_9PSEU/2-61	A0A840Q1Y5	9PSEU	Saccharopolyspora phatthalungensis	Pseudonocardiales	62	32	28	60
A0A1C5KAD9_9ACTN/2-66	A0A1C5KAD9	9ACTN	Micromonospora echinaurantiaca	Micromonosporales	71	32	33	65
A0A2A9CWL3_9MICO/2-59	A0A2A9CWL3	9MICO	Serinibacter salmoneus	Micrococcales	59	32	26	58
A0A1Q4VD59_9ACTN/2-65	A0A1Q4VD59	9ACTN	Streptomyces uncialis	Kitasatosporales	86	32	32	64
V6KZT7_9ACTN/2-83	V6KZT7	9ACTN		None		32	50	82
A0A1Q4Z5P6_9ACTN/2-81	A0A1Q4Z5P6	9ACTN		None		32	48	80
A0A345NMK4_9MICO/2-66	A0A345NMK4	9MICO	Ornithinimicrobium avium	Micrococcales	81	32	33	65
A0A542FSI2_9MICO/2-61	A0A542FSI2	9MICO		None		32	28	60
A0K1E3_ARTS2/2-73	A0K1E3	ARTS2		None		32	40	72
A0A6P0HPY6_9ACTN/2-57	A0A6P0HPY6	9ACTN	Nocardioides zeae	Propionibacteriales	59	32	24	56
A0A5A7NN65_9MICC/2-68	A0A5A7NN65	9MICC	Zafaria cholistanensis	Micrococcales	73	32	35	67
A0A8J3VNX4_9ACTN/2-68	A0A8J3VNX4	9ACTN	Rugosimonospora africana	Micromonosporales	73	32	35	67
A0A1P8UBW4_9MICO/2-59	A0A1P8UBW4	9MICO	Microbacterium aurum	Micrococcales	59	32	26	58
A0A087AM21_9BIFI/2-84	A0A087AM21	9BIFI	Bifidobacterium pullorum subsp. gallinarum	Bifidobacteriales	124	32	51	83
A0AA37RAL5_9MYCO/2-62	A0AA37RAL5	9MYCO		None		32	29	61
A0A554W2F7_9MICC/2-73	A0A554W2F7	9MICC		None		32	40	72
A0A1G7UCZ8_9MICO/2-59	A0A1G7UCZ8	9MICO	Microbacterium pygmaeum	Micrococcales	59	32	26	58
A0A6F8YJD5_9ACTN/23-87	A0A6F8YJD5	9ACTN	Phytohabitans suffuscus	Micromonosporales	91	32	33	65
A0A2R4T497_9ACTN/2-64	A0A2R4T497	9ACTN	Streptomyces lunaelactis	Kitasatosporales	83	32	31	63
E6K2H2_PARDN/2-95	E6K2H2	PARDN	Parascardovia denticolens DSM 10105 = JCM 12538	Bifidobacteriales	128	32	62	94
A0A9E8MM52_9MICO/2-64	A0A9E8MM52	9MICO	Microcella daejeonensis	Micrococcales	69	32	31	63
A0A511D095_9PSEU/2-64	A0A511D095	9PSEU	Pseudonocardia asaccharolytica DSM 44247 = NBRC 16224	Pseudonocardiales	69	32	31	63
A0A7Y9Z7D5_9MICO/2-64	A0A7Y9Z7D5	9MICO	Demequina lutea	Micrococcales	67	32	31	63
A0A3E1IRZ5_GARVA/2-88	A0A3E1IRZ5	GARVA	Gardnerella vaginalis	Bifidobacteriales	126	32	55	87
A0A419HKL1_9PSEU/2-68	A0A419HKL1	9PSEU		None		32	35	67
A0A931B5R8_9ACTN/2-72	A0A931B5R8	9ACTN	Streptacidiphilus fuscans	Kitasatosporales	78	32	39	71
A0A0A0JZN1_9MICO/2-64	A0A0A0JZN1	9MICO	Knoellia aerolata DSM 18566	Micrococcales	65	32	31	63
A0A1H0JPA8_9ACTN/2-75	A0A1H0JPA8	9ACTN	Nakamurella panacisegetis	Nakamurellales	80	32	42	74
A0A4Q2ED09_9ACTN/2-73	A0A4Q2ED09	9ACTN	Propioniciclava flava	Propionibacteriales	75	32	40	72
A0A7J5BB13_9MICO/2-69	A0A7J5BB13	9MICO	Gulosibacter chungangensis	Micrococcales	71	32	36	68
A0A250VJT1_STROL/2-79	A0A250VJT1	STROL	Streptomyces olivochromogenes	Kitasatosporales	83	32	46	78
A0A4P7IEX0_9ACTN/2-61	A0A4P7IEX0	9ACTN	Nocardioides seonyuensis	Propionibacteriales	63	32	28	60
A0A368L908_9MICO/2-64	A0A368L908	9MICO		None		32	31	63
C7QJA9_CATAD/2-84	C7QJA9	CATAD	Catenulispora acidiphila (strain DSM 44928 / JCM 14897 / NBRC 102108 / NRRL B-24433 / ID139908)	Catenulisporales	90	32	51	83
A0A1H7JVN7_STRJI/2-65	A0A1H7JVN7	STRJI	Streptacidiphilus jiangxiensis	Kitasatosporales	83	32	32	64
A0A937EJ98_9ACTN/2-60	A0A937EJ98	9ACTN	Streptomyces actinomycinicus	Kitasatosporales	62	32	27	59
A0A6N7HRY2_9PSEU/2-60	A0A6N7HRY2	9PSEU		None		32	27	59
A0A221R879_9MICC/2-73	A0A221R879	9MICC		None		32	40	72
A0A0V8IPU7_9MICC/2-73	A0A0V8IPU7	9MICC	Pseudarthrobacter enclensis	Micrococcales	77	32	40	72
A0A3L6ZXY0_9MICO/2-60	A0A3L6ZXY0	9MICO	Mycetocola manganoxydans	Micrococcales	64	32	27	59
A0A433H4N1_9MICC/2-64	A0A433H4N1	9MICC		None		32	31	63
A0A4R8V9W9_9MICO/2-58	A0A4R8V9W9	9MICO	Terrimesophilobacter mesophilus	Micrococcales	60	32	25	57
A0A4Q8B4Z4_9ACTN/2-67	A0A4Q8B4Z4	9ACTN	Micromonospora kangleipakensis	Micromonosporales	72	32	34	66
A0A2T0GTP0_ACTMO/2-57	A0A2T0GTP0	ACTMO	Actinopolyspora mortivallis	Actinopolysporales	57	32	24	56
A0A2G1XLC6_STRCJ/2-65	A0A2G1XLC6	STRCJ	Streptomyces cinnamoneus (Streptoverticillium cinnamoneum)	Kitasatosporales	85	32	32	64
A0A3Q8W4F4_9ACTN/2-81	A0A3Q8W4F4	9ACTN		None		32	48	80
A0A7W9G1C6_9ACTN/2-71	A0A7W9G1C6	9ACTN	Nonomuraea jabiensis	Streptosporangiales	76	32	38	70
A0A3N4CZU0_9ACTN/2-70	A0A3N4CZU0	9ACTN	Arachnia propionica	Propionibacteriales	70	32	37	69
A0A086ZH70_9BIFI/2-82	A0A086ZH70	9BIFI	Bifidobacterium bohemicum DSM 22767	Bifidobacteriales	123	32	49	81
A0A917RSH4_9NOCA/2-68	A0A917RSH4	9NOCA	Nocardia jinanensis	Mycobacteriales	69	32	35	67
A0A6I5ZZ56_9CELL/2-66	A0A6I5ZZ56	9CELL		None		32	33	65
A0A427TBJ4_9PSEU/2-62	A0A427TBJ4	9PSEU	Amycolatopsis eburnea	Pseudonocardiales	62	32	29	61
A0A498QUW6_9MYCO/2-60	A0A498QUW6	9MYCO	Mycobacterium pseudokansasii	Mycobacteriales	60	32	27	59
A0A0Q9AQW7_9ACTN/2-82	A0A0Q9AQW7	9ACTN		None		32	49	81
A0A1A3IG09_9MYCO/2-63	A0A1A3IG09	9MYCO		None		32	30	62
A0A1Q2CCG1_9ACTN/2-73	A0A1Q2CCG1	9ACTN	Tessaracoccus flavus	Propionibacteriales	75	32	40	72
A0A147EPD9_9MICO/2-62	A0A147EPD9	9MICO	Leucobacter chromiiresistens	Micrococcales	62	32	29	61
A0A6V8KZ66_9ACTN/23-88	A0A6V8KZ66	9ACTN	Phytohabitans rumicis	Micromonosporales	92	32	34	66
A0A919PKX2_9ACTN/2-59	A0A919PKX2	9ACTN	Dactylosporangium siamense	Micromonosporales	59	32	26	58
A0A4U0HGB5_9MICC/2-70	A0A4U0HGB5	9MICC		None		32	37	69
A0A2T0Y5X4_9MICO/2-66	A0A2T0Y5X4	9MICO		None		32	33	65
A0A177HWI3_9ACTN/2-70	A0A177HWI3	9ACTN	Streptomyces jeddahensis	Kitasatosporales	88	32	37	69
A0A919RLJ6_9ACTN/2-56	A0A919RLJ6	9ACTN	Sinosporangium siamense	Streptosporangiales	57	32	23	55
A0A6G8FFS3_9MICO/2-61	A0A6G8FFS3	9MICO	Leucobacter insecticola	Micrococcales	61	32	28	60
A0A021VT62_9CELL/2-62	A0A021VT62	9CELL	Actinotalea ferrariae CF5-4	Micrococcales	63	32	29	61
C8XB20_NAKMY/2-77	C8XB20	NAKMY	Nakamurella multipartita (strain ATCC 700099 / DSM 44233 / CIP 104796 / JCM 9543 / NBRC 105858 / Y-104) (Microsphaera multipartita)	Nakamurellales	80	32	44	76
W0ZDN3_9MICO/2-54	W0ZDN3	9MICO		None		32	21	53
A0A2G5IJ78_9ACTN/2-64	A0A2G5IJ78	9ACTN		None		32	31	63
A0A1Y1RNL3_9MICC/2-65	A0A1Y1RNL3	9MICC	Rothia nasimurium	Micrococcales	68	32	32	64
A0A4Q9KKS8_PROTD/2-66	A0A4Q9KKS8	PROTD	Propioniciclava tarda	Propionibacteriales	80	32	33	65
A0A2T8FFE4_9ACTN/2-60	A0A2T8FFE4	9ACTN	Nocardioides gansuensis	Propionibacteriales	63	32	27	59
A0A0F6QY21_9CORY/2-64	A0A0F6QY21	9CORY	Corynebacterium camporealensis	Mycobacteriales	65	32	31	63
A0A399GUC0_9ACTN/2-63	A0A399GUC0	9ACTN		None		32	30	62
A0A0V8S382_9CELL/2-68	A0A0V8S382	9CELL		None		32	35	67
A0A846RV06_9MICC/2-68	A0A846RV06	9MICC	Arthrobacter pigmenti	Micrococcales	75	32	35	67
A0A161MF00_9ACTN/2-56	A0A161MF00	9ACTN	Planomonospora sphaerica	Streptosporangiales	56	32	23	55
A0A3A1TZR1_9MICO/2-56	A0A3A1TZR1	9MICO	Amnibacterium setariae	Micrococcales	56	32	23	55
A0A1V9A7F0_SACPI/2-61	A0A1V9A7F0	SACPI	Saccharomonospora piscinae	Pseudonocardiales	61	32	28	60
A0A7G6WRD5_9MICC/2-73	A0A7G6WRD5	9MICC		None		32	40	72
A0A0D0HY71_9MICO/2-65	A0A0D0HY71	9MICO	Leucobacter komagatae	Micrococcales	65	32	32	64
A0A9W6FPJ4_9MICO/2-63	A0A9W6FPJ4	9MICO	Agromyces rhizosphaerae	Micrococcales	64	32	30	62
A0A0T1SZD4_9ACTN/2-84	A0A0T1SZD4	9ACTN		None		32	51	83
A0A7Y9H0Z8_9ACTN/2-59	A0A7Y9H0Z8	9ACTN	Nocardioides cavernae	Propionibacteriales	62	32	26	58
A0A7J5C1Q2_9MICO/2-68	A0A7J5C1Q2	9MICO	Pseudoclavibacter chungangensis	Micrococcales	70	32	35	67
A0A543PQ51_9MICO/2-63	A0A543PQ51	9MICO	Humibacillus xanthopallidus	Micrococcales	64	32	30	62
A0A6G3SE64_9ACTN/2-83	A0A6G3SE64	9ACTN		None		32	50	82
A0A4Z0HAZ4_9ACTN/2-83	A0A4Z0HAZ4	9ACTN	Streptomyces palmae	Kitasatosporales	87	32	50	82
A0A087B805_9BIFI/2-93	A0A087B805	9BIFI	Bifidobacterium magnum	Bifidobacteriales	132	32	60	92
A0A919EBX0_9ACTN/2-79	A0A919EBX0	9ACTN	Streptomyces mashuensis	Kitasatosporales	82	32	46	78
A0A934M8A3_9CORY/2-73	A0A934M8A3	9CORY	Corynebacterium meridianum	Mycobacteriales	73	32	40	72
A0A5N8VMM6_9ACTN/2-64	A0A5N8VMM6	9ACTN	Streptomyces adustus	Kitasatosporales	85	32	31	63
A0A1Q5LJU4_STRX0/2-82	A0A1Q5LJU4	STRX0		None		32	49	81
A0A7W9Q634_9ACTN/2-81	A0A7W9Q634	9ACTN	Streptomyces zagrosensis	Kitasatosporales	83	32	48	80
A0A7X0BZB2_9ACTN/2-66	A0A7X0BZB2	9ACTN	Nonomuraea muscovyensis	Streptosporangiales	73	32	33	65
D4YN53_9MICO/2-73	D4YN53	9MICO	Brevibacterium mcbrellneri ATCC 49030	Micrococcales	76	32	40	72
A0AA46TFC0_9ACTN/2-63	A0AA46TFC0	9ACTN	Solicola gregarius	Propionibacteriales	64	32	30	62
A0A2M8LYC2_9ACTN/2-63	A0A2M8LYC2	9ACTN	Streptomyces carminius	Kitasatosporales	90	32	30	62
A0A176QFE2_9MICO/2-64	A0A176QFE2	9MICO	Janibacter melonis	Micrococcales	65	32	31	63
A0A652L3N3_9ACTN/2-65	A0A652L3N3	9ACTN		None		32	32	64
A0A841DBQ0_PLAVE/2-63	A0A841DBQ0	PLAVE	Planomonospora venezuelensis	Streptosporangiales	77	32	30	62
A0A077HK89_9CORY/2-64	A0A077HK89	9CORY	Corynebacterium ureicelerivorans	Mycobacteriales	66	32	31	63
V6K8I0_STRRC/2-65	V6K8I0	STRRC	Streptomyces roseochromogenus subsp. oscitans DS 12.976	Kitasatosporales	85	32	32	64
A0A073AY28_9PSEU/2-61	A0A073AY28	9PSEU	Saccharopolyspora rectivirgula	Pseudonocardiales	62	32	28	60
A0A420UV51_9ACTN/2-64	A0A420UV51	9ACTN	Streptomyces xinghaiensis	Kitasatosporales	85	32	31	63
A0A498C872_9MICO/2-62	A0A498C872	9MICO	Microbacterium telephonicum	Micrococcales	62	32	29	61
A0A840J2A6_9PSEU/1-48	A0A840J2A6	9PSEU	Amycolatopsis jiangsuensis	Pseudonocardiales	48	21	27	48
A0A7X1LQN4_9ACTN/2-64	A0A7X1LQN4	9ACTN	Streptomyces mexicanus	Kitasatosporales	85	32	31	63
A0A498EA18_9ACTN/2-85	A0A498EA18	9ACTN		None		32	52	84
A0A429AEJ2_9ACTN/2-67	A0A429AEJ2	9ACTN		None		32	34	66
A0A2U1T5T1_9CORY/2-60	A0A2U1T5T1	9CORY	Corynebacterium yudongzhengii	Mycobacteriales	62	32	27	59
A0A929Q3D0_9CORY/2-60	A0A929Q3D0	9CORY		None		32	27	59
A0A1V0TT73_9ACTN/2-65	A0A1V0TT73	9ACTN	Streptomyces gilvosporeus	Kitasatosporales	82	32	32	64
A0A0B2BND3_9ACTN/2-61	A0A0B2BND3	9ACTN	Mumia flava	Propionibacteriales	66	32	28	60
A0A511JDR5_9CELL/2-66	A0A511JDR5	9CELL	Cellulomonas composti	Micrococcales	67	32	33	65
A0A367XY91_9MICO/2-60	A0A367XY91	9MICO	Microbacterium sorbitolivorans	Micrococcales	61	32	27	59
L7LJZ9_9ACTN/2-59	L7LJZ9	9ACTN	Gordonia sihwensis NBRC 108236	Mycobacteriales	59	32	26	58
A0A430F8I7_9BIFI/2-86	A0A430F8I7	9BIFI	Bifidobacterium castoris	Bifidobacteriales	126	32	53	85
D7BM17_ARCHD/2-73	D7BM17	ARCHD	Arcanobacterium haemolyticum (strain ATCC 9345 / DSM 20595 / CCM 5947 / CCUG 17215 / LMG 16163 / NBRC 15585 / NCTC 8452 / 11018)	Actinomycetales	78	32	40	72
A0A3S9PJ54_STRLT/2-66	A0A3S9PJ54	STRLT	Streptomyces luteoverticillatus (Streptoverticillium luteoverticillatus)	Kitasatosporales	86	32	33	65
A0A7Y9GLD0_9MICO/2-62	A0A7Y9GLD0	9MICO	Microbacterium immunditiarum	Micrococcales	66	32	29	61
A0A4Y9Q168_9ACTN/2-71	A0A4Y9Q168	9ACTN		None		32	38	70
A0A1E7KH10_9ACTN/2-64	A0A1E7KH10	9ACTN	Streptomyces nanshensis	Kitasatosporales	81	32	31	63
A0A1G9IF76_9ACTN/2-63	A0A1G9IF76	9ACTN	Streptomyces indicus	Kitasatosporales	83	32	30	62
A0A1C5BRH7_9ACTN/2-81	A0A1C5BRH7	9ACTN		None		32	48	80
A0A8J3S4G8_PLARO/2-63	A0A8J3S4G8	PLARO	Planobispora rosea	Streptosporangiales	77	32	30	62
L8THJ2_9MICC/2-73	L8THJ2	9MICC	Arthrobacter nitrophenolicus	Micrococcales	77	32	40	72
A0A2K8PI94_STRLA/2-80	A0A2K8PI94	STRLA	Streptomyces lavendulae subsp. lavendulae	Kitasatosporales	86	32	47	79
A0A1B1ZKY9_9PSEU/2-62	A0A1B1ZKY9	9PSEU		None		32	29	61
A0A7T0P9K3_9CORY/2-64	A0A7T0P9K3	9CORY	Corynebacterium lizhenjunii	Mycobacteriales	64	32	31	63
A0A1H2ZQ30_9PSEU/2-63	A0A1H2ZQ30	9PSEU	Amycolatopsis xylanica	Pseudonocardiales	63	32	30	62
A0A7J0C7T0_9ACTN/2-64	A0A7J0C7T0	9ACTN	Streptomyces fulvorobeus	Kitasatosporales	84	32	31	63
A0A126YVV9_9MICO/2-69	A0A126YVV9	9MICO		None		32	36	68
A0A939E227_9CORY/2-59	A0A939E227	9CORY	Corynebacterium mendelii	Mycobacteriales	61	32	26	58
D9QC97_CORP2/43-106	D9QC97	CORP2	Corynebacterium pseudotuberculosis (strain C231)	Mycobacteriales	108	32	32	64
A0A5Q0LG49_9ACTN/2-64	A0A5Q0LG49	9ACTN	Streptomyces fagopyri	Kitasatosporales	84	32	31	63
A0A7K2TJ86_9ACTN/2-80	A0A7K2TJ86	9ACTN		None		32	47	79
A0A2M9JG04_9ACTN/2-64	A0A2M9JG04	9ACTN		None		32	31	63
A0A1X6X1R6_9MICO/2-63	A0A1X6X1R6	9MICO	Brachybacterium nesterenkovii	Micrococcales	71	32	30	62
A0A1G5IRJ0_9ACTN/2-64	A0A1G5IRJ0	9ACTN		None		32	31	63
A0A0K9X7V5_9ACTN/2-82	A0A0K9X7V5	9ACTN	Streptomyces caatingaensis	Kitasatosporales	84	32	49	81
A0A944DXD3_9ACTN/2-68	A0A944DXD3	9ACTN		None		32	35	67
L7F933_9ACTN/2-65	L7F933	9ACTN	Streptomyces turgidiscabies (strain Car8)	Kitasatosporales	87	32	32	64
A0A3N6HJT0_9ACTN/2-64	A0A3N6HJT0	9ACTN		None		32	31	63
A0A0H3DKI8_AMYMU/2-62	A0A0H3DKI8	AMYMU		None		32	29	61
A0A1Q9VM13_9MICO/2-69	A0A1Q9VM13	9MICO		None		32	36	68
A0A7T7M9W7_9ACTO/2-67	A0A7T7M9W7	9ACTO	Actinomyces weissii	Actinomycetales	68	32	34	66
A0A6V8K3I6_9ACTN/23-88	A0A6V8K3I6	9ACTN	Phytohabitans houttuyneae	Micromonosporales	91	32	34	66
I4BPH6_MYCCN/2-61	I4BPH6	MYCCN	Mycolicibacterium chubuense (strain NBB4) (Mycobacterium chubuense)	Mycobacteriales	61	32	28	60
A0A1A5P155_9ACTN/2-66	A0A1A5P155	9ACTN		None		32	33	65
A0A0M8WI78_9ACTN/2-87	A0A0M8WI78	9ACTN		None		32	54	86
A0A2N8NYN0_STREU/2-84	A0A2N8NYN0	STREU	Streptomyces eurocidicus (Streptoverticillium eurocidicus)	Kitasatosporales	85	32	51	83
A0A255GTM1_9ACTN/2-69	A0A255GTM1	9ACTN	Enemella evansiae	Propionibacteriales	76	32	36	68
X5DUT3_9CORY/2-59	X5DUT3	9CORY	Corynebacterium glyciniphilum AJ 3170	Mycobacteriales	59	32	26	58
A0A097II32_9CORY/2-59	A0A097II32	9CORY	Corynebacterium doosanense CAU 212 = DSM 45436	Mycobacteriales	59	32	26	58
A0A151BUD8_9MICO/2-62	A0A151BUD8	9MICO		None		32	29	61
A0A2V5IXT7_9MICC/2-71	A0A2V5IXT7	9MICC	Arthrobacter psychrolactophilus	Micrococcales	76	32	38	70
A0A1H5YNS4_9ACTN/2-65	A0A1H5YNS4	9ACTN	Actinacidiphila yanglinensis	Kitasatosporales	89	32	32	64
A0A1C5GHQ5_MICEH/2-66	A0A1C5GHQ5	MICEH	Micromonospora echinofusca	Micromonosporales	71	32	33	65
A0A117QLF6_9ACTN/2-79	A0A117QLF6	9ACTN	Streptomyces longwoodensis	Kitasatosporales	81	32	46	78
A0A4Y3UQ95_9MICO/2-57	A0A4Y3UQ95	9MICO	Microbacterium lacticum	Micrococcales	57	32	24	56
A0A7G5LXM2_9ACTN/2-59	A0A7G5LXM2	9ACTN		None		32	26	58
A0A0B5F0F9_STRA4/2-80	A0A0B5F0F9	STRA4		None		32	47	79
D1BZW1_XYLCX/2-65	D1BZW1	XYLCX	Xylanimonas cellulosilytica (strain DSM 15894 / JCM 12276 / CECT 5975 / KCTC 9989 / LMG 20990 / NBRC 107835 / XIL07)	Micrococcales	66	32	32	64
A0A1B1BNM1_9MICO/2-77	A0A1B1BNM1	9MICO	Cryobacterium arcticum	Micrococcales	79	32	44	76
A0A7I7XRL9_9MYCO/2-61	A0A7I7XRL9	9MYCO	Mycolicibacterium confluentis	Mycobacteriales	61	32	28	60
A0A5Q2MF13_9ACTN/2-56	A0A5Q2MF13	9ACTN	Aeromicrobium yanjiei	Propionibacteriales	56	32	23	55
A0A0G3H8I0_9CORY/2-62	A0A0G3H8I0	9CORY	Corynebacterium testudinoris	Mycobacteriales	76	32	29	61
A0A0X3W181_9ACTN/2-79	A0A0X3W181	9ACTN		None		32	46	78
A0A4S8MZK0_9ACTN/2-60	A0A4S8MZK0	9ACTN	Nocardioides caeni	Propionibacteriales	62	32	27	59
A0A919FBM6_9ACTN/2-81	A0A919FBM6	9ACTN	Kitasatospora indigofera	Kitasatosporales	84	32	48	80
A0A1X1UPG3_9MYCO/2-63	A0A1X1UPG3	9MYCO	Mycobacterium fragae	Mycobacteriales	63	32	30	62
A0A3M8A3V3_9MICO/2-64	A0A3M8A3V3	9MICO	Agromyces tardus	Micrococcales	68	32	31	63
B1MI03_MYCA9/2-59	B1MI03	MYCA9	Mycobacteroides abscessus (strain ATCC 19977 / DSM 44196 / CCUG 20993 / CIP 104536 / JCM 13569 / NCTC 13031 / TMC 1543 / L948) (Mycobacterium abscessus)	Mycobacteriales	59	32	26	58
A0A6L9XTY4_9MICO/2-68	A0A6L9XTY4	9MICO	Leifsonia tongyongensis	Micrococcales	71	32	35	67
A0A0Q5VPK5_9ACTN/2-71	A0A0Q5VPK5	9ACTN		None		32	38	70
H6MSW1_GORPV/2-57	H6MSW1	GORPV	Gordonia polyisoprenivorans (strain DSM 44266 / VH2)	Mycobacteriales	58	32	24	56
A0A3N0GS08_9ACTN/2-61	A0A3N0GS08	9ACTN	Nocardioides pocheonensis	Propionibacteriales	62	32	28	60
A0A5M3W1B3_9ACTN/2-71	A0A5M3W1B3	9ACTN	Acrocarpospora corrugata	Streptosporangiales	78	32	38	70
A0A1C3NTH1_9ACTN/2-64	A0A1C3NTH1	9ACTN	Candidatus Protofrankia californiensis	Frankiales	66	32	31	63
A0A7W7QWU7_9ACTN/2-53	A0A7W7QWU7	9ACTN	Streptosporangium saharense	Streptosporangiales	54	32	20	52
D2PX99_KRIFD/2-63	D2PX99	KRIFD	Kribbella flavida (strain DSM 17836 / JCM 10339 / NBRC 14399)	Propionibacteriales	63	32	30	62
A0A162GHJ0_9MICO/2-64	A0A162GHJ0	9MICO	Rathayibacter tanaceti	Micrococcales	65	32	31	63
A0A7W8Z4K4_9ACTN/2-72	A0A7W8Z4K4	9ACTN	Sphaerisporangium krabiense	Streptosporangiales	73	32	39	71
A0A2T0LUE1_9PSEU/2-61	A0A2T0LUE1	9PSEU	Prauserella shujinwangii	Pseudonocardiales	61	32	28	60
A0A7K1L1D5_9ACTN/2-65	A0A7K1L1D5	9ACTN	Actinomadura litoris	Streptosporangiales	68	32	32	64
A0A323VD58_9ACTN/2-70	A0A323VD58	9ACTN	Modestobacter versicolor	Geodermatophilales	70	32	37	69
A0A944IW75_9ACTN/2-83	A0A944IW75	9ACTN		None		32	50	82
A0A6N9YM40_9ACTN/2-64	A0A6N9YM40	9ACTN	Phytoactinopolyspora alkaliphila	Jiangellales	67	32	31	63
K0YTT6_9ACTO/2-67	K0YTT6	9ACTO	Schaalia turicensis ACS-279-V-Col4	Actinomycetales	88	32	34	66
A0A101T1K9_9ACTN/2-81	A0A101T1K9	9ACTN	Streptomyces bungoensis	Kitasatosporales	84	32	48	80
A0A919QHN4_9ACTN/4-59	A0A919QHN4	9ACTN	Acrocarpospora phusangensis	Streptosporangiales	62	31	25	56
A0A087CHT2_9BIFI/2-82	A0A087CHT2	9BIFI	Bifidobacterium psychraerophilum	Bifidobacteriales	261	32	49	81
A0A930VJG8_9ACTN/2-59	A0A930VJG8	9ACTN	Nocardioides agariphilus	Propionibacteriales	61	32	26	58
A0A0W7WYJ7_9ACTN/2-78	A0A0W7WYJ7	9ACTN	Streptomyces silvensis	Kitasatosporales	84	32	45	77
A0A1G8U148_9ACTN/21-83	A0A1G8U148	9ACTN	Nonomuraea jiangxiensis	Streptosporangiales	95	32	31	63
A0A927K3V2_9ACTN/2-63	A0A927K3V2	9ACTN	Nocardioides donggukensis	Propionibacteriales	65	32	30	62
A0A6I1G8A4_9MICO/2-63	A0A6I1G8A4	9MICO		None		32	30	62
A0A7K2FP19_9ACTN/2-80	A0A7K2FP19	9ACTN		None		32	47	79
A0A7W7SPT8_9ACTN/1-55	A0A7W7SPT8	9ACTN	Micromonospora polyrhachis	Micromonosporales	60	21	34	55
A0A7H0SQY3_9CORY/2-70	A0A7H0SQY3	9CORY	Corynebacterium poyangense	Mycobacteriales	70	32	37	69
R4L4Z0_ACTS9/1-57	R4L4Z0	ACTS9		None		21	36	57
I6XWB9_MYCTU/2-60	I6XWB9	MYCTU	Mycobacterium tuberculosis (strain ATCC 25618 / H37Rv)	Mycobacteriales	60	32	27	59
A0A7W7R2M7_KITKI/2-81	A0A7W7R2M7	KITKI	Kitasatospora kifunensis (Streptomyces kifunensis)	Kitasatosporales	85	32	48	80
A0A4Q6ILL6_9ACTN/2-64	A0A4Q6ILL6	9ACTN		None		32	31	63
A0A918RK04_9ACTN/2-78	A0A918RK04	9ACTN	Streptomyces echinoruber	Kitasatosporales	81	32	45	77
A0A371NYM9_9MICO/2-62	A0A371NYM9	9MICO	Microbacterium bovistercoris	Micrococcales	62	32	29	61
A0A917YPU2_9ACTN/21-82	A0A917YPU2	9ACTN	Nonomuraea cavernae	Streptosporangiales	96	32	30	62
A0A0X3V3S5_9ACTN/2-63	A0A0X3V3S5	9ACTN	Streptomyces regalis	Kitasatosporales	84	32	30	62
A0A919LPW5_9ACTN/37-110	A0A919LPW5	9ACTN		None		32	42	74
