lignee	sra	n_pool	n_evt	n_tierce	C>A@A.A	C>A@A.C	C>A@A.G	C>A@A.T	C>A@C.A	C>A@C.C	C>A@C.G	C>A@C.T	C>A@G.A	C>A@G.C	C>A@G.G	C>A@G.T	C>A@T.A	C>A@T.C	C>A@T.G	C>A@T.T	C>G@A.A	C>G@A.C	C>G@A.G	C>G@A.T	C>G@C.A	C>G@C.C	C>G@C.G	C>G@C.T	C>G@G.A	C>G@G.C	C>G@G.G	C>G@G.T	C>G@T.A	C>G@T.C	C>G@T.G	C>G@T.T	C>T@A.A	C>T@A.C	C>T@A.G	C>T@A.T	C>T@C.A	C>T@C.C	C>T@C.G	C>T@C.T	C>T@G.A	C>T@G.C	C>T@G.G	C>T@G.T	C>T@T.A	C>T@T.C	C>T@T.G	C>T@T.T	T>A@A.A	T>A@A.C	T>A@A.G	T>A@A.T	T>A@C.A	T>A@C.C	T>A@C.G	T>A@C.T	T>A@G.A	T>A@G.C	T>A@G.G	T>A@G.T	T>A@T.A	T>A@T.C	T>A@T.G	T>A@T.T	T>C@A.A	T>C@A.C	T>C@A.G	T>C@A.T	T>C@C.A	T>C@C.C	T>C@C.G	T>C@C.T	T>C@G.A	T>C@G.C	T>C@G.G	T>C@G.T	T>C@T.A	T>C@T.C	T>C@T.G	T>C@T.T	T>G@A.A	T>G@A.C	T>G@A.G	T>G@A.T	T>G@C.A	T>G@C.C	T>G@C.G	T>G@C.T	T>G@G.A	T>G@G.C	T>G@G.G	T>G@G.T	T>G@T.A	T>G@T.C	T>G@T.G	T>G@T.T
L1	SRR33890963	40	54	0	0	0	0	0	1	1	1	1	1	1	1	1	0	1	1	0	0	0	0	0	1	1	0	0	0	0	2	0	0	0	0	0	1	0	2	1	3	0	6	1	2	1	4	1	1	1	7	2	0	0	0	0	0	1	0	0	0	0	0	0	0	0	0	0	0	0	0	0	0	0	0	0	0	1	2	0	0	0	1	0	0	0	0	0	0	0	0	0	0	0	0	1	0	0	1	0
L1	SRR29230711	40	141	0	0	3	1	1	4	0	8	1	2	3	1	0	0	0	1	0	0	1	1	0	0	1	0	0	1	0	1	1	1	0	3	2	1	2	11	1	4	3	13	4	3	6	12	4	4	0	4	1	0	0	1	0	0	0	0	0	0	0	0	0	0	0	0	0	2	1	1	0	1	0	0	2	1	2	5	1	0	2	1	0	0	1	0	0	1	1	1	2	0	2	2	0	0	1	0	0
L1	ERR13252596	40	56	0	1	0	1	0	0	0	3	0	1	0	2	0	0	0	1	0	0	1	0	0	0	2	0	0	1	0	1	0	1	1	0	0	2	2	4	0	2	2	2	2	3	3	2	0	0	1	2	0	0	0	0	0	0	0	0	0	0	0	0	0	0	1	0	0	0	2	3	0	0	0	0	0	1	1	2	1	0	0	0	0	0	0	0	0	1	0	0	0	0	0	0	1	0	0	0	0
L1	SRR34556142	40	84	0	0	0	1	0	1	0	4	1	1	1	2	0	0	1	0	0	0	1	1	0	1	0	2	0	1	0	0	1	1	0	0	0	1	3	2	2	4	2	6	2	2	7	4	3	2	0	5	1	0	1	0	0	0	0	0	0	0	0	0	0	0	0	0	0	1	1	1	0	0	0	5	0	1	0	3	0	0	0	2	0	0	1	0	0	0	0	1	0	0	1	0	0	0	0	0	0
L1	ERR4800136	40	81	0	0	1	1	0	0	0	4	1	0	0	1	0	0	0	0	0	1	1	0	0	0	0	1	0	0	2	0	0	0	0	0	0	3	2	6	0	4	1	11	1	2	4	5	2	3	3	2	1	0	0	0	0	0	0	0	0	0	0	0	0	0	0	0	0	0	1	0	3	0	0	0	0	1	0	4	0	0	1	0	0	0	0	0	1	0	3	1	0	1	1	1	0	0	0	0	0
L1	SRR2100038	40	271	0	0	2	6	1	1	0	7	2	1	3	2	1	0	3	4	0	0	2	4	1	2	4	3	1	2	4	1	2	1	1	3	1	5	9	3	6	12	7	24	3	8	15	18	7	7	5	13	3	0	1	1	0	0	1	1	0	0	0	1	0	0	0	0	0	0	6	4	1	1	2	6	0	3	6	8	3	0	1	0	0	0	0	2	1	1	2	2	3	0	2	0	0	0	1	1	0
L1	SRR33891102	40	230	0	1	3	3	0	1	2	3	1	2	4	6	0	1	1	4	0	0	1	0	2	1	2	8	1	1	1	3	1	0	0	2	1	6	11	10	3	13	5	14	5	4	14	12	2	3	5	15	3	1	0	0	0	0	0	0	0	1	0	0	0	0	0	0	0	3	3	2	1	0	1	3	0	1	5	8	1	1	2	1	2	0	0	1	0	0	4	5	1	0	0	0	0	0	1	0	1
L1	SRR26399570	40	100	0	1	2	1	0	1	3	1	1	1	0	3	0	0	0	0	0	0	1	0	0	3	1	2	1	1	1	0	0	0	0	0	0	2	3	3	4	3	4	9	3	8	2	6	2	1	3	2	3	0	0	0	0	0	0	0	0	0	0	0	0	0	0	0	0	0	2	3	0	1	0	3	0	2	0	1	0	0	0	0	1	0	0	0	1	1	0	2	0	0	0	1	0	0	0	0	0
L1	SRR30881691	40	197	0	1	1	2	1	3	3	7	0	1	4	5	2	0	1	1	0	0	0	1	0	2	1	5	0	1	1	1	1	0	0	4	0	3	7	9	2	10	2	19	4	8	10	13	3	2	0	14	1	0	0	0	1	0	0	0	0	0	0	0	0	1	0	0	0	1	6	3	0	0	3	0	0	1	0	6	5	1	0	1	0	0	1	0	0	0	1	3	5	0	1	1	0	0	0	0	0
L1	SRR33917424	40	100	0	0	1	2	0	0	1	3	0	1	1	3	0	0	0	1	0	0	1	0	0	1	1	2	0	1	4	0	0	0	0	1	0	5	2	7	1	2	1	8	5	3	6	5	2	2	2	4	4	1	0	0	0	0	0	1	0	0	0	0	0	0	0	0	0	0	0	1	0	1	0	1	0	1	2	4	0	0	0	1	1	0	0	0	0	0	1	1	0	0	0	1	0	0	0	0	0
L1	SRR33766540	40	97	0	0	2	0	1	0	3	2	0	0	2	1	1	1	0	0	1	0	0	0	2	1	2	1	1	0	0	1	0	0	1	1	0	2	3	5	2	3	1	11	2	6	2	10	4	1	1	4	1	0	0	0	0	0	0	0	0	0	0	0	0	0	0	0	0	0	0	1	0	0	0	0	0	0	1	2	2	0	2	1	0	0	1	0	0	2	0	0	1	0	2	0	0	0	0	0	0
L1	SRR5073511	40	109	0	0	3	0	0	0	0	2	0	1	3	0	1	0	0	2	0	0	1	1	0	0	4	2	2	0	1	1	0	0	0	0	1	2	4	4	1	3	2	9	3	6	8	10	3	2	1	7	1	0	0	0	0	1	0	0	0	0	0	0	0	0	0	0	1	0	1	0	0	1	0	0	0	4	1	3	1	0	0	1	0	0	0	0	0	0	0	2	1	0	0	0	0	0	0	1	0
L1	SRR6650148	40	254	0	2	4	5	0	3	1	7	0	2	4	2	2	0	1	3	0	0	0	1	0	3	2	4	3	1	3	4	2	1	1	0	0	4	10	11	1	11	10	11	6	9	15	18	6	4	2	11	1	0	1	0	0	0	0	0	0	0	0	0	0	0	1	0	0	2	6	7	3	0	1	4	0	1	6	5	6	2	1	3	0	0	1	0	1	0	0	2	0	2	2	3	2	0	0	1	0
L1	SRR29017642	40	180	0	1	2	0	1	0	1	6	0	0	2	4	0	2	0	2	1	1	3	4	2	0	0	2	2	0	0	5	1	0	1	1	1	6	5	6	0	7	3	14	7	6	6	12	5	6	3	9	2	1	1	0	0	1	0	0	0	0	0	1	0	0	1	1	0	0	4	1	2	0	1	2	0	0	3	3	4	2	1	0	1	0	1	1	0	0	0	2	0	0	1	2	1	0	0	0	0
L1	SRR34010306	40	83	0	0	0	0	0	0	0	1	2	1	1	2	1	0	1	2	0	0	0	0	0	1	0	1	1	1	2	0	0	0	1	0	0	1	7	8	0	1	2	3	1	4	3	7	2	1	0	6	0	0	2	0	0	0	0	0	0	0	0	0	0	0	0	0	0	1	0	7	2	0	0	0	1	0	1	0	1	0	0	2	0	0	0	0	0	0	0	0	1	0	1	0	0	0	0	0	0
L1	ERR11050329	40	90	0	0	0	0	0	0	2	6	2	1	2	1	0	1	1	0	0	0	0	0	0	0	0	0	0	0	2	1	1	0	1	1	0	1	2	6	1	5	0	8	1	2	8	4	0	4	1	4	0	0	0	0	0	0	1	0	2	0	0	0	0	0	0	0	0	0	3	2	0	0	0	2	0	0	1	0	1	0	0	1	0	0	1	0	0	0	1	3	0	0	2	0	0	0	1	0	0
L1	SRR12882247	40	87	0	1	1	0	0	0	1	3	0	0	0	2	0	1	0	1	0	0	1	0	0	0	0	3	0	2	1	1	0	0	1	0	0	2	4	2	4	1	3	8	0	3	1	8	5	3	6	4	0	0	0	0	0	0	0	1	0	0	0	0	0	0	0	0	0	0	1	2	1	0	0	2	0	1	2	2	1	0	0	0	0	0	0	0	0	0	1	0	0	0	0	0	0	0	0	0	0
L1	SRR29126164	40	35	0	0	0	0	0	0	2	2	0	0	0	0	0	0	0	0	0	0	0	1	0	0	0	0	0	0	0	0	0	0	0	0	0	0	0	4	0	2	1	2	0	2	3	3	1	0	0	2	0	0	1	0	1	0	0	0	0	0	0	0	0	0	0	0	0	0	0	0	0	1	0	0	0	0	2	1	0	0	0	1	1	0	1	0	0	0	0	1	0	0	0	0	0	0	0	0	0
L1	SRR29126464	40	69	0	0	2	1	0	0	0	2	0	1	0	1	2	0	0	1	0	0	1	0	0	1	0	0	0	0	1	0	0	0	0	0	1	3	3	0	0	1	4	4	0	3	6	9	3	0	4	3	1	0	0	0	0	0	1	0	0	0	0	0	0	0	0	0	0	0	0	0	0	0	1	2	0	0	3	2	1	0	0	0	0	0	0	0	0	0	0	0	0	0	0	0	0	0	1	0	0
L1	SRR33812683	40	74	0	0	2	1	0	2	0	1	0	1	0	0	0	0	0	1	0	0	1	0	0	0	0	2	0	0	0	0	0	1	0	1	0	2	3	8	0	4	1	5	3	1	4	7	1	0	3	6	0	0	0	0	0	0	1	0	0	0	0	0	0	0	0	0	0	1	1	1	0	0	0	1	1	1	2	1	0	0	0	1	0	0	0	0	0	0	0	1	1	0	0	0	0	0	0	0	0
L1	SRR33857403	40	58	0	0	1	2	0	1	0	0	1	1	1	0	1	0	0	1	0	0	0	0	0	0	0	0	0	1	0	0	0	0	0	0	2	5	1	2	0	0	1	5	1	2	3	4	1	1	0	7	1	0	0	0	0	0	0	0	0	0	0	1	0	0	0	0	0	0	2	2	0	0	0	2	1	0	1	1	0	0	0	0	0	1	0	0	0	0	0	0	1	0	0	0	0	0	0	0	0
L1	DRR184923	40	80	0	1	2	0	1	1	1	4	1	0	0	2	0	1	0	1	0	0	0	0	0	1	1	0	0	1	0	3	1	0	1	0	0	1	3	7	3	2	0	8	3	0	3	3	4	2	0	1	1	0	0	0	1	0	0	1	0	0	0	0	0	0	0	1	0	0	2	1	1	0	0	1	0	1	1	1	0	0	0	1	0	0	0	0	1	0	0	0	0	0	1	0	1	0	0	1	0
L1	ERR9125582	40	109	0	1	2	0	1	0	0	0	0	1	1	3	0	0	1	1	0	1	1	0	1	3	0	2	0	2	3	4	0	0	1	0	0	2	1	5	2	5	1	8	2	2	8	9	1	2	2	8	0	0	0	0	0	0	1	1	0	1	0	0	0	1	0	0	0	3	1	0	0	0	0	3	0	2	2	4	2	0	0	0	0	0	0	0	0	0	0	1	0	0	0	0	0	0	0	0	0
L1	SRR34127933	40	137	0	1	4	2	1	1	1	5	3	2	1	2	0	0	0	2	0	1	0	0	0	0	1	1	1	0	1	3	0	1	2	1	0	1	5	7	1	10	0	14	4	2	13	9	2	3	2	9	2	0	0	0	0	0	1	0	0	0	0	0	0	0	0	0	0	0	0	6	0	0	0	0	0	0	0	2	3	0	0	0	0	0	0	0	0	1	0	2	0	0	0	1	0	0	0	0	0
L1	SRR6650280	40	138	0	0	0	0	0	2	1	5	1	0	1	2	3	0	1	3	1	0	0	1	1	1	0	0	1	1	1	0	2	0	0	0	0	2	3	3	1	11	4	8	7	6	7	12	3	1	5	10	1	0	0	0	0	0	0	0	0	0	1	0	0	0	0	0	0	0	2	1	0	1	1	0	0	1	2	4	3	0	0	2	0	0	0	0	0	0	2	2	1	0	1	1	0	0	0	1	0
L1	ERR3276136	40	146	1	0	0	4	0	1	0	5	0	1	1	3	1	1	0	1	1	0	1	1	1	3	2	0	0	0	1	0	1	0	1	0	0	7	6	7	0	4	5	16	6	3	8	9	3	2	1	5	3	0	1	0	0	0	0	1	1	0	0	0	0	0	0	0	0	0	5	0	1	0	2	2	0	0	3	1	2	0	1	1	0	0	0	1	0	2	1	5	1	0	0	0	0	0	0	0	0
L1	ERR046898	40	367	0	1	3	2	1	1	0	17	0	5	4	2	3	1	3	3	1	0	1	4	2	3	3	2	3	2	7	6	1	2	1	3	1	11	11	12	3	25	6	29	10	10	10	30	10	4	2	20	6	0	1	1	0	0	0	0	1	1	0	0	0	0	0	0	0	3	6	6	1	3	2	4	2	2	6	14	5	1	1	1	0	0	0	1	0	1	4	3	1	1	2	3	0	0	1	2	0
L1	SRR29051136	40	99	0	0	1	2	0	0	0	4	0	0	2	1	0	0	0	4	1	1	0	0	0	0	1	1	0	0	3	0	0	0	0	1	0	0	4	2	1	2	1	5	4	6	5	10	5	3	2	3	1	1	0	0	0	0	0	0	0	0	0	0	0	0	0	0	0	1	4	2	1	1	0	0	0	1	1	0	1	0	0	0	0	0	1	0	0	1	3	2	1	0	1	1	0	0	0	0	0
L1	SRR34578503	40	62	0	0	2	1	0	1	0	4	0	1	1	1	0	0	0	2	0	0	0	0	0	1	0	1	0	0	0	1	0	0	0	0	0	0	4	3	0	6	0	5	1	3	2	6	0	1	1	3	1	1	0	0	0	0	0	0	0	0	0	0	0	0	0	0	1	0	2	0	0	0	0	1	0	0	1	1	1	0	2	0	0	0	0	0	0	0	0	0	0	0	0	0	0	0	0	0	0
L1	SRR30629484	40	263	0	1	2	3	0	0	0	7	1	3	0	5	1	0	0	6	0	2	0	1	0	3	2	6	2	2	0	1	1	2	1	2	2	7	7	9	6	18	5	21	9	15	13	19	10	3	7	13	6	0	0	0	0	0	0	1	0	0	0	0	0	0	1	1	0	1	2	2	0	0	0	4	1	3	0	5	2	0	2	1	0	0	0	1	0	1	0	5	2	0	1	2	0	0	0	1	0
L1	ERR2517197	40	330	0	0	2	2	3	3	1	9	4	0	4	10	0	2	1	5	0	1	4	2	3	0	0	6	2	2	8	5	1	0	2	2	0	2	14	18	4	20	8	38	7	15	15	21	4	3	5	12	2	0	1	0	0	0	0	0	1	0	0	0	1	0	0	0	0	0	9	5	2	0	0	4	1	2	6	6	1	0	1	3	1	0	1	0	0	0	3	0	1	0	4	1	2	0	1	1	0
L1	SRR33643363	40	116	0	1	3	1	0	0	3	4	1	0	1	1	3	0	0	3	0	0	0	1	0	2	4	2	2	1	2	1	0	1	1	1	2	3	2	3	1	2	5	11	1	7	5	4	2	0	1	7	0	0	0	0	0	0	0	0	0	0	0	0	0	0	0	0	0	1	2	1	0	1	2	2	2	0	1	2	2	0	1	0	0	0	0	0	0	0	0	2	0	0	1	1	0	0	0	0	0
L1	SRR33914503	40	162	0	0	1	3	2	0	2	4	1	0	3	6	0	0	1	0	0	0	1	0	0	2	1	2	0	1	0	1	0	0	2	0	0	7	5	9	0	4	9	13	4	3	8	10	10	3	4	8	4	0	0	0	0	0	1	0	0	0	0	0	0	0	0	0	0	1	2	1	1	1	0	3	2	2	1	0	2	0	1	2	0	0	0	0	0	1	0	3	1	0	2	1	0	0	0	0	0
L1	ERR473297	40	67	0	0	1	1	0	2	0	3	1	0	0	2	1	0	1	0	0	0	1	0	1	0	0	2	0	0	0	2	0	0	0	0	0	1	0	6	0	2	4	7	1	0	3	6	2	2	0	1	1	0	0	0	0	0	1	0	0	0	0	0	0	0	0	0	0	0	1	0	0	0	1	2	0	0	0	1	0	0	1	1	0	0	1	1	0	0	0	1	0	0	1	0	1	0	0	0	0
L1	SRR27450142	40	42	0	0	0	1	0	1	0	0	0	1	0	0	0	0	0	1	0	0	0	0	0	1	0	1	0	0	1	1	0	0	1	0	0	1	1	1	1	3	2	4	0	2	1	2	1	2	1	3	1	0	0	0	0	0	0	1	0	0	0	0	0	0	0	0	0	1	0	0	0	0	0	1	0	0	0	1	1	0	0	0	0	0	0	0	0	0	0	0	0	0	1	0	1	0	0	0	0
L1	SRR33712871	40	60	0	1	0	1	0	0	1	2	2	0	1	0	0	1	0	0	0	0	0	0	0	0	0	2	0	0	1	0	1	0	0	0	0	2	3	2	0	1	4	10	2	4	3	4	1	2	1	4	0	0	0	0	0	0	0	0	0	0	0	0	0	0	0	0	0	0	0	0	0	0	0	1	0	0	1	0	0	0	0	1	0	0	0	0	0	0	0	0	1	0	0	0	0	0	0	0	0
L1	SRR33752911	40	45	0	0	1	1	0	0	0	0	0	0	0	1	0	0	0	0	1	0	0	0	0	1	0	0	0	2	0	0	0	0	0	0	0	2	1	5	0	2	2	8	1	0	4	4	0	2	1	1	0	0	0	0	0	0	0	0	0	0	0	0	0	0	0	0	0	0	0	0	0	0	0	1	0	0	0	0	0	0	0	0	0	0	1	0	0	0	0	1	0	0	0	2	0	0	0	0	0
L1	ERR4815680	40	225	0	0	1	1	1	0	3	4	1	1	1	3	1	1	0	2	0	0	1	0	0	5	2	2	1	0	2	3	1	2	1	1	0	5	9	13	2	11	4	26	5	9	14	13	3	3	4	12	1	0	0	0	0	0	1	0	0	0	1	0	0	0	0	0	0	2	3	3	2	1	1	3	3	1	6	8	2	0	1	0	0	0	0	1	0	1	3	1	0	0	2	1	1	0	0	1	1
L1	ERR6929529	40	87	0	3	0	1	1	0	2	1	2	2	2	2	2	2	0	3	0	1	1	0	0	0	0	0	0	0	2	1	1	1	1	0	0	1	2	2	2	4	1	6	1	3	1	3	2	2	1	6	0	0	0	0	0	0	0	0	0	0	0	0	0	0	0	0	0	0	1	4	0	0	1	0	0	1	3	1	2	0	0	0	0	0	1	0	0	0	1	0	0	0	2	1	1	0	0	0	0
L1	ERR6336694	40	55	0	1	2	0	1	0	0	3	0	1	0	1	0	0	0	0	0	0	2	0	0	0	0	2	0	0	0	0	0	0	0	0	1	1	2	1	1	2	2	4	0	1	2	5	1	1	1	4	2	0	1	0	0	0	0	0	0	0	0	0	0	0	0	0	0	0	1	0	0	0	0	2	0	0	0	0	0	0	1	1	0	0	1	0	0	0	2	0	0	0	0	0	2	0	0	0	0
L2	SRR10040301	40	140	0	0	0	0	0	1	0	3	0	0	2	6	0	1	0	3	0	1	1	0	1	1	2	3	0	0	2	0	3	0	0	0	0	4	2	0	0	4	4	6	5	1	12	6	7	3	0	6	1	0	0	1	0	0	0	0	0	0	0	0	0	0	0	1	0	0	4	4	1	0	1	4	1	2	7	8	2	1	0	1	0	0	0	0	0	0	0	2	0	1	1	4	2	1	0	0	0
L2	ERR5863800	40	5	0	0	0	0	0	0	0	0	0	0	0	0	0	0	0	0	0	0	0	0	0	0	0	0	0	0	0	0	0	0	0	0	0	0	0	0	0	0	0	1	0	0	0	0	0	0	0	0	0	0	0	0	0	0	0	0	0	0	0	0	0	0	0	0	0	0	0	0	0	0	0	0	0	0	0	0	0	0	1	0	0	0	0	0	0	0	0	1	0	0	1	1	0	0	0	0	0
L2	ERR2184477	40	79	0	0	2	1	0	0	0	2	0	0	0	3	1	1	0	0	0	1	0	0	0	0	1	1	0	0	0	1	0	0	0	0	0	0	2	0	1	2	1	4	1	1	4	8	3	0	3	3	1	0	0	0	0	0	0	1	0	0	0	0	1	0	0	0	0	1	0	1	0	0	2	2	1	2	3	4	1	0	0	1	0	0	0	0	0	0	1	2	0	3	4	1	0	0	0	0	0
L2	SRR23311031	40	61	0	0	0	0	0	0	1	2	0	0	0	1	0	0	0	1	0	0	0	0	0	0	0	0	0	0	0	0	0	0	1	0	0	1	0	2	1	3	4	3	0	0	4	2	0	1	1	7	0	0	0	0	0	0	2	0	0	0	0	0	0	0	1	0	0	0	3	0	3	0	2	1	0	0	1	5	0	0	0	1	1	0	0	0	0	0	2	0	0	0	1	0	1	0	1	1	0
L2	ERR8699767	40	42	0	0	0	1	2	0	0	1	0	0	0	0	1	0	0	0	0	1	0	0	0	1	1	3	0	0	1	0	0	0	0	0	0	0	2	2	0	1	1	3	1	0	3	3	0	0	0	3	0	0	0	0	0	0	0	0	0	0	0	0	0	0	1	0	0	0	0	1	0	0	1	0	0	0	0	3	0	0	0	1	0	0	0	0	0	0	0	0	0	0	1	0	1	0	2	0	0
L2	SRR21746997	40	49	0	0	2	1	0	0	0	0	0	1	1	3	0	0	0	0	0	0	1	2	0	1	1	0	0	0	0	1	0	1	0	0	0	0	1	0	1	1	2	2	1	1	2	5	0	2	1	3	0	0	0	0	0	0	0	0	0	0	0	0	0	0	0	0	0	0	2	0	0	0	1	3	0	0	3	0	0	0	0	0	1	0	0	0	0	0	1	0	0	0	0	0	0	0	1	0	0
L2	SRR18911874	40	74	0	0	0	1	0	0	0	0	0	0	0	2	0	1	0	0	0	1	1	0	0	0	1	3	2	0	1	3	2	1	0	0	0	1	2	6	2	1	3	3	1	1	1	5	1	1	2	0	1	0	0	0	0	0	0	0	0	0	1	0	0	0	0	0	1	0	3	2	0	1	0	2	0	0	1	4	1	0	1	0	0	0	1	0	1	0	0	0	0	0	1	1	1	0	0	2	0
L2	ERR5758384	40	242	0	2	1	4	0	2	2	8	0	3	2	6	2	1	1	2	1	1	3	2	0	1	2	4	1	1	6	6	0	0	0	0	1	4	4	4	1	8	2	11	5	3	14	17	9	4	3	9	4	0	1	0	0	0	0	1	0	0	0	0	0	0	0	0	0	0	1	3	4	1	1	4	1	3	10	7	1	1	1	5	1	0	1	0	0	3	4	3	0	1	3	7	4	0	1	2	0
L2	ERR4798202	40	87	0	0	0	1	0	0	1	0	0	1	2	0	0	1	0	0	1	0	1	0	1	0	2	3	3	0	1	3	0	1	2	2	0	1	0	2	0	3	4	5	1	3	2	6	0	0	1	1	0	0	0	0	0	0	0	0	0	0	0	0	0	0	1	1	0	0	0	4	0	0	3	1	2	1	4	2	1	1	0	2	0	0	0	0	1	1	1	1	1	0	2	0	1	0	0	1	0
L2	ERR2886453	40	49	0	0	0	1	0	0	0	1	0	0	0	2	0	1	0	1	1	1	0	0	0	0	0	2	0	0	0	0	0	1	1	0	0	1	1	1	1	0	0	1	0	2	5	2	0	0	0	3	0	0	0	0	0	0	0	0	0	0	0	0	0	0	0	0	0	0	3	2	0	0	0	0	0	0	0	2	3	0	1	0	0	0	0	0	0	0	3	3	1	0	1	0	0	0	1	0	0
L2	SRR14781946	40	13	0	0	0	0	0	0	0	0	0	0	1	1	0	0	0	0	0	0	0	0	0	0	0	0	0	0	0	0	0	0	0	0	0	0	0	1	0	0	0	1	0	0	0	1	1	0	0	0	0	0	0	0	0	0	0	0	0	0	0	0	0	0	0	0	0	0	0	1	1	0	1	1	0	1	0	0	0	0	0	0	0	0	0	0	0	0	0	1	0	0	1	0	0	0	0	0	0
L2	SRR7755744	40	17	0	0	0	0	0	0	0	0	0	0	1	0	0	0	0	0	0	0	0	0	0	0	0	2	0	0	0	0	0	1	0	0	0	1	1	0	1	0	0	0	0	0	2	2	0	0	0	1	0	0	0	0	0	0	0	0	0	0	0	0	0	0	0	0	0	0	0	0	0	1	1	0	0	0	0	0	0	0	0	2	0	0	0	1	0	0	0	0	0	0	0	0	0	0	0	0	0
L2	ERR5863561	40	0	0	0	0	0	0	0	0	0	0	0	0	0	0	0	0	0	0	0	0	0	0	0	0	0	0	0	0	0	0	0	0	0	0	0	0	0	0	0	0	0	0	0	0	0	0	0	0	0	0	0	0	0	0	0	0	0	0	0	0	0	0	0	0	0	0	0	0	0	0	0	0	0	0	0	0	0	0	0	0	0	0	0	0	0	0	0	0	0	0	0	0	0	0	0	0	0	0
L2	SRR13282527	40	27	0	1	0	1	0	1	2	1	0	0	0	1	0	0	0	0	0	0	0	0	0	0	0	0	1	0	0	0	0	1	0	0	0	0	1	0	0	2	0	0	1	1	0	2	1	0	0	0	0	0	0	0	0	0	1	0	0	0	0	0	0	0	0	0	0	0	0	1	2	0	1	2	0	0	0	0	0	0	0	0	0	0	1	0	0	0	0	0	0	0	0	0	1	0	1	0	0
L2	SRR11662257	40	97	0	2	1	0	0	0	1	1	0	0	1	2	0	0	1	0	0	0	0	2	0	0	2	0	0	0	1	1	0	0	2	0	0	3	2	3	1	4	2	14	0	3	5	5	2	4	3	3	2	0	0	0	1	0	0	0	0	0	0	0	0	0	0	0	0	0	1	1	2	0	3	1	1	1	1	2	0	0	1	2	0	1	0	0	0	0	2	3	0	0	1	0	0	0	0	0	0
L2	SRR23862056	40	44	0	0	1	0	0	0	0	1	0	1	0	1	0	0	0	0	0	0	0	0	0	0	0	0	0	0	1	0	0	0	0	0	0	1	1	2	0	0	1	2	0	1	3	7	1	0	0	1	1	0	0	0	0	0	0	0	0	0	0	0	1	0	0	0	0	0	1	2	0	0	2	1	0	0	3	1	1	0	1	1	0	0	0	0	0	0	0	1	1	0	1	0	0	0	1	0	0
L2	ERR029205	40	137	0	0	1	1	0	0	0	2	0	1	1	1	1	0	0	3	0	0	0	0	0	3	0	1	3	0	4	2	1	0	2	3	0	6	2	0	2	5	4	7	4	3	12	8	7	2	1	3	0	0	0	0	1	0	0	1	0	0	0	0	0	0	0	0	0	1	5	1	0	0	1	0	1	3	2	5	2	0	0	1	0	0	0	0	0	0	4	2	1	0	5	2	1	0	0	1	1
L2	ERR8665917	40	21	0	0	0	0	0	0	1	0	0	0	0	0	0	0	0	0	0	0	0	0	0	0	0	0	1	0	0	0	1	0	0	1	0	1	0	0	0	2	1	0	0	0	1	1	0	0	0	0	0	0	0	0	0	0	0	0	0	0	0	0	0	0	0	0	0	0	0	1	0	0	0	0	0	0	5	1	2	0	0	0	0	0	0	0	0	0	1	0	0	0	0	1	0	0	0	0	0
L2	ERR2041705	40	20	0	0	0	0	0	0	0	1	0	0	0	0	1	0	0	0	0	0	0	0	1	0	0	0	0	0	0	0	0	0	0	1	0	0	0	1	0	1	0	2	0	1	0	4	0	0	0	0	0	0	0	0	0	0	0	0	0	0	0	0	0	0	0	0	1	0	0	0	0	0	0	1	0	0	0	1	0	0	0	0	0	0	0	0	0	0	1	0	0	0	3	0	0	0	0	0	0
L2	SRR8651627	40	74	0	2	1	0	0	0	0	2	0	0	0	3	0	0	1	1	0	0	0	1	0	0	2	3	1	1	3	0	0	0	1	0	2	4	1	0	0	1	1	4	1	0	4	5	2	1	1	3	2	0	0	0	0	0	0	0	0	0	0	0	0	0	0	0	0	2	1	1	0	0	1	1	0	0	2	1	1	0	1	2	0	0	0	0	1	0	1	3	1	0	0	1	0	0	0	0	0
L2	ERR551236	40	10	0	0	0	0	0	0	0	2	0	0	0	0	0	0	0	0	0	0	0	0	0	1	0	0	0	0	1	0	0	0	0	0	0	0	0	0	0	0	0	3	0	0	1	1	1	0	0	0	0	0	0	0	0	0	0	0	0	0	0	0	0	0	0	0	0	0	0	0	0	0	0	0	0	0	0	0	0	0	0	0	0	0	0	0	0	0	0	0	0	0	0	0	0	0	0	0	0
L2	ERR2513282	40	43	0	0	0	0	0	0	0	1	0	1	1	1	1	0	0	0	0	0	0	0	0	0	0	0	0	0	1	0	0	1	0	0	0	0	2	2	0	1	1	5	2	1	1	2	1	2	1	2	0	0	0	0	0	0	0	0	0	0	0	0	0	0	0	0	0	0	0	1	0	0	1	3	0	0	2	1	0	0	0	0	0	0	0	1	0	0	0	2	0	1	0	0	0	1	0	0	0
L2	ERR4796266	40	57	0	0	0	0	0	0	0	0	0	0	0	0	0	0	0	0	0	0	1	0	0	0	0	3	0	0	0	1	0	1	1	0	0	0	3	1	1	0	1	6	0	2	2	5	3	1	1	5	0	0	1	0	0	0	0	0	0	0	1	1	0	0	0	0	0	0	3	2	1	1	2	2	0	0	0	1	0	0	0	0	1	0	0	0	0	0	0	0	1	1	1	0	0	0	0	0	0
L2	ERR4800427	40	73	0	1	0	1	0	1	1	0	0	0	1	1	1	0	0	3	1	0	1	1	1	1	1	4	1	0	1	0	0	0	1	1	1	3	2	3	1	1	2	6	1	1	2	0	0	0	0	2	0	0	1	1	0	0	0	0	0	0	0	0	0	0	0	0	0	0	0	1	2	0	0	0	0	1	1	3	1	0	1	0	0	0	0	0	0	0	3	2	0	1	3	1	1	0	0	1	0
L2	SRR5067601	40	47	0	0	0	0	0	0	0	1	1	0	2	1	0	1	0	1	0	0	0	0	1	0	0	0	1	0	1	1	0	0	0	1	0	0	2	4	0	2	3	6	2	1	1	3	0	2	1	1	0	0	0	0	0	0	0	0	0	0	0	0	0	0	0	0	0	0	0	0	0	0	0	1	1	0	1	2	0	0	0	0	0	0	0	0	0	0	0	1	0	0	0	0	1	0	0	0	0
L2	SRR10305663	40	78	0	1	0	0	0	0	0	1	0	1	1	2	0	0	0	0	0	0	0	0	1	1	0	1	0	0	2	0	1	0	0	1	0	0	2	4	1	2	3	4	1	2	8	4	3	3	5	2	0	0	0	0	0	0	0	0	0	0	0	0	0	0	1	0	0	0	5	1	1	1	1	2	0	0	3	5	0	0	0	0	0	0	0	0	0	0	0	0	0	0	0	0	0	0	0	1	0
L2	ERR10748143	40	95	0	0	0	2	0	0	2	1	1	0	2	2	0	0	2	0	1	0	1	0	0	1	0	1	0	0	2	0	0	1	1	1	1	2	2	2	1	0	6	6	3	1	5	5	4	0	1	2	0	0	0	0	0	0	0	0	0	0	0	0	0	0	0	0	0	0	1	1	0	0	4	2	0	0	7	5	2	1	2	1	0	0	1	0	0	0	2	0	2	1	1	0	0	0	0	0	0
L2	SRR10040185	40	91	0	0	3	1	0	2	0	1	0	0	0	1	1	0	2	3	0	0	0	1	0	0	2	0	1	0	0	1	1	0	0	0	0	0	3	2	1	2	3	8	2	6	6	4	5	0	1	4	1	0	0	0	0	0	0	0	0	0	0	0	0	0	0	0	0	0	0	0	0	0	1	2	0	0	1	4	1	2	0	1	1	0	0	0	0	0	3	3	1	0	1	0	0	1	0	0	1
L2	SRR21277682	40	96	0	0	1	1	0	0	0	0	0	1	1	4	0	0	1	2	0	3	3	0	0	2	1	4	0	1	1	2	2	1	1	1	0	0	3	3	1	3	0	7	1	4	3	2	3	2	5	2	2	0	0	0	0	0	0	0	0	0	0	0	0	0	1	0	1	0	5	0	0	0	0	1	0	0	2	0	2	0	0	3	0	0	0	0	0	0	0	2	1	0	2	1	1	0	0	0	0
L2	ERR4798003	40	79	0	0	0	1	0	1	1	1	0	0	1	0	0	0	0	0	0	0	1	0	0	0	0	1	2	0	0	2	0	1	1	1	0	1	3	1	0	2	2	2	2	2	3	8	0	2	2	2	0	0	0	0	0	0	0	0	0	0	1	0	0	1	1	1	0	1	2	2	2	2	0	1	1	1	4	1	0	0	0	2	0	0	0	1	0	0	2	1	0	0	1	2	1	0	2	0	0
L2	SRR11871420	40	19	0	0	0	0	0	0	0	1	0	0	0	0	0	1	0	0	0	0	0	0	0	0	0	0	0	0	0	0	0	0	0	0	0	0	0	1	0	0	0	0	1	0	1	2	1	0	0	1	0	0	0	0	0	0	0	0	0	0	0	0	0	0	0	0	0	0	1	1	1	0	0	1	0	0	0	1	0	0	0	0	0	1	0	0	0	0	0	0	0	0	1	2	1	0	0	0	0
L2	SRR13180209	40	55	0	1	1	1	0	1	0	2	0	3	0	0	0	0	0	0	0	0	2	0	1	0	1	1	0	0	0	0	0	0	0	1	0	1	2	2	1	0	0	5	1	3	1	3	0	0	0	0	2	0	0	0	0	0	0	0	0	0	0	1	0	0	0	0	0	1	4	0	0	0	1	0	1	1	1	5	0	0	0	0	0	0	0	0	0	0	0	1	0	1	2	0	0	0	0	0	0
L2	SRR14782432	40	57	0	0	0	0	0	0	0	0	0	0	0	3	0	0	0	0	0	0	2	1	0	0	0	1	0	0	1	2	1	1	1	0	0	1	1	0	0	1	0	6	1	0	3	3	0	2	0	1	0	0	0	0	0	1	0	0	0	0	0	0	0	0	0	0	0	0	2	1	0	0	2	2	1	1	2	4	2	0	0	1	0	0	0	0	0	0	1	2	0	0	1	2	0	0	0	0	0
L2	SRR23691410	40	58	0	0	0	1	0	0	1	2	0	1	0	1	0	0	0	1	0	0	0	0	0	1	2	1	2	0	0	0	0	0	2	1	0	1	1	1	0	0	0	2	0	4	4	1	2	3	0	2	0	0	0	0	0	0	0	0	0	0	0	0	0	0	0	0	0	1	1	2	2	0	3	3	0	0	2	1	1	0	0	0	0	0	0	0	0	0	0	1	0	0	0	2	1	1	0	0	0
L2	ERR2517149	40	105	0	1	2	1	1	0	1	4	0	2	1	4	0	0	0	1	0	0	0	0	0	1	2	1	1	2	2	1	0	1	0	0	1	1	1	1	0	2	7	4	1	6	7	8	3	0	4	3	0	0	0	0	0	0	0	0	0	0	0	0	0	0	0	0	0	0	1	0	0	0	2	3	1	0	3	6	1	1	1	0	0	0	0	0	1	0	1	1	2	1	0	2	0	0	0	0	0
L2	SRR15723249	40	118	0	0	0	1	0	0	2	3	0	0	2	2	0	0	0	1	0	0	0	0	1	2	1	3	1	0	1	1	0	0	0	1	0	2	5	1	3	4	3	7	0	2	6	6	1	2	4	8	4	0	0	0	0	1	0	0	0	0	0	0	0	0	0	0	1	0	4	2	0	0	2	3	0	1	3	4	2	0	2	1	0	0	1	0	0	0	1	2	0	0	4	2	1	0	0	1	0
L2	ERR4799082	40	60	0	0	0	0	0	1	0	0	0	0	1	1	0	0	0	0	0	0	0	0	0	0	0	1	1	1	0	0	1	0	0	1	0	0	2	1	0	2	1	4	1	3	5	2	1	1	2	1	0	0	0	0	0	0	0	0	0	0	0	0	0	0	0	0	0	0	1	1	1	1	1	2	0	1	4	1	4	0	0	0	0	0	1	1	0	1	1	0	1	0	1	0	2	0	0	1	0
L2	SRR5065576	40	49	0	0	0	1	0	0	0	0	0	0	0	1	0	1	0	1	0	0	0	0	0	0	0	0	0	1	0	2	0	0	0	1	0	0	1	2	1	0	2	5	1	0	5	3	1	1	1	3	0	0	0	0	0	0	0	0	0	0	0	0	0	0	0	0	0	1	1	2	1	0	2	0	0	0	1	1	0	0	0	2	0	0	0	0	0	0	1	1	0	0	1	1	0	0	0	0	0
L2	SRR15661602	40	75	0	0	1	2	0	0	0	2	1	0	0	0	0	1	0	1	1	0	2	0	0	0	0	2	1	0	1	2	0	0	1	0	1	2	5	7	0	2	0	5	1	1	5	7	4	0	2	4	1	0	0	0	0	0	0	0	0	0	0	0	0	0	0	0	0	0	1	0	0	0	0	0	1	0	1	2	0	0	0	1	0	0	0	0	0	0	0	2	1	0	0	1	0	0	0	0	0
L2	SRR28351629	40	17	0	1	0	0	0	1	0	0	0	0	0	1	0	0	0	0	0	0	2	0	0	1	0	1	0	0	0	0	0	0	0	0	0	1	0	1	0	2	1	1	1	0	0	0	0	0	0	0	0	0	0	0	0	0	0	0	0	0	0	0	0	0	0	0	0	0	0	1	0	0	0	1	0	0	0	1	0	0	0	0	0	0	0	0	0	0	0	0	0	0	0	0	0	0	0	0	0
L3	ERR4798273	40	180	0	0	2	5	0	1	2	1	0	0	4	4	1	0	0	2	2	2	1	0	1	4	1	3	1	1	4	1	0	0	0	1	0	4	4	5	1	10	6	9	5	3	10	17	9	3	4	8	1	0	0	0	0	0	0	0	0	0	0	0	0	0	0	0	0	0	2	2	0	1	0	2	0	2	5	5	0	0	1	3	0	0	0	2	0	1	1	4	2	0	1	1	1	0	0	1	0
L3	ERR2515074	40	80	0	1	1	2	0	0	1	2	0	0	0	0	0	1	2	0	1	0	2	0	0	1	3	1	1	0	2	2	0	1	0	0	2	1	1	3	3	3	1	3	2	2	7	3	1	2	1	4	0	0	1	0	1	0	0	0	0	0	0	0	0	0	0	0	0	0	0	0	0	0	0	1	0	0	3	3	0	0	0	1	1	0	0	0	1	1	1	1	0	0	2	0	0	0	0	0	0
L3	ERR4800533	40	86	0	1	0	1	0	1	0	0	0	0	1	0	0	0	0	0	0	0	1	0	0	1	1	2	3	0	2	1	0	0	0	1	1	2	2	3	1	2	3	6	3	2	6	4	3	3	0	6	0	0	0	0	0	0	0	0	1	0	0	0	0	0	0	1	0	1	2	0	0	0	1	0	0	1	3	5	1	0	2	0	0	1	0	0	0	0	0	0	2	0	0	1	1	0	0	0	0
L3	ERR2510438	40	51	0	0	0	0	0	1	0	1	0	1	0	3	0	0	0	0	0	0	1	0	0	0	1	1	0	0	1	1	1	0	0	1	0	1	4	2	1	1	0	4	0	2	2	4	0	0	2	2	0	0	0	0	0	0	0	0	0	0	0	0	0	0	0	0	0	0	1	0	0	0	0	2	1	1	0	2	1	0	0	0	0	0	1	0	0	1	0	1	0	1	1	0	0	0	0	0	0
L3	ERR4819332	40	29	0	1	0	3	1	1	1	0	0	0	0	0	0	0	0	0	0	0	1	0	0	1	0	1	0	1	0	0	0	0	0	0	0	0	2	1	0	2	0	1	2	1	2	0	0	0	0	1	0	0	0	0	0	0	0	0	0	0	0	0	0	0	0	0	0	0	0	0	0	0	0	1	0	0	0	0	1	0	1	0	0	0	0	0	0	0	1	0	1	0	0	1	0	0	0	0	0
L3	ERR216981	40	51	0	0	0	1	1	0	0	2	0	0	0	1	1	0	2	0	0	0	1	0	0	1	0	0	0	1	0	0	0	0	0	1	0	3	1	3	0	0	2	3	2	2	0	3	3	1	0	3	1	0	0	0	0	0	0	0	0	0	0	0	0	0	0	0	0	0	1	1	0	0	0	0	0	1	0	1	0	1	1	1	0	0	0	0	0	0	2	1	0	0	0	0	1	0	1	0	0
L3	ERR2510465	40	161	0	2	0	1	0	0	1	2	0	1	3	5	0	2	0	2	0	0	2	0	1	4	2	5	1	1	2	1	1	1	1	5	0	2	2	2	3	1	5	13	2	3	12	9	4	5	5	7	3	0	0	0	0	0	0	1	1	0	1	0	0	0	0	0	0	1	6	1	0	0	0	1	1	1	3	3	3	1	1	1	0	0	0	0	0	0	1	5	0	0	2	0	2	0	0	1	0
L3	ERR4798854	40	87	0	0	0	0	1	0	0	2	0	4	0	4	0	0	1	1	0	0	1	2	0	3	2	3	3	0	1	3	1	1	0	1	1	1	5	4	0	3	1	5	2	0	2	4	3	1	0	2	1	0	0	0	0	0	0	0	0	0	0	0	0	0	0	0	0	0	1	0	0	0	0	2	1	1	1	1	0	0	0	1	1	0	0	1	0	0	1	2	1	0	3	0	1	0	0	0	0
L3	ERR4829127	40	142	0	2	1	1	0	1	0	1	2	1	2	1	0	0	0	2	0	1	2	4	0	3	2	3	0	2	7	1	1	0	0	1	0	6	4	6	1	7	1	17	1	1	6	6	4	3	2	4	2	0	0	1	0	0	0	0	0	0	0	1	0	0	1	0	0	0	1	1	0	0	1	1	0	0	3	6	1	0	0	0	0	0	0	0	0	1	1	5	2	0	2	2	0	0	0	0	0
L3	SRR22424856	40	137	0	0	0	1	0	1	0	0	0	0	1	1	0	1	0	2	1	0	2	1	0	0	4	4	1	0	4	4	2	0	2	2	1	1	5	4	2	4	7	9	5	3	7	6	2	2	1	6	0	0	0	0	0	1	1	2	0	0	0	0	0	0	0	0	0	0	2	4	0	0	0	2	1	2	5	6	1	1	0	0	0	0	0	0	0	0	1	5	0	0	1	0	0	0	2	1	0
L3	SRR21728336	40	138	0	1	1	3	0	0	0	4	0	0	0	4	0	2	0	3	0	1	0	4	0	2	2	0	0	3	0	0	3	0	0	0	0	2	6	4	3	0	3	16	0	2	8	10	6	4	2	1	3	0	0	0	0	0	3	2	0	0	0	0	0	0	0	0	0	1	3	0	0	0	0	1	0	3	4	4	3	1	0	1	0	0	0	0	0	0	3	2	0	0	3	1	0	0	0	0	0
L3	SRR22424752	40	135	0	0	2	2	0	0	1	0	1	2	2	5	1	1	0	2	1	0	1	0	0	4	2	2	1	3	5	2	1	1	0	3	0	2	6	3	2	4	6	10	2	6	4	5	4	3	2	3	1	1	0	0	0	0	0	0	1	0	0	0	0	0	0	0	0	1	1	1	1	0	1	1	0	0	1	7	1	0	2	1	0	0	0	0	0	0	1	1	0	0	2	0	3	0	0	0	0
L3	ERR245796	40	67	0	0	0	1	0	0	0	3	0	0	5	2	0	1	0	1	0	0	0	0	0	1	0	2	0	1	0	2	0	1	1	0	1	2	3	3	0	1	0	6	1	1	2	2	4	0	2	5	1	0	1	0	0	0	0	0	0	0	0	0	0	0	0	0	0	0	1	2	1	0	0	0	0	1	1	1	1	0	0	0	0	0	0	0	0	0	0	0	0	0	1	0	1	0	1	0	0
L3	ERR4829144	40	89	0	0	2	0	0	1	0	1	0	2	1	2	1	0	0	1	0	0	1	0	0	0	0	2	0	0	2	4	0	1	0	3	0	1	3	3	3	2	0	5	4	1	3	6	1	1	4	7	1	0	0	0	0	0	0	2	0	1	0	1	0	0	0	0	0	0	0	0	2	0	0	2	0	0	1	1	2	0	1	0	1	0	0	0	0	0	1	3	0	0	2	0	0	0	0	0	0
L3	SRR28044918	40	64	0	0	1	0	1	1	0	0	0	0	0	5	0	0	0	1	2	0	0	0	1	1	0	1	1	1	1	2	2	1	0	2	0	2	2	3	1	2	1	3	0	1	4	5	2	0	2	3	0	0	0	1	0	0	1	0	0	0	0	0	0	1	0	0	0	0	0	1	0	0	0	2	0	0	0	1	0	0	1	1	0	0	0	0	0	0	0	0	0	0	0	0	0	0	0	0	0
L3	ERR688023	40	154	0	0	2	1	0	1	1	1	1	1	2	3	1	1	0	0	0	0	3	3	0	2	1	1	2	0	2	3	1	0	0	2	2	1	7	5	2	3	5	9	4	3	8	12	3	1	3	3	4	0	0	1	0	0	0	1	0	0	0	0	0	1	0	0	1	0	2	2	1	0	0	5	0	1	2	8	0	0	1	1	1	0	1	1	1	0	3	2	2	1	2	1	1	0	1	0	0
L3	ERR4818877	40	133	0	0	1	4	0	1	1	2	1	1	0	5	0	1	0	1	0	1	1	0	1	1	2	1	1	1	2	1	0	1	1	0	1	2	2	9	3	3	2	11	3	9	9	5	5	4	2	1	0	0	0	0	0	0	0	0	0	0	1	0	0	0	0	0	0	1	1	0	1	0	0	0	0	1	4	2	3	0	0	3	0	0	2	0	0	0	4	2	3	0	1	1	0	0	0	0	0
L3	ERR4798552	40	106	0	0	2	1	0	0	1	3	0	0	2	6	1	0	1	1	0	1	5	1	0	1	1	3	0	2	1	2	1	0	1	0	0	1	0	3	2	2	5	6	1	3	7	9	1	1	3	3	0	0	0	0	0	0	0	0	0	0	0	0	0	0	0	0	0	0	1	2	0	0	3	1	0	0	1	4	0	0	0	2	0	0	0	0	0	1	3	2	0	0	0	0	0	0	1	0	1
L3	SRR28045170	40	106	0	0	0	0	0	0	1	5	0	1	2	2	1	0	0	1	0	0	1	1	1	1	0	0	0	0	0	0	0	1	1	0	0	5	3	4	2	4	0	12	0	4	6	11	5	3	1	6	0	0	0	0	0	0	0	0	0	0	0	0	0	0	2	0	0	0	1	1	1	0	0	0	0	1	1	7	0	0	0	0	0	0	1	0	0	0	1	1	1	1	0	0	2	0	0	0	0
L3	ERR4799249	40	133	0	1	1	1	0	0	1	3	1	1	0	1	0	0	0	1	1	0	2	1	3	1	3	5	0	1	0	0	2	0	1	0	0	2	4	3	0	4	5	13	2	5	9	7	10	6	1	1	1	0	0	0	0	0	0	0	1	0	0	0	0	0	0	0	0	0	2	2	0	1	0	2	2	2	2	1	3	1	0	3	0	0	0	0	0	0	2	2	0	0	3	0	0	0	0	0	0
L3	ERR2199900	40	56	0	0	1	0	0	2	0	2	0	0	0	0	1	0	0	0	1	0	1	0	0	1	0	1	1	3	1	1	0	0	1	0	0	1	1	2	1	2	3	4	0	4	1	5	1	1	1	1	0	0	0	1	0	0	1	0	0	0	0	0	0	0	0	0	0	0	0	1	0	1	0	1	0	0	0	1	1	0	0	0	0	0	0	0	0	0	1	2	1	0	0	0	0	0	0	0	0
L3	ERR2510326	40	67	0	0	2	1	0	0	0	2	0	0	0	3	1	0	0	0	0	0	0	0	0	0	2	2	0	0	0	0	0	0	0	1	0	1	1	1	0	4	4	4	1	5	4	4	3	1	1	5	0	0	0	0	0	0	0	0	0	0	0	0	0	0	0	0	0	0	1	3	0	0	0	0	0	0	1	1	0	0	0	1	0	0	0	0	0	1	0	2	2	0	1	0	0	0	1	0	0
L3	ERR4829947	40	36	0	0	0	3	0	0	0	2	0	2	0	0	0	0	0	0	1	1	1	1	0	0	0	2	1	0	1	0	1	0	0	0	1	2	1	1	0	1	1	3	1	0	2	1	0	1	0	0	0	0	0	0	0	0	0	0	0	0	0	0	0	0	0	0	0	0	0	1	0	0	2	0	0	0	0	0	0	0	0	0	0	0	0	0	0	0	1	1	0	0	0	0	0	0	0	0	0
L3	ERR3077987	40	36	0	0	0	0	0	0	2	0	0	0	0	0	0	0	1	0	0	0	0	0	0	0	0	0	0	1	1	1	0	0	0	0	0	0	0	4	0	0	0	1	0	0	1	2	0	0	1	1	1	0	0	0	0	0	0	0	0	0	0	0	0	0	0	0	0	0	0	1	1	0	1	0	0	1	4	3	0	0	0	1	0	0	0	1	0	0	0	1	0	0	3	2	0	0	0	0	0
L3	SRR22251080	40	117	1	1	1	2	0	1	0	6	0	1	2	0	1	2	1	1	0	0	1	0	0	1	0	3	1	0	6	2	0	0	1	1	1	2	1	6	3	3	1	7	2	0	5	6	2	2	1	7	2	0	0	0	0	0	0	0	0	0	0	0	1	0	0	0	1	0	3	2	1	1	0	1	2	1	2	5	1	0	1	0	0	0	0	0	0	0	0	2	2	0	1	0	4	0	0	0	0
L3	SRR16058252	40	45	0	0	0	0	0	2	0	0	0	0	1	3	0	0	0	1	0	0	2	0	0	1	0	2	1	0	0	0	0	0	2	1	2	1	0	2	2	1	1	1	1	0	1	2	1	1	0	1	0	0	0	0	0	0	0	0	0	0	0	0	0	0	0	0	0	0	1	0	0	1	0	0	0	0	1	2	1	0	1	1	0	0	0	0	0	0	0	2	0	1	0	0	0	0	1	0	0
L3	SRR22251746	40	65	0	0	1	1	0	0	0	3	0	0	2	0	0	1	0	1	0	0	0	0	0	0	0	1	0	0	0	1	0	0	1	0	0	0	6	2	0	1	4	6	0	1	2	3	1	0	0	2	1	0	0	0	0	0	0	1	0	0	0	0	0	0	0	0	0	1	2	0	2	1	2	0	0	1	0	2	1	0	0	1	0	0	0	0	0	0	1	2	1	0	1	2	1	0	1	0	1
L3	SRR28044880	40	121	0	0	0	2	0	1	1	2	0	3	1	1	0	0	1	4	0	0	0	1	0	0	3	3	1	1	2	0	0	0	0	0	0	1	3	4	3	8	2	13	2	1	6	8	8	2	1	3	1	0	0	0	0	0	0	0	1	0	0	1	0	0	0	0	0	0	2	0	0	0	0	2	1	2	2	8	0	0	2	3	0	0	0	0	0	0	0	1	0	1	0	0	2	0	0	0	0
L3	ERR4821366	40	106	0	0	2	3	0	2	0	3	0	2	0	0	1	1	2	1	0	0	3	0	0	2	0	2	3	2	4	1	0	0	0	1	0	1	2	6	1	4	3	4	3	1	8	7	3	2	3	6	0	0	0	0	0	0	0	0	0	0	0	0	0	0	0	1	0	1	2	2	1	0	0	0	1	1	1	0	1	0	1	0	0	0	0	0	0	0	4	1	0	0	0	0	0	0	0	0	0
L3	ERR4797181	40	214	0	3	1	2	0	2	3	5	2	2	2	4	2	0	1	1	0	0	1	0	4	2	2	9	2	2	1	3	0	1	2	1	0	6	4	9	3	7	8	12	6	1	9	15	7	1	3	8	3	0	0	1	0	1	1	0	1	0	0	1	0	0	0	1	0	0	1	7	1	0	1	1	1	2	2	8	1	2	1	2	0	0	0	2	0	1	3	2	1	0	2	1	1	0	2	1	0
L3	ERR2512536	40	236	0	0	0	2	0	0	0	7	0	3	0	3	1	1	0	3	1	1	4	0	0	6	2	0	2	3	2	3	3	1	0	3	2	3	9	4	3	10	10	16	3	7	12	8	10	9	2	12	2	1	1	0	0	0	0	1	0	0	0	0	0	0	0	1	0	1	3	2	3	0	0	5	2	3	6	6	2	0	0	4	1	0	0	1	1	1	2	2	3	1	4	0	3	0	1	0	2
L3	SRR5341376	40	38	0	0	1	1	1	0	1	0	0	0	1	2	0	0	0	0	0	0	2	0	0	1	1	0	0	0	0	0	1	1	0	1	0	1	1	1	0	2	0	2	0	0	1	2	0	0	0	4	0	0	0	0	0	0	0	0	0	0	0	0	0	0	0	0	0	1	1	0	0	0	0	0	0	0	1	0	2	0	0	0	0	0	0	0	0	0	1	1	1	0	0	0	1	0	1	0	0
L3	SRR27332356	40	153	0	0	2	2	1	1	0	4	0	2	4	4	1	1	0	2	0	0	3	1	1	2	2	3	0	1	1	3	0	0	1	0	1	1	8	8	1	4	7	19	1	4	8	5	3	4	1	3	3	0	2	0	0	0	0	0	0	0	0	0	0	0	1	0	0	1	0	1	0	1	1	1	0	1	2	4	1	0	0	3	1	0	0	1	0	0	1	0	1	1	3	0	2	0	0	1	0
L3	SRR6152765	40	139	0	1	0	0	1	1	1	1	2	1	2	0	0	2	1	3	0	0	3	0	0	2	0	3	0	0	2	0	2	1	0	3	0	4	4	12	3	5	5	9	6	6	5	10	2	2	1	6	2	0	0	0	0	0	0	0	0	0	0	0	0	0	0	0	0	2	1	1	0	0	2	1	0	2	1	5	0	0	0	1	0	0	0	0	0	1	1	2	1	0	1	1	0	0	2	0	0
L3	ERR4809128	40	34	0	1	1	1	0	0	0	2	0	0	0	0	0	0	0	0	0	0	0	0	0	0	0	1	0	1	2	0	0	0	0	0	0	0	1	2	1	0	2	1	1	2	3	0	0	1	1	3	0	0	0	0	0	0	0	0	0	0	0	0	0	0	0	0	0	0	0	2	0	1	1	0	1	0	1	0	0	0	0	0	0	0	0	0	0	0	0	1	0	0	0	0	0	0	0	0	0
L3	SRR27449964	40	73	0	1	3	0	0	2	0	3	0	0	0	4	1	1	1	5	0	0	0	0	0	1	0	1	0	1	0	1	0	0	0	0	0	1	1	3	1	2	0	6	0	1	3	3	1	3	2	2	1	0	0	0	0	0	0	0	0	0	0	0	0	0	1	0	0	0	2	2	0	2	0	1	1	1	2	0	0	0	1	0	0	0	0	0	0	1	2	1	1	0	0	0	0	0	0	0	0
L3	ERR4818922	40	81	0	0	3	0	0	0	0	0	0	0	1	3	1	1	0	1	1	0	1	0	0	1	3	1	1	0	1	0	0	0	0	0	0	4	0	1	1	5	2	6	2	2	7	9	1	1	1	2	0	0	0	0	0	0	0	0	0	0	0	0	0	0	0	1	0	0	1	1	0	0	0	1	0	1	1	1	0	0	0	0	0	0	0	0	0	1	1	1	0	0	2	2	2	0	0	2	0
L3	ERR4828529	40	48	0	0	0	0	0	0	2	0	0	0	0	0	0	0	0	1	0	1	0	1	1	0	0	1	2	0	0	0	0	0	1	1	1	0	0	2	0	1	4	1	1	2	3	3	1	0	1	2	1	0	0	0	0	0	0	1	0	0	1	0	0	0	0	0	0	0	0	0	0	0	0	0	2	1	1	0	1	0	0	0	0	0	0	1	0	0	0	3	0	1	0	1	0	0	0	0	1
L3	SRR16058185	40	85	0	0	0	0	0	0	0	2	1	0	0	0	0	0	1	2	1	0	0	0	0	0	1	2	0	1	2	1	1	0	0	0	0	4	5	4	0	1	4	5	1	5	3	10	2	3	3	2	0	0	0	0	0	0	0	0	0	0	0	0	0	0	0	0	0	0	2	0	0	0	0	0	2	2	2	0	1	0	1	2	0	0	0	0	0	1	0	2	1	1	1	0	0	0	0	0	0
L3	SRR16058375	40	30	0	0	0	1	0	0	0	1	0	0	0	2	1	0	0	1	0	0	0	0	0	0	0	0	1	0	0	1	0	0	0	0	0	1	1	1	0	1	0	7	0	0	0	3	0	0	0	1	0	0	0	0	0	0	0	1	0	0	0	0	0	0	0	0	0	0	0	0	0	0	1	0	0	0	1	1	0	0	0	0	0	0	0	0	1	0	1	1	0	0	0	0	0	0	0	0	0
L4	SRR4037827	40	29	0	0	0	0	0	1	1	0	0	0	0	0	0	0	0	0	0	0	0	0	0	0	2	2	0	0	0	1	1	0	0	0	0	0	0	0	0	0	0	1	0	4	1	3	0	0	0	1	0	0	0	0	0	0	0	0	0	0	0	0	0	0	0	0	0	0	0	0	0	0	0	1	0	1	1	2	0	0	0	0	0	0	0	0	0	0	1	0	0	0	1	2	1	0	1	0	0
L4	ERR2515497	40	218	0	1	0	2	0	1	3	2	0	1	6	4	2	0	2	2	0	0	0	0	1	1	3	3	0	3	6	2	3	1	2	3	2	8	9	10	2	7	5	16	2	4	14	13	6	2	5	8	1	0	0	0	0	0	0	0	0	0	0	0	0	0	1	0	0	0	1	3	0	0	1	3	1	3	3	7	2	0	3	1	2	0	0	1	0	0	4	3	3	0	2	0	3	0	3	0	0
L4	ERR025419	40	37	0	0	1	0	0	0	0	1	0	0	2	0	0	1	0	0	0	2	0	0	0	0	1	1	0	0	0	2	0	1	0	0	0	1	0	1	0	1	0	0	0	3	1	2	0	1	1	0	1	0	0	0	0	0	0	0	0	0	0	0	0	0	0	0	0	0	1	2	0	0	0	2	0	0	4	0	0	0	0	0	0	0	0	0	0	0	1	1	0	0	2	0	0	0	0	0	0
L4	ERR8700372	40	97	0	0	0	0	1	0	0	0	0	1	3	1	1	0	0	1	0	0	0	1	1	2	1	4	1	0	2	0	0	0	0	1	0	4	2	6	1	2	1	6	1	2	8	6	2	0	3	5	0	0	0	0	0	0	1	1	0	0	0	0	0	0	0	0	0	0	1	1	0	1	1	0	0	0	3	1	1	1	1	2	0	0	0	0	2	0	1	3	1	2	0	2	0	0	0	1	0
L4	SRR7535052	40	139	0	0	1	0	1	1	1	2	0	1	2	0	0	0	0	1	0	0	3	0	0	0	2	4	1	0	1	1	0	0	1	0	0	2	7	2	1	6	5	9	3	4	5	10	7	3	3	12	1	0	0	0	1	0	0	0	0	0	0	0	0	0	0	0	0	1	2	2	0	2	1	1	0	0	3	5	2	1	0	1	0	0	0	0	0	0	4	2	0	0	4	3	0	0	1	0	0
L4	ERR9907723	40	128	0	0	1	1	1	0	0	4	2	0	1	2	0	0	1	0	0	1	0	3	0	0	0	3	1	2	2	1	0	0	1	3	0	6	4	2	2	5	3	9	2	7	4	6	1	1	1	4	1	0	0	1	0	0	0	0	0	0	0	0	0	1	0	1	0	0	3	2	2	0	1	1	1	2	3	0	2	0	2	1	0	0	2	0	0	1	1	6	2	0	0	2	1	0	2	0	0
L4	SRR14519847	40	104	0	0	1	3	1	0	3	5	0	1	3	5	0	1	0	4	0	0	2	1	0	1	1	0	1	0	0	0	0	1	0	1	0	2	1	5	2	7	2	3	2	0	1	7	0	3	0	11	2	0	0	0	0	0	0	1	1	0	0	0	0	0	1	0	0	0	2	0	1	0	0	1	2	0	2	1	0	0	0	0	1	0	1	0	0	0	0	2	0	0	0	3	1	0	0	0	1
L4	SRR14165009	40	79	0	0	0	0	0	1	0	2	0	2	2	1	1	0	0	0	0	1	0	1	0	0	1	1	0	1	0	0	0	0	0	0	0	0	5	1	1	2	2	4	0	1	1	2	5	1	0	2	2	0	0	0	0	0	2	0	0	1	0	0	0	0	0	0	0	1	0	2	0	1	1	1	0	0	3	4	2	0	1	2	0	0	0	0	0	1	2	3	3	0	1	3	1	0	0	0	1
L4	SRR19303908	40	84	1	0	0	1	0	0	1	0	0	0	0	1	0	0	1	0	0	0	0	0	0	2	1	0	0	1	1	0	1	1	1	0	1	3	4	5	2	3	1	8	2	5	6	4	3	0	1	3	0	0	0	0	0	0	2	0	0	0	0	0	0	0	0	0	0	2	0	0	0	0	1	0	0	0	2	4	0	0	0	1	1	0	2	0	1	0	0	1	1	0	0	2	1	0	0	0	0
L4	SRR15315838	40	237	0	1	1	0	1	0	0	2	4	1	0	5	1	1	1	3	1	1	3	1	0	3	1	3	1	1	4	2	3	3	0	3	0	5	11	8	6	8	8	14	4	8	14	18	5	4	4	11	1	0	0	0	0	0	0	3	1	0	0	0	0	0	0	0	0	3	3	1	1	1	1	3	0	2	5	7	0	0	0	0	1	0	1	2	1	1	2	6	2	2	3	3	1	0	1	0	0
L4	ERR473291	40	71	0	0	1	0	0	1	3	1	0	0	3	0	0	0	0	0	0	0	1	0	0	1	1	1	0	0	1	1	0	0	0	0	2	1	1	3	2	3	1	7	2	2	3	5	0	0	2	3	1	0	0	0	0	0	0	0	0	0	0	0	0	0	0	0	0	0	0	0	1	0	0	3	0	1	2	2	0	0	0	2	1	0	1	1	0	0	2	1	0	0	0	0	0	0	1	0	0
L4	SRR18897176	40	187	0	0	1	0	2	1	0	3	1	3	3	3	1	0	2	1	1	0	3	1	1	2	5	0	1	4	0	4	1	0	3	0	0	3	9	9	2	7	3	14	4	4	10	12	5	2	3	4	2	0	0	0	0	0	0	0	0	0	1	1	0	0	0	0	0	1	2	3	0	0	1	3	0	3	4	6	2	0	1	2	1	1	0	0	1	0	3	2	1	0	2	3	1	0	1	1	0
L4	ERR6865963	40	19	0	0	0	0	0	0	0	1	0	0	0	0	0	0	0	0	0	0	0	0	0	0	0	2	0	0	0	1	0	0	0	1	0	0	0	0	0	2	0	0	0	0	0	0	0	0	0	3	0	0	0	0	0	0	0	0	0	0	0	0	0	0	0	0	0	0	1	0	0	0	0	1	0	1	0	1	1	0	1	1	0	0	0	0	0	0	1	0	0	0	1	0	0	0	0	0	0
L4	SRR14782000	40	73	0	0	0	0	1	0	0	1	0	1	2	2	0	0	0	0	0	1	0	0	0	1	2	2	2	1	0	0	0	0	1	0	0	1	4	3	3	1	3	5	3	5	2	4	1	2	0	2	0	0	0	0	0	0	0	0	0	0	0	0	0	0	0	0	0	0	1	0	0	0	0	1	1	1	1	0	1	0	0	0	0	0	1	0	0	0	0	0	1	1	0	5	0	0	1	2	0
L4	ERR234265	40	73	0	0	0	0	1	0	0	2	0	1	0	0	0	0	0	0	0	0	0	1	0	0	0	2	0	2	3	1	0	1	0	1	1	0	2	4	0	7	2	2	3	2	2	2	3	1	0	3	0	0	0	0	1	0	0	1	1	0	0	0	0	0	0	0	0	1	2	0	1	0	1	0	0	0	0	3	2	0	0	0	0	0	3	0	0	1	1	4	1	0	0	0	0	0	0	0	1
L4	ERR3132290	40	92	0	0	1	1	1	1	0	1	0	0	0	1	2	0	0	0	1	0	1	0	0	3	2	1	1	1	1	1	1	3	0	2	0	4	1	2	3	3	1	5	1	1	2	6	4	1	1	3	0	0	0	0	0	0	0	0	0	1	0	0	0	0	0	0	0	0	1	3	0	3	1	1	0	2	3	3	1	0	1	2	0	1	0	0	1	1	0	0	1	0	0	1	1	0	0	0	0
L4	SRR14164829	40	87	0	0	0	1	0	0	1	3	0	2	0	2	0	0	1	1	0	0	0	1	0	0	0	0	1	0	1	2	1	0	1	2	0	0	3	2	0	3	4	7	2	3	5	5	1	1	2	4	0	0	0	0	0	0	1	0	0	0	0	0	0	0	0	0	0	2	1	0	1	0	0	0	1	0	1	2	0	0	1	3	1	0	0	0	1	0	0	5	1	0	1	1	2	0	0	0	0
L4	SRR26111903	40	96	1	0	1	1	0	1	1	2	0	3	1	0	0	0	0	1	0	0	1	0	1	1	0	2	1	0	3	1	1	0	0	4	0	2	5	4	0	3	2	9	3	2	5	4	6	1	2	5	0	0	0	0	0	0	0	0	0	0	0	0	0	0	0	0	0	0	0	0	1	1	1	0	0	1	0	2	0	0	1	2	0	0	1	0	0	0	3	2	1	0	0	0	0	0	0	1	0
L4	ERR4457895	40	269	0	1	1	4	2	0	3	6	1	2	2	7	2	0	1	1	1	0	3	3	0	6	5	5	1	1	1	0	1	2	1	3	0	6	9	10	2	11	12	11	6	13	10	18	4	2	5	8	3	0	1	1	0	0	0	1	0	0	0	2	0	0	1	0	0	2	5	6	2	0	1	4	2	3	6	7	3	0	0	1	4	0	2	0	0	2	2	3	3	0	3	2	3	0	0	1	0
L4	SRR4033606	40	24	0	0	0	0	0	0	0	1	0	0	0	0	0	0	0	0	0	0	1	0	0	0	1	0	0	0	0	0	0	0	0	1	1	0	1	1	0	1	0	1	1	0	1	4	0	1	0	1	0	0	0	0	0	0	0	0	0	0	0	0	0	0	0	0	0	0	0	0	0	0	0	0	0	0	1	0	1	0	0	1	0	0	0	0	0	0	0	0	1	0	0	2	0	0	0	0	1
L4	ERR9806830	40	118	0	1	1	0	0	0	0	0	1	1	1	2	0	0	0	0	0	0	4	0	1	0	2	1	3	1	2	1	3	1	0	1	1	2	0	6	1	6	2	12	2	3	2	7	4	3	2	7	0	1	1	0	0	0	0	0	0	0	1	0	0	0	0	0	0	0	1	1	0	0	1	2	0	1	4	5	1	0	1	2	0	0	1	0	0	0	1	0	2	0	2	1	1	0	0	1	0
L4	SRR14782506	40	160	0	0	1	0	0	0	2	2	0	1	3	5	3	1	0	1	0	0	0	3	0	1	3	7	1	0	2	4	0	0	1	1	0	6	3	7	2	3	5	12	3	4	8	7	4	2	2	4	2	0	0	0	0	0	0	0	0	0	0	0	0	0	0	1	0	0	3	5	0	1	0	2	0	1	0	4	2	0	1	4	1	0	4	1	1	1	2	4	1	0	1	2	0	0	1	0	1
L4	ERR6358906	40	172	0	2	2	0	0	2	3	2	0	0	2	1	1	1	2	3	1	0	3	1	0	2	1	2	1	1	2	2	1	0	0	0	1	4	8	8	1	1	5	15	5	7	6	9	4	4	3	3	4	0	0	0	0	0	0	0	0	0	0	0	0	0	0	0	0	0	3	4	1	0	1	1	0	4	4	4	1	2	0	2	0	1	1	1	1	0	3	3	2	1	4	0	2	0	0	0	0
L4	SRR19115678	40	99	0	0	1	2	0	2	0	0	0	1	0	1	0	0	0	1	0	0	0	1	0	1	3	0	1	1	1	3	0	0	0	3	0	2	1	4	1	5	1	4	2	3	8	7	5	1	1	3	3	0	1	0	0	0	0	0	0	0	1	0	0	0	0	0	0	1	0	1	0	0	1	2	1	4	2	5	0	0	1	2	0	0	0	0	0	0	0	0	1	0	1	1	0	0	1	0	0
L4	SRR26112633	40	106	0	0	0	2	2	0	0	1	0	1	0	0	0	0	1	0	1	0	1	0	1	0	2	1	1	2	1	0	1	0	0	0	0	3	3	10	0	8	3	8	2	4	2	3	2	2	2	5	0	0	0	0	0	0	1	0	0	0	1	0	0	0	0	0	0	0	2	1	0	0	0	2	1	0	2	4	2	0	4	0	0	0	1	0	0	0	2	1	0	0	2	2	2	0	0	1	0
L4	ERR752194	40	179	0	0	2	0	0	2	2	8	0	3	3	2	2	2	3	3	0	1	1	0	1	1	3	2	2	0	0	2	5	3	1	0	0	6	3	5	2	4	7	12	3	7	13	11	2	6	3	7	1	0	2	0	0	0	0	0	0	0	0	0	0	0	0	0	1	0	6	1	0	0	0	2	0	0	5	3	1	0	0	1	0	0	0	0	0	1	3	3	1	0	2	1	0	0	0	0	0
L4	ERR4553695	40	76	0	0	0	0	1	1	0	4	1	0	0	1	0	0	0	0	0	0	0	0	0	1	2	0	1	1	2	1	0	0	0	0	0	2	1	6	1	1	2	6	1	3	2	4	1	1	1	1	1	0	0	0	0	0	0	1	0	0	0	1	0	0	0	0	0	0	0	3	0	0	0	2	1	0	4	4	0	0	1	0	0	0	0	0	1	0	1	2	1	0	2	0	1	0	0	1	0
L4	SRR25395670	40	51	0	1	0	0	0	1	0	0	1	0	0	1	0	0	0	0	0	0	0	0	0	0	0	1	0	0	0	1	0	0	0	0	0	1	1	2	0	2	5	4	3	1	5	3	0	0	0	4	0	0	0	0	0	0	0	0	0	0	0	0	0	0	0	0	0	1	0	1	0	1	1	0	1	1	3	2	0	0	0	0	0	0	0	0	0	0	0	1	1	0	0	0	1	0	0	0	0
L4	SRR28646106	40	77	0	0	2	0	0	0	2	3	0	1	0	0	1	1	0	1	0	0	0	0	1	0	0	4	2	2	4	0	0	0	0	0	1	0	2	1	0	4	2	7	0	2	2	4	0	2	1	1	1	0	0	0	0	0	0	0	0	0	0	0	0	0	0	0	0	0	2	1	0	0	1	0	0	2	2	4	0	1	0	1	0	0	1	0	1	0	0	2	1	0	2	0	1	0	0	1	0
L4	ERR12117990	40	16	0	0	0	0	0	0	0	0	0	0	0	1	0	0	0	0	0	0	0	0	0	1	1	1	0	0	0	0	0	0	0	0	0	0	0	0	0	1	0	1	0	0	2	0	1	0	0	0	0	0	0	0	0	0	0	0	0	0	1	0	0	0	0	0	0	0	0	0	0	0	0	1	0	0	0	0	0	0	0	0	0	1	1	0	0	0	0	0	1	0	1	1	0	0	0	0	0
L4	ERR553043	40	202	0	0	2	2	1	3	1	6	1	2	1	2	2	2	1	2	0	0	2	2	2	1	4	8	3	3	7	4	0	0	4	2	1	4	5	5	2	3	5	19	2	6	6	9	4	3	5	5	2	0	0	0	0	0	0	0	1	0	0	0	0	0	0	0	0	2	1	3	0	1	0	3	2	4	5	6	0	0	0	2	0	0	1	1	0	0	2	6	0	2	2	1	0	0	0	0	1
L4	SRR28706499	40	104	0	0	0	1	0	2	4	1	0	2	0	1	1	1	0	0	0	0	1	0	1	1	3	2	3	1	1	2	0	0	1	3	0	3	3	2	1	4	4	4	1	6	0	4	2	2	3	6	3	0	0	1	0	0	1	0	0	0	0	0	0	0	0	0	0	1	5	0	1	0	0	1	0	2	0	1	1	0	0	3	0	0	1	0	0	0	1	1	1	0	1	1	0	1	0	0	0
L4	ERR2510387	40	114	0	0	0	0	0	2	1	1	1	0	3	1	1	0	0	0	0	0	4	1	0	1	0	0	2	3	2	1	4	0	0	0	0	0	4	3	2	2	1	7	2	6	6	12	2	1	3	3	2	0	0	0	0	0	0	0	1	0	0	1	0	0	0	0	1	0	3	4	1	0	3	4	1	0	2	0	2	0	0	0	0	0	1	0	0	0	0	4	1	0	0	1	0	0	0	0	0
L4	ERR8975879	40	97	0	0	1	0	1	0	0	1	0	2	1	2	3	0	0	1	0	0	0	3	0	2	2	0	1	1	1	2	0	0	1	2	1	0	3	1	1	1	6	8	2	4	4	5	2	5	1	3	1	0	0	0	0	0	0	0	0	0	0	0	0	0	0	0	0	0	1	1	0	0	0	0	0	1	2	4	1	0	1	1	0	0	0	0	0	1	3	1	2	1	1	1	0	0	0	0	0
L4	ERR9786560	40	43	0	0	1	0	1	2	0	2	0	1	0	0	0	0	0	0	0	0	0	0	0	0	2	1	0	0	1	0	0	0	2	1	0	0	2	0	1	0	1	1	1	0	4	3	2	1	0	2	0	0	0	0	0	0	0	0	0	0	0	0	0	0	0	0	0	2	0	0	1	0	1	0	0	0	2	1	0	0	0	0	0	0	1	0	0	0	1	1	0	0	0	1	0	0	0	0	0
L4	SRR13583322	40	92	0	0	1	4	1	0	1	3	2	1	0	3	1	0	0	1	1	1	1	1	0	2	2	0	0	0	1	0	1	0	0	2	0	2	4	1	1	4	1	5	1	2	8	4	3	0	0	1	0	0	0	0	1	0	0	0	0	0	0	0	0	0	0	0	0	0	0	3	0	0	0	2	0	1	1	6	0	0	0	4	1	0	1	0	0	0	1	0	2	0	0	1	1	0	0	0	0
L4	SRR33644377	40	157	1	1	1	0	0	1	1	3	0	0	1	3	0	0	0	0	0	0	1	3	0	2	2	5	1	0	0	2	1	0	1	1	0	2	6	6	2	2	5	18	6	4	8	17	3	6	6	7	2	0	1	0	0	0	0	0	0	0	0	0	1	0	0	0	0	0	2	3	1	0	0	1	0	3	2	2	0	1	0	0	0	1	0	0	0	0	1	3	1	0	1	2	0	0	1	0	0
L4	SRR28393481	40	180	0	1	2	3	0	1	1	2	0	2	0	6	3	0	1	0	0	0	2	1	1	2	0	1	2	2	1	1	4	1	2	2	0	4	7	6	4	5	3	11	3	1	12	9	6	5	4	7	0	0	0	0	1	0	0	1	0	1	0	1	0	0	0	0	0	0	1	0	0	0	2	4	0	2	3	9	2	0	1	1	1	0	1	0	1	1	3	3	2	0	2	2	1	0	0	3	0
L4	SRR13583427	40	102	0	1	1	1	0	0	0	5	1	0	1	0	0	0	0	0	0	0	1	0	0	0	3	3	2	0	2	0	1	1	0	0	1	1	6	3	0	3	2	8	0	2	10	7	1	1	3	3	1	0	0	0	1	0	1	1	0	1	0	0	1	0	0	0	0	1	2	1	1	0	1	1	1	1	1	3	0	1	0	0	0	0	0	0	0	0	1	2	2	0	1	0	1	0	1	0	0
L4	ERR978728	40	183	0	1	0	1	1	1	1	2	0	1	1	6	2	0	4	2	1	0	1	0	1	3	2	2	2	0	2	2	0	0	0	2	1	3	9	9	0	2	8	13	3	4	12	9	6	2	3	7	1	0	0	1	0	0	0	0	0	0	1	0	0	1	0	0	0	2	4	4	2	0	0	2	1	1	6	0	1	1	2	3	1	1	2	0	0	2	1	2	1	0	2	2	1	0	2	0	1
L5	ERR4192387	40	112	0	0	1	0	3	0	1	1	0	0	2	4	2	0	1	2	2	1	2	0	0	1	4	5	0	0	0	0	1	1	0	0	0	4	3	2	0	7	3	8	2	2	3	3	5	2	0	3	0	0	0	0	0	0	2	0	0	0	1	0	0	0	0	0	0	0	2	1	1	0	2	1	0	0	2	2	1	1	0	4	0	0	1	1	0	1	1	1	0	1	2	1	0	0	1	0	1
L5	ERR552506	40	106	0	0	0	3	0	1	0	4	0	1	1	6	2	1	1	3	1	0	1	1	0	0	0	1	0	0	1	2	3	0	2	1	0	2	5	8	2	4	4	7	0	1	9	7	1	1	1	2	0	0	0	0	0	0	0	0	0	0	0	0	0	0	0	0	0	0	2	0	1	1	0	2	0	0	0	2	0	0	0	2	1	0	1	0	0	0	0	2	1	0	0	0	0	0	1	0	0
L5	SRR34011822	40	163	0	1	6	2	1	1	5	5	2	3	4	3	1	1	1	2	2	0	1	0	0	0	3	1	1	1	3	1	0	1	0	0	0	2	5	9	0	4	3	10	4	3	9	8	6	8	1	9	0	0	0	0	0	0	0	0	0	0	0	0	0	0	0	0	0	0	2	6	0	0	1	3	0	2	0	5	1	0	0	1	0	0	0	0	0	0	1	2	3	0	0	1	0	0	1	1	0
L5	ERR4162001	40	195	0	1	0	1	0	2	0	3	0	3	5	3	2	2	1	1	1	1	0	0	0	2	2	4	3	0	4	0	0	0	0	0	1	4	2	10	0	10	2	14	7	7	13	15	9	2	6	9	0	0	0	0	0	0	0	0	0	0	0	0	0	0	0	0	0	1	1	5	1	0	2	1	0	2	5	2	2	0	1	3	0	0	1	1	0	0	3	2	1	2	4	0	1	0	0	1	1
L5	ERR2383619	40	67	0	1	0	0	0	2	1	0	0	1	3	3	0	0	0	0	0	0	0	0	0	1	0	0	0	0	1	0	0	0	1	2	0	1	1	2	0	3	0	4	0	4	3	3	3	2	1	2	1	0	0	0	0	0	0	0	0	0	0	0	0	0	0	1	1	1	0	2	0	0	0	2	1	0	0	1	1	1	0	1	0	0	1	0	0	1	2	1	2	0	1	0	0	0	1	0	0
L5	SRR29231703	40	0	0	0	0	0	0	0	0	0	0	0	0	0	0	0	0	0	0	0	0	0	0	0	0	0	0	0	0	0	0	0	0	0	0	0	0	0	0	0	0	0	0	0	0	0	0	0	0	0	0	0	0	0	0	0	0	0	0	0	0	0	0	0	0	0	0	0	0	0	0	0	0	0	0	0	0	0	0	0	0	0	0	0	0	0	0	0	0	0	0	0	0	0	0	0	0	0	0
L5	ERR751338	40	51	0	0	0	1	0	0	1	1	0	0	1	0	0	0	0	1	0	0	0	1	0	0	0	0	0	1	1	0	1	1	0	0	0	1	2	2	2	3	1	6	0	2	1	1	2	0	0	0	0	0	0	0	0	0	0	1	0	0	0	0	0	0	0	0	0	1	0	2	0	0	0	3	1	1	1	2	0	0	0	0	0	0	0	0	0	0	2	2	0	0	1	0	0	0	0	1	0
L5	ERR4162007	40	119	0	0	0	4	0	0	0	1	1	3	2	2	0	1	1	2	0	0	1	0	0	0	1	6	1	1	1	1	0	1	0	2	1	6	4	4	1	4	4	9	2	5	1	6	2	1	5	2	1	0	0	0	0	0	0	4	0	0	0	0	1	0	0	1	0	1	3	2	0	0	2	3	0	0	1	0	1	1	0	1	0	0	0	0	1	0	3	0	0	0	2	1	1	0	0	0	0
L5	ERR028323	40	109	0	0	2	3	0	0	0	5	0	1	2	3	2	1	1	0	0	2	0	0	0	0	2	4	0	0	2	0	1	1	3	0	0	3	3	4	0	3	5	5	2	3	7	8	4	1	0	3	0	0	0	0	0	0	0	0	0	0	0	0	0	0	0	0	0	0	1	1	0	0	2	1	1	2	0	4	2	0	0	2	1	0	0	0	0	1	0	0	1	1	1	0	0	0	1	1	0
L5	ERR702411	40	62	1	0	1	0	0	0	0	0	0	2	2	0	0	0	0	1	0	0	0	1	1	0	0	0	2	0	2	1	0	0	1	1	0	1	1	3	2	2	4	7	1	1	3	3	1	2	3	3	0	0	0	0	0	0	0	0	0	0	0	0	0	0	0	0	0	1	0	1	0	0	0	0	0	1	2	2	1	0	0	1	0	0	0	0	0	0	0	0	1	0	0	0	0	0	0	0	0
L5	ERR9119643	40	68	0	0	0	2	0	1	0	2	0	1	2	2	0	2	0	0	0	0	1	0	0	0	0	2	0	0	1	2	0	0	0	0	0	2	2	3	0	1	5	6	1	0	2	3	0	1	2	3	1	0	0	0	0	0	0	0	0	0	0	0	0	0	0	0	0	0	0	1	0	0	0	2	0	0	3	1	0	0	1	0	0	0	1	0	0	0	1	2	1	0	1	2	1	0	0	1	0
L5	ERR4815616	40	58	0	0	1	0	0	1	0	1	0	0	0	1	0	1	0	1	0	0	0	0	0	0	0	3	0	0	2	2	0	1	2	1	0	2	1	5	2	2	2	6	1	2	2	3	3	0	0	2	0	0	1	0	0	0	0	0	0	0	0	1	0	0	0	0	0	0	0	1	1	0	0	0	1	1	0	0	0	0	0	0	0	0	0	0	0	0	2	0	0	0	0	0	0	0	0	0	0
L5	ERR751328	40	58	0	0	0	0	0	0	0	0	0	2	0	0	0	1	0	0	0	0	1	0	2	0	0	0	0	0	1	1	0	0	0	2	0	1	2	4	0	8	2	3	0	3	2	1	0	2	1	3	1	0	0	0	0	0	0	0	0	0	0	0	0	0	0	0	0	1	0	1	0	1	0	1	0	1	3	2	0	0	0	0	0	0	0	0	1	0	1	1	0	0	1	1	0	0	0	0	0
L5	ERR2706914	40	0	0	0	0	0	0	0	0	0	0	0	0	0	0	0	0	0	0	0	0	0	0	0	0	0	0	0	0	0	0	0	0	0	0	0	0	0	0	0	0	0	0	0	0	0	0	0	0	0	0	0	0	0	0	0	0	0	0	0	0	0	0	0	0	0	0	0	0	0	0	0	0	0	0	0	0	0	0	0	0	0	0	0	0	0	0	0	0	0	0	0	0	0	0	0	0	0	0
L5	ERR3170434	40	181	0	0	1	1	1	0	1	2	0	2	3	4	1	1	0	1	1	0	1	0	0	0	1	1	3	4	4	3	1	0	1	0	1	7	6	5	1	2	4	13	5	6	8	18	9	0	3	14	3	0	1	0	0	0	0	0	0	0	0	0	0	0	1	0	0	1	1	2	1	0	0	0	1	0	4	8	2	0	1	2	0	0	1	2	0	1	1	3	2	0	0	0	1	0	1	1	0
L5	SRR33685242	40	95	0	0	0	3	0	0	0	1	0	1	1	1	0	1	0	2	0	1	0	0	0	0	0	1	0	0	1	2	1	1	1	0	1	3	2	4	1	7	5	4	1	2	8	4	2	2	3	1	2	0	0	0	0	1	0	1	0	0	0	0	0	0	0	0	0	1	0	1	1	0	1	1	0	0	1	1	1	0	2	3	0	1	0	0	0	1	2	0	0	0	1	1	2	0	1	1	0
L5	ERR9119542	40	4	0	0	0	0	0	0	0	1	0	0	0	0	0	0	1	0	0	0	0	0	0	0	0	1	0	0	0	0	0	0	0	0	0	0	0	0	0	0	0	0	0	0	0	0	0	0	0	0	0	0	0	0	0	0	0	0	0	0	0	0	0	0	0	0	0	0	1	0	0	0	0	0	0	0	0	0	0	0	0	0	0	0	0	0	0	0	0	0	0	0	0	0	0	0	0	0	0
L5	ERR4872094	40	71	0	1	1	0	0	0	0	0	1	0	0	2	0	0	0	0	0	0	2	0	0	7	0	4	1	0	5	2	0	1	0	2	0	1	1	0	2	0	0	1	1	0	1	0	2	0	4	2	0	0	0	0	0	0	0	1	0	0	0	0	0	1	0	0	0	2	4	4	2	0	2	1	0	0	0	1	0	0	1	0	2	0	1	0	0	1	2	1	0	0	0	0	0	0	0	1	0
L5	SRR11461656	40	46	0	0	2	0	0	1	0	2	0	1	0	1	0	2	0	0	0	0	0	0	0	0	0	1	0	1	1	0	0	1	1	0	0	2	2	3	0	3	1	6	2	0	1	1	1	1	0	1	0	0	0	0	0	0	0	0	0	0	0	0	0	0	0	0	0	0	1	0	0	0	0	1	1	0	0	0	0	0	0	1	0	0	1	0	0	0	1	1	0	0	0	1	0	0	0	0	0
L5	CUS0000023	40	119	0	1	1	0	1	0	1	1	0	3	1	4	2	1	0	2	0	0	0	3	2	2	0	1	0	0	4	1	1	0	0	3	1	3	4	5	1	5	2	8	6	3	3	5	1	6	0	4	3	0	1	0	0	0	0	1	0	0	1	0	0	0	1	0	0	0	1	1	0	0	0	3	0	0	2	1	0	1	0	2	0	0	0	1	0	0	2	1	1	0	0	1	0	1	0	2	0
L5	ERR1082131	40	90	0	0	0	1	0	0	1	3	0	3	1	1	0	0	1	0	0	1	1	0	0	1	1	2	2	0	2	3	0	1	0	0	0	2	4	2	0	2	4	8	1	3	7	4	2	3	1	5	0	0	0	0	1	0	0	0	0	0	0	0	0	0	0	0	0	0	4	0	0	0	1	1	0	0	0	2	2	0	0	0	1	0	0	0	0	1	0	0	0	0	1	0	2	0	1	0	0
L5	SRR33588857	40	61	0	0	0	1	0	0	0	0	0	0	0	0	0	0	0	0	0	0	1	1	0	0	1	0	1	0	0	0	0	1	0	1	0	2	4	3	1	2	3	3	2	1	5	2	2	0	1	2	1	0	0	0	0	0	0	0	0	0	0	1	0	0	0	0	0	0	1	1	0	1	0	2	0	1	3	0	1	1	0	0	0	0	0	0	0	1	2	2	0	0	2	0	1	0	0	0	0
L5	ERR551967	40	110	0	0	2	1	0	0	1	2	1	0	2	0	0	0	1	0	1	0	0	2	1	2	0	5	2	1	4	1	0	0	0	2	0	3	3	6	2	6	3	9	5	2	4	6	1	1	3	5	2	0	0	0	0	0	0	0	0	0	0	0	0	0	0	0	0	0	1	2	0	0	0	2	1	0	2	3	1	0	1	1	0	0	0	0	0	1	1	0	2	0	0	0	0	0	0	0	0
L5	SRR33938994	40	113	0	0	0	0	0	0	0	0	0	0	1	2	0	1	0	2	0	0	0	1	0	1	1	1	0	3	2	1	0	0	1	1	0	3	3	6	2	7	5	9	4	5	5	10	4	2	2	5	1	0	0	0	0	0	0	1	0	0	0	0	0	0	0	0	0	0	1	1	0	0	0	1	1	0	2	1	4	0	1	0	0	0	3	0	1	0	1	0	0	1	2	0	0	0	1	0	0
L5	ERR3170402	40	30	0	0	1	0	0	1	0	0	0	1	1	1	0	0	0	1	0	0	0	0	0	0	0	0	0	0	0	0	1	0	0	0	0	0	1	1	0	0	1	1	0	1	1	1	1	1	1	2	1	0	0	0	0	0	0	0	0	0	0	0	0	0	0	0	0	0	0	0	0	1	1	0	0	0	1	2	0	0	0	1	0	0	0	0	0	2	1	0	0	0	0	0	1	0	0	0	0
L5	ERR2706930	40	0	0	0	0	0	0	0	0	0	0	0	0	0	0	0	0	0	0	0	0	0	0	0	0	0	0	0	0	0	0	0	0	0	0	0	0	0	0	0	0	0	0	0	0	0	0	0	0	0	0	0	0	0	0	0	0	0	0	0	0	0	0	0	0	0	0	0	0	0	0	0	0	0	0	0	0	0	0	0	0	0	0	0	0	0	0	0	0	0	0	0	0	0	0	0	0	0	0
L5	SRR29126893	40	75	0	1	0	2	0	0	1	2	0	1	2	0	2	1	0	1	0	0	0	0	0	1	1	1	0	0	0	0	2	0	0	1	3	0	2	1	0	4	3	4	2	3	4	2	1	1	1	3	0	0	0	0	0	0	1	1	0	0	0	0	0	0	0	0	0	0	0	3	0	0	1	3	0	0	1	1	1	0	0	1	0	0	1	1	0	1	0	1	0	0	2	0	1	0	0	2	0
L5	ERR017801	40	78	0	1	1	0	0	0	0	0	0	0	0	0	0	0	1	1	1	0	1	1	0	1	3	1	1	0	2	1	1	1	0	1	0	0	2	1	0	2	0	9	1	0	7	8	4	1	1	4	1	0	0	0	0	0	0	0	0	0	0	0	0	0	0	0	0	0	2	0	0	0	1	0	0	0	2	5	1	0	2	0	2	0	0	0	0	0	0	0	0	0	1	1	0	0	0	1	0
L5	ERR4162027	40	48	0	0	0	0	0	0	1	1	0	0	1	2	1	0	0	0	0	0	1	0	0	0	0	0	1	0	0	0	1	0	0	0	0	1	1	3	1	1	0	4	0	3	2	3	2	3	0	2	0	0	0	0	0	0	0	0	0	0	0	0	0	0	0	0	0	0	1	1	0	0	0	0	0	1	1	2	0	0	0	0	0	0	0	1	0	0	1	1	1	0	2	1	0	0	0	0	0
L5	SRR27450486	40	25	0	0	0	0	0	0	0	0	0	0	0	0	0	0	0	0	0	0	0	0	0	0	0	1	0	1	0	0	0	0	0	1	0	1	0	3	0	0	0	2	1	1	2	1	0	1	0	2	1	0	0	0	0	0	0	0	0	0	0	0	0	0	0	0	0	1	0	1	0	0	0	0	0	0	0	3	0	0	0	1	0	0	0	0	0	0	0	1	0	0	0	0	0	0	0	0	0
L5	SRR33869012	40	117	0	1	1	0	0	0	0	1	0	0	1	4	0	0	0	0	0	0	0	1	0	1	2	2	2	0	2	0	1	0	0	2	0	2	3	5	4	3	5	8	2	2	5	11	4	5	4	12	0	0	0	0	0	0	0	1	0	0	0	0	0	0	0	0	0	0	1	2	2	0	0	2	0	1	2	2	1	0	1	1	0	0	1	0	0	0	1	0	2	0	0	0	1	0	0	0	0
L5	ERR10680152	40	166	0	0	1	2	0	1	4	4	1	0	3	5	2	0	2	2	0	0	0	1	0	2	1	3	0	0	0	2	2	0	0	2	1	6	3	5	1	8	9	6	5	5	4	19	3	3	1	11	0	0	0	0	1	0	0	0	0	0	1	0	0	0	0	0	0	0	5	5	1	0	2	0	1	2	3	4	1	1	1	1	0	0	0	1	0	0	0	1	0	0	3	1	0	0	0	1	0
L5	ERR1082132	40	51	0	0	1	0	0	0	0	1	1	0	0	0	0	0	0	1	0	0	0	0	0	1	0	0	0	1	1	0	0	0	0	0	0	2	0	5	0	5	3	5	1	2	1	3	1	1	0	0	1	0	0	0	0	0	0	0	0	0	0	0	0	0	0	0	0	0	3	2	0	0	0	0	0	1	1	0	1	0	1	0	0	0	0	0	0	2	0	0	1	0	0	0	0	0	1	1	0
L5	ERR400492	40	117	0	2	3	0	0	3	0	3	1	0	0	3	0	0	0	0	0	0	2	1	0	2	0	0	2	0	0	2	0	0	1	2	0	1	6	6	3	1	5	14	6	5	5	4	4	4	4	5	0	0	0	0	0	0	0	0	0	0	1	0	0	0	0	0	0	0	0	4	0	0	0	2	0	1	1	2	1	0	0	0	0	0	0	0	0	0	0	0	0	0	3	2	0	0	0	0	0
L5	ERR702428	40	14	0	0	0	0	0	0	0	0	0	1	0	0	0	0	0	1	0	0	0	0	0	0	0	0	0	0	2	0	0	0	0	0	0	0	0	0	0	1	0	1	0	1	1	0	1	0	0	1	0	0	0	0	0	0	0	0	0	0	0	0	0	0	0	0	0	0	0	0	0	0	1	0	0	0	1	0	0	0	0	0	1	0	0	0	0	0	0	0	0	0	0	0	1	0	0	0	0
L5	ERR4872171	40	2	0	0	0	0	0	0	0	0	0	0	0	0	0	0	0	0	0	0	0	0	0	1	0	0	0	0	0	0	0	0	0	0	0	0	0	0	0	0	0	0	1	0	0	0	0	0	0	0	0	0	0	0	0	0	0	0	0	0	0	0	0	0	0	0	0	0	0	0	0	0	0	0	0	0	0	0	0	0	0	0	0	0	0	0	0	0	0	0	0	0	0	0	0	0	0	0	0
L5	ERR502505	40	107	0	0	0	3	2	1	1	3	0	2	2	1	1	0	0	2	0	0	2	1	0	0	0	1	0	1	2	2	0	1	0	0	0	2	5	4	2	6	8	4	2	2	5	8	1	2	1	3	2	0	0	0	0	0	1	0	0	0	0	0	0	0	0	0	0	0	3	3	0	0	1	1	0	0	0	1	2	0	0	0	2	1	1	0	0	0	0	1	0	0	1	3	0	0	0	1	0
L5	ERR439965	40	133	0	1	0	2	1	0	2	3	0	0	1	0	0	0	0	0	0	0	1	0	1	1	2	1	1	1	1	0	1	0	0	1	0	2	3	7	2	4	6	12	2	4	8	7	7	1	5	3	3	0	0	0	0	0	1	0	1	0	0	0	0	1	0	0	0	1	2	1	0	0	0	2	1	1	3	3	4	1	0	1	1	0	1	0	0	0	3	4	0	0	1	0	0	0	1	1	1
L5	SRR22419690	40	120	1	1	2	0	0	1	1	5	0	0	2	7	0	0	2	0	2	1	1	1	0	2	0	2	1	1	2	0	0	1	1	0	0	1	2	5	2	5	6	12	0	4	6	4	5	5	3	5	1	0	0	0	0	0	0	0	0	0	0	0	0	0	0	0	0	0	1	2	0	0	1	0	0	1	1	1	3	0	0	0	1	1	0	1	0	0	2	1	1	0	0	1	0	0	0	0	0
L5	ERR502508	40	7	0	0	0	0	0	0	0	0	0	0	0	0	1	0	0	1	0	0	0	0	0	0	0	0	1	0	0	0	0	0	0	0	0	0	0	0	0	1	0	0	0	1	0	1	0	0	0	0	0	0	0	0	0	0	0	0	0	0	0	0	0	0	0	0	0	0	0	0	0	0	0	0	1	0	0	0	0	0	0	0	0	0	0	0	0	0	0	0	0	0	0	0	0	0	0	0	0
L6	ERR9787274	40	116	0	1	1	2	0	0	0	0	0	1	0	2	0	1	0	1	0	0	1	0	1	2	1	4	1	1	2	1	0	0	1	0	0	3	0	4	0	2	4	12	1	1	5	17	3	1	0	5	2	1	0	0	0	0	0	2	0	0	0	0	0	0	0	0	0	2	2	3	0	0	0	1	1	1	3	7	3	1	1	2	0	0	0	0	0	0	0	0	0	0	2	0	0	0	0	0	0
L6	ERR3803967	40	137	0	0	1	2	0	1	0	1	0	0	0	1	1	0	0	1	0	0	2	1	0	1	1	2	0	0	1	0	0	1	2	2	0	7	4	4	4	7	3	10	3	10	3	5	8	1	6	7	1	0	0	1	0	0	0	0	0	0	1	0	0	0	0	0	3	0	2	3	0	0	2	1	1	1	5	3	2	0	1	1	1	0	0	0	0	0	0	2	1	0	2	0	0	0	0	0	0
L6	ERR11082664	40	79	0	0	0	2	0	1	1	1	0	0	2	2	0	0	0	1	0	0	0	1	0	2	0	1	1	0	0	1	0	0	0	1	0	0	2	6	2	1	4	4	3	2	4	7	0	2	2	5	3	0	0	0	0	0	0	0	1	1	0	0	0	0	0	0	0	0	1	1	1	0	0	0	1	0	0	3	1	0	0	0	0	0	0	1	1	0	0	1	1	0	1	0	0	0	0	0	0
L6	ERR9787131	40	119	0	1	2	1	0	1	0	3	0	1	1	2	0	1	1	2	0	0	1	0	1	2	1	0	0	0	1	1	1	0	0	0	0	4	3	4	2	5	4	11	4	5	7	8	2	1	1	5	0	0	0	1	0	0	0	0	1	0	0	0	0	0	0	0	0	1	6	3	0	0	2	3	1	0	1	1	1	0	0	2	1	0	0	0	0	0	1	0	0	0	1	2	0	1	0	0	0
L6	ERR439976	40	100	0	0	0	2	0	2	0	2	0	1	4	4	2	1	1	0	0	0	1	2	0	0	2	0	1	1	1	2	1	0	2	0	0	0	1	3	1	3	0	3	3	4	5	8	1	1	0	3	0	0	1	0	0	0	0	0	0	0	0	1	0	0	0	0	0	5	1	0	5	0	0	4	0	2	3	2	2	0	1	0	2	0	1	0	0	0	0	0	0	0	0	0	0	0	0	2	0
L6	SRR7131190	40	98	0	0	2	3	0	2	0	6	0	3	0	5	2	1	0	0	0	0	0	2	1	0	1	1	0	1	1	1	0	0	0	0	0	3	2	8	1	4	1	6	2	6	0	2	2	2	1	7	0	0	0	0	1	0	1	0	0	0	0	0	0	0	0	1	0	0	2	0	0	0	0	0	0	0	3	2	3	1	1	0	2	0	1	0	0	0	0	0	0	0	1	0	0	0	0	0	0
L6	ERR14869771	40	171	0	0	2	2	0	3	0	4	1	2	1	2	1	0	1	1	3	1	0	0	0	1	1	1	0	1	3	1	2	0	3	2	0	7	9	13	2	10	5	12	2	5	6	14	4	4	3	13	4	0	0	0	0	0	0	1	1	0	0	0	0	0	0	0	0	0	0	2	1	0	1	1	1	1	0	2	2	1	2	0	1	0	0	0	0	0	0	0	0	0	2	0	0	0	0	0	0
L6	ERR1023257	40	130	0	0	3	0	0	0	0	5	1	0	4	6	1	0	0	0	1	0	2	2	0	0	0	0	0	0	0	1	0	0	2	1	0	3	4	3	1	6	5	4	5	6	8	10	3	3	1	7	0	0	0	0	0	0	0	0	0	0	0	0	0	1	0	1	0	0	2	4	0	0	0	3	1	0	5	1	0	0	2	0	0	0	0	0	0	0	1	1	0	1	5	1	1	1	0	1	0
L6	SRR30443647	40	41	0	0	1	0	0	0	0	2	0	0	1	2	1	1	0	1	0	0	0	0	0	0	1	0	0	1	0	0	0	0	0	0	0	1	0	1	0	3	0	2	2	1	1	4	0	0	0	2	0	0	0	0	0	0	0	0	1	0	0	0	2	0	0	0	0	0	1	0	0	0	1	1	0	2	2	1	0	0	0	1	1	0	0	0	0	0	0	0	0	0	0	0	0	0	0	0	0
L6	ERR3803848	40	92	0	1	1	1	2	1	1	0	0	0	2	5	1	0	1	1	1	0	1	0	0	2	1	0	1	0	0	2	1	0	0	1	0	2	1	1	0	5	1	6	1	2	2	6	2	3	1	4	0	0	0	0	0	0	1	0	0	0	0	0	0	0	0	0	0	0	1	1	1	2	0	0	1	1	3	2	3	0	2	2	0	0	2	0	1	0	0	1	0	0	3	1	0	0	0	0	0
L6	ERR3806839	40	90	0	0	0	1	0	0	0	4	0	1	0	1	0	0	0	0	1	0	0	0	1	0	1	1	1	2	0	1	0	0	0	0	1	3	3	4	1	5	5	7	1	5	2	5	0	2	1	3	1	0	0	0	0	0	0	0	0	0	0	0	1	0	1	1	0	0	0	2	0	0	0	0	1	1	4	1	1	0	0	3	0	0	1	1	0	0	0	1	1	0	1	1	1	0	2	1	0
L6	ERR4819833	40	156	0	0	1	6	0	1	0	1	0	1	1	6	1	0	3	0	0	1	1	0	0	1	0	1	0	1	2	1	2	0	0	1	2	8	2	9	3	4	1	16	9	6	5	5	2	5	4	12	3	1	0	0	0	0	0	0	1	0	1	0	0	0	0	0	0	0	1	0	0	1	1	0	0	1	3	8	2	0	1	0	0	0	1	1	0	1	2	0	0	0	1	1	0	0	0	0	0
L6	ERR9787036	40	14	0	0	0	0	0	0	0	0	0	0	0	0	0	0	0	0	0	0	1	0	0	0	0	0	0	0	0	0	0	0	0	0	0	0	0	2	0	0	2	1	0	2	0	1	0	0	0	1	0	0	0	0	0	0	0	0	0	0	0	0	0	0	0	0	0	0	0	0	0	0	0	0	0	0	0	0	1	0	1	0	0	0	1	0	0	0	0	1	0	0	0	0	0	0	0	0	0
L6	ERR11080915	40	119	0	0	4	2	0	1	4	2	1	3	8	3	1	1	1	1	0	0	1	0	0	3	1	2	0	0	1	1	1	0	1	1	0	5	5	7	0	4	5	7	1	6	3	3	0	2	1	6	1	0	0	0	0	0	0	0	0	0	0	0	0	0	0	1	0	0	1	0	0	0	1	1	0	1	1	4	1	0	0	0	0	0	1	0	0	0	3	0	1	0	1	2	0	0	0	0	0
L6	ERR3804111	40	86	0	0	2	0	0	0	1	0	0	2	1	0	0	1	0	2	0	1	0	0	0	0	0	4	1	0	2	0	0	0	0	0	0	0	4	5	1	5	2	3	3	3	5	3	1	2	2	2	0	1	0	0	0	0	0	0	0	0	0	0	0	0	2	0	0	0	1	3	1	0	1	1	1	1	1	3	1	1	2	0	1	0	0	0	0	1	0	2	0	0	1	1	0	0	1	1	0
L6	ERR3806831	40	93	0	1	1	2	1	1	0	3	0	0	1	0	0	0	0	0	0	0	2	1	0	1	1	1	0	1	0	2	1	0	0	2	0	1	9	4	1	4	1	9	1	3	5	5	1	1	2	5	1	0	1	0	0	1	0	0	0	0	0	0	0	0	1	0	0	0	1	1	1	0	0	1	0	1	2	0	2	0	0	2	0	0	0	0	0	0	3	0	0	0	1	0	0	0	0	0	0
L6	ERR1023227	40	107	0	1	2	1	1	0	2	3	2	1	2	3	1	0	0	0	0	0	3	0	0	0	1	0	0	0	0	0	1	1	1	0	0	5	4	2	1	2	1	8	4	3	9	9	5	1	1	5	1	0	0	0	0	0	0	0	0	0	0	0	0	0	0	0	0	1	0	0	0	0	1	1	1	1	1	6	0	0	1	1	1	0	0	1	1	0	0	0	0	0	0	0	1	0	1	0	1
L6	SRR30443941	40	52	0	0	1	2	1	0	0	1	1	1	1	2	0	0	0	1	0	0	0	0	0	0	0	0	1	0	0	0	1	0	0	0	0	2	2	1	0	2	0	4	2	3	1	7	3	1	1	0	0	0	0	0	0	0	0	0	0	0	0	0	0	0	0	0	0	0	0	0	0	0	1	1	0	3	0	0	1	0	0	1	0	0	1	0	0	1	0	1	0	0	0	0	0	0	0	0	0
L6	ERR14869600	40	121	0	1	1	0	0	1	2	7	1	0	0	2	0	1	0	1	2	0	1	0	0	1	0	1	0	0	2	0	1	0	0	0	0	5	6	6	1	3	2	11	0	1	7	5	1	2	1	7	3	0	0	0	0	0	1	0	1	1	0	0	1	0	0	0	0	0	2	0	1	0	0	1	2	0	2	3	1	0	1	2	0	0	0	1	1	0	2	0	0	0	3	5	1	0	1	1	1
L6	ERR9125747	40	4	0	0	0	0	0	0	0	0	0	0	0	0	0	0	0	0	0	0	0	0	0	0	0	0	0	0	0	0	0	0	0	0	0	0	1	0	0	1	0	1	0	0	0	0	1	0	0	0	0	0	0	0	0	0	0	0	0	0	0	0	0	0	0	0	0	0	0	0	0	0	0	0	0	0	0	0	0	0	0	0	0	0	0	0	0	0	0	0	0	0	0	0	0	0	0	0	0
L6	SRR33585255	40	40	0	0	0	0	1	1	0	1	0	0	0	0	0	0	0	0	0	0	0	0	1	0	0	0	0	0	0	0	1	0	0	0	0	2	2	1	1	0	0	4	0	1	1	2	1	0	1	3	0	0	0	1	0	0	0	0	1	0	0	0	0	0	0	0	0	2	0	2	0	1	2	1	0	0	2	3	0	0	1	0	0	0	0	0	0	0	0	0	0	0	0	0	0	0	0	0	0
L6	ERR1082116	40	91	0	0	0	2	1	2	0	2	0	1	2	1	0	0	0	1	1	0	1	0	0	0	0	1	0	0	0	1	0	0	0	0	0	4	2	5	0	1	3	8	4	4	4	8	1	3	3	8	1	0	0	0	0	0	0	0	0	0	0	0	0	0	0	0	0	1	0	1	1	0	0	4	0	1	2	1	2	0	0	0	0	0	0	0	0	0	0	0	1	1	0	0	0	0	0	1	0
L6	ERR14869708	40	106	0	0	2	1	0	0	1	4	1	1	1	3	0	0	0	1	0	0	0	0	1	0	2	1	0	1	0	0	0	0	0	0	0	5	4	6	3	3	6	4	1	5	9	9	1	1	1	4	1	0	0	0	0	0	0	0	0	0	1	0	0	0	0	0	0	0	0	3	0	1	2	2	0	1	1	5	0	0	0	3	0	0	0	0	0	0	0	0	0	0	2	0	2	0	0	0	0
L6	ERR3803783	40	79	0	2	0	0	0	0	1	4	0	3	1	2	1	2	0	0	1	1	1	1	0	0	2	2	0	0	1	1	0	0	1	1	0	1	1	1	1	3	0	1	1	4	4	4	2	1	3	4	1	0	0	0	0	0	0	0	1	0	0	0	0	0	0	0	0	1	1	2	0	0	1	0	2	2	1	1	1	1	0	0	0	0	0	0	0	0	0	0	1	0	0	2	0	0	1	0	1
L6	SRR33817125	40	77	0	1	1	0	1	0	0	2	1	0	2	4	0	0	0	0	0	0	2	0	1	1	0	0	0	0	1	0	1	0	0	1	0	2	1	6	1	7	2	5	2	1	2	4	1	1	3	3	2	0	0	0	0	0	0	0	0	0	0	0	0	0	0	0	0	0	0	2	0	1	1	3	0	0	0	1	1	0	0	1	0	2	0	1	1	0	0	0	0	0	0	0	1	0	0	0	0
L6	ERR3803812	40	87	0	0	0	2	0	0	1	5	0	2	3	2	1	0	1	1	0	0	3	0	0	0	2	0	0	0	1	1	0	0	1	0	0	1	7	6	0	3	1	3	3	1	3	5	3	1	2	5	1	0	0	0	0	0	0	1	0	1	0	0	0	0	0	0	0	0	1	0	0	1	1	1	0	1	2	2	2	0	0	0	0	1	0	1	0	0	0	0	0	0	0	0	1	0	0	0	0
L6	ERR13264898	40	94	0	0	3	3	0	3	1	1	0	0	0	5	1	0	2	1	1	0	0	1	0	1	1	0	0	1	1	1	0	0	0	0	0	1	5	6	1	3	3	8	4	1	8	4	2	6	2	5	1	0	1	0	0	0	0	0	0	0	0	0	0	0	0	0	0	0	1	0	1	0	0	1	0	0	0	1	2	0	0	0	0	0	0	0	0	0	0	0	0	0	0	0	0	0	0	0	0
L6	ERR1023293	40	92	0	1	2	1	1	0	1	3	0	0	1	1	0	0	0	4	1	0	1	0	0	3	0	1	0	1	2	1	0	0	0	0	0	3	3	2	1	3	1	7	1	2	5	8	2	1	0	5	1	0	0	0	0	0	0	0	1	0	0	0	0	0	1	0	0	0	0	0	1	1	0	1	0	1	2	0	1	0	2	1	0	0	0	0	0	2	4	2	0	0	0	0	0	0	1	1	0
L6	ERR403344	40	146	0	1	1	0	0	1	2	2	0	4	0	5	2	0	0	2	1	2	2	0	0	0	0	2	1	0	1	4	1	0	0	1	0	3	2	3	2	10	2	11	2	3	3	7	5	2	3	6	3	0	0	0	0	0	0	0	0	0	1	0	0	0	0	0	0	1	0	1	3	0	1	2	3	2	3	5	2	0	2	1	3	0	1	0	0	0	4	2	1	0	2	1	2	0	1	0	0
L6	ERR12544231	40	108	0	0	2	0	0	2	1	3	1	2	2	5	1	0	1	0	1	0	0	0	0	1	1	0	0	0	1	1	0	0	0	2	0	3	2	13	0	3	4	4	1	5	3	10	7	1	2	3	0	0	0	0	0	0	1	1	0	0	0	0	0	0	0	0	0	1	2	0	0	0	1	0	0	1	0	6	2	0	3	1	0	0	0	0	0	0	0	0	0	0	0	0	0	0	1	0	0
L6	ERR3804144	40	85	0	1	1	0	1	0	0	2	0	2	0	3	0	0	0	1	0	2	0	1	0	1	1	0	1	0	2	0	0	0	0	1	0	1	3	4	0	1	1	6	4	5	2	8	1	1	2	5	0	0	0	0	1	0	1	0	0	0	0	0	0	0	0	1	0	0	1	1	0	0	0	2	2	2	0	3	1	0	0	1	1	0	0	0	0	0	1	0	0	1	2	0	0	0	0	0	0
L6	SRR998743	40	102	0	0	1	1	1	0	0	2	0	1	0	2	3	0	0	0	1	1	0	1	3	1	0	2	1	1	2	0	0	0	1	0	0	2	2	10	2	8	0	7	4	2	5	7	4	4	2	6	1	0	0	0	0	0	0	0	0	0	0	0	0	0	0	1	0	0	1	0	0	2	0	1	0	1	1	1	0	0	1	0	0	0	0	0	0	0	0	1	0	0	1	0	0	0	0	0	0
L6	SRR21674643	40	92	0	2	3	2	2	0	0	1	0	3	3	0	2	2	1	1	0	0	1	0	0	0	0	1	0	1	0	1	0	0	0	0	0	1	5	4	0	0	1	12	1	2	3	8	2	1	2	2	0	0	0	0	0	0	0	0	0	0	0	0	0	0	0	0	0	0	4	0	0	0	0	2	0	0	1	5	3	0	0	1	0	0	0	1	1	1	0	1	0	0	1	0	0	0	0	1	0
L6	ERR9787223	40	36	0	0	0	0	0	0	0	0	0	1	0	1	0	0	0	0	0	0	1	1	0	3	0	2	0	0	1	0	1	1	0	0	0	0	0	1	1	1	0	1	1	0	0	0	1	0	0	1	0	0	0	0	0	0	0	0	0	0	0	0	0	0	0	0	0	0	0	5	1	0	0	0	1	0	0	1	2	2	1	1	1	0	0	0	0	0	1	0	0	0	0	0	0	0	0	1	0
L6	ERR1023265	40	102	0	0	1	0	3	1	1	2	0	2	1	0	0	1	0	5	0	0	0	1	0	0	0	1	1	0	0	0	0	1	1	0	0	4	3	4	0	2	0	9	1	0	5	11	0	0	1	9	1	0	0	0	0	0	0	1	0	0	0	0	0	0	0	0	0	0	2	3	1	0	0	1	1	1	2	4	6	0	2	0	0	0	0	0	0	0	2	0	1	0	0	1	0	0	2	0	0
L6	ERR551709	40	148	0	2	2	1	0	3	0	2	1	2	3	3	1	2	0	4	1	0	0	0	0	2	1	0	1	1	2	3	0	1	0	1	0	1	5	4	0	3	4	11	6	4	4	15	3	5	1	2	2	0	1	0	0	0	0	0	0	0	0	0	0	0	0	0	0	1	1	1	3	0	0	2	0	1	6	4	3	0	0	1	0	1	1	0	0	0	3	0	1	2	3	2	0	0	1	1	0
L6	ERR552329	40	83	0	0	1	2	1	1	2	4	1	0	0	1	2	0	0	0	0	1	1	0	0	0	1	2	1	1	1	0	0	0	0	0	0	1	4	4	1	3	1	4	3	2	4	5	3	4	0	6	0	0	0	0	0	0	0	0	0	0	0	0	0	0	0	0	0	2	1	1	0	0	0	0	0	0	0	4	0	1	0	1	0	0	0	0	0	0	1	1	0	0	1	1	1	0	0	0	0
L6	ERR9787262	40	84	0	0	0	0	0	0	1	2	2	1	2	1	1	0	1	0	0	1	0	1	0	1	1	0	0	1	1	1	0	0	0	1	0	4	4	3	2	2	1	11	2	4	2	5	0	4	1	6	2	0	0	0	0	0	0	0	0	0	0	0	0	0	0	0	0	0	0	0	0	0	1	0	1	0	1	2	0	0	0	0	0	0	1	0	0	0	0	1	1	0	2	2	0	0	0	0	0
L6	ERR9787202	40	114	0	0	1	3	0	0	1	4	0	2	1	2	1	1	0	2	0	0	0	0	0	0	2	1	0	0	0	1	0	0	0	4	0	4	5	6	0	6	5	10	3	1	5	8	3	3	2	6	0	0	1	0	0	0	0	0	0	0	0	0	0	0	0	0	0	0	1	0	2	0	1	2	1	1	1	1	3	0	2	1	0	0	0	0	1	0	0	0	2	0	1	0	0	0	0	0	0
L6	SRR7131139	40	15	0	0	0	0	0	0	0	0	0	1	0	1	0	0	0	0	0	0	0	0	0	0	0	0	0	0	0	0	0	0	0	0	0	0	0	0	1	0	0	1	0	1	2	1	1	0	1	2	0	0	0	0	0	0	0	0	0	0	0	0	0	0	0	0	0	0	1	0	0	0	0	0	0	0	0	1	0	0	0	0	0	0	0	0	0	0	0	0	0	0	1	0	0	0	0	0	0
L7	ERR1200619	40	2	0	0	0	0	0	0	0	0	0	0	1	0	0	0	0	0	0	0	0	0	0	0	0	0	0	0	0	0	0	0	0	0	0	0	0	1	0	0	0	0	0	0	0	0	0	0	0	0	0	0	0	0	0	0	0	0	0	0	0	0	0	0	0	0	0	0	0	0	0	0	0	0	0	0	0	0	0	0	0	0	0	0	0	0	0	0	0	0	0	0	0	0	0	0	0	0	0
L7	ERR1971877	40	24	0	0	1	0	0	0	0	0	0	1	0	2	1	0	0	0	0	0	0	0	0	0	0	0	0	0	0	0	0	0	0	0	0	0	0	0	1	0	0	1	1	1	1	0	1	0	0	1	1	0	0	0	0	0	0	0	0	0	0	0	0	0	0	0	0	0	1	0	0	0	0	0	1	0	1	2	0	1	0	0	0	0	0	0	0	0	0	0	0	0	4	0	1	0	0	0	0
L7	ERR1971856	40	35	0	0	0	0	0	0	1	1	0	0	2	2	1	0	0	0	0	0	0	0	0	1	0	2	0	0	1	0	0	0	0	0	0	1	1	1	0	1	0	2	1	1	1	3	1	1	0	2	0	0	0	0	0	0	0	0	0	0	0	0	0	0	0	0	0	0	0	0	0	0	0	0	0	0	0	1	0	0	1	0	0	0	0	0	0	0	1	0	0	1	1	0	0	0	1	1	1
L7	ERR1971864	40	26	0	1	1	0	0	0	0	0	0	0	0	0	0	0	0	1	0	0	0	0	0	0	0	1	0	0	0	1	0	0	0	0	0	1	1	0	0	0	0	3	0	0	1	3	0	0	0	0	0	0	0	0	0	0	0	0	0	0	0	0	0	0	0	0	0	1	1	2	0	0	0	0	0	0	0	1	0	0	0	0	0	0	1	1	0	1	0	0	0	0	0	1	0	0	2	0	1
L7	ERR7737753	40	114	0	2	0	1	0	1	3	2	0	0	4	3	0	1	1	3	0	1	0	2	0	1	0	1	0	0	0	0	0	0	0	0	1	2	2	6	0	11	3	12	2	4	5	7	1	4	1	6	0	0	0	0	0	0	0	0	0	0	0	0	0	0	0	0	0	0	0	0	0	0	0	0	0	1	2	4	0	0	0	0	0	0	1	0	0	0	1	3	0	0	3	0	1	0	3	2	0
L7	ERR4814968	40	41	0	1	0	1	1	0	0	2	0	0	1	0	0	0	1	0	1	0	0	0	0	1	0	0	0	0	0	0	0	0	0	1	0	1	2	2	1	2	1	4	1	1	1	1	0	1	1	0	1	0	1	0	0	0	0	0	0	0	0	0	0	0	0	0	0	0	0	2	0	0	0	0	1	0	1	0	0	0	1	0	0	0	0	0	0	0	1	0	0	0	1	1	1	0	1	0	0
L7	SRR33712718	40	0	0	0	0	0	0	0	0	0	0	0	0	0	0	0	0	0	0	0	0	0	0	0	0	0	0	0	0	0	0	0	0	0	0	0	0	0	0	0	0	0	0	0	0	0	0	0	0	0	0	0	0	0	0	0	0	0	0	0	0	0	0	0	0	0	0	0	0	0	0	0	0	0	0	0	0	0	0	0	0	0	0	0	0	0	0	0	0	0	0	0	0	0	0	0	0	0	0
L7	ERR1200604	40	2	0	0	0	0	0	0	0	0	0	0	0	0	0	0	0	0	0	0	0	0	0	0	0	0	0	0	0	0	0	0	0	0	0	0	0	0	0	0	0	0	0	0	0	0	0	1	0	0	0	0	0	0	0	0	0	0	0	0	0	0	0	0	0	0	0	0	0	0	0	0	0	0	0	0	0	0	0	0	1	0	0	0	0	0	0	0	0	0	0	0	0	0	0	0	0	0	0
L7	ERR1200608	40	0	0	0	0	0	0	0	0	0	0	0	0	0	0	0	0	0	0	0	0	0	0	0	0	0	0	0	0	0	0	0	0	0	0	0	0	0	0	0	0	0	0	0	0	0	0	0	0	0	0	0	0	0	0	0	0	0	0	0	0	0	0	0	0	0	0	0	0	0	0	0	0	0	0	0	0	0	0	0	0	0	0	0	0	0	0	0	0	0	0	0	0	0	0	0	0	0	0
L7	ERR1971849	40	120	0	0	1	3	0	2	2	6	1	1	1	3	1	1	1	1	0	0	0	0	1	0	0	2	0	2	0	1	1	0	2	0	0	2	3	5	0	4	4	5	1	5	6	11	2	0	4	1	0	0	1	0	0	0	0	0	0	0	0	0	0	0	0	1	1	0	2	2	1	1	0	1	1	1	2	5	1	0	1	1	0	0	0	1	0	0	4	1	1	1	0	1	0	0	1	2	0
L7	SRR33750182	40	29	0	0	0	0	0	0	1	0	0	0	0	0	1	0	0	1	0	0	1	0	0	0	0	0	0	0	0	0	1	0	0	0	0	0	1	1	1	2	0	2	1	1	1	1	0	0	1	3	0	0	1	0	0	0	0	0	0	0	0	0	0	0	0	0	0	0	1	0	0	0	0	0	0	0	1	0	0	0	0	0	0	0	0	0	0	0	0	2	0	0	3	1	0	0	0	0	0
L7	SRR18911237	40	0	0	0	0	0	0	0	0	0	0	0	0	0	0	0	0	0	0	0	0	0	0	0	0	0	0	0	0	0	0	0	0	0	0	0	0	0	0	0	0	0	0	0	0	0	0	0	0	0	0	0	0	0	0	0	0	0	0	0	0	0	0	0	0	0	0	0	0	0	0	0	0	0	0	0	0	0	0	0	0	0	0	0	0	0	0	0	0	0	0	0	0	0	0	0	0	0	0
L7	ERR2704710	40	0	0	0	0	0	0	0	0	0	0	0	0	0	0	0	0	0	0	0	0	0	0	0	0	0	0	0	0	0	0	0	0	0	0	0	0	0	0	0	0	0	0	0	0	0	0	0	0	0	0	0	0	0	0	0	0	0	0	0	0	0	0	0	0	0	0	0	0	0	0	0	0	0	0	0	0	0	0	0	0	0	0	0	0	0	0	0	0	0	0	0	0	0	0	0	0	0	0
L7	ERR1971855	40	23	0	0	0	0	0	1	0	0	0	0	1	0	0	0	0	0	0	0	0	0	1	0	0	0	0	0	0	0	0	0	0	0	0	0	1	2	1	1	0	0	1	1	2	2	1	1	2	1	0	0	0	0	0	0	0	0	0	0	1	0	0	0	0	0	0	0	0	0	0	0	0	0	0	0	0	0	1	0	0	0	0	0	0	0	0	0	0	0	1	0	1	0	0	0	0	0	0
L7	ERR1971874	40	92	0	0	0	0	0	0	0	5	0	1	3	2	1	0	0	2	0	0	1	1	0	0	1	0	0	0	0	0	0	1	1	1	0	2	4	6	2	3	1	2	4	4	5	7	0	2	3	2	1	0	0	0	0	0	0	0	0	0	0	0	0	0	0	0	0	0	0	1	0	0	0	1	1	1	2	3	1	0	1	0	1	0	0	2	0	0	2	0	3	0	1	2	0	1	1	0	0
L7	ERR11044943	40	39	0	0	0	0	0	0	1	0	0	1	0	1	1	0	1	0	0	0	0	0	0	0	0	0	0	1	0	0	1	0	0	0	0	0	2	2	1	1	1	3	0	1	1	4	1	0	1	0	0	0	1	0	0	0	0	0	0	0	0	0	0	0	0	0	0	0	1	0	1	0	0	1	0	0	0	0	1	0	0	1	0	0	0	0	0	0	1	1	1	0	2	0	1	0	0	2	0
L7	ERR11049146	40	74	0	1	1	1	0	0	0	2	1	1	0	1	1	2	1	1	1	0	3	0	0	0	0	0	0	0	1	1	1	1	0	0	1	1	0	2	1	3	1	4	1	3	5	2	2	1	1	3	0	0	0	0	0	0	0	0	0	1	0	0	0	0	0	0	0	0	0	0	0	0	0	0	0	1	1	4	1	0	1	3	0	0	0	0	0	1	0	0	1	0	3	1	1	1	0	0	2
L7	ERR1971872	40	59	0	1	1	0	1	0	1	2	1	2	1	1	0	0	0	0	0	0	1	0	0	1	0	0	0	0	1	0	1	0	0	0	0	1	2	1	0	2	1	4	1	1	1	3	1	0	0	4	1	0	0	0	0	0	0	0	0	0	0	0	0	0	0	1	0	0	1	0	0	0	0	1	0	1	3	3	0	0	0	1	0	0	1	1	0	0	1	0	2	0	2	0	0	0	2	1	0
L7	ERR234681	40	29	0	0	0	2	0	0	0	0	0	1	0	4	0	0	0	0	0	0	1	0	0	1	1	0	0	1	1	1	0	0	0	0	0	1	0	2	0	1	0	0	1	2	1	1	0	0	0	1	0	0	0	0	0	1	0	0	0	0	0	0	0	0	0	0	1	0	0	1	2	0	0	0	0	0	0	0	0	0	0	0	0	0	0	1	0	0	0	0	0	0	0	0	0	0	0	0	0
L7	ERR1200625	40	40	0	1	0	1	0	0	0	2	0	0	0	2	0	1	0	0	0	0	0	0	0	0	0	0	0	1	0	0	0	0	0	0	0	2	2	0	0	1	3	6	1	1	3	0	1	0	0	2	0	0	0	0	0	0	0	0	0	0	0	0	0	0	0	0	0	0	0	0	0	1	0	0	0	0	0	2	0	0	0	1	0	0	0	1	0	0	1	2	0	0	0	0	0	0	1	1	0
L7	ERR2704711	40	0	0	0	0	0	0	0	0	0	0	0	0	0	0	0	0	0	0	0	0	0	0	0	0	0	0	0	0	0	0	0	0	0	0	0	0	0	0	0	0	0	0	0	0	0	0	0	0	0	0	0	0	0	0	0	0	0	0	0	0	0	0	0	0	0	0	0	0	0	0	0	0	0	0	0	0	0	0	0	0	0	0	0	0	0	0	0	0	0	0	0	0	0	0	0	0	0	0
L7	ERR1971857	40	32	0	0	0	1	0	1	0	1	0	0	0	0	0	0	0	1	0	0	0	0	0	0	0	0	0	1	0	0	1	0	2	0	0	0	1	0	1	0	0	1	0	0	2	0	1	0	0	0	0	0	0	0	0	0	0	0	0	0	0	0	0	0	0	0	0	0	0	0	0	0	0	2	0	1	3	2	1	0	0	0	0	1	0	0	0	0	1	1	2	0	1	1	1	0	1	0	0
L7	ERR1971862	40	39	0	0	0	0	0	0	0	0	0	0	1	1	0	0	0	0	0	1	2	1	0	0	0	0	0	0	0	0	0	0	0	1	1	2	1	4	0	3	1	1	3	0	1	0	1	0	1	1	0	0	0	0	0	0	0	0	0	0	0	0	0	0	0	0	0	0	0	2	0	0	0	0	1	0	2	3	0	0	0	0	0	0	1	1	0	0	0	0	0	0	1	0	0	0	1	0	0
L7	ERR159958	40	0	0	0	0	0	0	0	0	0	0	0	0	0	0	0	0	0	0	0	0	0	0	0	0	0	0	0	0	0	0	0	0	0	0	0	0	0	0	0	0	0	0	0	0	0	0	0	0	0	0	0	0	0	0	0	0	0	0	0	0	0	0	0	0	0	0	0	0	0	0	0	0	0	0	0	0	0	0	0	0	0	0	0	0	0	0	0	0	0	0	0	0	0	0	0	0	0	0
L7	ERR1971865	40	18	0	0	0	1	0	1	1	0	0	0	0	0	0	0	0	0	0	0	0	0	0	0	0	0	0	0	0	0	0	0	0	0	0	0	0	0	0	0	0	1	0	0	4	0	1	0	0	2	1	0	0	0	0	0	0	0	0	0	0	0	0	0	0	0	0	0	0	0	0	0	1	0	0	0	1	2	1	0	0	0	0	0	0	0	0	0	0	0	0	1	0	0	0	0	0	0	0
L7	ERR1200613	40	13	0	0	0	0	0	0	0	0	1	0	0	1	0	0	0	2	0	0	0	0	0	0	0	0	0	0	1	0	0	0	0	0	0	0	0	0	0	0	0	2	0	0	0	0	0	0	0	0	1	0	0	0	0	0	0	0	0	0	0	0	0	0	0	0	0	0	0	0	0	0	0	0	0	0	1	1	1	0	1	0	0	0	1	0	0	0	0	0	0	0	0	0	0	0	0	0	0
L7	ERR233346	40	38	0	0	0	2	1	1	1	1	0	1	2	1	0	0	0	0	0	0	0	0	0	1	0	0	0	0	0	1	0	0	1	0	0	1	0	0	0	0	1	3	1	2	1	3	0	1	0	2	0	0	0	0	0	0	0	0	0	0	0	0	0	0	0	0	0	0	0	0	2	0	0	1	0	0	0	0	0	0	0	1	0	0	0	0	0	1	0	0	1	0	1	1	0	0	1	1	0
L7	ERR1200617	40	74	0	1	2	1	0	0	2	1	1	0	2	2	0	0	0	2	0	0	0	0	0	3	1	1	0	0	0	0	0	1	1	1	0	2	1	4	0	1	2	3	0	0	2	4	1	0	1	1	0	0	0	0	0	0	0	1	0	0	0	0	0	0	0	0	0	0	1	2	1	0	1	1	0	1	0	6	1	1	1	2	0	0	1	0	0	2	0	2	0	1	2	0	0	0	3	0	0
L7	ERR11068585	40	39	0	0	0	1	0	0	0	2	0	1	1	0	0	0	0	0	0	0	2	0	1	0	0	0	0	0	1	0	0	0	0	0	0	0	2	0	0	0	1	3	2	0	2	1	2	1	0	2	0	0	0	0	0	0	0	0	0	0	0	0	0	0	0	0	0	0	0	0	0	0	0	0	1	0	1	1	1	0	0	0	0	0	0	0	1	0	2	1	1	1	3	0	1	0	0	0	0
L7	ERR1200640	40	24	0	0	0	0	0	0	0	0	0	0	0	2	0	0	0	0	0	0	1	0	0	0	0	1	0	0	0	1	0	0	0	1	0	0	0	1	1	1	1	2	0	1	0	3	0	1	2	0	0	0	0	0	0	0	0	0	0	0	0	0	0	0	0	0	0	0	0	0	0	0	1	0	0	0	0	1	0	0	0	0	0	0	0	0	0	0	1	1	0	1	0	0	0	0	0	0	0
L7	ERR1200631	40	52	0	0	0	0	0	0	0	0	0	1	1	2	0	1	0	0	0	0	0	0	0	0	0	0	0	1	0	1	0	0	0	0	0	1	3	1	0	0	2	3	1	1	2	5	2	0	4	0	0	0	0	0	0	0	0	0	0	0	0	0	0	0	0	0	0	0	1	1	0	0	0	1	0	0	1	1	2	2	0	0	0	0	3	0	0	1	3	1	0	0	0	3	0	0	0	0	0
L7	ERR159959	40	11	0	0	0	0	0	0	2	0	0	0	0	0	0	0	0	0	2	0	0	0	0	0	0	0	0	0	0	0	1	0	0	0	0	0	0	0	0	0	0	2	0	0	0	2	0	0	0	0	0	0	0	0	0	0	0	0	0	0	0	0	0	0	0	0	0	0	0	0	0	0	0	0	0	0	0	0	0	0	0	0	0	0	0	0	0	0	0	0	0	0	0	1	0	0	1	0	0
L7	ERR1200602	40	39	0	1	0	0	0	0	0	0	0	0	1	1	0	0	0	0	0	0	0	0	0	1	0	0	1	0	0	1	0	0	0	0	0	1	0	1	0	4	0	2	0	3	5	3	1	1	1	1	1	0	0	0	0	0	0	0	0	0	0	0	0	0	0	0	0	0	1	0	0	0	0	0	0	1	0	1	0	0	0	0	0	0	0	0	0	0	2	0	0	0	1	1	0	1	1	0	0
L7	ERR1971869	40	8	0	0	0	0	0	0	0	1	0	0	0	0	0	0	0	0	0	0	0	0	0	0	0	0	0	0	0	0	0	0	0	0	0	1	0	0	0	0	0	2	0	0	0	1	1	0	0	0	0	0	0	0	0	0	0	0	0	0	0	0	0	0	0	0	0	0	0	0	0	0	0	0	0	0	0	0	0	0	0	1	0	0	0	0	1	0	0	0	0	0	0	0	0	0	0	0	0
L7	ERR3323719	40	0	0	0	0	0	0	0	0	0	0	0	0	0	0	0	0	0	0	0	0	0	0	0	0	0	0	0	0	0	0	0	0	0	0	0	0	0	0	0	0	0	0	0	0	0	0	0	0	0	0	0	0	0	0	0	0	0	0	0	0	0	0	0	0	0	0	0	0	0	0	0	0	0	0	0	0	0	0	0	0	0	0	0	0	0	0	0	0	0	0	0	0	0	0	0	0	0	0
L7	ERR1200612	40	45	0	0	0	0	0	1	0	2	1	2	0	1	0	0	0	2	0	0	0	0	0	1	0	0	0	0	0	0	1	0	0	0	0	1	2	2	1	2	0	4	1	3	2	6	1	0	1	1	0	0	0	0	0	0	0	0	0	0	0	0	0	0	0	0	0	0	1	0	0	0	0	0	0	0	0	0	0	0	0	0	0	0	0	0	1	0	2	0	0	0	0	0	0	0	2	1	0
L7	ERR1971863	40	44	0	0	0	0	1	1	2	2	0	1	0	1	0	0	0	0	0	0	1	0	0	0	0	1	0	0	2	1	0	1	0	1	0	0	0	1	0	1	2	1	0	0	2	4	1	1	0	2	0	0	0	0	0	0	0	0	0	0	0	0	0	0	0	0	0	0	2	1	0	0	0	0	0	0	0	3	0	0	0	2	0	0	1	0	0	0	0	1	0	0	1	0	1	0	2	0	0
L7	ERR756348	40	26	0	0	0	0	0	0	0	1	0	0	0	1	0	0	0	0	0	0	1	0	0	0	0	1	1	0	1	0	0	0	0	0	0	0	2	1	0	0	1	1	0	2	1	4	0	2	0	1	1	0	0	0	0	0	0	0	0	0	0	0	0	0	0	0	0	0	0	1	0	0	0	0	0	0	0	0	0	0	0	1	0	0	0	0	0	0	0	0	0	0	1	0	1	0	0	0	0
L7	ERR1200606	40	35	0	0	0	0	0	0	0	0	0	2	0	1	1	0	0	0	0	0	0	1	0	0	0	0	0	0	0	1	0	0	0	0	0	2	3	2	0	0	2	0	0	1	2	2	1	1	0	1	0	0	1	0	0	0	0	0	0	0	0	0	0	0	1	0	0	0	0	1	0	0	0	0	0	2	1	2	1	0	0	0	0	0	0	0	0	0	0	0	0	0	1	1	0	0	1	0	0
L7	ERR1971876	40	41	0	1	1	1	0	0	0	1	0	1	1	1	0	0	0	2	0	0	0	0	1	0	0	1	0	0	0	0	0	0	0	1	0	0	1	1	1	1	1	2	0	1	3	2	0	1	1	2	1	0	0	0	0	0	0	0	0	0	0	0	0	0	0	0	0	0	0	2	0	0	0	1	0	1	0	2	0	0	1	1	0	0	0	0	0	0	1	0	0	0	0	0	0	0	2	0	0
L8	SRR1173284	4	12	0	0	0	0	0	0	0	0	0	1	0	0	0	0	1	1	0	0	0	0	0	0	0	0	0	0	0	0	0	0	0	0	0	0	1	0	0	0	0	0	1	0	1	1	0	1	0	0	0	0	0	0	0	0	0	0	0	0	0	0	0	0	0	0	0	0	0	0	0	1	0	0	0	0	0	0	0	0	0	1	0	0	0	0	0	0	0	0	0	0	1	1	0	0	0	0	0
L8	ERR12115321	4	0	0	0	0	0	0	0	0	0	0	0	0	0	0	0	0	0	0	0	0	0	0	0	0	0	0	0	0	0	0	0	0	0	0	0	0	0	0	0	0	0	0	0	0	0	0	0	0	0	0	0	0	0	0	0	0	0	0	0	0	0	0	0	0	0	0	0	0	0	0	0	0	0	0	0	0	0	0	0	0	0	0	0	0	0	0	0	0	0	0	0	0	0	0	0	0	0	0
L8	SRR10828835	4	0	0	0	0	0	0	0	0	0	0	0	0	0	0	0	0	0	0	0	0	0	0	0	0	0	0	0	0	0	0	0	0	0	0	0	0	0	0	0	0	0	0	0	0	0	0	0	0	0	0	0	0	0	0	0	0	0	0	0	0	0	0	0	0	0	0	0	0	0	0	0	0	0	0	0	0	0	0	0	0	0	0	0	0	0	0	0	0	0	0	0	0	0	0	0	0	0	0
L8	SRR1173725	4	2	0	0	0	0	0	0	0	0	0	0	0	0	0	0	0	0	0	0	0	0	0	0	0	0	0	0	0	0	0	0	0	0	0	0	0	0	0	0	0	0	1	1	0	0	0	0	0	0	0	0	0	0	0	0	0	0	0	0	0	0	0	0	0	0	0	0	0	0	0	0	0	0	0	0	0	0	0	0	0	0	0	0	0	0	0	0	0	0	0	0	0	0	0	0	0	0	0
L9	ERR181314	36	245	0	1	3	2	0	2	3	6	0	4	3	9	2	1	1	3	0	1	1	1	2	0	1	2	1	0	3	1	0	0	0	0	1	4	13	13	1	4	9	22	3	4	21	15	6	3	6	9	6	0	1	0	0	1	0	2	3	0	0	0	0	0	0	1	0	1	3	3	1	0	3	1	3	2	4	6	3	1	1	3	0	0	1	1	0	0	2	1	0	0	2	1	0	0	1	0	0
L9	ERR4192405	36	65	0	2	1	0	0	1	1	1	0	1	0	1	1	0	0	0	0	0	0	0	0	0	0	1	1	0	1	2	0	1	0	2	0	1	1	2	0	7	0	3	0	0	1	3	2	2	3	5	1	0	0	0	0	0	0	1	0	0	0	0	0	0	0	1	0	0	0	0	0	0	2	1	1	2	3	0	1	0	0	0	0	0	0	0	0	0	2	0	0	0	2	1	0	0	0	0	0
L9	ERR11067436	36	36	0	0	0	0	0	0	0	3	0	0	1	0	1	0	0	0	1	1	0	0	0	0	0	0	1	0	1	1	0	0	0	0	0	1	1	3	0	0	0	6	2	0	0	1	1	1	0	4	0	0	0	0	0	0	0	0	0	0	0	0	0	0	0	0	0	0	0	0	0	0	0	1	1	0	0	0	1	0	0	0	0	0	0	0	0	0	0	0	0	0	3	0	0	0	0	0	0
L9	ERR5336156	36	34	0	0	0	0	0	0	0	2	0	1	2	0	0	1	0	0	0	0	0	0	0	0	1	1	0	0	1	0	1	0	0	0	0	2	1	0	0	2	1	3	0	5	1	1	2	1	0	1	0	0	0	0	0	0	0	0	0	0	0	0	0	0	0	0	0	0	0	0	0	1	0	0	0	2	1	0	0	0	0	0	0	0	0	0	0	0	0	0	0	0	0	0	0	0	0	0	0
L9	SRR24827312	36	0	0	0	0	0	0	0	0	0	0	0	0	0	0	0	0	0	0	0	0	0	0	0	0	0	0	0	0	0	0	0	0	0	0	0	0	0	0	0	0	0	0	0	0	0	0	0	0	0	0	0	0	0	0	0	0	0	0	0	0	0	0	0	0	0	0	0	0	0	0	0	0	0	0	0	0	0	0	0	0	0	0	0	0	0	0	0	0	0	0	0	0	0	0	0	0	0	0
L9	ERR4162024	36	0	0	0	0	0	0	0	0	0	0	0	0	0	0	0	0	0	0	0	0	0	0	0	0	0	0	0	0	0	0	0	0	0	0	0	0	0	0	0	0	0	0	0	0	0	0	0	0	0	0	0	0	0	0	0	0	0	0	0	0	0	0	0	0	0	0	0	0	0	0	0	0	0	0	0	0	0	0	0	0	0	0	0	0	0	0	0	0	0	0	0	0	0	0	0	0	0	0
L9	ERR11068658	36	0	0	0	0	0	0	0	0	0	0	0	0	0	0	0	0	0	0	0	0	0	0	0	0	0	0	0	0	0	0	0	0	0	0	0	0	0	0	0	0	0	0	0	0	0	0	0	0	0	0	0	0	0	0	0	0	0	0	0	0	0	0	0	0	0	0	0	0	0	0	0	0	0	0	0	0	0	0	0	0	0	0	0	0	0	0	0	0	0	0	0	0	0	0	0	0	0	0
L9	ERR11067662	36	0	0	0	0	0	0	0	0	0	0	0	0	0	0	0	0	0	0	0	0	0	0	0	0	0	0	0	0	0	0	0	0	0	0	0	0	0	0	0	0	0	0	0	0	0	0	0	0	0	0	0	0	0	0	0	0	0	0	0	0	0	0	0	0	0	0	0	0	0	0	0	0	0	0	0	0	0	0	0	0	0	0	0	0	0	0	0	0	0	0	0	0	0	0	0	0	0	0
L9	SRR29440608	36	103	0	1	0	1	0	1	2	2	0	0	2	2	0	1	1	1	0	0	0	0	0	0	1	0	0	0	1	0	1	0	0	1	1	3	4	4	2	1	2	8	6	8	3	7	4	0	2	6	1	0	1	0	0	0	0	1	1	0	0	0	0	0	0	0	0	0	1	2	0	0	2	0	0	1	1	4	1	0	0	1	0	0	0	0	0	0	1	2	0	0	0	1	1	0	0	2	0
L9	SRR27450487	36	72	0	1	0	2	0	1	1	1	0	0	0	0	0	2	0	0	0	0	0	0	0	0	0	0	0	0	0	1	0	0	1	0	0	2	4	3	1	1	3	6	2	3	7	4	1	3	0	5	1	0	1	0	0	0	0	0	0	0	0	0	0	0	1	0	0	1	0	1	0	0	0	0	0	1	1	3	2	1	0	1	0	0	0	0	0	0	0	0	0	1	0	2	0	0	0	0	0
L9	SRR33868735	36	18	0	1	0	0	0	0	0	0	0	0	0	0	0	0	0	0	0	0	0	0	0	0	0	0	1	0	1	0	0	0	0	0	0	0	0	1	1	1	1	1	1	1	1	1	0	0	1	2	0	0	0	0	0	0	0	0	0	0	0	0	0	0	0	0	0	0	0	0	0	0	0	0	0	0	2	0	0	0	0	0	0	0	0	0	0	0	0	1	0	0	0	0	0	0	0	0	0
L9	ERR11050611	36	71	0	0	2	0	0	0	1	1	0	0	1	0	1	0	0	0	0	0	0	0	0	1	0	0	1	1	0	2	0	0	1	1	0	0	4	4	0	3	3	7	2	2	3	9	2	1	1	4	0	0	0	0	0	0	0	0	0	0	0	0	0	0	0	0	0	0	1	0	1	0	2	1	1	0	1	2	0	0	0	2	0	0	0	0	0	0	1	0	0	0	0	0	0	0	0	1	0
L9	ERR5336149	36	102	0	0	2	1	1	1	0	4	0	1	2	5	0	1	1	1	1	1	1	0	0	1	0	0	0	0	1	0	0	0	2	1	0	2	3	4	0	8	1	10	2	3	4	6	4	5	0	2	1	0	0	0	0	0	0	0	0	0	0	0	0	0	0	0	0	0	1	1	0	0	0	1	0	3	5	0	1	1	1	1	0	0	0	0	0	0	1	1	0	0	0	1	1	0	0	0	0
L9	ERR11049065	36	8	0	0	0	0	0	0	0	1	0	0	0	1	0	0	0	0	0	0	0	0	0	0	0	0	0	0	0	0	0	0	0	0	0	0	0	0	1	0	0	0	0	1	0	1	0	0	0	1	0	0	0	0	0	0	0	0	0	0	0	1	0	0	0	1	0	0	0	0	0	0	0	0	0	0	0	0	0	0	0	0	0	0	0	0	0	0	0	0	0	0	0	0	0	0	0	0	0
L9	ERR11050686	36	0	0	0	0	0	0	0	0	0	0	0	0	0	0	0	0	0	0	0	0	0	0	0	0	0	0	0	0	0	0	0	0	0	0	0	0	0	0	0	0	0	0	0	0	0	0	0	0	0	0	0	0	0	0	0	0	0	0	0	0	0	0	0	0	0	0	0	0	0	0	0	0	0	0	0	0	0	0	0	0	0	0	0	0	0	0	0	0	0	0	0	0	0	0	0	0	0	0
L9	SRR33568782	36	54	0	0	0	0	0	0	0	3	0	0	2	1	0	0	0	0	0	0	1	1	0	0	1	0	0	1	0	1	0	0	0	0	0	1	7	0	0	3	4	5	3	2	4	1	0	0	2	4	0	0	0	0	0	0	0	1	0	0	0	0	0	0	0	0	0	0	0	0	0	0	0	0	0	1	0	1	1	0	0	1	0	0	0	0	0	0	0	0	0	0	2	0	0	0	0	0	0
L9	SRR29441077	36	16	0	0	0	1	0	0	1	0	0	0	0	1	0	0	0	0	0	0	0	0	0	0	0	0	0	0	0	0	0	1	0	0	0	0	2	0	0	0	0	0	0	1	0	2	1	0	1	0	1	0	0	0	0	0	0	0	0	0	0	0	1	0	0	0	0	0	1	0	0	0	0	0	0	0	0	0	0	0	0	1	0	0	0	0	1	0	0	0	0	0	0	0	0	0	0	0	0
L9	ERR12268344	36	104	0	2	0	1	0	1	0	1	0	0	3	2	0	0	0	0	0	0	0	1	0	1	1	1	0	0	1	1	0	1	0	0	0	2	5	6	4	8	4	8	3	3	6	12	3	2	2	2	3	0	0	0	0	0	1	0	0	0	0	0	0	0	0	0	0	0	0	0	0	1	0	1	0	1	1	2	2	0	1	0	0	0	0	0	0	1	1	0	0	0	0	1	1	0	0	0	0
L9	ERR5336155	36	93	0	0	3	1	2	0	0	2	0	1	3	1	2	0	0	0	0	0	0	0	0	0	0	0	0	0	1	0	0	1	0	0	0	2	6	11	2	3	3	7	1	5	4	2	3	1	3	5	5	0	0	0	0	0	0	0	0	0	0	0	0	0	0	0	0	0	2	0	0	0	0	0	1	1	2	1	1	0	0	1	0	0	0	0	0	0	1	0	0	0	1	1	0	0	0	1	0
L9	ERR11049704	36	1	0	0	0	0	0	0	0	0	0	0	0	0	0	0	0	0	0	0	0	0	0	0	0	0	0	0	0	0	0	0	0	0	0	0	0	0	0	1	0	0	0	0	0	0	0	0	0	0	0	0	0	0	0	0	0	0	0	0	0	0	0	0	0	0	0	0	0	0	0	0	0	0	0	0	0	0	0	0	0	0	0	0	0	0	0	0	0	0	0	0	0	0	0	0	0	0	0
L9	ERR2514391	36	39	0	0	2	2	0	0	0	0	0	1	1	1	0	0	0	0	0	0	0	0	0	0	0	0	0	0	1	2	0	0	0	0	0	0	2	2	0	2	2	3	1	0	5	2	0	0	0	2	0	0	0	0	0	0	0	0	0	0	0	0	0	0	0	0	0	0	0	2	0	0	0	1	0	1	1	0	0	0	0	0	0	0	0	0	0	0	0	1	0	0	0	1	1	0	0	0	0
L9	ERR11068147	36	1	0	0	0	0	0	0	0	0	1	0	0	0	0	0	0	0	0	0	0	0	0	0	0	0	0	0	0	0	0	0	0	0	0	0	0	0	0	0	0	0	0	0	0	0	0	0	0	0	0	0	0	0	0	0	0	0	0	0	0	0	0	0	0	0	0	0	0	0	0	0	0	0	0	0	0	0	0	0	0	0	0	0	0	0	0	0	0	0	0	0	0	0	0	0	0	0	0
L9	SRR28868537	36	68	0	0	1	1	0	1	0	0	0	2	0	0	1	0	0	1	0	1	0	0	0	0	1	0	0	0	0	0	1	0	0	0	0	2	2	2	1	3	4	4	2	1	4	5	3	3	0	3	1	0	0	0	0	0	0	0	0	0	0	0	0	0	0	0	0	1	1	0	0	0	1	1	0	0	2	1	0	0	1	0	0	0	0	1	0	1	0	0	1	0	2	2	2	0	0	0	1
L9	ERR4192384	36	70	0	1	1	0	0	0	0	3	0	0	1	1	0	0	0	1	0	0	0	0	0	0	2	1	0	0	0	0	0	0	0	1	0	1	4	4	1	3	1	8	1	4	2	10	2	0	1	3	0	0	0	0	0	0	0	0	0	0	0	1	0	0	0	0	0	1	2	2	0	0	0	2	0	0	0	2	0	0	0	0	0	0	0	0	0	0	0	2	0	0	1	0	0	0	0	0	0
L9	SRR7069552	36	114	0	1	4	4	0	0	0	1	0	2	2	1	0	0	0	0	0	0	1	1	0	0	2	1	1	0	1	3	2	0	0	1	1	1	3	13	2	6	3	7	3	4	4	7	0	4	3	4	0	0	0	0	0	0	0	0	0	0	0	0	0	0	0	0	0	0	0	1	0	1	0	0	0	1	2	2	1	0	1	1	0	0	0	0	0	1	0	1	2	1	1	1	1	0	2	1	0
L9	ERR11068827	36	74	0	0	0	0	0	1	0	2	0	1	1	1	0	2	0	2	0	0	0	1	0	0	0	2	0	0	0	1	0	0	0	2	0	5	2	7	0	1	1	4	2	1	4	4	1	5	2	6	1	0	0	0	0	0	0	0	0	0	0	0	0	0	0	0	0	2	2	0	0	0	0	1	0	2	1	1	0	0	1	0	0	0	0	0	0	0	0	0	0	0	0	2	0	0	0	0	0
L9	SRR30770920	36	22	0	0	0	0	0	0	0	0	0	0	0	0	0	0	0	0	0	0	0	0	0	0	0	1	1	1	0	0	0	0	0	0	1	0	0	0	0	0	2	3	0	0	1	2	2	0	0	1	0	0	0	0	0	0	0	0	0	0	0	0	0	0	0	0	0	0	2	1	0	0	1	0	0	0	0	0	2	0	0	0	0	0	0	0	0	0	0	1	0	0	0	0	0	0	0	0	0
L9	ERR11068831	36	0	0	0	0	0	0	0	0	0	0	0	0	0	0	0	0	0	0	0	0	0	0	0	0	0	0	0	0	0	0	0	0	0	0	0	0	0	0	0	0	0	0	0	0	0	0	0	0	0	0	0	0	0	0	0	0	0	0	0	0	0	0	0	0	0	0	0	0	0	0	0	0	0	0	0	0	0	0	0	0	0	0	0	0	0	0	0	0	0	0	0	0	0	0	0	0	0	0
L9	SRR33763079	36	0	0	0	0	0	0	0	0	0	0	0	0	0	0	0	0	0	0	0	0	0	0	0	0	0	0	0	0	0	0	0	0	0	0	0	0	0	0	0	0	0	0	0	0	0	0	0	0	0	0	0	0	0	0	0	0	0	0	0	0	0	0	0	0	0	0	0	0	0	0	0	0	0	0	0	0	0	0	0	0	0	0	0	0	0	0	0	0	0	0	0	0	0	0	0	0	0	0
L9	ERR11050883	36	0	0	0	0	0	0	0	0	0	0	0	0	0	0	0	0	0	0	0	0	0	0	0	0	0	0	0	0	0	0	0	0	0	0	0	0	0	0	0	0	0	0	0	0	0	0	0	0	0	0	0	0	0	0	0	0	0	0	0	0	0	0	0	0	0	0	0	0	0	0	0	0	0	0	0	0	0	0	0	0	0	0	0	0	0	0	0	0	0	0	0	0	0	0	0	0	0	0
L9	ERR11044073	36	76	0	0	2	1	0	0	1	1	0	1	0	3	0	1	0	2	0	0	0	0	0	0	0	2	0	0	1	1	0	0	0	1	0	2	2	4	0	0	4	8	2	4	2	8	2	0	0	2	0	0	0	0	0	0	0	1	0	0	0	1	0	0	0	0	0	0	1	1	1	0	1	2	0	1	1	3	0	0	1	0	0	0	0	0	0	0	0	0	2	0	3	0	0	0	0	0	0
L9	ERR11067828	36	1	0	0	0	0	0	0	0	0	0	0	0	0	0	0	0	0	0	0	0	0	0	0	0	0	0	0	0	0	0	0	0	0	0	0	0	0	0	0	0	0	0	0	0	0	0	0	0	1	0	0	0	0	0	0	0	0	0	0	0	0	0	0	0	0	0	0	0	0	0	0	0	0	0	0	0	0	0	0	0	0	0	0	0	0	0	0	0	0	0	0	0	0	0	0	0	0	0
L9	ERR12115323	36	1	0	0	0	0	0	0	0	0	0	0	0	0	0	0	0	0	0	0	0	0	0	0	0	0	0	0	0	0	0	0	0	0	0	0	0	0	0	0	0	0	0	0	0	0	0	0	0	0	1	0	0	0	0	0	0	0	0	0	0	0	0	0	0	0	0	0	0	0	0	0	0	0	0	0	0	0	0	0	0	0	0	0	0	0	0	0	0	0	0	0	0	0	0	0	0	0	0
L9	ERR11049892	36	25	0	0	0	0	1	1	1	0	0	0	0	0	0	0	0	0	0	0	0	0	1	1	0	0	0	0	0	0	0	0	0	0	1	0	1	3	0	0	0	0	0	1	1	3	0	0	0	3	1	0	0	0	0	0	0	0	0	0	0	0	0	0	0	0	0	0	2	0	0	0	0	0	0	0	0	2	0	0	0	1	0	0	0	0	0	0	0	1	0	0	0	0	0	0	0	0	0
L9	SRR33891088	36	81	0	0	2	1	0	0	0	2	0	0	1	2	0	0	0	2	0	0	0	0	0	1	1	0	0	0	0	1	0	1	0	1	0	0	1	8	0	3	1	10	2	3	4	9	0	2	1	4	0	0	0	0	0	0	0	0	0	0	0	0	0	0	0	0	0	1	1	1	0	1	0	0	0	2	0	4	1	0	1	1	1	0	0	0	0	1	0	1	0	0	1	1	0	0	0	0	0
L9	SRR33600830	36	70	0	1	0	0	0	1	0	0	0	3	2	4	1	0	0	1	0	1	1	0	0	0	0	1	1	4	0	0	1	1	0	3	0	1	3	3	1	2	2	0	2	1	5	2	0	1	2	8	0	0	0	0	0	0	0	0	0	0	0	0	0	0	0	0	0	0	1	0	0	0	0	1	0	1	2	1	0	0	0	0	0	1	0	1	1	0	1	0	0	0	0	0	0	0	1	0	0
Bovis	ERR4772237	40	262	0	0	2	1	1	2	2	3	1	2	0	2	0	1	0	1	0	0	1	2	0	1	2	5	0	0	3	3	1	1	0	1	1	4	9	7	5	10	6	27	2	12	10	14	6	1	5	9	4	0	2	0	0	0	0	0	0	1	0	0	0	0	0	1	0	4	5	5	2	1	3	2	3	6	19	14	5	1	0	3	0	0	0	2	0	0	0	2	0	0	6	2	2	0	0	1	0
Bovis	ERR6338304	40	5	0	0	1	0	0	0	0	0	0	0	0	0	0	0	0	0	0	0	0	0	0	0	0	0	0	0	0	0	0	0	0	0	0	1	0	0	0	0	0	0	1	0	0	0	0	0	0	0	0	0	0	0	0	0	0	0	0	0	0	0	0	0	0	0	0	0	0	0	0	0	0	0	0	0	1	1	0	0	0	0	0	0	0	0	0	0	0	0	0	0	0	0	0	0	0	0	0
Bovis	SRR29056296	40	1	0	0	0	0	0	0	0	0	0	0	0	0	0	0	0	0	0	0	0	0	0	0	0	0	0	0	0	0	0	0	0	0	0	0	0	0	0	0	0	0	0	0	0	0	0	0	0	0	0	0	0	0	0	0	0	0	0	0	0	0	0	0	0	0	0	0	0	0	0	0	0	0	0	0	0	0	0	0	0	0	0	0	0	0	0	0	0	1	0	0	0	0	0	0	0	0	0
Bovis	ERR841797	40	3	0	0	0	0	0	0	0	0	0	0	0	0	0	0	0	0	0	0	0	0	0	0	0	0	0	0	0	0	0	0	0	0	0	0	0	0	0	0	0	0	0	0	0	0	0	0	0	1	0	0	0	0	0	0	0	0	0	0	0	0	0	0	0	0	0	0	1	0	0	0	0	0	0	0	0	1	0	0	0	0	0	0	0	0	0	0	0	0	0	0	0	0	0	0	0	0	0
Bovis	ERR4627391	40	42	0	0	0	1	1	0	0	0	0	0	0	2	0	0	2	0	0	0	1	2	0	0	0	0	0	0	1	0	0	0	0	1	0	0	4	3	0	1	3	1	0	0	2	0	2	0	0	1	1	0	0	0	0	0	1	0	0	0	0	0	0	0	0	0	0	0	0	1	0	0	0	0	0	1	2	5	0	0	0	0	0	0	0	0	0	0	3	0	0	0	0	0	0	0	0	0	0
Bovis	SRR28409558	40	2	0	0	1	0	0	0	0	0	0	0	0	0	0	0	0	0	0	0	0	0	0	0	0	0	0	0	0	0	0	0	0	0	0	0	0	0	0	0	0	0	0	0	0	0	0	0	0	0	0	0	0	0	0	0	0	0	0	0	0	0	0	0	0	0	0	0	0	0	0	0	0	0	0	0	0	1	0	0	0	0	0	0	0	0	0	0	0	0	0	0	0	0	0	0	0	0	0
Bovis	ERR5087645	40	68	1	0	0	0	0	0	0	1	0	0	0	1	0	0	1	3	0	0	2	0	0	0	0	0	0	0	0	0	0	0	0	0	0	2	1	4	0	2	4	3	3	3	3	8	1	1	0	7	1	0	0	0	0	0	0	0	0	0	0	0	0	0	0	0	0	0	0	1	0	0	1	0	1	0	3	2	2	0	2	0	0	0	1	0	0	0	0	0	0	0	2	1	0	0	0	1	0
Bovis	ERR4187623	40	51	0	0	0	2	0	0	0	0	0	0	1	1	0	0	0	0	0	1	1	0	0	2	0	2	0	0	0	0	1	0	1	0	0	0	1	1	0	1	2	0	1	1	1	3	1	0	1	5	0	0	0	0	0	0	0	0	0	0	1	0	0	0	0	0	0	0	0	0	0	0	3	1	1	0	4	2	2	1	1	0	0	0	0	0	0	0	0	0	1	0	2	1	0	0	0	1	0
Bovis	SRR23174329	40	0	0	0	0	0	0	0	0	0	0	0	0	0	0	0	0	0	0	0	0	0	0	0	0	0	0	0	0	0	0	0	0	0	0	0	0	0	0	0	0	0	0	0	0	0	0	0	0	0	0	0	0	0	0	0	0	0	0	0	0	0	0	0	0	0	0	0	0	0	0	0	0	0	0	0	0	0	0	0	0	0	0	0	0	0	0	0	0	0	0	0	0	0	0	0	0	0	0
Bovis	ERR192092	40	8	0	0	0	0	0	0	0	0	0	0	0	1	0	0	0	0	0	0	0	0	0	0	0	0	0	0	0	0	0	0	0	0	0	0	0	1	0	0	0	0	0	0	0	0	1	0	0	1	0	0	0	0	0	0	0	0	0	0	0	0	0	0	0	0	0	0	0	0	0	0	0	0	0	1	0	1	0	0	0	0	0	0	0	0	0	0	0	0	0	0	2	0	0	0	0	0	0
Bovis	SRR16058435	40	112	0	0	0	0	0	0	1	0	0	0	1	1	1	1	0	0	0	0	0	0	0	0	2	1	0	0	0	3	0	0	0	0	0	3	2	1	3	3	4	7	1	2	10	5	3	2	1	1	1	0	0	0	0	0	0	0	0	0	0	0	0	0	0	0	0	1	3	2	0	1	0	2	1	1	7	9	3	1	3	2	0	0	0	0	1	1	1	1	1	0	2	5	2	0	1	0	1
Bovis	ERR14185893	40	6	0	0	0	0	0	1	0	0	0	0	0	1	0	0	0	0	0	0	0	0	0	0	0	0	0	0	0	0	0	0	0	0	0	0	1	0	0	0	0	0	0	0	0	2	0	0	0	0	0	0	0	0	0	0	0	0	0	0	0	0	0	0	0	0	0	0	0	0	0	0	0	0	0	0	0	0	0	0	0	0	0	0	0	0	0	0	0	0	0	0	1	0	0	0	0	0	0
Bovis	ERR11893519	40	6	0	0	0	0	0	0	0	0	0	0	0	0	0	0	0	0	0	0	0	0	0	0	0	0	0	0	0	0	0	0	0	0	0	0	0	0	0	0	0	1	0	1	0	1	0	0	0	0	0	0	0	0	0	0	0	0	0	0	0	0	0	0	0	0	0	0	1	1	0	0	0	0	0	0	0	0	1	0	0	0	0	0	0	0	0	0	0	0	0	0	0	0	0	0	0	0	0
Bovis	SRR23174434	40	0	0	0	0	0	0	0	0	0	0	0	0	0	0	0	0	0	0	0	0	0	0	0	0	0	0	0	0	0	0	0	0	0	0	0	0	0	0	0	0	0	0	0	0	0	0	0	0	0	0	0	0	0	0	0	0	0	0	0	0	0	0	0	0	0	0	0	0	0	0	0	0	0	0	0	0	0	0	0	0	0	0	0	0	0	0	0	0	0	0	0	0	0	0	0	0	0	0
Bovis	ERR4187647	40	1	0	0	0	0	0	0	0	0	0	0	0	0	0	0	1	0	0	0	0	0	0	0	0	0	0	0	0	0	0	0	0	0	0	0	0	0	0	0	0	0	0	0	0	0	0	0	0	0	0	0	0	0	0	0	0	0	0	0	0	0	0	0	0	0	0	0	0	0	0	0	0	0	0	0	0	0	0	0	0	0	0	0	0	0	0	0	0	0	0	0	0	0	0	0	0	0	0
Bovis	ERR14185470	40	50	0	0	0	1	0	0	0	1	0	0	0	0	0	0	0	0	0	0	0	1	0	1	0	1	0	0	1	0	0	0	0	1	0	0	1	1	0	1	1	2	1	3	3	4	2	0	2	3	0	0	0	1	0	0	0	0	0	0	0	0	0	0	0	0	0	0	0	0	0	0	0	0	0	1	2	5	1	0	1	2	0	0	0	0	0	0	1	0	0	1	1	1	0	0	2	0	0
Bovis	ERR4187739	40	2	0	0	0	0	0	0	0	0	0	0	0	0	0	0	0	0	0	0	0	0	0	0	0	0	0	0	0	0	0	0	0	0	0	0	0	0	0	0	0	0	0	0	0	0	0	0	0	0	0	0	0	0	0	0	0	0	0	0	0	0	0	0	0	0	0	0	0	0	0	0	0	0	0	0	2	0	0	0	0	0	0	0	0	0	0	0	0	0	0	0	0	0	0	0	0	0	0
Bovis	SRR23174332	40	0	0	0	0	0	0	0	0	0	0	0	0	0	0	0	0	0	0	0	0	0	0	0	0	0	0	0	0	0	0	0	0	0	0	0	0	0	0	0	0	0	0	0	0	0	0	0	0	0	0	0	0	0	0	0	0	0	0	0	0	0	0	0	0	0	0	0	0	0	0	0	0	0	0	0	0	0	0	0	0	0	0	0	0	0	0	0	0	0	0	0	0	0	0	0	0	0	0
Bovis	ERR3439486	40	2	0	0	0	0	0	0	0	0	0	0	0	0	0	0	0	0	0	0	0	0	0	0	0	0	0	0	0	0	0	0	0	0	0	0	0	0	0	0	0	0	0	0	0	0	0	0	0	0	0	0	0	0	0	0	0	0	0	0	0	0	0	0	0	0	0	0	0	0	0	0	0	0	0	0	0	0	2	0	0	0	0	0	0	0	0	0	0	0	0	0	0	0	0	0	0	0	0
Bovis	SRR23174276	40	4	0	0	0	0	0	0	0	0	0	0	0	0	0	0	0	1	0	0	0	0	0	0	0	0	0	0	0	0	0	0	0	0	0	0	0	0	0	0	0	0	0	0	0	0	0	0	1	0	0	0	0	0	0	0	0	0	0	0	0	0	0	0	0	0	0	0	0	0	0	0	0	0	0	0	0	1	0	0	0	1	0	0	0	0	0	0	0	0	0	0	0	0	0	0	0	0	0
Bovis	ERR6337356	40	3	0	0	0	0	0	0	0	0	0	0	0	0	0	0	0	0	0	0	0	0	0	0	0	0	0	0	0	0	0	0	0	0	0	0	0	0	0	0	0	0	0	0	0	0	0	0	0	1	0	0	0	0	0	0	0	0	0	0	0	0	0	0	0	0	0	0	0	0	0	0	0	0	0	0	0	1	0	0	1	0	0	0	0	0	0	0	0	0	0	0	0	0	0	0	0	0	0
Bovis	ERR14189916	40	8	0	0	0	0	0	0	0	0	0	0	0	0	0	0	0	0	1	0	0	0	0	0	1	0	0	0	0	0	0	0	0	0	0	0	0	0	0	0	0	0	1	1	0	0	0	1	0	0	1	0	0	0	0	0	0	0	0	0	0	0	0	0	0	0	0	0	0	0	0	0	0	0	0	0	0	0	0	0	0	0	0	0	0	0	0	0	0	0	0	1	1	0	0	0	0	0	0
Bovis	SRR7240118	40	270	0	1	1	0	2	0	1	1	0	0	2	3	1	0	0	1	1	1	2	2	0	2	1	3	1	2	6	0	1	2	0	0	1	2	3	5	2	13	5	22	8	12	14	30	3	4	5	10	3	0	0	0	1	1	0	0	1	0	0	0	0	0	0	1	0	0	5	6	1	1	3	5	2	3	14	15	3	0	7	4	1	0	4	0	0	0	1	2	1	0	5	1	2	0	1	0	0
Bovis	ERR14187704	40	2	0	0	0	0	0	0	0	0	0	0	0	0	0	0	0	0	0	0	0	0	0	0	0	0	0	0	0	0	0	0	0	0	0	0	0	0	0	0	0	0	0	0	1	0	0	0	0	0	0	0	0	0	0	0	0	0	0	0	0	0	0	0	0	0	0	0	0	0	0	0	0	0	0	0	1	0	0	0	0	0	0	0	0	0	0	0	0	0	0	0	0	0	0	0	0	0	0
Bovis	SRR14296222	40	48	0	0	0	0	0	0	0	1	0	0	0	1	0	0	0	1	0	0	0	0	0	2	0	0	0	0	0	1	0	0	0	0	0	1	1	0	0	6	1	5	2	2	0	4	1	1	0	3	1	0	0	0	0	0	0	0	1	0	0	0	0	0	0	0	0	0	1	0	0	0	3	0	0	2	1	1	0	0	0	0	0	0	1	0	0	0	0	1	0	0	0	2	0	0	1	0	0
Bovis	SRR29053233	40	107	0	0	0	0	0	1	0	2	0	0	0	4	1	0	1	0	0	0	0	0	0	1	1	0	0	0	1	2	0	0	1	0	1	4	1	4	1	7	0	10	1	2	4	5	2	4	1	7	0	0	0	0	0	0	0	0	0	0	0	0	0	0	0	0	0	1	2	1	0	0	1	2	0	1	9	4	3	0	1	0	3	0	2	0	0	1	1	0	1	0	4	0	1	0	0	0	0
Bovis	SRR14296279	40	48	0	1	1	0	0	0	0	1	0	2	0	1	1	0	0	0	0	0	0	1	0	0	0	1	0	0	1	0	0	0	0	2	0	2	1	1	1	1	1	4	0	1	1	2	2	0	0	0	0	0	1	0	0	0	1	0	0	0	0	0	0	0	0	0	0	0	2	0	3	0	0	0	0	1	5	1	2	0	0	0	0	0	0	0	1	0	0	0	1	0	1	0	0	0	0	0	0
Bovis	ERR14185516	40	56	0	0	0	1	0	0	0	0	0	0	0	0	0	0	0	0	1	0	1	1	0	1	0	1	0	1	1	0	0	1	0	1	1	0	2	5	1	0	0	6	0	7	2	1	1	2	0	2	1	0	0	0	0	0	0	0	0	0	0	0	0	0	0	0	0	0	0	0	1	1	1	2	0	1	0	3	0	1	0	2	0	0	0	0	1	0	0	0	0	0	1	1	0	0	0	0	0
Bovis	SRR11462865	40	126	0	1	1	1	0	0	0	1	0	0	0	1	1	0	0	2	0	0	1	1	0	0	2	3	2	0	0	0	1	1	0	1	1	0	2	5	1	3	1	14	3	10	3	14	5	3	0	7	1	0	0	0	0	0	0	1	0	0	0	1	0	0	0	0	0	0	1	2	1	0	0	1	1	1	3	7	5	0	2	1	0	0	1	0	0	0	1	0	0	0	1	1	2	0	0	0	0
Bovis	ERR14189396	40	9	0	0	0	0	0	0	0	0	0	0	0	0	0	0	0	0	0	0	0	0	0	0	0	0	0	0	0	0	0	0	0	0	0	0	0	0	0	0	1	1	0	0	0	0	0	0	0	0	1	0	0	0	0	0	0	0	0	0	0	0	0	0	0	0	0	0	0	0	0	0	1	0	0	1	0	1	0	0	0	1	0	0	0	0	0	0	1	0	0	0	0	0	1	0	0	0	0
Bovis	ERR14185422	40	58	0	0	1	1	0	0	0	1	0	0	0	0	0	0	0	0	0	1	0	0	0	0	1	0	0	1	0	0	0	0	0	0	0	1	3	2	1	1	1	5	0	0	2	6	2	3	1	4	1	0	0	0	0	0	0	0	0	0	0	0	0	0	0	0	0	1	0	1	0	1	2	1	0	1	2	2	0	0	2	0	1	0	0	0	2	0	0	1	1	0	0	1	0	0	0	0	0
Bovis	ERR14190097	40	7	0	0	0	0	0	0	0	0	0	0	0	0	0	0	0	0	0	0	0	0	0	0	1	0	0	0	0	0	0	0	0	0	0	0	0	1	0	0	1	0	0	0	0	1	0	0	2	0	0	0	0	0	0	0	0	0	0	0	0	0	0	0	0	0	0	0	0	0	0	1	0	0	0	0	0	0	0	0	0	0	0	0	0	0	0	0	0	0	0	0	0	0	0	0	0	0	0
Bovis	ERR14188188	40	73	0	1	1	0	1	1	0	0	0	0	2	2	0	0	0	0	0	0	1	0	0	0	0	0	0	1	2	2	0	0	0	0	0	1	5	3	2	5	0	5	1	1	4	7	0	1	0	3	0	0	0	1	0	0	0	0	0	0	0	0	1	0	0	0	0	0	0	1	1	0	1	1	1	0	2	6	2	0	1	1	0	0	0	0	0	0	0	1	0	0	0	0	0	0	1	0	0
Bovis	ERR125602	40	4	0	0	0	1	0	0	0	0	0	0	0	0	0	0	0	0	0	0	0	0	0	0	0	0	0	0	0	0	0	0	0	0	0	0	0	1	0	0	0	0	0	2	0	0	0	0	0	0	0	0	0	0	0	0	0	0	0	0	0	0	0	0	0	0	0	0	0	0	0	0	0	0	0	0	0	0	0	0	0	0	0	0	0	0	0	0	0	0	0	0	0	0	0	0	0	0	0
Bovis	SRR1791731	40	47	0	0	0	0	0	0	0	1	0	0	0	0	0	0	0	0	0	1	0	1	0	0	0	1	0	0	1	0	0	0	0	0	0	0	2	0	1	1	1	6	1	1	3	4	5	0	0	1	2	0	0	0	0	0	0	0	0	0	0	0	0	0	0	0	0	0	2	0	0	0	0	0	0	1	3	3	1	0	0	0	1	0	0	0	0	0	0	1	0	0	1	0	1	0	0	0	0
Bovis	ERR13264774	40	10	0	0	0	0	0	0	0	0	0	0	0	0	0	0	0	0	0	0	0	0	0	0	0	0	0	0	0	0	0	0	0	0	0	0	2	0	0	0	1	1	0	0	0	1	0	0	0	0	0	0	0	0	0	0	0	0	1	0	1	0	0	0	0	0	0	0	0	0	0	0	0	0	0	0	0	1	0	1	0	0	0	0	0	0	0	0	0	0	0	0	1	0	0	0	0	0	0
Bovis	SRR1792175	40	170	0	0	0	1	0	3	1	1	0	0	1	1	0	0	0	1	1	0	1	0	0	1	3	3	0	0	2	3	1	1	2	4	1	4	6	8	4	3	7	5	4	2	8	13	4	2	0	9	2	0	0	0	0	0	0	0	1	0	1	0	0	1	0	0	0	1	6	2	0	0	1	2	0	0	12	10	4	2	1	1	0	0	2	0	0	0	1	1	0	0	5	0	2	0	1	0	0
Bovis	ERR4829499	40	0	0	0	0	0	0	0	0	0	0	0	0	0	0	0	0	0	0	0	0	0	0	0	0	0	0	0	0	0	0	0	0	0	0	0	0	0	0	0	0	0	0	0	0	0	0	0	0	0	0	0	0	0	0	0	0	0	0	0	0	0	0	0	0	0	0	0	0	0	0	0	0	0	0	0	0	0	0	0	0	0	0	0	0	0	0	0	0	0	0	0	0	0	0	0	0	0	0
Bovis	ERR14185991	40	5	0	0	0	0	0	0	0	0	0	0	0	1	0	0	0	0	0	0	0	0	0	0	0	0	0	0	0	0	0	0	0	0	0	0	0	0	0	0	0	1	0	0	0	1	0	0	0	0	0	0	0	0	0	0	0	0	0	0	0	0	0	0	0	0	0	1	0	0	0	0	0	0	0	0	0	0	0	0	0	0	0	0	0	0	0	0	0	0	0	0	0	0	1	0	0	0	0
Bovis	ERR14190311	40	6	0	0	0	1	0	0	0	0	0	0	0	0	0	0	0	0	0	0	0	1	0	0	0	0	0	0	0	0	0	0	0	0	0	1	0	0	0	0	0	0	0	0	0	1	1	0	0	1	0	0	0	0	0	0	0	0	0	0	0	0	0	0	0	0	0	0	0	0	0	0	0	0	0	0	0	0	0	0	0	0	0	0	0	0	0	0	0	0	0	0	0	0	0	0	0	0	0
Caprae_La2	SRR29410385	40	0	0	0	0	0	0	0	0	0	0	0	0	0	0	0	0	0	0	0	0	0	0	0	0	0	0	0	0	0	0	0	0	0	0	0	0	0	0	0	0	0	0	0	0	0	0	0	0	0	0	0	0	0	0	0	0	0	0	0	0	0	0	0	0	0	0	0	0	0	0	0	0	0	0	0	0	0	0	0	0	0	0	0	0	0	0	0	0	0	0	0	0	0	0	0	0	0	0
Caprae_La2	SRR13888760	40	9	0	0	0	0	0	0	0	0	0	0	0	0	0	0	0	0	0	0	0	0	0	1	1	0	0	0	0	0	0	0	0	0	0	0	0	0	0	0	0	1	0	0	1	1	0	0	0	0	1	0	0	0	0	0	0	0	0	0	0	0	0	0	0	0	0	0	0	1	0	0	0	1	0	0	0	0	1	0	0	0	0	0	0	0	0	0	0	0	0	0	0	0	0	0	0	0	0
Caprae_La2	ERR10430710	40	21	0	0	0	0	0	0	0	0	0	0	0	0	0	0	0	0	0	0	0	0	0	0	0	0	0	0	0	0	0	0	0	1	0	0	2	0	0	0	1	1	0	2	1	3	1	0	0	0	0	0	0	0	0	0	0	0	0	0	0	0	0	0	0	0	0	0	1	1	0	0	1	0	0	0	0	2	1	0	0	0	0	0	0	0	0	0	2	0	0	0	0	0	1	0	0	0	0
Caprae_La2	ERR10430687	40	15	0	0	0	0	0	0	0	0	0	0	0	0	0	0	0	0	0	0	0	0	0	1	0	0	0	0	0	0	0	0	0	0	0	0	0	0	0	3	0	3	1	0	0	1	1	0	0	0	1	0	0	0	0	0	0	0	0	0	0	0	0	0	0	0	0	0	0	1	0	0	1	0	0	0	0	0	1	0	0	0	0	0	0	0	0	0	0	0	0	0	0	1	0	0	0	0	0
Caprae_La2	ERR1462628	40	1	0	0	0	0	0	0	0	0	0	0	0	0	0	0	0	0	0	0	0	0	0	0	0	0	0	0	0	0	0	0	0	0	0	0	0	0	0	0	0	0	0	0	0	1	0	0	0	0	0	0	0	0	0	0	0	0	0	0	0	0	0	0	0	0	0	0	0	0	0	0	0	0	0	0	0	0	0	0	0	0	0	0	0	0	0	0	0	0	0	0	0	0	0	0	0	0	0
Caprae_La2	SRR25167948	40	0	0	0	0	0	0	0	0	0	0	0	0	0	0	0	0	0	0	0	0	0	0	0	0	0	0	0	0	0	0	0	0	0	0	0	0	0	0	0	0	0	0	0	0	0	0	0	0	0	0	0	0	0	0	0	0	0	0	0	0	0	0	0	0	0	0	0	0	0	0	0	0	0	0	0	0	0	0	0	0	0	0	0	0	0	0	0	0	0	0	0	0	0	0	0	0	0	0
Caprae_La2	SRR17111236	40	6	0	0	0	0	0	0	0	0	0	0	0	0	0	0	0	1	0	0	0	0	0	0	0	0	0	0	0	0	0	0	0	0	0	0	0	1	0	0	0	0	0	0	1	2	0	0	0	0	0	0	0	0	0	0	0	0	0	0	0	0	0	0	0	0	0	0	0	0	0	0	0	1	0	0	0	0	0	0	0	0	0	0	0	0	0	0	0	0	0	0	0	0	0	0	0	0	0
Caprae_La2	SRR31008608	40	0	0	0	0	0	0	0	0	0	0	0	0	0	0	0	0	0	0	0	0	0	0	0	0	0	0	0	0	0	0	0	0	0	0	0	0	0	0	0	0	0	0	0	0	0	0	0	0	0	0	0	0	0	0	0	0	0	0	0	0	0	0	0	0	0	0	0	0	0	0	0	0	0	0	0	0	0	0	0	0	0	0	0	0	0	0	0	0	0	0	0	0	0	0	0	0	0	0
Caprae_La2	SRR13888763	40	10	0	0	0	0	0	0	0	1	0	0	0	0	0	0	0	0	0	0	0	0	0	0	0	0	0	0	0	1	0	0	0	0	0	0	0	0	1	0	0	0	0	0	1	2	0	0	0	1	0	0	0	0	0	0	0	0	0	0	0	0	0	0	0	0	0	0	0	0	0	1	0	0	0	0	1	0	0	0	0	0	0	0	0	0	0	0	0	0	0	0	1	0	0	0	0	0	0
Caprae_La2	SRR29093505	40	11	0	0	0	0	0	0	0	0	0	0	0	0	0	0	0	0	0	0	0	0	0	0	0	0	0	0	0	0	0	0	0	0	0	0	0	0	0	1	1	0	1	1	2	1	0	0	1	1	0	0	0	0	0	0	0	0	0	0	0	0	0	0	0	0	0	0	0	1	0	0	0	0	0	0	1	0	0	0	0	0	0	0	0	0	0	0	0	0	0	0	0	0	0	0	0	0	0
Caprae_La2	ERR4829557	40	0	0	0	0	0	0	0	0	0	0	0	0	0	0	0	0	0	0	0	0	0	0	0	0	0	0	0	0	0	0	0	0	0	0	0	0	0	0	0	0	0	0	0	0	0	0	0	0	0	0	0	0	0	0	0	0	0	0	0	0	0	0	0	0	0	0	0	0	0	0	0	0	0	0	0	0	0	0	0	0	0	0	0	0	0	0	0	0	0	0	0	0	0	0	0	0	0	0
Caprae_La2	SRR29410374	40	1	0	0	0	0	0	0	0	0	0	0	0	0	0	0	0	0	0	0	0	0	0	0	0	0	0	0	1	0	0	0	0	0	0	0	0	0	0	0	0	0	0	0	0	0	0	0	0	0	0	0	0	0	0	0	0	0	0	0	0	0	0	0	0	0	0	0	0	0	0	0	0	0	0	0	0	0	0	0	0	0	0	0	0	0	0	0	0	0	0	0	0	0	0	0	0	0	0
Caprae_La2	SRR23911109	40	2	0	0	0	0	0	0	0	0	0	0	0	0	0	0	0	0	0	0	0	0	0	0	1	0	0	0	0	0	0	0	0	0	0	0	0	0	0	0	0	0	0	0	0	0	0	0	0	0	0	0	0	0	0	0	0	0	0	0	0	0	0	0	0	0	0	0	0	0	0	0	0	1	0	0	0	0	0	0	0	0	0	0	0	0	0	0	0	0	0	0	0	0	0	0	0	0	0
Caprae_La2	ERR10430715	40	0	0	0	0	0	0	0	0	0	0	0	0	0	0	0	0	0	0	0	0	0	0	0	0	0	0	0	0	0	0	0	0	0	0	0	0	0	0	0	0	0	0	0	0	0	0	0	0	0	0	0	0	0	0	0	0	0	0	0	0	0	0	0	0	0	0	0	0	0	0	0	0	0	0	0	0	0	0	0	0	0	0	0	0	0	0	0	0	0	0	0	0	0	0	0	0	0	0
Caprae_La2	SRR13888768	40	22	0	0	1	1	0	0	0	0	0	0	0	0	0	0	0	0	0	0	0	0	0	0	1	0	0	0	0	0	0	0	0	0	0	1	0	0	0	1	3	0	0	1	1	3	2	0	1	2	0	0	0	0	0	0	0	0	0	0	0	0	0	0	0	0	0	0	0	0	1	0	0	0	0	0	0	1	1	0	0	0	0	0	0	0	0	0	0	0	0	1	0	0	0	0	0	0	0
Caprae_La2	SRR13888779	40	2	0	0	0	0	0	0	0	0	0	0	0	0	0	0	0	0	0	0	0	0	0	0	0	0	0	0	0	0	0	0	0	0	0	0	0	0	0	0	0	0	0	0	1	0	0	0	0	0	1	0	0	0	0	0	0	0	0	0	0	0	0	0	0	0	0	0	0	0	0	0	0	0	0	0	0	0	0	0	0	0	0	0	0	0	0	0	0	0	0	0	0	0	0	0	0	0	0
Caprae_La2	SRR29410375	40	5	0	0	1	0	0	0	0	0	0	1	0	0	0	0	0	0	0	0	0	0	0	0	0	0	0	0	0	0	0	0	0	0	0	0	0	0	0	0	0	0	0	0	0	0	1	0	0	0	0	0	0	0	0	0	0	0	0	0	0	0	0	0	0	0	0	0	0	1	0	0	0	0	0	0	0	1	0	0	0	0	0	0	0	0	0	0	0	0	0	0	0	0	0	0	0	0	0
Caprae_La2	SRR23911103	40	8	0	0	0	0	0	0	0	0	0	0	0	0	0	0	0	0	0	0	0	0	0	0	0	0	0	0	0	0	0	0	0	0	0	0	0	1	0	0	1	2	0	1	0	0	0	0	0	0	0	0	0	0	0	0	0	0	0	0	0	0	0	0	0	0	0	0	0	0	0	0	0	0	0	0	1	2	0	0	0	0	0	0	0	0	0	0	0	0	0	0	0	0	0	0	0	0	0
Caprae_La2	ERR1462621	40	7	0	0	1	0	0	0	0	0	0	0	0	0	0	0	0	0	0	0	0	0	1	0	0	0	0	0	0	0	0	0	0	0	0	0	0	0	0	0	0	2	0	0	1	1	0	0	0	0	0	0	0	0	0	0	0	0	0	0	0	0	0	0	0	0	0	0	0	0	0	0	0	0	0	0	0	0	1	0	0	0	0	0	0	0	0	0	0	0	0	0	0	0	0	0	0	0	0
Caprae_La2	SRR3135068	40	174	0	1	1	4	0	0	0	1	0	1	1	4	0	0	1	1	1	0	0	1	2	4	6	1	0	1	3	2	2	0	0	2	1	2	6	4	0	2	4	12	2	6	9	16	4	3	5	7	0	0	0	0	0	0	0	0	0	0	0	0	0	0	1	0	0	0	6	1	2	1	2	2	1	0	14	8	3	0	2	2	0	0	2	0	0	0	1	0	0	0	1	0	0	0	1	1	0
Caprae_La2	SRR13888775	40	4	0	0	0	0	0	0	0	0	0	0	0	0	0	0	0	0	0	0	0	0	0	0	0	0	0	0	0	0	0	0	0	0	0	0	0	0	0	0	0	0	0	0	0	1	0	0	0	0	0	0	0	0	0	0	0	0	0	0	0	0	0	0	0	0	0	0	1	0	0	0	0	0	0	1	0	0	0	0	0	0	0	0	0	0	0	0	0	0	0	0	1	0	0	0	0	0	0
Caprae_La2	SRR13888769	40	8	0	0	0	0	0	0	0	0	0	0	0	1	0	0	0	0	0	0	0	0	0	0	0	0	0	0	0	0	0	0	0	0	0	0	0	0	0	0	0	0	0	0	0	1	0	0	0	0	0	0	0	0	0	0	0	0	0	0	0	0	0	0	0	0	0	0	1	0	1	0	0	0	0	0	0	2	0	0	0	0	0	0	0	0	1	0	0	0	0	0	1	0	0	0	0	0	0
Caprae_La2	SRR35607801	40	29	0	0	1	0	0	0	0	0	0	0	0	0	0	0	0	0	0	0	0	0	0	0	0	1	0	0	1	0	1	0	0	0	0	1	1	1	0	1	1	3	1	1	1	3	0	0	1	0	0	0	0	0	0	0	0	0	0	0	0	0	0	0	0	0	0	0	2	1	0	0	1	0	0	0	1	1	1	0	1	0	0	0	0	0	0	0	0	0	0	1	0	0	1	0	0	0	0
Caprae_La2	ERR1462630	40	5	0	0	0	0	0	0	0	0	0	0	1	0	0	0	0	0	0	0	0	0	0	0	0	0	0	0	0	0	0	0	0	0	0	0	0	0	0	0	1	0	0	0	1	0	1	0	1	0	0	0	0	0	0	0	0	0	0	0	0	0	0	0	0	0	0	0	0	0	0	0	0	0	0	0	0	0	0	0	0	0	0	0	0	0	0	0	0	0	0	0	0	0	0	0	0	0	0
Caprae_La2	SRR35607800	40	20	0	0	0	0	0	0	0	0	0	0	0	0	0	0	0	0	0	0	1	0	0	0	0	0	0	0	1	1	0	0	0	0	0	0	1	0	0	2	0	3	0	0	1	2	0	0	2	0	0	0	1	0	0	0	0	0	0	0	0	0	0	0	0	0	0	0	0	1	0	0	2	0	0	0	0	1	0	0	0	0	0	0	0	0	0	0	0	0	0	0	0	0	0	0	1	0	0
Caprae_La2	ERR1462607	40	4	0	0	0	0	0	0	0	0	0	1	1	0	0	0	0	0	0	0	0	0	0	0	0	0	0	0	0	0	0	0	0	0	0	0	0	0	0	0	0	1	0	0	0	0	0	0	0	0	0	0	0	0	0	0	0	0	0	0	0	0	0	0	0	0	0	0	0	0	0	0	0	0	0	0	0	0	1	0	0	0	0	0	0	0	0	0	0	0	0	0	0	0	0	0	0	0	0
Caprae_La2	SRR23911110	40	2	0	0	0	0	0	0	0	0	0	0	0	0	0	0	0	0	0	0	0	0	0	0	0	0	0	0	0	1	0	0	0	0	0	0	0	0	0	0	0	0	0	1	0	0	0	0	0	0	0	0	0	0	0	0	0	0	0	0	0	0	0	0	0	0	0	0	0	0	0	0	0	0	0	0	0	0	0	0	0	0	0	0	0	0	0	0	0	0	0	0	0	0	0	0	0	0	0
Caprae_La2	SRR17111245	40	6	0	0	0	0	0	0	0	0	0	0	0	0	0	0	0	0	0	0	0	0	0	0	0	1	0	0	0	0	0	0	0	0	0	0	1	0	0	0	1	0	0	0	1	0	0	0	0	0	0	0	0	0	0	0	0	0	0	0	0	0	0	0	0	0	0	0	0	0	0	0	0	0	0	0	1	0	0	0	0	0	0	0	0	0	0	0	1	0	0	0	0	0	0	0	0	0	0
Caprae_La2	SRR17111239	40	2	0	0	0	0	0	0	0	0	0	0	0	0	0	0	0	0	0	0	0	0	0	0	0	0	0	0	0	0	0	0	0	0	0	0	0	1	0	0	0	0	0	0	0	0	0	0	0	0	0	0	0	0	0	0	0	0	0	0	0	0	0	0	0	0	0	0	0	0	0	0	1	0	0	0	0	0	0	0	0	0	0	0	0	0	0	0	0	0	0	0	0	0	0	0	0	0	0
Caprae_La2	SRR13888788	40	13	0	0	0	0	0	0	0	0	0	0	0	0	0	0	0	0	0	0	0	0	0	0	0	0	0	1	0	0	0	0	0	0	0	1	0	0	0	0	1	2	0	1	0	0	1	0	0	1	0	0	0	0	0	0	0	0	0	0	0	0	0	0	0	0	0	0	1	0	0	0	0	0	1	0	1	0	0	0	0	1	0	0	0	0	0	0	0	0	0	0	0	1	0	0	0	0	0
Caprae_La2	SRR25167924	40	17	0	0	0	0	1	0	0	0	0	0	1	1	0	0	0	0	0	0	0	0	0	0	0	0	0	0	0	1	1	0	0	0	0	0	0	0	1	1	1	0	0	2	1	1	0	0	1	0	0	0	0	0	0	0	0	0	0	0	0	0	0	0	0	0	0	0	0	0	1	0	0	0	0	0	1	1	0	0	0	0	0	0	0	0	0	0	0	0	0	0	0	0	1	0	0	0	0
Caprae_La2	SRR13888751	40	8	0	0	0	0	0	0	0	0	0	0	0	0	0	0	0	0	0	0	0	0	0	0	0	1	0	0	0	1	0	0	0	0	1	1	0	0	0	0	0	0	0	0	0	0	0	0	0	0	0	0	0	0	0	0	0	0	0	0	0	0	0	0	0	0	0	0	0	1	0	0	0	0	0	0	0	0	1	0	0	1	0	0	0	0	0	0	0	0	0	0	0	0	0	0	0	1	0
Caprae_La2	ERR2517345	40	210	0	0	2	1	1	0	0	2	1	2	2	3	0	0	1	2	1	0	0	2	0	0	1	2	0	0	0	1	0	1	1	2	0	7	5	11	1	10	5	13	4	5	6	17	7	1	2	5	3	0	0	1	0	0	0	0	1	0	0	0	0	0	0	0	1	1	10	0	2	0	1	4	4	4	11	7	8	0	5	4	1	0	1	0	2	0	4	2	0	0	1	0	4	0	1	0	0
Caprae_La2	ERR552526	40	95	0	0	0	1	1	0	1	0	0	1	2	2	0	2	0	1	1	0	1	0	0	2	0	3	0	0	0	2	1	1	0	0	0	1	4	3	2	3	2	9	1	2	4	3	3	2	0	5	0	0	0	0	1	0	0	0	1	0	0	0	0	0	0	0	0	1	4	0	0	0	0	1	1	1	4	2	1	1	1	1	0	0	1	0	0	0	2	0	3	0	2	0	0	0	1	0	0
Caprae_La2	ERR10430689	40	15	0	0	0	0	0	0	1	0	0	0	2	0	0	0	0	0	0	0	0	0	0	0	0	0	0	0	0	0	0	0	0	0	0	0	0	1	0	0	0	0	1	0	2	0	0	0	0	1	1	0	0	0	0	0	0	0	0	0	0	0	0	0	0	0	0	0	0	1	0	0	1	0	2	0	1	1	0	0	0	0	0	0	0	0	0	0	0	0	0	0	0	0	0	0	0	0	0
Caprae_La2	SRR23911108	40	11	0	0	0	0	0	0	0	0	0	0	0	1	0	0	0	0	0	0	0	0	0	0	1	0	0	0	0	0	0	0	0	0	0	2	0	0	0	0	1	1	1	1	0	2	0	0	0	0	0	0	0	0	0	0	0	0	0	0	0	0	0	0	0	0	0	0	0	0	0	0	0	0	0	0	0	0	0	1	0	0	0	0	0	0	0	0	0	0	0	0	0	0	0	0	0	0	0
Caprae_La2	ERR1462608	40	1	0	0	0	0	0	0	0	0	0	0	0	0	0	0	0	0	0	0	0	0	0	0	0	1	0	0	0	0	0	0	0	0	0	0	0	0	0	0	0	0	0	0	0	0	0	0	0	0	0	0	0	0	0	0	0	0	0	0	0	0	0	0	0	0	0	0	0	0	0	0	0	0	0	0	0	0	0	0	0	0	0	0	0	0	0	0	0	0	0	0	0	0	0	0	0	0	0
Caprae_La2	SRR13888792	40	61	0	0	0	1	0	0	0	0	0	0	0	0	0	0	0	0	0	0	0	0	0	0	0	0	0	0	3	0	0	0	0	0	1	0	4	3	1	0	1	2	0	4	4	1	3	1	2	5	0	0	0	0	0	0	0	0	0	0	0	0	0	0	0	1	0	0	4	1	0	1	0	1	1	2	1	3	2	0	1	1	0	0	1	0	0	1	3	0	0	0	0	0	1	0	0	0	0
Caprae_La2	ERR11050505	40	7	0	0	0	0	0	0	0	1	0	0	0	0	0	0	0	0	0	0	0	0	0	0	0	0	0	0	1	0	0	0	0	0	0	0	0	0	0	0	0	0	0	0	1	0	0	1	0	0	0	0	0	0	0	0	0	0	0	0	0	0	0	0	0	0	0	0	0	0	0	0	0	0	0	1	0	0	0	0	0	1	0	0	0	1	0	0	0	0	0	0	0	0	0	0	0	0	0
Caprae_La2	SRR29410373	40	8	0	0	0	0	0	0	0	0	0	0	0	0	0	0	0	0	0	0	0	0	0	0	0	0	0	0	0	0	0	0	0	1	0	0	0	0	0	0	1	0	0	2	0	0	1	1	0	0	0	0	0	0	0	0	0	0	0	0	0	0	0	0	0	0	0	0	0	0	0	0	0	0	0	0	1	1	0	0	0	0	0	0	0	0	0	0	0	0	0	0	0	0	0	0	0	0	0
Orygis_La3	SRR23445158	40	73	0	0	1	0	0	0	1	0	0	1	1	2	1	0	1	1	0	0	0	0	0	0	0	2	1	1	1	0	0	0	1	1	0	1	1	3	2	1	3	5	2	0	5	6	0	0	0	4	1	0	0	0	0	0	0	0	0	0	0	1	0	0	0	0	1	0	0	2	1	0	0	1	0	0	1	3	1	0	0	1	0	0	2	0	0	0	2	3	0	0	1	0	1	0	1	1	0
Orygis_La3	SRR16057940	40	107	0	0	0	0	0	0	0	1	0	1	4	2	0	0	0	2	1	0	2	0	0	0	0	0	0	0	1	1	0	0	0	1	0	0	1	4	1	1	2	4	1	1	4	13	6	2	1	8	1	1	0	0	0	0	0	0	1	1	0	1	0	0	0	0	0	0	2	1	1	0	0	3	0	2	9	2	4	0	2	1	0	0	0	1	1	0	2	0	0	1	0	1	4	0	0	0	0
Orygis_La3	SRR20622097	40	67	0	0	1	1	0	1	0	1	0	1	1	1	0	0	0	0	0	0	0	0	0	1	1	2	1	0	1	0	0	1	1	0	0	0	6	0	0	4	0	1	2	0	2	5	5	0	3	5	1	0	0	0	0	0	0	0	0	0	0	0	0	0	0	0	0	1	1	0	1	0	1	0	0	2	3	4	1	0	1	0	0	0	0	0	0	0	0	0	0	0	0	1	1	0	0	0	1
Orygis_La3	SRR24372791	40	2	0	0	0	0	0	0	0	0	0	0	0	0	0	0	0	0	0	0	0	0	0	0	0	0	0	0	0	0	0	0	0	0	0	0	0	0	0	0	0	1	0	0	1	0	0	0	0	0	0	0	0	0	0	0	0	0	0	0	0	0	0	0	0	0	0	0	0	0	0	0	0	0	0	0	0	0	0	0	0	0	0	0	0	0	0	0	0	0	0	0	0	0	0	0	0	0	0
Orygis_La3	ERR4799118	40	45	0	0	0	0	0	0	0	0	0	0	2	0	0	0	0	1	0	0	0	0	0	1	1	0	0	0	1	0	3	0	0	0	1	2	1	1	1	3	1	2	1	1	0	4	0	0	0	1	0	0	0	0	0	0	1	0	1	1	1	0	0	0	0	0	0	0	2	0	0	1	0	0	0	0	3	1	0	0	0	0	0	0	0	0	0	0	1	0	1	0	4	0	0	0	0	0	0
Orygis_La3	SRR25035965	40	29	0	0	0	0	0	0	0	0	0	0	1	1	0	0	0	0	0	0	0	0	0	0	0	1	0	0	1	0	0	0	0	0	0	1	0	1	0	2	0	1	0	0	1	4	0	0	0	1	0	0	1	0	0	0	0	2	0	0	1	1	0	0	0	0	0	0	1	0	0	0	0	0	0	0	4	2	0	0	0	0	0	0	0	0	0	0	1	0	0	0	1	0	0	0	0	0	0
Orygis_La3	SRR23445174	40	73	0	1	0	0	0	0	0	2	1	0	0	0	1	0	0	2	0	0	0	1	0	0	1	1	1	0	0	0	0	1	0	1	1	0	4	4	1	4	2	5	1	1	4	3	1	0	0	6	1	0	0	0	0	0	0	0	0	0	0	0	0	0	0	0	0	1	0	1	0	0	0	1	0	1	1	3	5	0	1	1	1	0	0	0	0	0	1	1	0	0	2	0	1	0	1	0	0
Orygis_La3	SRR23445126	40	39	0	0	0	0	0	0	0	0	1	0	1	0	0	0	0	0	0	0	0	0	0	2	0	0	0	2	0	0	1	0	0	1	0	1	0	3	0	1	3	5	0	1	0	2	2	2	0	3	1	0	0	0	0	0	0	0	0	0	0	0	0	0	0	0	0	0	1	0	0	0	0	0	0	0	3	0	0	0	0	0	0	0	0	0	1	0	0	0	0	0	0	1	0	0	1	0	0
Orygis_La3	SRR24372789	40	2	0	0	0	0	0	0	0	0	0	0	0	0	0	0	0	0	0	0	0	0	0	0	0	0	0	0	0	0	0	0	0	0	0	0	0	0	0	0	0	0	0	0	0	1	0	0	0	0	0	0	0	0	0	0	0	0	0	0	0	0	0	0	0	0	0	0	1	0	0	0	0	0	0	0	0	0	0	0	0	0	0	0	0	0	0	0	0	0	0	0	0	0	0	0	0	0	0
Orygis_La3	SRR23445180	40	73	0	0	0	2	0	0	0	0	1	0	0	1	0	0	0	0	0	0	1	0	0	2	1	1	0	0	1	0	1	0	1	1	1	1	2	1	1	3	0	3	2	2	4	6	2	0	0	5	2	0	0	0	0	0	0	0	0	0	0	0	0	0	0	0	0	0	0	4	0	1	0	3	0	0	3	3	1	0	1	1	0	0	1	1	0	0	1	1	0	0	3	0	0	0	0	1	0
Orygis_La3	SRR10321143	40	78	0	2	0	2	0	0	2	1	1	1	1	1	0	0	0	0	0	0	1	0	0	1	1	0	0	1	1	2	1	0	0	0	1	1	3	4	0	4	1	6	0	2	6	5	2	2	0	2	1	0	0	0	0	0	0	0	0	0	0	0	0	0	0	0	0	1	0	2	0	0	1	1	0	1	2	2	1	0	0	0	1	0	1	0	0	0	0	0	1	0	3	2	0	0	0	0	0
Orygis_La3	SRR29322297	40	56	0	1	2	0	0	0	0	0	0	0	1	3	1	0	0	2	0	0	1	0	0	1	0	1	0	0	2	0	0	0	1	0	0	0	0	0	0	1	0	4	2	3	1	4	0	0	0	0	0	0	0	0	0	0	0	0	0	0	0	0	0	0	0	0	0	0	0	0	0	0	3	1	2	2	5	0	1	0	0	0	1	0	2	0	0	1	1	0	1	0	3	1	0	0	1	0	0
Orygis_La3	ERR4817427	40	32	1	1	0	0	0	0	0	0	0	0	1	0	0	0	0	0	0	0	1	0	0	0	1	1	0	1	0	1	0	0	1	0	0	0	0	0	0	1	1	0	1	2	4	2	2	0	0	1	1	0	1	1	0	0	0	0	0	0	0	0	1	0	0	0	0	0	1	1	0	0	0	0	0	1	0	1	0	0	0	0	0	0	0	0	0	0	0	0	1	0	1	0	0	0	0	0	0
Orygis_La3	SRR17089003	40	0	0	0	0	0	0	0	0	0	0	0	0	0	0	0	0	0	0	0	0	0	0	0	0	0	0	0	0	0	0	0	0	0	0	0	0	0	0	0	0	0	0	0	0	0	0	0	0	0	0	0	0	0	0	0	0	0	0	0	0	0	0	0	0	0	0	0	0	0	0	0	0	0	0	0	0	0	0	0	0	0	0	0	0	0	0	0	0	0	0	0	0	0	0	0	0	0	0
Orygis_La3	SRR23445134	40	0	0	0	0	0	0	0	0	0	0	0	0	0	0	0	0	0	0	0	0	0	0	0	0	0	0	0	0	0	0	0	0	0	0	0	0	0	0	0	0	0	0	0	0	0	0	0	0	0	0	0	0	0	0	0	0	0	0	0	0	0	0	0	0	0	0	0	0	0	0	0	0	0	0	0	0	0	0	0	0	0	0	0	0	0	0	0	0	0	0	0	0	0	0	0	0	0	0
Orygis_La3	ERR234682	40	74	0	0	0	1	0	1	0	2	0	0	1	1	0	0	0	0	0	0	0	0	0	1	1	2	2	1	0	0	0	0	1	1	0	1	2	1	1	3	0	5	0	1	7	5	0	0	1	4	2	1	0	1	0	0	0	0	0	0	0	0	1	0	0	1	0	0	4	1	0	0	1	1	2	0	3	1	1	0	1	2	1	0	0	0	0	0	1	0	0	0	2	0	1	0	0	0	0
Orygis_La3	ERR9125109	40	90	0	0	0	0	1	0	1	3	0	1	1	0	1	0	1	0	0	0	1	1	2	0	0	0	0	0	0	0	1	0	0	0	0	0	2	4	1	1	1	6	2	1	5	7	5	1	0	5	0	0	0	0	0	1	0	1	0	0	0	0	0	0	0	0	1	0	1	2	3	1	1	2	0	0	6	3	3	0	2	0	0	0	0	0	1	0	0	1	2	0	1	0	2	0	0	1	0
Orygis_La3	SRR28623800	40	0	0	0	0	0	0	0	0	0	0	0	0	0	0	0	0	0	0	0	0	0	0	0	0	0	0	0	0	0	0	0	0	0	0	0	0	0	0	0	0	0	0	0	0	0	0	0	0	0	0	0	0	0	0	0	0	0	0	0	0	0	0	0	0	0	0	0	0	0	0	0	0	0	0	0	0	0	0	0	0	0	0	0	0	0	0	0	0	0	0	0	0	0	0	0	0	0	0
Orygis_La3	ERR6375135	40	64	0	0	0	0	0	0	0	0	0	0	1	1	0	0	0	1	0	1	2	0	0	2	2	0	0	1	0	1	0	0	0	0	1	1	0	3	1	1	2	3	0	1	2	5	2	1	0	4	0	0	0	0	1	0	0	0	0	0	0	0	0	0	0	0	0	0	3	3	1	1	1	1	1	1	4	1	2	0	0	0	0	0	0	0	0	0	0	0	0	0	3	1	0	0	0	1	0
Orygis_La3	ERR234675	40	74	0	1	1	0	1	1	0	2	1	0	2	2	0	0	0	0	0	0	2	2	0	1	2	1	1	0	0	0	1	0	0	1	0	2	1	2	1	1	1	4	0	2	2	6	0	1	1	0	1	0	0	0	0	0	1	1	1	0	0	0	0	0	0	0	0	1	2	2	1	0	1	2	0	0	1	2	1	0	2	2	0	0	0	0	0	0	1	1	2	0	2	1	0	0	0	0	0
Orygis_La3	SRR25035967	40	18	0	0	0	0	0	0	0	1	0	0	0	0	0	0	0	0	0	0	0	0	0	0	0	1	0	0	0	0	0	0	0	0	0	0	0	0	0	0	0	0	1	0	2	1	2	1	0	1	1	0	0	0	0	0	0	0	0	0	0	0	0	0	0	0	0	0	0	1	0	0	0	0	0	0	1	0	2	0	0	0	0	0	0	0	0	0	1	0	0	0	1	0	0	0	0	1	0
Orygis_La3	SRR16643349	40	59	0	0	0	1	0	1	2	2	0	0	0	1	0	0	0	0	0	0	0	1	0	0	0	0	1	0	0	0	0	0	0	2	0	0	3	2	0	1	2	2	1	1	1	5	1	2	1	5	0	0	0	0	1	0	0	0	1	0	0	0	0	0	0	0	0	0	1	0	0	0	0	1	0	1	1	1	4	0	1	0	1	0	1	1	0	0	2	0	0	0	1	0	1	1	1	0	0
Orygis_La3	SRR28623806	40	0	0	0	0	0	0	0	0	0	0	0	0	0	0	0	0	0	0	0	0	0	0	0	0	0	0	0	0	0	0	0	0	0	0	0	0	0	0	0	0	0	0	0	0	0	0	0	0	0	0	0	0	0	0	0	0	0	0	0	0	0	0	0	0	0	0	0	0	0	0	0	0	0	0	0	0	0	0	0	0	0	0	0	0	0	0	0	0	0	0	0	0	0	0	0	0	0	0
Orygis_La3	SRR27450478	40	89	0	0	0	2	0	1	2	0	0	1	0	1	0	0	0	2	0	1	1	0	0	0	1	1	0	0	2	0	0	0	0	0	0	1	2	2	0	6	4	4	0	3	6	2	2	2	2	5	1	0	0	0	0	0	1	0	0	0	0	0	0	0	0	0	0	0	4	0	0	0	3	1	0	1	3	2	2	2	1	0	0	0	0	0	0	1	1	0	0	0	4	1	3	0	0	1	1
Orygis_La3	SRR29052772	40	61	0	0	2	1	0	0	0	0	0	0	2	0	0	0	1	1	0	0	0	0	0	1	0	1	2	1	1	1	0	0	0	2	0	1	2	0	1	4	1	2	1	3	3	1	0	1	0	3	1	0	0	0	0	0	0	0	0	0	0	0	0	0	0	0	1	0	0	2	0	0	1	1	0	1	3	4	3	0	0	0	0	0	0	1	0	0	1	0	1	0	2	0	0	0	0	0	0
Orygis_La3	SRR23445136	40	58	0	0	1	0	0	0	0	0	2	1	0	1	0	0	0	0	0	0	0	1	0	0	0	1	0	2	1	0	0	0	0	0	0	1	3	3	0	2	2	3	1	1	6	4	1	0	1	2	1	0	0	0	1	0	1	0	0	0	0	0	0	0	1	0	0	1	1	3	0	0	0	1	0	0	1	0	3	0	1	1	0	0	0	1	0	0	0	0	0	0	0	0	1	0	0	0	0
Orygis_La3	SRR28623801	40	0	0	0	0	0	0	0	0	0	0	0	0	0	0	0	0	0	0	0	0	0	0	0	0	0	0	0	0	0	0	0	0	0	0	0	0	0	0	0	0	0	0	0	0	0	0	0	0	0	0	0	0	0	0	0	0	0	0	0	0	0	0	0	0	0	0	0	0	0	0	0	0	0	0	0	0	0	0	0	0	0	0	0	0	0	0	0	0	0	0	0	0	0	0	0	0	0	0
Orygis_La3	SRR28623786	40	0	0	0	0	0	0	0	0	0	0	0	0	0	0	0	0	0	0	0	0	0	0	0	0	0	0	0	0	0	0	0	0	0	0	0	0	0	0	0	0	0	0	0	0	0	0	0	0	0	0	0	0	0	0	0	0	0	0	0	0	0	0	0	0	0	0	0	0	0	0	0	0	0	0	0	0	0	0	0	0	0	0	0	0	0	0	0	0	0	0	0	0	0	0	0	0	0	0
Orygis_La3	SRR27450482	40	107	0	0	0	1	0	0	0	0	0	1	1	2	0	0	0	3	1	0	1	1	1	1	0	2	0	0	1	0	1	0	1	2	1	2	1	5	0	1	4	9	3	6	2	5	5	3	2	4	1	0	1	0	0	0	0	0	1	0	1	0	0	1	0	1	0	0	2	1	2	0	0	1	0	2	4	2	4	1	0	1	0	0	0	0	1	0	1	0	1	0	2	0	0	0	2	1	0
Orygis_La3	SRR16089402	40	95	0	0	1	0	0	1	0	1	0	1	1	3	0	0	0	0	0	0	2	0	1	0	0	0	0	2	1	1	0	0	0	0	2	0	4	3	1	4	1	7	2	0	1	11	2	3	2	3	0	0	0	0	0	0	0	0	2	1	0	0	0	0	1	0	0	3	3	0	1	0	0	1	0	1	3	4	6	0	2	0	1	0	0	0	0	0	2	0	1	0	1	0	0	0	1	0	0
Orygis_La3	SRR23445125	40	107	0	0	1	3	0	0	0	1	1	1	1	2	1	0	0	3	0	0	0	0	0	2	2	0	2	0	1	2	1	1	0	2	0	0	1	3	1	4	3	11	0	1	6	10	0	1	3	3	0	0	1	0	0	0	1	0	0	0	0	1	0	0	0	0	0	1	4	2	0	0	0	2	2	0	3	7	0	1	2	0	0	0	0	0	0	0	2	0	1	0	1	0	1	0	0	1	0
Orygis_La3	SRR29440847	40	54	0	0	0	0	0	0	1	1	1	1	1	1	0	0	0	0	1	0	1	0	0	2	2	2	1	0	2	0	0	0	1	1	1	0	0	2	1	4	0	3	0	0	2	1	3	0	0	1	0	0	1	0	1	0	1	0	0	0	0	0	0	0	0	0	0	0	3	2	0	0	0	2	0	2	0	3	0	0	1	0	0	0	0	0	0	0	0	0	0	0	0	0	0	0	0	1	0
Orygis_La3	SRR23445148	40	124	0	0	0	1	0	0	1	0	0	0	1	4	0	0	0	1	1	0	2	2	0	1	1	1	1	0	2	1	0	1	2	1	0	4	0	2	2	0	4	11	1	5	7	10	0	0	1	6	0	0	0	1	0	0	1	0	1	0	1	0	0	0	1	0	0	0	3	1	1	0	2	1	0	0	6	3	3	0	0	6	0	0	2	0	0	1	1	3	2	1	3	0	0	0	1	1	1
Orygis_La3	SRR28623803	40	0	0	0	0	0	0	0	0	0	0	0	0	0	0	0	0	0	0	0	0	0	0	0	0	0	0	0	0	0	0	0	0	0	0	0	0	0	0	0	0	0	0	0	0	0	0	0	0	0	0	0	0	0	0	0	0	0	0	0	0	0	0	0	0	0	0	0	0	0	0	0	0	0	0	0	0	0	0	0	0	0	0	0	0	0	0	0	0	0	0	0	0	0	0	0	0	0	0
Orygis_La3	ERR2512859	40	172	0	0	0	0	0	3	0	3	0	1	3	3	0	0	0	0	0	0	1	1	1	1	0	2	3	1	0	3	0	0	0	0	0	6	2	3	0	3	3	11	4	5	4	13	3	1	3	8	0	0	3	1	0	1	2	0	1	0	0	1	0	0	0	0	1	1	9	1	0	0	1	4	3	1	14	6	4	0	1	1	1	0	3	0	0	1	3	2	2	0	5	0	1	0	3	0	0
Orygis_La3	SRR23445128	40	46	0	0	0	0	0	0	0	0	0	0	0	2	1	0	0	2	0	0	1	1	0	0	0	1	2	0	0	0	0	0	0	0	0	1	1	0	0	1	4	1	0	1	5	2	0	1	1	1	0	0	0	0	0	0	0	1	0	0	0	0	0	0	0	0	0	0	1	1	0	0	0	0	0	1	2	4	1	0	2	1	0	1	0	0	0	0	1	0	0	0	1	0	0	0	0	0	0
Orygis_La3	SRR23445155	40	67	0	0	0	0	0	1	2	2	0	0	1	2	1	0	0	0	0	0	0	2	0	0	0	1	0	0	2	0	0	0	0	1	0	0	1	3	2	2	2	3	2	2	2	10	1	2	0	2	0	0	1	0	0	0	0	0	0	0	0	0	1	0	0	0	0	1	0	1	0	0	1	1	0	3	2	0	2	0	1	0	0	0	1	0	0	0	1	0	1	0	1	0	0	0	0	0	0
Orygis_La3	SRR23445132	40	0	0	0	0	0	0	0	0	0	0	0	0	0	0	0	0	0	0	0	0	0	0	0	0	0	0	0	0	0	0	0	0	0	0	0	0	0	0	0	0	0	0	0	0	0	0	0	0	0	0	0	0	0	0	0	0	0	0	0	0	0	0	0	0	0	0	0	0	0	0	0	0	0	0	0	0	0	0	0	0	0	0	0	0	0	0	0	0	0	0	0	0	0	0	0	0	0	0
Orygis_La3	SRR6046131	40	107	0	1	0	1	0	0	0	2	1	1	1	5	1	0	0	3	0	0	1	0	0	0	1	2	2	1	1	0	1	0	0	1	0	4	4	1	1	7	1	7	2	5	4	8	1	2	1	3	2	1	0	0	0	0	0	1	0	0	0	2	0	0	0	1	0	1	1	0	2	1	1	2	0	2	5	0	2	0	0	1	0	0	0	0	0	0	0	0	2	0	1	0	0	0	1	0	1
Orygis_La3	ERR6375142	40	62	0	0	1	1	0	0	0	2	0	0	0	0	0	0	0	0	0	1	0	0	0	1	2	0	1	2	0	1	1	3	2	1	0	1	1	2	0	1	2	4	0	1	2	4	1	1	1	3	1	0	1	0	0	0	0	0	0	0	1	0	0	0	1	1	0	0	0	0	0	0	1	0	1	0	2	2	0	0	0	1	0	0	1	0	0	0	0	1	1	0	1	3	0	0	0	0	0
Microti	ERR027298	32	50	0	0	0	0	1	0	0	2	0	0	0	4	0	0	0	0	0	0	1	0	0	1	1	1	0	2	0	0	0	1	1	0	0	2	1	1	1	0	0	1	1	1	0	4	1	0	0	4	0	0	0	0	0	0	1	0	0	0	0	0	0	0	0	1	0	1	0	0	0	0	1	1	0	0	0	1	1	0	0	0	0	0	0	0	0	1	1	1	1	0	1	0	1	0	2	2	1
Microti	ERR2659167	32	8	0	0	0	0	0	0	0	0	0	0	1	0	0	0	0	1	0	0	0	0	0	0	0	0	0	0	0	0	0	0	0	0	0	1	0	1	0	0	1	0	0	0	0	0	0	0	0	1	0	0	0	0	0	0	0	0	0	0	0	0	0	0	0	0	0	1	0	0	0	0	0	1	0	0	0	0	0	0	0	0	0	0	0	0	0	0	0	0	0	0	0	0	0	0	0	0	0
Microti	SRR25473322	32	9	0	0	1	0	0	0	0	0	0	0	0	0	0	0	0	0	0	0	0	0	0	0	0	1	0	0	0	0	0	0	1	1	0	0	0	1	0	0	0	2	0	0	0	0	0	0	0	0	0	0	0	0	0	0	0	0	0	0	0	0	0	0	0	0	0	0	0	1	0	0	0	0	1	0	0	0	0	0	0	0	0	0	0	0	0	0	0	0	0	0	0	0	0	0	0	0	0
Microti	ERR4818896	32	3	0	0	0	0	0	0	0	0	0	0	0	0	0	0	0	0	0	0	0	0	0	0	0	0	0	0	0	0	0	0	0	0	0	0	0	0	0	0	0	1	0	0	0	1	0	0	0	0	0	0	0	0	0	0	0	0	0	0	0	0	0	0	0	0	0	0	0	0	0	0	0	0	0	0	1	0	0	0	0	0	0	0	0	0	0	0	0	0	0	0	0	0	0	0	0	0	0
Microti	ERR4817596	32	15	0	0	0	1	0	0	0	0	0	0	0	0	0	0	0	0	0	0	0	0	0	0	0	1	0	0	0	0	0	0	0	0	0	0	1	0	1	1	1	1	0	0	0	3	1	0	0	0	0	0	0	0	0	0	0	0	0	0	0	0	0	0	0	1	0	0	0	1	0	1	0	0	0	0	0	0	0	0	0	0	0	0	0	0	0	0	0	0	0	0	0	0	0	1	0	0	0
Microti	ERR2659163	32	6	0	0	0	0	0	0	0	0	0	0	0	0	0	0	0	0	0	0	0	0	0	0	0	1	0	0	0	0	0	0	0	0	0	0	0	1	0	0	0	0	0	0	0	1	0	0	0	0	0	0	1	0	0	0	0	0	0	0	0	0	0	0	0	0	0	0	1	0	0	0	0	0	0	0	0	0	0	0	0	1	0	0	0	0	0	0	0	0	0	0	0	0	0	0	0	0	0
Microti	ERR027294	32	74	0	0	2	0	1	0	2	0	0	2	2	0	2	2	0	1	0	0	2	0	0	2	0	1	0	0	1	2	2	1	1	0	0	1	3	0	0	2	1	3	1	3	1	8	4	0	2	2	0	0	0	0	0	0	0	0	1	0	0	0	0	0	1	0	0	0	2	2	0	0	1	1	1	0	1	0	0	1	0	0	0	0	1	1	0	0	1	1	0	0	1	0	0	0	0	0	1
Microti	ERR2693243	32	61	0	0	0	1	0	1	0	2	0	1	1	1	0	0	0	1	0	2	0	0	1	0	0	1	1	1	3	1	0	0	0	2	0	1	0	2	0	2	0	2	1	4	3	4	0	1	0	1	0	0	1	0	0	0	1	0	0	0	0	0	0	0	0	0	0	0	2	1	0	1	3	1	0	0	0	0	3	0	1	1	0	0	0	0	0	0	1	0	1	1	0	0	1	0	1	0	0
Microti	ERR4627396	32	202	0	1	1	5	0	1	1	3	0	3	1	2	1	0	0	1	0	1	3	2	0	2	1	2	2	2	5	0	3	0	0	0	2	1	0	6	3	5	2	7	1	1	11	12	2	4	7	3	0	0	0	0	1	0	1	0	0	0	0	0	1	0	0	0	0	2	3	5	2	3	3	9	1	1	20	11	4	0	5	3	0	0	1	2	0	0	2	2	1	0	4	1	3	0	1	0	0
Microti	ERR553377	32	0	0	0	0	0	0	0	0	0	0	0	0	0	0	0	0	0	0	0	0	0	0	0	0	0	0	0	0	0	0	0	0	0	0	0	0	0	0	0	0	0	0	0	0	0	0	0	0	0	0	0	0	0	0	0	0	0	0	0	0	0	0	0	0	0	0	0	0	0	0	0	0	0	0	0	0	0	0	0	0	0	0	0	0	0	0	0	0	0	0	0	0	0	0	0	0	0	0
Microti	ERR4816200	32	39	0	0	0	0	1	0	1	2	0	1	0	0	0	0	0	0	0	0	2	0	0	1	0	2	1	0	2	0	0	0	0	0	0	0	0	2	0	1	0	5	2	0	2	0	1	1	1	1	0	0	0	0	0	0	0	0	0	0	0	1	0	0	0	1	1	0	0	0	0	0	0	0	0	0	0	3	0	0	0	0	1	0	0	0	1	0	0	0	0	0	1	0	0	0	1	0	0
Microti	ERR4819660	32	126	0	1	2	0	1	0	0	1	0	0	5	3	0	0	1	1	1	0	3	0	0	2	0	2	1	2	7	3	3	2	0	4	1	3	1	2	1	5	4	6	1	2	8	6	2	0	4	2	0	0	1	0	0	0	0	0	2	0	0	0	0	0	0	0	0	0	4	1	2	0	0	3	1	2	4	2	0	2	0	2	0	0	1	0	0	1	1	0	1	0	2	0	0	0	0	0	1
Microti	SRR25473320	32	3	0	0	0	0	0	0	0	1	0	0	0	0	0	0	0	0	0	0	0	0	0	0	0	0	0	0	0	0	0	0	0	0	0	0	0	0	0	0	0	1	0	0	0	1	0	0	0	0	0	0	0	0	0	0	0	0	0	0	0	0	0	0	0	0	0	0	0	0	0	0	0	0	0	0	0	0	0	0	0	0	0	0	0	0	0	0	0	0	0	0	0	0	0	0	0	0	0
Microti	ERR5102812	32	7	0	0	1	0	0	0	0	0	0	1	0	0	0	0	0	0	0	0	0	0	0	0	0	0	0	0	0	0	0	0	0	0	0	0	0	0	0	1	0	1	0	0	0	1	0	0	0	0	0	0	0	0	0	0	0	0	0	0	0	0	0	0	0	0	0	0	0	0	0	0	1	1	0	0	0	0	0	0	0	0	0	0	0	0	0	0	0	0	0	0	0	0	0	0	0	0	0
Microti	ERR027297	32	74	0	0	2	1	0	0	0	1	0	1	0	6	0	0	1	5	0	0	0	0	0	2	0	1	0	1	0	1	0	4	1	0	0	3	1	0	2	3	2	6	0	2	3	0	1	1	1	1	0	0	0	0	0	0	1	0	0	0	0	0	0	0	0	0	0	0	0	3	0	0	0	2	1	0	1	0	0	0	0	0	1	0	1	0	0	0	0	2	2	0	0	0	2	0	3	1	1
Microti	ERR4821993	32	0	0	0	0	0	0	0	0	0	0	0	0	0	0	0	0	0	0	0	0	0	0	0	0	0	0	0	0	0	0	0	0	0	0	0	0	0	0	0	0	0	0	0	0	0	0	0	0	0	0	0	0	0	0	0	0	0	0	0	0	0	0	0	0	0	0	0	0	0	0	0	0	0	0	0	0	0	0	0	0	0	0	0	0	0	0	0	0	0	0	0	0	0	0	0	0	0	0
Microti	ERR2200122	32	0	0	0	0	0	0	0	0	0	0	0	0	0	0	0	0	0	0	0	0	0	0	0	0	0	0	0	0	0	0	0	0	0	0	0	0	0	0	0	0	0	0	0	0	0	0	0	0	0	0	0	0	0	0	0	0	0	0	0	0	0	0	0	0	0	0	0	0	0	0	0	0	0	0	0	0	0	0	0	0	0	0	0	0	0	0	0	0	0	0	0	0	0	0	0	0	0	0
Microti	ERR553376	32	7	0	0	0	0	0	0	1	1	0	0	1	0	0	0	0	0	0	0	0	0	0	0	0	0	0	0	1	0	0	0	0	0	0	0	0	0	0	0	0	0	0	0	1	1	0	0	0	0	0	0	0	0	0	0	0	0	0	0	0	0	0	0	0	0	0	0	0	0	0	0	0	1	0	0	0	0	0	0	0	0	0	0	0	0	0	0	0	0	0	0	0	0	0	0	0	0	0
Microti	ERR2659166	32	160	1	2	2	0	2	0	0	3	1	1	1	4	2	1	1	1	1	0	6	0	1	3	1	3	1	0	2	0	1	3	3	1	1	2	4	5	1	8	2	10	1	9	2	8	4	4	2	7	0	0	1	0	0	0	2	2	0	0	1	0	0	0	0	1	0	0	4	8	0	0	1	3	0	1	4	4	1	0	0	3	0	0	1	0	1	0	1	0	2	0	0	0	0	0	0	2	0
Microti	ERR4816690	32	1	0	0	0	0	0	0	0	0	0	0	0	0	0	0	0	0	0	0	0	0	0	0	0	0	0	0	0	0	0	0	0	0	0	0	0	0	0	0	0	0	0	0	0	1	0	0	0	0	0	0	0	0	0	0	0	0	0	0	0	0	0	0	0	0	0	0	0	0	0	0	0	0	0	0	0	0	0	0	0	0	0	0	0	0	0	0	0	0	0	0	0	0	0	0	0	0	0
Microti	ERR3283039	32	30	0	0	0	1	1	0	0	1	0	0	0	2	0	0	0	2	0	0	0	1	0	0	1	0	0	0	1	0	0	0	0	0	1	0	0	0	0	0	1	1	0	1	0	3	1	1	0	0	0	0	0	0	0	0	0	0	0	0	0	0	0	0	0	0	0	0	1	0	0	0	0	0	0	0	0	0	0	0	1	1	0	0	0	0	1	2	1	0	1	0	0	1	1	0	0	0	1
Microti	SRR3647357	32	1	0	0	0	0	0	0	0	0	0	0	0	0	0	0	0	0	0	0	0	0	0	0	0	0	0	0	0	0	0	0	0	0	0	0	0	0	0	0	0	0	0	0	0	1	0	0	0	0	0	0	0	0	0	0	0	0	0	0	0	0	0	0	0	0	0	0	0	0	0	0	0	0	0	0	0	0	0	0	0	0	0	0	0	0	0	0	0	0	0	0	0	0	0	0	0	0	0
Microti	ERR2659170	32	0	0	0	0	0	0	0	0	0	0	0	0	0	0	0	0	0	0	0	0	0	0	0	0	0	0	0	0	0	0	0	0	0	0	0	0	0	0	0	0	0	0	0	0	0	0	0	0	0	0	0	0	0	0	0	0	0	0	0	0	0	0	0	0	0	0	0	0	0	0	0	0	0	0	0	0	0	0	0	0	0	0	0	0	0	0	0	0	0	0	0	0	0	0	0	0	0	0
Microti	ERR4618952	32	44	0	0	0	1	0	1	0	0	1	0	0	0	0	1	0	0	0	0	0	0	0	1	1	1	0	0	2	1	0	0	0	0	0	1	0	0	0	0	2	0	0	0	4	2	0	2	0	1	0	0	1	0	0	0	0	0	0	0	1	0	0	0	0	0	0	1	2	3	0	0	3	1	0	0	1	0	0	0	0	0	1	0	0	0	0	1	0	3	1	0	2	0	0	0	1	0	0
Microti	ERR4815315	32	21	0	1	0	0	1	0	0	1	0	0	0	0	1	0	0	1	1	1	0	0	0	0	0	1	0	0	1	0	0	1	0	0	0	0	0	0	1	0	0	1	0	0	0	1	0	0	0	0	0	0	1	0	0	0	0	0	0	0	0	0	0	0	0	1	0	0	0	1	0	0	0	0	0	0	0	1	0	0	0	0	0	0	0	0	0	1	1	0	0	0	1	0	0	0	1	0	0
Microti	ERR4816083	32	128	0	0	2	1	1	1	1	2	0	0	2	0	2	0	0	2	0	0	0	1	2	2	3	2	1	2	4	2	1	2	2	1	0	1	2	3	0	0	1	8	0	1	6	6	4	3	0	7	1	1	0	0	0	0	0	2	0	0	0	0	2	0	0	0	0	2	5	5	0	0	0	4	1	3	3	4	0	0	2	2	0	0	2	0	0	0	3	0	1	0	1	0	2	0	1	0	0
Microti	ERR2659168	32	6	0	0	0	0	0	1	0	0	0	0	0	0	0	0	0	0	0	1	0	0	0	0	0	1	0	0	0	0	0	0	0	0	0	0	0	0	0	0	0	0	0	0	1	0	0	0	0	0	0	0	0	0	0	0	0	0	0	0	0	0	0	0	0	0	0	0	1	0	0	0	0	1	0	0	0	0	0	0	0	0	0	0	0	0	0	0	0	0	0	0	0	0	0	0	0	0	0
Microti	ERR027295	32	0	0	0	0	0	0	0	0	0	0	0	0	0	0	0	0	0	0	0	0	0	0	0	0	0	0	0	0	0	0	0	0	0	0	0	0	0	0	0	0	0	0	0	0	0	0	0	0	0	0	0	0	0	0	0	0	0	0	0	0	0	0	0	0	0	0	0	0	0	0	0	0	0	0	0	0	0	0	0	0	0	0	0	0	0	0	0	0	0	0	0	0	0	0	0	0	0	0
Microti	ERR4627394	32	12	0	0	1	0	0	0	0	0	0	0	0	1	0	0	0	0	0	0	1	0	0	0	0	0	0	0	1	0	0	0	0	0	0	0	0	0	0	0	0	0	0	2	0	0	0	1	0	1	1	0	0	0	0	0	0	0	0	0	0	0	0	0	0	0	0	0	1	0	0	0	0	0	0	0	0	1	0	0	0	0	0	1	0	0	0	0	0	0	0	0	0	0	0	0	0	0	0
Microti	SRR25473321	32	3	0	0	0	0	0	0	0	0	0	0	0	0	0	0	0	0	0	0	0	0	0	0	0	0	0	0	0	0	0	0	0	0	0	0	0	0	0	0	0	0	0	1	1	0	0	0	0	0	0	0	0	0	0	0	0	0	0	0	0	0	0	0	0	0	0	0	0	0	0	0	0	0	0	0	0	0	0	0	0	0	0	0	0	0	0	0	0	0	0	0	0	0	0	0	0	0	1
Microti	SRR5007159	32	29	0	0	0	0	1	0	0	0	0	0	0	0	1	0	0	0	0	0	0	0	0	0	0	0	1	2	1	0	0	0	0	0	0	0	1	1	0	1	0	0	0	0	1	2	0	0	0	0	0	0	0	0	0	0	0	0	0	0	0	0	0	0	0	0	0	0	0	2	0	0	2	1	0	0	2	4	1	1	0	1	1	0	0	0	0	0	0	0	0	0	1	0	1	0	0	0	0
Microti	ERR551111	32	0	0	0	0	0	0	0	0	0	0	0	0	0	0	0	0	0	0	0	0	0	0	0	0	0	0	0	0	0	0	0	0	0	0	0	0	0	0	0	0	0	0	0	0	0	0	0	0	0	0	0	0	0	0	0	0	0	0	0	0	0	0	0	0	0	0	0	0	0	0	0	0	0	0	0	0	0	0	0	0	0	0	0	0	0	0	0	0	0	0	0	0	0	0	0	0	0	0
Pinnipedii	ERR4143898	15	0	0	0	0	0	0	0	0	0	0	0	0	0	0	0	0	0	0	0	0	0	0	0	0	0	0	0	0	0	0	0	0	0	0	0	0	0	0	0	0	0	0	0	0	0	0	0	0	0	0	0	0	0	0	0	0	0	0	0	0	0	0	0	0	0	0	0	0	0	0	0	0	0	0	0	0	0	0	0	0	0	0	0	0	0	0	0	0	0	0	0	0	0	0	0	0	0	0
Pinnipedii	ERR552769	15	0	0	0	0	0	0	0	0	0	0	0	0	0	0	0	0	0	0	0	0	0	0	0	0	0	0	0	0	0	0	0	0	0	0	0	0	0	0	0	0	0	0	0	0	0	0	0	0	0	0	0	0	0	0	0	0	0	0	0	0	0	0	0	0	0	0	0	0	0	0	0	0	0	0	0	0	0	0	0	0	0	0	0	0	0	0	0	0	0	0	0	0	0	0	0	0	0	0
Pinnipedii	ERR552768	15	0	0	0	0	0	0	0	0	0	0	0	0	0	0	0	0	0	0	0	0	0	0	0	0	0	0	0	0	0	0	0	0	0	0	0	0	0	0	0	0	0	0	0	0	0	0	0	0	0	0	0	0	0	0	0	0	0	0	0	0	0	0	0	0	0	0	0	0	0	0	0	0	0	0	0	0	0	0	0	0	0	0	0	0	0	0	0	0	0	0	0	0	0	0	0	0	0	0
Pinnipedii	ERR12075278	15	1	0	0	0	0	0	0	0	0	0	0	0	0	0	0	0	0	0	0	0	0	0	0	0	0	0	0	0	0	0	0	0	0	0	0	0	0	0	0	0	0	0	0	0	1	0	0	0	0	0	0	0	0	0	0	0	0	0	0	0	0	0	0	0	0	0	0	0	0	0	0	0	0	0	0	0	0	0	0	0	0	0	0	0	0	0	0	0	0	0	0	0	0	0	0	0	0	0
Pinnipedii	SRR1239336	15	30	0	0	1	0	0	0	0	0	0	1	0	1	1	1	0	0	0	0	0	0	0	0	0	0	2	0	0	1	0	0	0	0	0	0	1	2	0	1	2	0	2	0	0	5	1	0	1	2	0	0	0	0	0	0	0	0	0	0	0	0	0	0	0	0	0	0	1	1	0	0	0	0	0	2	0	1	0	0	0	0	0	0	0	0	0	0	0	0	0	0	0	0	0	0	0	0	0
Pinnipedii	SRR1239337	15	12	0	0	0	0	0	0	0	0	0	0	0	0	0	0	0	0	0	0	0	0	0	0	0	0	0	1	0	0	0	0	0	0	0	0	0	1	1	0	0	1	0	1	1	2	0	0	0	0	0	0	0	0	0	0	0	0	0	0	0	0	0	0	0	0	0	0	0	0	0	0	1	0	0	2	0	0	0	0	1	0	0	0	0	0	0	0	0	0	0	0	0	0	0	0	0	0	0
Pinnipedii	SRR1239338	15	44	0	0	0	0	0	0	0	0	1	0	0	0	0	0	0	0	0	0	0	1	0	1	1	0	1	0	1	2	0	0	0	0	0	0	3	1	1	1	1	3	1	2	2	4	0	3	2	3	2	0	0	0	0	0	0	0	0	0	0	0	0	0	0	0	0	0	1	0	0	0	0	1	0	0	0	3	0	0	0	0	0	0	0	0	0	0	1	0	0	1	0	0	0	0	0	0	0
Pinnipedii	ERR551134	15	0	0	0	0	0	0	0	0	0	0	0	0	0	0	0	0	0	0	0	0	0	0	0	0	0	0	0	0	0	0	0	0	0	0	0	0	0	0	0	0	0	0	0	0	0	0	0	0	0	0	0	0	0	0	0	0	0	0	0	0	0	0	0	0	0	0	0	0	0	0	0	0	0	0	0	0	0	0	0	0	0	0	0	0	0	0	0	0	0	0	0	0	0	0	0	0	0	0
Pinnipedii	ERR551136	15	0	0	0	0	0	0	0	0	0	0	0	0	0	0	0	0	0	0	0	0	0	0	0	0	0	0	0	0	0	0	0	0	0	0	0	0	0	0	0	0	0	0	0	0	0	0	0	0	0	0	0	0	0	0	0	0	0	0	0	0	0	0	0	0	0	0	0	0	0	0	0	0	0	0	0	0	0	0	0	0	0	0	0	0	0	0	0	0	0	0	0	0	0	0	0	0	0	0
Pinnipedii	SRR1239339	15	0	0	0	0	0	0	0	0	0	0	0	0	0	0	0	0	0	0	0	0	0	0	0	0	0	0	0	0	0	0	0	0	0	0	0	0	0	0	0	0	0	0	0	0	0	0	0	0	0	0	0	0	0	0	0	0	0	0	0	0	0	0	0	0	0	0	0	0	0	0	0	0	0	0	0	0	0	0	0	0	0	0	0	0	0	0	0	0	0	0	0	0	0	0	0	0	0	0
Pinnipedii	ERR4143897	15	3	0	0	0	0	0	0	0	0	0	0	0	0	0	0	0	0	0	0	0	0	0	0	0	0	0	0	0	0	0	0	0	1	0	0	1	0	0	0	0	0	0	0	0	0	0	0	0	1	0	0	0	0	0	0	0	0	0	0	0	0	0	0	0	0	0	0	0	0	0	0	0	0	0	0	0	0	0	0	0	0	0	0	0	0	0	0	0	0	0	0	0	0	0	0	0	0	0
Pinnipedii	SRR7693584	15	9	0	0	0	0	0	0	0	0	0	0	0	0	0	0	0	0	0	0	0	0	0	0	0	0	0	0	0	0	0	0	0	0	0	0	0	1	0	1	0	1	0	1	1	0	0	0	0	0	0	0	0	0	0	0	0	0	1	0	0	0	0	0	0	0	0	1	0	0	0	0	0	0	0	0	0	0	0	0	1	0	0	0	1	0	0	0	0	0	0	0	0	0	0	0	0	0	0
Pinnipedii	SRR29055367	15	13	0	0	0	0	0	0	0	0	0	0	0	2	1	0	0	1	0	0	0	0	0	0	0	0	0	0	1	0	0	0	0	0	0	0	0	0	0	1	1	1	0	0	0	1	1	0	1	0	0	0	0	0	0	0	0	0	0	0	0	0	0	0	0	0	0	0	0	0	0	0	0	0	0	0	2	0	0	0	0	0	0	0	0	0	0	0	0	0	0	0	0	0	0	0	0	0	0
Pinnipedii	ERR4817032	15	0	0	0	0	0	0	0	0	0	0	0	0	0	0	0	0	0	0	0	0	0	0	0	0	0	0	0	0	0	0	0	0	0	0	0	0	0	0	0	0	0	0	0	0	0	0	0	0	0	0	0	0	0	0	0	0	0	0	0	0	0	0	0	0	0	0	0	0	0	0	0	0	0	0	0	0	0	0	0	0	0	0	0	0	0	0	0	0	0	0	0	0	0	0	0	0	0	0
Pinnipedii	SRR7693090	15	16	0	1	0	0	0	1	0	0	0	0	0	0	0	0	0	0	0	0	0	0	0	0	0	0	0	0	0	0	0	1	1	0	0	0	0	0	0	0	3	0	0	0	0	0	1	0	0	1	0	0	0	0	0	0	0	0	0	0	0	0	0	0	0	0	0	0	1	0	0	0	0	0	0	1	0	1	0	0	0	0	0	0	0	0	0	0	1	0	0	0	2	1	0	0	0	0	0
La4	SRR27836870	21	0	0	0	0	0	0	0	0	0	0	0	0	0	0	0	0	0	0	0	0	0	0	0	0	0	0	0	0	0	0	0	0	0	0	0	0	0	0	0	0	0	0	0	0	0	0	0	0	0	0	0	0	0	0	0	0	0	0	0	0	0	0	0	0	0	0	0	0	0	0	0	0	0	0	0	0	0	0	0	0	0	0	0	0	0	0	0	0	0	0	0	0	0	0	0	0	0	0
La4	SRR31884848	21	101	0	1	0	0	0	0	1	1	0	0	1	2	1	1	0	0	0	0	1	0	2	3	0	1	0	0	2	1	1	2	0	2	1	2	0	4	2	4	3	5	0	3	2	7	3	2	0	4	0	0	1	0	0	0	1	0	0	0	0	0	0	0	0	0	0	0	3	2	1	1	0	1	0	0	7	3	5	0	2	0	0	0	1	1	0	0	1	0	0	0	2	1	1	0	1	1	0
La4	SRR27836877	21	0	0	0	0	0	0	0	0	0	0	0	0	0	0	0	0	0	0	0	0	0	0	0	0	0	0	0	0	0	0	0	0	0	0	0	0	0	0	0	0	0	0	0	0	0	0	0	0	0	0	0	0	0	0	0	0	0	0	0	0	0	0	0	0	0	0	0	0	0	0	0	0	0	0	0	0	0	0	0	0	0	0	0	0	0	0	0	0	0	0	0	0	0	0	0	0	0	0
La4	SRR27836874	21	0	0	0	0	0	0	0	0	0	0	0	0	0	0	0	0	0	0	0	0	0	0	0	0	0	0	0	0	0	0	0	0	0	0	0	0	0	0	0	0	0	0	0	0	0	0	0	0	0	0	0	0	0	0	0	0	0	0	0	0	0	0	0	0	0	0	0	0	0	0	0	0	0	0	0	0	0	0	0	0	0	0	0	0	0	0	0	0	0	0	0	0	0	0	0	0	0	0
La4	DRR120408	21	111	0	0	2	0	0	0	0	2	0	0	0	1	0	0	0	0	0	0	0	0	0	0	2	4	0	0	0	0	0	0	1	1	0	0	1	5	2	4	4	8	1	4	6	10	2	2	1	4	2	0	0	0	0	0	0	0	0	0	0	0	0	0	0	1	0	2	6	2	1	1	1	1	2	1	13	2	3	0	1	1	0	0	1	0	0	0	0	1	0	0	2	0	0	0	0	0	0
La4	SRR3135069	21	1	0	0	0	0	0	0	0	0	0	0	0	0	0	0	0	0	0	0	0	0	0	0	0	0	0	0	0	0	0	0	0	0	0	0	0	0	0	0	0	0	0	0	0	0	0	0	0	1	0	0	0	0	0	0	0	0	0	0	0	0	0	0	0	0	0	0	0	0	0	0	0	0	0	0	0	0	0	0	0	0	0	0	0	0	0	0	0	0	0	0	0	0	0	0	0	0	0
La4	SRR27836871	21	1	0	0	0	0	0	0	0	0	0	0	0	0	0	0	0	0	0	0	0	0	0	0	0	0	0	0	0	0	0	0	0	0	0	0	0	0	0	0	0	0	0	0	0	0	0	0	0	0	0	0	0	0	0	0	0	0	0	0	0	0	0	0	0	0	0	0	0	0	0	0	0	1	0	0	0	0	0	0	0	0	0	0	0	0	0	0	0	0	0	0	0	0	0	0	0	0	0
La4	SRR35773085	21	113	0	0	2	0	1	0	1	2	1	1	0	0	1	0	0	0	0	0	0	0	0	0	2	1	0	2	0	4	0	0	1	2	0	3	3	2	0	3	6	7	1	3	7	4	3	3	3	4	1	0	0	0	0	0	0	0	0	1	0	0	0	0	2	0	0	3	1	2	1	1	3	0	0	2	6	5	3	0	0	2	0	0	1	0	0	0	1	0	0	0	1	2	1	0	0	0	1
La4	ERR13149107	21	0	0	0	0	0	0	0	0	0	0	0	0	0	0	0	0	0	0	0	0	0	0	0	0	0	0	0	0	0	0	0	0	0	0	0	0	0	0	0	0	0	0	0	0	0	0	0	0	0	0	0	0	0	0	0	0	0	0	0	0	0	0	0	0	0	0	0	0	0	0	0	0	0	0	0	0	0	0	0	0	0	0	0	0	0	0	0	0	0	0	0	0	0	0	0	0	0	0
La4	SRR27836869	21	0	0	0	0	0	0	0	0	0	0	0	0	0	0	0	0	0	0	0	0	0	0	0	0	0	0	0	0	0	0	0	0	0	0	0	0	0	0	0	0	0	0	0	0	0	0	0	0	0	0	0	0	0	0	0	0	0	0	0	0	0	0	0	0	0	0	0	0	0	0	0	0	0	0	0	0	0	0	0	0	0	0	0	0	0	0	0	0	0	0	0	0	0	0	0	0	0	0
La4	SRR1792164	21	0	0	0	0	0	0	0	0	0	0	0	0	0	0	0	0	0	0	0	0	0	0	0	0	0	0	0	0	0	0	0	0	0	0	0	0	0	0	0	0	0	0	0	0	0	0	0	0	0	0	0	0	0	0	0	0	0	0	0	0	0	0	0	0	0	0	0	0	0	0	0	0	0	0	0	0	0	0	0	0	0	0	0	0	0	0	0	0	0	0	0	0	0	0	0	0	0	0
La4	SRR18914189	21	0	0	0	0	0	0	0	0	0	0	0	0	0	0	0	0	0	0	0	0	0	0	0	0	0	0	0	0	0	0	0	0	0	0	0	0	0	0	0	0	0	0	0	0	0	0	0	0	0	0	0	0	0	0	0	0	0	0	0	0	0	0	0	0	0	0	0	0	0	0	0	0	0	0	0	0	0	0	0	0	0	0	0	0	0	0	0	0	0	0	0	0	0	0	0	0	0	0
La4	SRR16503843	21	0	0	0	0	0	0	0	0	0	0	0	0	0	0	0	0	0	0	0	0	0	0	0	0	0	0	0	0	0	0	0	0	0	0	0	0	0	0	0	0	0	0	0	0	0	0	0	0	0	0	0	0	0	0	0	0	0	0	0	0	0	0	0	0	0	0	0	0	0	0	0	0	0	0	0	0	0	0	0	0	0	0	0	0	0	0	0	0	0	0	0	0	0	0	0	0	0	0
La4	SRR7617662	21	0	0	0	0	0	0	0	0	0	0	0	0	0	0	0	0	0	0	0	0	0	0	0	0	0	0	0	0	0	0	0	0	0	0	0	0	0	0	0	0	0	0	0	0	0	0	0	0	0	0	0	0	0	0	0	0	0	0	0	0	0	0	0	0	0	0	0	0	0	0	0	0	0	0	0	0	0	0	0	0	0	0	0	0	0	0	0	0	0	0	0	0	0	0	0	0	0	0
La4	SRR1792165	21	1	0	0	0	0	0	0	0	0	0	0	0	1	0	0	0	0	0	0	0	0	0	0	0	0	0	0	0	0	0	0	0	0	0	0	0	0	0	0	0	0	0	0	0	0	0	0	0	0	0	0	0	0	0	0	0	0	0	0	0	0	0	0	0	0	0	0	0	0	0	0	0	0	0	0	0	0	0	0	0	0	0	0	0	0	0	0	0	0	0	0	0	0	0	0	0	0	0
La4	SRR27836875	21	0	0	0	0	0	0	0	0	0	0	0	0	0	0	0	0	0	0	0	0	0	0	0	0	0	0	0	0	0	0	0	0	0	0	0	0	0	0	0	0	0	0	0	0	0	0	0	0	0	0	0	0	0	0	0	0	0	0	0	0	0	0	0	0	0	0	0	0	0	0	0	0	0	0	0	0	0	0	0	0	0	0	0	0	0	0	0	0	0	0	0	0	0	0	0	0	0	0
La4	SRR27836876	21	1	0	0	0	0	0	0	0	0	0	0	0	0	0	0	0	0	0	0	0	0	0	0	0	0	0	0	0	0	0	0	0	0	0	0	0	0	0	0	0	0	0	1	0	0	0	0	0	0	0	0	0	0	0	0	0	0	0	0	0	0	0	0	0	0	0	0	0	0	0	0	0	0	0	0	0	0	0	0	0	0	0	0	0	0	0	0	0	0	0	0	0	0	0	0	0	0	0
La4	SRR27836868	21	1	0	0	0	0	0	0	0	0	0	0	0	0	0	0	0	0	0	0	0	0	0	0	0	0	0	0	0	0	0	0	0	0	0	0	0	0	0	0	0	0	0	0	0	0	0	0	0	0	0	0	0	0	0	0	0	0	0	0	0	0	0	0	0	0	0	0	0	0	0	0	0	0	0	0	0	0	0	0	0	0	0	0	0	0	0	0	0	0	0	0	0	1	0	0	0	0	0
La4	ERR11068622	21	277	0	2	1	5	0	0	2	0	1	1	1	8	1	1	0	3	0	0	3	2	1	1	3	0	1	4	5	3	2	0	1	1	0	7	4	7	0	16	5	18	6	6	11	13	5	5	5	9	2	0	2	1	0	1	1	0	2	0	0	0	0	0	0	0	0	2	6	6	1	0	3	3	1	2	17	12	7	0	7	4	1	0	1	1	0	0	6	1	2	0	6	2	2	0	3	2	0
La4	SRR27836873	21	0	0	0	0	0	0	0	0	0	0	0	0	0	0	0	0	0	0	0	0	0	0	0	0	0	0	0	0	0	0	0	0	0	0	0	0	0	0	0	0	0	0	0	0	0	0	0	0	0	0	0	0	0	0	0	0	0	0	0	0	0	0	0	0	0	0	0	0	0	0	0	0	0	0	0	0	0	0	0	0	0	0	0	0	0	0	0	0	0	0	0	0	0	0	0	0	0	0
La4	SRR27836872	21	1	0	0	0	0	0	0	0	0	0	0	0	0	0	0	0	0	0	0	0	0	0	0	0	0	0	0	0	0	0	0	0	0	0	0	0	0	0	0	0	1	0	0	0	0	0	0	0	0	0	0	0	0	0	0	0	0	0	0	0	0	0	0	0	0	0	0	0	0	0	0	0	0	0	0	0	0	0	0	0	0	0	0	0	0	0	0	0	0	0	0	0	0	0	0	0	0	0
Dassie	SRR3745455	6	70	0	0	3	6	0	0	0	1	0	2	2	2	1	1	1	0	0	0	0	0	0	4	1	2	0	0	1	0	1	2	0	1	0	0	2	2	0	0	2	2	2	4	2	5	2	1	1	2	0	0	0	0	0	0	1	0	1	0	0	0	0	0	0	0	0	0	1	1	1	0	0	2	0	2	0	1	0	0	0	0	0	0	0	0	1	0	0	0	1	0	0	0	0	0	0	0	0
Dassie	SRR3745457	6	0	0	0	0	0	0	0	0	0	0	0	0	0	0	0	0	0	0	0	0	0	0	0	0	0	0	0	0	0	0	0	0	0	0	0	0	0	0	0	0	0	0	0	0	0	0	0	0	0	0	0	0	0	0	0	0	0	0	0	0	0	0	0	0	0	0	0	0	0	0	0	0	0	0	0	0	0	0	0	0	0	0	0	0	0	0	0	0	0	0	0	0	0	0	0	0	0	0
Dassie	ERR2659158	6	6	0	0	0	0	0	0	0	0	0	0	0	0	1	0	0	0	0	0	0	0	0	1	0	0	0	0	1	0	0	0	0	0	0	0	0	0	0	0	0	0	0	1	0	0	0	0	0	0	0	0	0	0	0	0	0	0	0	0	0	0	0	0	0	0	0	0	0	0	0	0	0	0	0	0	0	0	1	0	0	0	0	0	0	0	0	0	0	0	0	0	0	0	1	0	0	0	0
Dassie	ERR2659157	6	0	0	0	0	0	0	0	0	0	0	0	0	0	0	0	0	0	0	0	0	0	0	0	0	0	0	0	0	0	0	0	0	0	0	0	0	0	0	0	0	0	0	0	0	0	0	0	0	0	0	0	0	0	0	0	0	0	0	0	0	0	0	0	0	0	0	0	0	0	0	0	0	0	0	0	0	0	0	0	0	0	0	0	0	0	0	0	0	0	0	0	0	0	0	0	0	0	0
Dassie	SRR3745456	6	68	0	0	2	1	3	0	2	2	0	3	0	1	0	0	1	0	0	2	0	0	0	2	0	2	3	0	1	1	2	1	1	1	0	0	1	2	0	0	0	2	1	3	1	3	1	0	2	4	1	0	0	1	0	0	0	0	0	0	0	0	0	0	0	0	1	0	2	2	0	0	1	2	1	0	1	1	0	0	0	1	0	0	0	0	0	0	2	0	0	0	0	0	0	0	1	0	0
Dassie	SRR3745458	6	11	0	0	0	0	0	0	0	0	0	1	0	1	0	0	0	0	0	0	0	0	0	1	0	0	0	0	0	0	0	0	0	0	0	1	0	1	0	0	0	1	0	1	0	1	0	0	1	0	0	0	0	0	0	0	0	0	0	0	0	0	0	0	0	0	0	0	1	0	0	0	0	0	0	0	0	0	0	0	0	0	0	0	0	1	0	0	0	0	0	0	0	0	0	0	0	0	0
Suricattae	SRR29093838	5	3	0	0	0	0	0	0	0	0	0	0	0	0	0	0	0	0	0	0	0	0	0	0	0	0	0	0	0	0	0	0	0	0	0	0	0	0	0	0	0	0	0	0	0	0	0	0	0	0	0	0	0	0	0	0	0	0	0	0	0	0	0	0	0	0	0	0	0	0	0	0	2	1	0	0	0	0	0	0	0	0	0	0	0	0	0	0	0	0	0	0	0	0	0	0	0	0	0
Suricattae	SRR29093504	5	48	0	5	2	0	0	1	0	2	0	0	1	2	2	0	0	0	0	0	0	0	1	1	0	0	1	1	0	0	0	0	0	2	1	2	2	1	0	2	2	3	0	0	0	1	2	1	1	1	0	0	0	0	0	0	0	0	0	0	0	0	0	0	0	0	1	1	0	0	0	0	0	0	0	1	0	0	0	0	2	0	0	0	1	0	0	0	1	1	0	0	0	0	0	0	0	0	0
Suricattae	ERR970409	5	2	0	0	0	0	0	0	0	0	0	0	0	0	0	0	0	0	0	0	0	0	0	0	0	0	0	0	0	0	0	0	0	0	0	0	0	0	0	0	0	1	0	0	0	0	0	0	0	0	1	0	0	0	0	0	0	0	0	0	0	0	0	0	0	0	0	0	0	0	0	0	0	0	0	0	0	0	0	0	0	0	0	0	0	0	0	0	0	0	0	0	0	0	0	0	0	0	0
Suricattae	SRR29096559	5	1	0	0	0	0	0	0	0	0	0	0	0	0	0	0	0	0	0	0	0	0	0	0	0	0	0	0	0	0	0	0	0	0	0	0	0	0	0	0	0	1	0	0	0	0	0	0	0	0	0	0	0	0	0	0	0	0	0	0	0	0	0	0	0	0	0	0	0	0	0	0	0	0	0	0	0	0	0	0	0	0	0	0	0	0	0	0	0	0	0	0	0	0	0	0	0	0	0
Suricattae	SRR29096255	5	62	0	3	3	2	1	0	2	1	0	1	0	1	2	1	1	1	0	0	2	0	0	2	0	1	0	0	1	1	0	1	1	0	0	0	2	1	1	1	4	1	2	2	3	2	2	1	0	1	0	0	0	1	0	0	0	0	0	0	0	0	0	0	0	0	0	0	1	1	0	1	0	1	0	1	0	1	0	2	0	1	0	0	1	0	0	0	0	0	0	0	0	0	0	0	0	0	0
