lignee	sra	n_pool	n_evt	n_tierce	C>A@A.A	C>A@A.C	C>A@A.G	C>A@A.T	C>A@C.A	C>A@C.C	C>A@C.G	C>A@C.T	C>A@G.A	C>A@G.C	C>A@G.G	C>A@G.T	C>A@T.A	C>A@T.C	C>A@T.G	C>A@T.T	C>G@A.A	C>G@A.C	C>G@A.G	C>G@A.T	C>G@C.A	C>G@C.C	C>G@C.G	C>G@C.T	C>G@G.A	C>G@G.C	C>G@G.G	C>G@G.T	C>G@T.A	C>G@T.C	C>G@T.G	C>G@T.T	C>T@A.A	C>T@A.C	C>T@A.G	C>T@A.T	C>T@C.A	C>T@C.C	C>T@C.G	C>T@C.T	C>T@G.A	C>T@G.C	C>T@G.G	C>T@G.T	C>T@T.A	C>T@T.C	C>T@T.G	C>T@T.T	T>A@A.A	T>A@A.C	T>A@A.G	T>A@A.T	T>A@C.A	T>A@C.C	T>A@C.G	T>A@C.T	T>A@G.A	T>A@G.C	T>A@G.G	T>A@G.T	T>A@T.A	T>A@T.C	T>A@T.G	T>A@T.T	T>C@A.A	T>C@A.C	T>C@A.G	T>C@A.T	T>C@C.A	T>C@C.C	T>C@C.G	T>C@C.T	T>C@G.A	T>C@G.C	T>C@G.G	T>C@G.T	T>C@T.A	T>C@T.C	T>C@T.G	T>C@T.T	T>G@A.A	T>G@A.C	T>G@A.G	T>G@A.T	T>G@C.A	T>G@C.C	T>G@C.G	T>G@C.T	T>G@G.A	T>G@G.C	T>G@G.G	T>G@G.T	T>G@T.A	T>G@T.C	T>G@T.G	T>G@T.T
L1	SRR33890963	80	54	0	0	0	0	0	1	1	1	1	1	1	1	1	0	1	1	0	0	0	0	0	1	1	0	0	0	0	2	0	0	0	0	0	1	0	2	1	3	0	6	1	2	1	4	1	1	1	7	2	0	0	0	0	0	1	0	0	0	0	0	0	0	0	0	0	0	0	0	0	0	0	0	0	0	1	2	0	0	0	1	0	0	0	0	0	0	0	0	0	0	0	0	1	0	0	1	0
L1	SRR29230711	80	141	0	0	3	1	1	4	0	8	1	2	3	1	0	0	0	1	0	0	1	1	0	0	1	0	0	1	0	1	1	1	0	3	2	1	2	11	1	4	3	13	4	3	6	12	4	4	0	4	1	0	0	1	0	0	0	0	0	0	0	0	0	0	0	0	0	2	1	1	0	1	0	0	2	1	2	5	1	0	2	1	0	0	1	0	0	1	1	1	2	0	2	2	0	0	1	0	0
L1	ERR13252596	80	56	0	1	0	1	0	0	0	3	0	1	0	2	0	0	0	1	0	0	1	0	0	0	2	0	0	1	0	1	0	1	1	0	0	2	2	4	0	2	2	2	2	3	3	2	0	0	1	2	0	0	0	0	0	0	0	0	0	0	0	0	0	0	1	0	0	0	2	3	0	0	0	0	0	1	1	2	1	0	0	0	0	0	0	0	0	1	0	0	0	0	0	0	1	0	0	0	0
L1	SRR34556142	80	82	0	0	0	1	0	1	0	4	1	1	1	2	0	0	1	0	0	0	1	1	0	1	0	2	0	1	0	0	1	1	0	0	0	1	3	1	2	4	2	6	2	2	7	4	3	2	0	5	1	0	1	0	0	0	0	0	0	0	0	0	0	0	0	0	0	1	1	1	0	0	0	5	0	1	0	2	0	0	0	2	0	0	1	0	0	0	0	1	0	0	1	0	0	0	0	0	0
L1	ERR4800136	80	81	0	0	1	1	0	0	0	4	1	0	0	1	0	0	0	0	0	1	1	0	0	0	0	1	0	0	2	0	0	0	0	0	0	3	2	6	0	4	1	11	1	2	4	5	2	3	3	2	1	0	0	0	0	0	0	0	0	0	0	0	0	0	0	0	0	0	1	0	3	0	0	0	0	1	0	4	0	0	1	0	0	0	0	0	1	0	3	1	0	1	1	1	0	0	0	0	0
L1	SRR2100038	80	137	0	0	2	3	1	1	0	5	1	0	2	1	0	0	2	3	0	0	1	2	1	2	2	1	1	1	4	1	2	0	1	1	1	1	7	1	3	3	1	13	1	5	7	8	5	0	3	3	2	0	0	1	0	0	0	1	0	0	0	0	0	0	0	0	0	0	3	1	0	0	0	2	0	2	5	6	1	0	1	0	0	0	0	1	1	1	2	1	1	0	0	0	0	0	1	1	0
L1	SRR33891102	80	225	0	1	3	3	0	0	2	3	1	2	4	6	0	1	1	4	0	0	0	0	2	1	2	8	1	1	1	3	1	0	0	2	1	6	11	10	3	13	5	14	5	4	13	12	2	3	5	14	3	1	0	0	0	0	0	0	0	1	0	0	0	0	0	0	0	3	3	2	1	0	1	3	0	1	5	8	1	1	2	1	1	0	0	1	0	0	4	5	1	0	0	0	0	0	1	0	1
L1	SRR26399570	80	80	0	1	2	1	0	1	3	0	1	1	0	2	0	0	0	0	0	0	1	0	0	3	1	2	1	0	0	0	0	0	0	0	0	1	1	3	3	1	3	8	2	8	1	4	2	0	3	2	3	0	0	0	0	0	0	0	0	0	0	0	0	0	0	0	0	0	2	3	0	1	0	2	0	1	0	1	0	0	0	0	1	0	0	0	1	1	0	1	0	0	0	1	0	0	0	0	0
L1	SRR30881691	80	197	0	1	1	2	1	3	3	7	0	1	4	5	2	0	1	1	0	0	0	1	0	2	1	5	0	1	1	1	1	0	0	4	0	3	7	9	2	10	2	19	4	8	10	13	3	2	0	14	1	0	0	0	1	0	0	0	0	0	0	0	0	1	0	0	0	1	6	3	0	0	3	0	0	1	0	6	5	1	0	1	0	0	1	0	0	0	1	3	5	0	1	1	0	0	0	0	0
L1	SRR33917424	80	98	0	0	1	2	0	0	1	3	0	1	1	3	0	0	0	1	0	0	1	0	0	1	1	2	0	1	4	0	0	0	0	1	0	5	2	7	1	2	1	8	5	3	5	5	2	2	2	4	4	1	0	0	0	0	0	1	0	0	0	0	0	0	0	0	0	0	0	1	0	1	0	1	0	1	2	4	0	0	0	1	1	0	0	0	0	0	1	0	0	0	0	1	0	0	0	0	0
L1	SRR33766540	80	82	0	0	2	0	1	0	1	2	0	0	2	1	1	1	0	0	1	0	0	0	2	1	2	0	0	0	0	1	0	0	1	0	0	1	2	4	2	3	1	11	2	4	2	9	3	1	1	3	1	0	0	0	0	0	0	0	0	0	0	0	0	0	0	0	0	0	0	1	0	0	0	0	0	0	1	1	2	0	2	1	0	0	0	0	0	2	0	0	1	0	2	0	0	0	0	0	0
L1	SRR5073511	80	108	0	0	3	0	0	0	0	2	0	1	3	0	1	0	0	2	0	0	1	1	0	0	4	2	2	0	1	1	0	0	0	0	1	2	4	4	1	3	2	8	3	6	8	10	3	2	1	7	1	0	0	0	0	1	0	0	0	0	0	0	0	0	0	0	1	0	1	0	0	1	0	0	0	4	1	3	1	0	0	1	0	0	0	0	0	0	0	2	1	0	0	0	0	0	0	1	0
L1	SRR6650148	80	254	0	2	4	5	0	3	1	7	0	2	4	2	2	0	1	3	0	0	0	1	0	3	2	4	3	1	3	4	2	1	1	0	0	4	10	11	1	11	10	11	6	9	15	18	6	4	2	11	1	0	1	0	0	0	0	0	0	0	0	0	0	0	1	0	0	2	6	7	3	0	1	4	0	1	6	5	6	2	1	3	0	0	1	0	1	0	0	2	0	2	2	3	2	0	0	1	0
L1	SRR29017642	80	176	0	1	2	0	1	0	1	6	0	0	2	4	0	2	0	2	1	1	3	4	2	0	0	2	2	0	0	5	1	0	1	1	1	6	5	6	0	6	3	14	7	6	6	12	5	6	3	8	2	1	1	0	0	1	0	0	0	0	0	1	0	0	1	1	0	0	4	1	2	0	0	2	0	0	3	3	4	2	1	0	1	0	1	1	0	0	0	1	0	0	1	2	1	0	0	0	0
L1	SRR34010306	80	83	0	0	0	0	0	0	0	1	2	1	1	2	1	0	1	2	0	0	0	0	0	1	0	1	1	1	2	0	0	0	1	0	0	1	7	8	0	1	2	3	1	4	3	7	2	1	0	6	0	0	2	0	0	0	0	0	0	0	0	0	0	0	0	0	0	1	0	7	2	0	0	0	1	0	1	0	1	0	0	2	0	0	0	0	0	0	0	0	1	0	1	0	0	0	0	0	0
L1	ERR11050329	80	90	0	0	0	0	0	0	2	6	2	1	2	1	0	1	1	0	0	0	0	0	0	0	0	0	0	0	2	1	1	0	1	1	0	1	2	6	1	5	0	8	1	2	8	4	0	4	1	4	0	0	0	0	0	0	1	0	2	0	0	0	0	0	0	0	0	0	3	2	0	0	0	2	0	0	1	0	1	0	0	1	0	0	1	0	0	0	1	3	0	0	2	0	0	0	1	0	0
L1	SRR12882247	80	87	0	1	1	0	0	0	1	3	0	0	0	2	0	1	0	1	0	0	1	0	0	0	0	3	0	2	1	1	0	0	1	0	0	2	4	2	4	1	3	8	0	3	1	8	5	3	6	4	0	0	0	0	0	0	0	1	0	0	0	0	0	0	0	0	0	0	1	2	1	0	0	2	0	1	2	2	1	0	0	0	0	0	0	0	0	0	1	0	0	0	0	0	0	0	0	0	0
L1	SRR29126164	80	35	0	0	0	0	0	0	2	2	0	0	0	0	0	0	0	0	0	0	0	1	0	0	0	0	0	0	0	0	0	0	0	0	0	0	0	4	0	2	1	2	0	2	3	3	1	0	0	2	0	0	1	0	1	0	0	0	0	0	0	0	0	0	0	0	0	0	0	0	0	1	0	0	0	0	2	1	0	0	0	1	1	0	1	0	0	0	0	1	0	0	0	0	0	0	0	0	0
L1	SRR29126464	80	69	0	0	2	1	0	0	0	2	0	1	0	1	2	0	0	1	0	0	1	0	0	1	0	0	0	0	1	0	0	0	0	0	1	3	3	0	0	1	4	4	0	3	6	9	3	0	4	3	1	0	0	0	0	0	1	0	0	0	0	0	0	0	0	0	0	0	0	0	0	0	1	2	0	0	3	2	1	0	0	0	0	0	0	0	0	0	0	0	0	0	0	0	0	0	1	0	0
L1	SRR33812683	80	63	0	0	1	1	0	1	0	1	0	1	0	0	0	0	0	1	0	0	1	0	0	0	0	1	0	0	0	0	0	1	0	1	0	2	3	6	0	2	1	5	3	1	4	7	0	0	2	6	0	0	0	0	0	0	1	0	0	0	0	0	0	0	0	0	0	1	1	1	0	0	0	1	0	1	1	1	0	0	0	1	0	0	0	0	0	0	0	1	1	0	0	0	0	0	0	0	0
L1	SRR33857403	80	41	0	0	1	1	0	0	0	0	0	1	0	0	1	0	0	1	0	0	0	0	0	0	0	0	0	1	0	0	0	0	0	0	2	3	1	1	0	0	1	4	1	2	2	1	1	1	0	6	1	0	0	0	0	0	0	0	0	0	0	1	0	0	0	0	0	0	2	1	0	0	0	1	1	0	0	1	0	0	0	0	0	1	0	0	0	0	0	0	0	0	0	0	0	0	0	0	0
L1	DRR184923	80	79	0	1	2	0	1	1	1	4	1	0	0	2	0	1	0	1	0	0	0	0	0	1	1	0	0	1	0	3	1	0	1	0	0	1	3	7	3	2	0	8	3	0	3	3	4	2	0	1	0	0	0	0	1	0	0	1	0	0	0	0	0	0	0	1	0	0	2	1	1	0	0	1	0	1	1	1	0	0	0	1	0	0	0	0	1	0	0	0	0	0	1	0	1	0	0	1	0
L1	ERR9125582	80	77	0	1	0	0	1	0	0	0	0	1	1	3	0	0	0	1	0	1	1	0	1	3	0	1	0	2	2	2	0	0	1	0	0	1	1	4	1	4	1	4	1	2	6	4	1	2	1	7	0	0	0	0	0	0	0	1	0	1	0	0	0	0	0	0	0	1	1	0	0	0	0	2	0	2	2	4	1	0	0	0	0	0	0	0	0	0	0	0	0	0	0	0	0	0	0	0	0
L1	SRR34127933	80	137	0	1	4	2	1	1	1	5	3	2	1	2	0	0	0	2	0	1	0	0	0	0	1	1	1	0	1	3	0	1	2	1	0	1	5	7	1	10	0	14	4	2	13	9	2	3	2	9	2	0	0	0	0	0	1	0	0	0	0	0	0	0	0	0	0	0	0	6	0	0	0	0	0	0	0	2	3	0	0	0	0	0	0	0	0	1	0	2	0	0	0	1	0	0	0	0	0
L1	SRR6650280	80	138	0	0	0	0	0	2	1	5	1	0	1	2	3	0	1	3	1	0	0	1	1	1	0	0	1	1	1	0	2	0	0	0	0	2	3	3	1	11	4	8	7	6	7	12	3	1	5	10	1	0	0	0	0	0	0	0	0	0	1	0	0	0	0	0	0	0	2	1	0	1	1	0	0	1	2	4	3	0	0	2	0	0	0	0	0	0	2	2	1	0	1	1	0	0	0	1	0
L1	ERR3276136	80	118	1	0	0	4	0	1	0	5	0	0	1	2	1	1	0	1	1	0	1	1	1	3	2	0	0	0	0	0	1	0	1	0	0	5	4	5	0	4	4	12	5	2	6	7	3	2	0	5	3	0	1	0	0	0	0	1	0	0	0	0	0	0	0	0	0	0	4	0	1	0	1	1	0	0	3	1	2	0	1	1	0	0	0	1	0	2	1	2	1	0	0	0	0	0	0	0	0
L1	ERR046898	80	154	0	0	2	1	0	1	0	3	0	2	1	1	0	0	1	2	0	0	1	1	0	0	2	1	0	0	2	2	1	0	0	2	0	3	5	7	0	11	1	18	4	6	3	16	5	3	0	12	3	0	0	0	0	0	0	0	1	0	0	0	0	0	0	0	0	1	5	4	1	1	0	3	1	1	1	5	0	1	0	0	0	0	0	0	0	0	1	2	0	0	1	1	0	0	1	0	0
L1	SRR29051136	80	98	0	0	1	2	0	0	0	4	0	0	2	1	0	0	0	4	1	1	0	0	0	0	1	1	0	0	3	0	0	0	0	1	0	0	4	2	1	1	1	5	4	6	5	10	5	3	2	3	1	1	0	0	0	0	0	0	0	0	0	0	0	0	0	0	0	1	4	2	1	1	0	0	0	1	1	0	1	0	0	0	0	0	1	0	0	1	3	2	1	0	1	1	0	0	0	0	0
L1	SRR34578503	80	62	0	0	2	1	0	1	0	4	0	1	1	1	0	0	0	2	0	0	0	0	0	1	0	1	0	0	0	1	0	0	0	0	0	0	4	3	0	6	0	5	1	3	2	6	0	1	1	3	1	1	0	0	0	0	0	0	0	0	0	0	0	0	0	0	1	0	2	0	0	0	0	1	0	0	1	1	1	0	2	0	0	0	0	0	0	0	0	0	0	0	0	0	0	0	0	0	0
L1	SRR30629484	80	255	0	1	2	2	0	0	0	7	1	3	0	5	1	0	0	6	0	2	0	1	0	3	2	6	2	2	0	0	1	2	1	2	2	6	7	9	6	17	4	21	9	14	13	19	10	2	7	13	6	0	0	0	0	0	0	1	0	0	0	0	0	0	1	1	0	1	2	2	0	0	0	4	1	3	0	5	2	0	2	1	0	0	0	1	0	1	0	5	2	0	0	2	0	0	0	1	0
L1	ERR2517197	80	330	0	0	2	2	3	3	1	9	4	0	4	10	0	2	1	5	0	1	4	2	3	0	0	6	2	2	8	5	1	0	2	2	0	2	14	18	4	20	8	38	7	15	15	21	4	3	5	12	2	0	1	0	0	0	0	0	1	0	0	0	1	0	0	0	0	0	9	5	2	0	0	4	1	2	6	6	1	0	1	3	1	0	1	0	0	0	3	0	1	0	4	1	2	0	1	1	0
L1	SRR33643363	80	73	0	0	2	0	0	0	1	4	1	0	1	0	3	0	0	2	0	0	0	1	0	1	3	2	2	1	1	1	0	1	1	1	2	0	2	1	0	2	2	6	1	4	4	3	2	0	1	2	0	0	0	0	0	0	0	0	0	0	0	0	0	0	0	0	0	1	1	1	0	0	2	1	1	0	1	1	1	0	1	0	0	0	0	0	0	0	0	1	0	0	0	0	0	0	0	0	0
L1	SRR33914503	80	161	0	0	1	3	2	0	2	4	1	0	3	6	0	0	1	0	0	0	1	0	0	2	1	2	0	1	0	1	0	0	2	0	0	7	5	9	0	3	9	13	4	3	8	10	10	3	4	8	4	0	0	0	0	0	1	0	0	0	0	0	0	0	0	0	0	1	2	1	1	1	0	3	2	2	1	0	2	0	1	2	0	0	0	0	0	1	0	3	1	0	2	1	0	0	0	0	0
L1	ERR473297	80	67	0	0	1	1	0	2	0	3	1	0	0	2	1	0	1	0	0	0	1	0	1	0	0	2	0	0	0	2	0	0	0	0	0	1	0	6	0	2	4	7	1	0	3	6	2	2	0	1	1	0	0	0	0	0	1	0	0	0	0	0	0	0	0	0	0	0	1	0	0	0	1	2	0	0	0	1	0	0	1	1	0	0	1	1	0	0	0	1	0	0	1	0	1	0	0	0	0
L1	SRR27450142	80	35	0	0	0	1	0	0	0	0	0	1	0	0	0	0	0	1	0	0	0	0	0	0	0	1	0	0	1	1	0	0	1	0	0	1	1	0	1	3	2	3	0	0	1	2	1	2	1	3	1	0	0	0	0	0	0	1	0	0	0	0	0	0	0	0	0	0	0	0	0	0	0	1	0	0	0	1	1	0	0	0	0	0	0	0	0	0	0	0	0	0	1	0	1	0	0	0	0
L1	SRR33712871	80	60	0	1	0	1	0	0	1	2	2	0	1	0	0	1	0	0	0	0	0	0	0	0	0	2	0	0	1	0	1	0	0	0	0	2	3	2	0	1	4	10	2	4	3	4	1	2	1	4	0	0	0	0	0	0	0	0	0	0	0	0	0	0	0	0	0	0	0	0	0	0	0	1	0	0	1	0	0	0	0	1	0	0	0	0	0	0	0	0	1	0	0	0	0	0	0	0	0
L1	SRR33752911	80	25	0	0	1	1	0	0	0	0	0	0	0	0	0	0	0	0	1	0	0	0	0	0	0	0	0	1	0	0	0	0	0	0	0	2	1	1	0	0	2	4	0	0	3	1	0	2	0	1	0	0	0	0	0	0	0	0	0	0	0	0	0	0	0	0	0	0	0	0	0	0	0	1	0	0	0	0	0	0	0	0	0	0	0	0	0	0	0	1	0	0	0	2	0	0	0	0	0
L1	ERR4815680	80	223	0	0	1	1	1	0	3	4	1	1	1	3	1	1	0	2	0	0	1	0	0	5	2	2	1	0	2	3	1	2	1	1	0	5	9	12	2	11	4	25	5	9	14	13	3	3	4	12	1	0	0	0	0	0	1	0	0	0	1	0	0	0	0	0	0	2	3	3	2	1	1	3	3	1	6	8	2	0	1	0	0	0	0	1	0	1	3	1	0	0	2	1	1	0	0	1	1
L1	ERR6929529	80	34	0	1	0	0	1	0	1	1	0	2	0	1	1	2	0	1	0	1	0	0	0	0	0	0	0	0	1	1	0	1	0	0	0	1	1	0	1	1	1	3	0	1	0	1	1	0	1	1	0	0	0	0	0	0	0	0	0	0	0	0	0	0	0	0	0	0	0	0	0	0	0	0	0	0	1	0	1	0	0	0	0	0	0	0	0	0	0	0	0	0	2	1	1	0	0	0	0
L1	ERR6336694	80	55	0	1	2	0	1	0	0	3	0	1	0	1	0	0	0	0	0	0	2	0	0	0	0	2	0	0	0	0	0	0	0	0	1	1	2	1	1	2	2	4	0	1	2	5	1	1	1	4	2	0	1	0	0	0	0	0	0	0	0	0	0	0	0	0	0	0	1	0	0	0	0	2	0	0	0	0	0	0	1	1	0	0	1	0	0	0	2	0	0	0	0	0	2	0	0	0	0
L1	SRR25703696	80	227	0	0	3	3	0	2	0	5	0	1	6	1	2	1	3	0	0	0	1	0	1	1	0	2	2	1	0	2	2	0	0	1	1	3	11	9	3	8	8	25	4	9	9	14	4	3	4	13	2	0	2	0	0	0	0	0	0	0	0	1	0	0	1	0	1	0	6	6	2	1	1	3	0	1	6	4	0	0	1	3	0	0	0	0	3	0	4	8	0	1	1	1	0	0	0	0	0
L1	ERR4828385	80	149	0	0	3	3	0	2	0	4	2	2	0	1	0	1	0	2	0	1	1	0	0	1	0	2	1	0	0	1	0	0	1	0	0	7	5	5	4	5	4	20	2	6	4	4	5	4	0	10	1	1	1	0	0	0	0	0	0	0	0	0	1	0	0	1	0	0	1	5	1	1	1	3	0	0	2	3	0	0	0	1	1	1	1	1	1	0	0	3	2	0	0	2	0	0	0	1	0
L1	ERR4819468	80	80	0	1	0	0	0	0	0	5	0	2	0	1	0	0	0	1	0	0	1	0	0	1	5	2	0	0	3	0	1	0	0	1	0	3	3	3	0	3	5	6	0	5	3	7	0	0	2	1	1	0	0	0	0	0	0	2	0	0	0	0	0	0	0	0	0	1	1	0	1	0	0	1	0	0	1	1	0	0	0	0	1	0	0	0	0	0	1	2	1	0	1	0	0	0	0	0	0
L1	SRR29050807	80	50	0	2	0	0	0	0	0	0	0	1	0	1	0	0	0	0	0	0	1	0	0	0	0	1	0	0	2	1	1	0	1	0	0	1	1	3	2	2	0	3	1	0	0	7	0	3	1	1	1	0	0	0	0	0	0	0	0	0	0	0	0	0	1	0	1	0	2	2	0	1	1	0	0	0	0	1	0	0	0	0	0	0	0	0	0	0	0	1	1	0	1	0	0	0	0	1	0
L1	SRR33679998	80	149	0	1	1	2	0	0	0	5	0	2	2	3	3	0	0	0	1	0	0	1	0	3	1	2	0	0	1	0	0	0	0	1	0	2	10	9	0	7	3	18	4	2	7	8	2	3	3	10	2	0	0	0	0	0	0	1	0	0	0	0	0	0	0	0	0	1	0	4	1	1	1	1	0	1	1	2	2	1	1	3	0	0	0	0	0	2	1	2	1	0	1	0	0	1	0	0	1
L1	SRR27450133	80	109	0	0	0	4	0	1	0	5	0	1	2	3	0	2	0	2	0	0	1	0	0	0	1	2	0	0	1	0	0	0	1	1	0	5	2	5	1	4	3	8	6	3	6	6	2	2	3	4	1	0	0	0	0	0	0	0	0	0	0	1	0	0	0	0	0	1	2	5	0	0	0	0	0	0	1	1	1	0	0	1	0	0	0	0	0	2	1	1	1	0	1	1	1	0	0	0	0
L1	SRR30630003	80	48	0	0	1	2	0	1	0	0	0	0	0	1	0	0	0	1	0	0	1	1	0	0	0	1	0	0	0	1	0	0	0	0	0	1	0	6	0	0	1	5	0	3	1	4	2	2	0	3	0	0	0	0	0	0	0	0	0	0	0	0	0	0	0	0	0	1	0	1	0	0	1	0	0	0	1	3	0	0	0	0	0	0	0	0	0	1	1	1	0	0	0	0	0	0	0	0	0
L1	SRR12882436	80	69	0	0	0	1	0	1	1	1	0	0	0	1	1	0	0	2	0	0	0	0	0	0	2	0	0	0	0	0	0	0	0	3	0	0	3	3	2	2	2	9	1	4	4	4	2	1	2	4	1	0	0	1	0	0	0	0	0	0	0	0	0	0	0	0	0	0	2	1	0	0	1	1	0	0	0	3	1	0	0	1	0	0	0	0	0	0	0	0	0	0	0	0	0	0	0	1	0
L1	ERR4830846	80	300	0	1	3	3	1	0	0	3	2	2	1	7	4	3	2	1	2	1	0	2	2	3	2	3	0	1	3	3	3	0	1	1	1	8	13	13	4	15	4	24	4	10	9	19	9	14	2	18	0	0	1	0	0	0	0	0	1	0	1	0	0	0	0	0	1	3	5	6	2	0	3	5	2	2	7	5	4	1	2	1	0	0	3	0	0	0	2	4	3	0	3	2	0	0	1	3	0
L1	ERR13266162	80	195	0	0	0	7	1	0	1	3	2	0	2	0	0	0	1	5	0	2	2	1	1	1	3	3	1	0	4	2	0	0	3	0	1	4	4	5	0	7	7	17	5	4	8	14	8	3	11	13	3	0	0	1	0	0	0	2	0	0	0	0	0	0	0	0	0	0	3	1	1	0	0	2	1	1	8	3	1	0	0	2	0	0	1	2	0	0	1	2	0	0	2	1	0	0	0	1	0
L1	SRR34130363	80	32	0	0	0	0	0	1	1	1	0	0	0	2	0	1	0	0	0	0	0	0	0	0	0	1	0	0	0	1	0	0	0	0	0	1	0	2	0	1	0	3	1	0	1	5	2	0	2	2	0	0	0	0	0	0	0	1	0	0	0	0	0	0	0	0	0	0	0	0	1	0	0	0	0	0	1	0	0	0	0	1	0	0	0	0	0	0	0	0	0	0	0	0	0	0	0	0	0
L1	SRR28044529	80	135	0	2	2	1	0	0	0	2	0	0	2	2	0	1	1	0	0	0	2	0	0	2	0	2	0	1	1	4	0	1	1	0	1	5	1	6	0	5	9	8	4	6	7	10	2	3	1	6	1	0	0	0	0	0	0	0	0	0	0	0	0	0	0	1	0	0	3	4	0	0	1	3	0	0	1	4	2	0	0	1	0	0	0	0	0	0	2	4	0	0	3	1	2	1	0	0	0
L1	ERR13260474	80	22	0	0	0	0	0	0	0	2	1	1	0	0	0	0	0	1	0	0	0	0	0	0	0	1	0	1	0	0	1	1	0	0	0	0	1	2	1	2	1	0	1	0	1	0	0	0	0	0	1	0	0	0	0	0	0	0	0	0	0	0	0	0	0	0	0	0	0	0	0	0	0	0	0	0	1	0	1	0	0	1	0	0	0	0	0	0	0	0	0	0	0	0	0	0	0	0	0
L1	ERR13291689	80	44	0	0	2	0	0	0	0	0	1	0	0	0	0	0	0	0	0	0	0	1	0	0	0	1	0	1	0	0	0	0	1	0	0	2	1	4	1	1	3	2	0	1	2	4	4	1	1	3	0	0	0	0	0	0	0	0	0	0	0	0	0	0	0	0	0	0	3	2	0	0	0	0	0	1	0	1	0	0	0	0	0	0	0	0	0	0	0	0	0	0	0	0	0	0	0	0	0
L1	SRR33938630	80	71	0	0	1	2	0	0	0	2	1	1	1	1	0	0	0	1	0	0	1	0	0	0	0	2	1	0	0	0	0	0	0	0	0	2	0	3	0	2	2	6	1	1	4	6	3	4	1	8	0	0	0	0	0	0	0	0	0	0	0	0	0	0	0	0	0	0	3	0	0	0	1	1	0	2	0	2	1	0	0	1	0	0	1	0	0	0	0	1	0	0	0	0	0	0	0	1	0
L1	SRR33628843	80	337	0	0	3	4	0	1	1	6	1	3	0	7	1	0	2	0	0	0	0	1	2	2	4	3	2	0	5	2	1	0	3	1	3	9	15	22	3	13	9	33	5	10	14	26	9	6	4	12	1	0	0	0	0	0	0	0	0	0	0	0	1	0	0	0	2	0	5	7	1	0	1	2	1	4	6	14	4	1	3	1	0	1	3	0	1	0	3	5	4	0	7	7	2	0	2	0	0
L1	ERR6635421	80	31	0	0	0	0	0	0	0	1	0	0	0	0	1	0	0	1	0	0	0	0	0	0	1	0	0	0	0	0	0	0	0	0	0	0	1	2	0	3	0	3	1	1	1	3	1	1	0	3	0	1	0	0	0	0	0	0	0	0	0	0	0	0	0	0	0	0	0	0	0	0	0	0	0	0	0	3	1	0	0	0	0	0	1	0	0	1	0	0	0	0	0	0	0	0	0	0	0
L1	SRR22251504	80	87	0	0	0	2	1	1	0	2	0	1	0	1	0	0	0	1	0	0	0	0	0	0	3	3	0	0	1	2	1	0	0	3	0	1	3	2	0	5	2	3	1	7	2	6	6	2	1	2	1	0	0	0	0	0	0	0	0	0	1	0	0	1	0	0	1	0	2	0	0	0	2	1	1	0	4	2	1	0	0	0	0	0	0	0	0	0	1	0	0	0	1	0	1	0	0	1	1
L1	ERR4817070	80	218	0	0	2	2	0	2	0	5	2	2	3	8	1	0	0	3	0	1	1	2	2	1	3	5	1	1	3	3	2	1	0	0	1	5	8	16	1	12	4	17	2	9	9	13	8	1	3	12	1	0	0	0	0	0	0	0	0	0	0	0	0	0	0	0	0	0	2	2	1	1	0	3	1	1	3	8	1	1	1	5	1	0	0	0	0	0	0	3	1	0	2	3	0	0	0	0	0
L1	SRR12882092	80	46	0	0	0	0	0	0	0	1	0	0	0	2	0	0	0	1	0	0	0	1	0	0	0	0	1	0	0	0	0	0	0	1	0	3	1	3	1	2	1	4	1	1	3	4	4	1	2	2	2	0	0	0	0	0	0	0	0	0	0	0	0	0	0	0	0	0	0	0	0	0	2	0	0	0	0	1	0	0	0	0	0	0	0	0	0	0	0	0	0	0	0	0	1	0	0	0	0
L1	SRR33713076	80	52	0	0	0	0	0	1	0	0	0	0	2	0	0	0	0	3	0	0	0	0	0	1	1	3	0	0	0	0	0	0	0	0	0	1	0	1	1	1	0	4	3	2	1	7	0	2	2	3	0	0	0	0	0	0	0	2	0	0	0	0	0	0	0	0	0	0	3	1	0	0	1	0	0	0	1	1	0	1	0	0	0	0	0	1	0	0	0	1	0	0	0	1	0	0	0	0	0
L1	SRR5065415	80	49	0	2	0	0	0	0	0	0	0	0	0	1	0	0	0	0	0	0	0	2	0	0	0	2	0	0	0	1	0	0	0	1	0	2	0	3	0	1	0	7	1	2	3	5	1	0	0	2	2	0	0	0	0	0	0	0	0	0	1	0	0	0	0	0	0	0	1	1	0	0	0	0	1	0	1	2	1	0	0	0	0	0	0	0	0	0	1	0	0	0	0	1	1	0	0	0	0
L1	SRR33938822	80	32	0	0	0	0	0	0	0	4	0	1	0	0	0	0	0	0	0	0	0	0	0	0	0	0	0	0	1	1	0	0	0	0	1	2	1	2	1	3	0	0	2	1	0	1	2	3	0	1	0	0	0	0	0	0	0	0	0	0	0	0	0	0	0	0	0	0	1	0	1	0	0	0	0	1	0	0	0	0	0	1	0	0	0	0	0	0	0	0	0	0	0	0	0	0	0	1	0
L1	ERR13291599	80	45	0	0	0	0	0	0	0	1	0	0	0	0	2	0	0	0	1	0	0	1	0	0	1	1	0	0	1	1	0	1	0	1	0	0	2	3	0	7	2	7	1	0	2	1	2	0	0	0	1	0	0	0	0	0	0	0	0	0	0	0	0	0	0	0	0	0	0	0	0	0	0	0	0	0	2	2	0	0	1	0	0	0	0	0	0	0	0	1	0	0	0	0	0	0	0	0	0
L1	ERR688020	80	195	0	3	5	4	1	0	0	1	0	1	1	1	0	0	2	1	2	0	4	1	0	1	2	4	0	0	4	2	1	0	2	5	0	4	8	7	2	10	11	10	1	5	10	15	2	2	3	6	1	1	1	0	0	0	0	0	0	0	0	0	0	0	0	0	0	1	3	9	1	1	3	1	1	2	5	2	0	0	0	4	0	0	0	1	0	1	3	2	1	0	1	1	1	0	2	1	1
L1	ERR4828654	80	145	0	0	3	3	2	0	2	2	1	0	2	3	0	0	1	4	0	0	3	0	0	2	2	1	3	1	3	3	1	1	1	3	0	1	4	9	2	5	4	9	4	4	10	8	3	4	0	6	1	0	0	0	0	0	0	0	0	0	0	0	0	0	0	0	0	0	2	0	2	1	2	4	0	1	1	2	1	0	0	2	0	0	0	0	0	1	0	1	0	0	0	4	0	0	0	0	0
L1	SRR6650217	80	154	0	0	3	1	1	0	1	3	0	2	0	1	0	2	0	2	0	0	1	1	0	1	3	1	0	1	2	1	1	0	1	1	1	6	4	7	2	9	7	16	5	5	5	13	1	0	1	10	1	0	0	0	0	0	0	0	0	0	0	0	0	0	0	0	0	0	2	2	1	0	1	1	0	1	4	5	4	0	0	0	0	0	1	0	0	0	0	3	2	1	0	3	0	0	0	0	0
L1	SRR33790654	80	30	0	0	1	0	0	0	0	1	0	0	0	0	0	0	0	0	1	0	0	1	0	0	0	0	0	1	1	1	0	0	1	0	0	2	0	0	0	0	2	3	0	0	1	5	0	1	0	4	0	0	0	0	0	0	0	0	0	0	0	0	0	0	0	0	0	0	0	0	0	0	0	0	1	0	0	0	1	0	0	0	0	0	0	1	0	0	0	0	0	0	1	0	0	0	0	0	0
L1	SRR19317567	80	98	0	0	1	1	1	0	0	2	1	0	2	2	2	0	1	1	0	0	0	1	0	0	1	0	1	1	3	2	1	1	0	0	1	2	5	1	2	3	1	10	1	2	9	12	0	2	0	4	2	0	0	0	1	0	0	0	0	0	0	0	0	0	0	0	0	1	0	2	0	0	1	1	0	0	1	1	1	1	1	0	1	0	0	0	1	0	1	0	0	1	0	1	0	0	0	0	0
L1	SRR5709782	80	300	0	1	2	6	0	0	1	5	3	2	4	6	1	0	1	7	0	1	1	1	1	1	7	3	0	0	1	1	0	1	0	1	0	7	13	15	1	10	6	26	6	11	17	23	5	5	8	10	7	0	0	0	1	0	0	0	1	0	0	0	0	0	0	0	0	1	4	13	0	0	4	3	5	0	5	12	3	0	0	3	2	0	1	0	0	3	1	2	1	0	3	1	1	0	1	1	0
L1	SRR31008788	80	132	0	1	2	1	0	0	1	7	2	0	1	3	2	0	0	2	1	0	3	0	1	1	2	6	0	0	2	0	1	1	1	1	1	1	2	9	1	7	4	7	0	6	7	11	1	6	1	3	3	0	0	0	0	0	0	0	0	0	0	2	0	0	0	0	0	1	4	1	0	0	0	1	0	1	2	2	0	0	0	0	0	0	0	0	0	0	0	1	1	0	2	0	1	0	0	0	1
L1	SRR33843079	80	210	0	0	2	2	1	1	0	4	1	1	0	3	2	0	1	0	0	0	1	0	0	1	1	1	2	3	3	3	1	0	1	4	0	6	3	16	5	10	4	18	4	7	11	20	7	0	3	10	2	1	1	0	0	0	0	0	0	1	0	0	0	0	0	0	0	0	5	5	1	0	2	7	1	1	5	4	0	0	0	1	0	0	1	2	0	0	2	1	1	0	1	0	1	0	1	0	0
L1	ERR386990	80	140	1	0	3	0	0	0	0	0	1	0	1	2	0	0	0	0	1	0	0	0	1	1	3	3	2	2	1	1	3	1	2	1	0	5	8	5	3	7	6	14	3	5	3	9	7	1	5	4	4	0	0	0	0	0	0	0	0	0	0	0	0	0	0	1	0	0	3	0	0	2	2	3	0	2	1	2	0	0	1	1	0	0	0	0	1	0	1	0	0	0	0	0	1	0	1	0	0
L1	SRR19857376	80	52	0	0	1	0	0	0	0	0	0	0	0	1	0	0	0	3	0	0	0	1	0	0	1	0	0	0	0	0	0	0	0	0	0	0	1	4	0	1	1	5	1	2	3	5	0	1	3	7	1	0	0	0	0	0	0	1	0	0	0	0	0	0	0	0	0	0	1	2	0	0	0	0	0	0	0	2	1	0	0	1	0	0	0	0	0	0	0	1	0	0	0	0	0	0	0	1	0
L1	DRR261092	80	77	0	0	1	1	0	1	0	3	0	2	0	1	0	0	1	0	0	0	0	1	0	0	2	2	1	0	0	0	0	0	1	1	1	1	1	5	1	4	2	10	2	1	0	6	0	1	1	4	2	0	1	0	0	0	0	0	0	0	0	0	0	0	0	0	0	2	1	3	1	0	0	1	1	0	0	1	0	0	0	0	0	0	0	1	0	0	0	3	0	0	0	1	0	0	1	0	0
L1	SRR12380574	80	224	0	0	7	5	1	2	2	7	2	1	2	3	0	0	0	1	0	0	5	1	0	1	2	2	0	1	0	1	0	1	2	0	2	3	7	11	2	10	8	21	3	7	10	19	7	6	1	10	3	0	0	0	0	0	1	0	0	0	0	0	0	0	0	0	1	1	7	6	0	0	0	1	1	2	2	6	1	0	0	0	0	0	2	1	0	1	3	2	3	0	2	1	0	0	1	0	0
L1	SRR19226958	80	72	0	0	3	0	0	0	0	2	1	1	0	3	1	1	0	0	0	0	0	0	0	2	1	0	0	0	3	0	0	0	0	2	0	4	2	3	3	3	2	7	3	1	2	3	2	0	1	1	1	0	0	0	0	0	0	0	0	0	0	0	0	0	1	0	0	0	0	0	0	0	0	2	2	0	2	1	0	0	1	0	0	0	0	0	0	1	0	1	0	0	2	0	0	0	0	1	0
L1	ERR14112718	80	261	0	0	1	3	1	3	4	4	4	0	2	5	2	0	1	2	1	1	0	0	1	2	0	1	4	2	2	0	0	1	1	3	0	7	11	10	3	15	9	29	6	12	11	17	6	5	4	8	5	0	1	0	0	0	1	0	0	1	1	0	1	1	0	0	0	0	2	1	3	1	1	2	1	1	5	8	1	0	1	3	1	0	0	0	0	3	3	2	2	0	1	2	2	0	0	0	0
L1	SRR34012074	80	66	0	0	0	0	0	0	0	2	1	1	0	3	1	0	0	0	0	0	1	1	0	0	0	1	0	0	2	0	3	0	1	0	0	2	3	6	0	3	1	5	1	2	5	4	1	1	1	3	1	0	1	0	0	0	0	0	0	0	0	0	0	0	0	0	0	1	0	0	0	0	0	0	0	1	1	1	1	0	0	0	0	0	0	0	0	1	0	0	0	0	0	1	2	0	0	0	0
L1	SRR6797554	80	211	0	2	1	4	1	1	2	5	0	2	4	4	1	0	1	3	1	0	1	0	2	3	1	2	3	2	3	3	0	0	0	3	1	2	11	13	4	6	8	11	3	9	8	15	3	4	0	7	5	0	0	0	0	1	1	0	1	0	1	0	1	0	0	1	0	0	5	6	0	1	2	1	1	1	1	4	2	0	1	2	1	0	3	0	0	0	2	2	0	0	1	1	2	0	0	1	0
L2	SRR10040301	80	140	0	0	0	0	0	1	0	3	0	0	2	6	0	1	0	3	0	1	1	0	1	1	2	3	0	0	2	0	3	0	0	0	0	4	2	0	0	4	4	6	5	1	12	6	7	3	0	6	1	0	0	1	0	0	0	0	0	0	0	0	0	0	0	1	0	0	4	4	1	0	1	4	1	2	7	8	2	1	0	1	0	0	0	0	0	0	0	2	0	1	1	4	2	1	0	0	0
L2	ERR5863800	80	5	0	0	0	0	0	0	0	0	0	0	0	0	0	0	0	0	0	0	0	0	0	0	0	0	0	0	0	0	0	0	0	0	0	0	0	0	0	0	0	1	0	0	0	0	0	0	0	0	0	0	0	0	0	0	0	0	0	0	0	0	0	0	0	0	0	0	0	0	0	0	0	0	0	0	0	0	0	0	1	0	0	0	0	0	0	0	0	1	0	0	1	1	0	0	0	0	0
L2	ERR2184477	80	9	0	0	1	0	0	0	0	0	0	0	0	1	0	0	0	0	0	0	0	0	0	0	0	0	0	0	0	1	0	0	0	0	0	0	0	0	0	1	0	0	0	1	0	0	0	0	0	0	0	0	0	0	0	0	0	0	0	0	0	0	0	0	0	0	0	0	0	0	0	0	0	0	0	0	1	1	0	0	0	0	0	0	0	0	0	0	0	0	0	0	2	0	0	0	0	0	0
L2	SRR23311031	80	17	0	0	0	0	0	0	0	2	0	0	0	1	0	0	0	0	0	0	0	0	0	0	0	0	0	0	0	0	0	0	1	0	0	0	0	0	0	2	2	2	0	0	1	0	0	0	1	2	0	0	0	0	0	0	0	0	0	0	0	0	0	0	0	0	0	0	1	0	0	0	0	0	0	0	0	0	0	0	0	1	0	0	0	0	0	0	0	0	0	0	0	0	0	0	0	1	0
L2	ERR8699767	80	42	0	0	0	1	2	0	0	1	0	0	0	0	1	0	0	0	0	1	0	0	0	1	1	3	0	0	1	0	0	0	0	0	0	0	2	2	0	1	1	3	1	0	3	3	0	0	0	3	0	0	0	0	0	0	0	0	0	0	0	0	0	0	1	0	0	0	0	1	0	0	1	0	0	0	0	3	0	0	0	1	0	0	0	0	0	0	0	0	0	0	1	0	1	0	2	0	0
L2	SRR21746997	80	48	0	0	2	1	0	0	0	0	0	1	1	3	0	0	0	0	0	0	1	2	0	1	1	0	0	0	0	1	0	1	0	0	0	0	1	0	1	1	2	2	1	1	2	5	0	2	0	3	0	0	0	0	0	0	0	0	0	0	0	0	0	0	0	0	0	0	2	0	0	0	1	3	0	0	3	0	0	0	0	0	1	0	0	0	0	0	1	0	0	0	0	0	0	0	1	0	0
L2	SRR18911874	80	73	0	0	0	1	0	0	0	0	0	0	0	2	0	1	0	0	0	1	1	0	0	0	1	3	2	0	1	3	2	1	0	0	0	1	2	6	2	1	3	3	1	1	1	5	1	1	2	0	1	0	0	0	0	0	0	0	0	0	1	0	0	0	0	0	1	0	3	2	0	1	0	1	0	0	1	4	1	0	1	0	0	0	1	0	1	0	0	0	0	0	1	1	1	0	0	2	0
L2	ERR5758384	80	9	0	1	0	0	0	0	0	1	0	0	0	0	0	0	1	0	0	0	0	1	0	0	1	0	0	0	0	0	0	0	0	0	0	0	0	0	0	0	0	0	0	0	0	0	1	0	1	0	0	0	0	0	0	0	0	0	0	0	0	0	0	0	0	0	0	0	0	0	0	0	0	0	0	0	0	0	0	0	0	0	0	0	0	0	0	0	1	0	0	0	0	1	0	0	0	0	0
L2	ERR4798202	80	12	0	0	0	0	0	0	0	0	0	0	0	0	0	0	0	0	0	0	1	0	0	0	0	1	1	0	0	0	0	0	0	0	0	0	0	0	0	1	0	0	0	0	0	2	0	0	0	1	0	0	0	0	0	0	0	0	0	0	0	0	0	0	0	1	0	0	0	0	0	0	0	0	1	0	1	0	1	0	0	1	0	0	0	0	0	0	0	0	0	0	0	0	0	0	0	0	0
L2	ERR2886453	80	41	0	0	0	1	0	0	0	1	0	0	0	0	0	1	0	1	1	0	0	0	0	0	0	2	0	0	0	0	0	1	0	0	0	1	1	0	1	0	0	0	0	2	5	2	0	0	0	2	0	0	0	0	0	0	0	0	0	0	0	0	0	0	0	0	0	0	2	2	0	0	0	0	0	0	0	2	3	0	1	0	0	0	0	0	0	0	3	3	1	0	1	0	0	0	1	0	0
L2	SRR14781946	80	13	0	0	0	0	0	0	0	0	0	0	1	1	0	0	0	0	0	0	0	0	0	0	0	0	0	0	0	0	0	0	0	0	0	0	0	1	0	0	0	1	0	0	0	1	1	0	0	0	0	0	0	0	0	0	0	0	0	0	0	0	0	0	0	0	0	0	0	1	1	0	1	1	0	1	0	0	0	0	0	0	0	0	0	0	0	0	0	1	0	0	1	0	0	0	0	0	0
L2	SRR7755744	80	6	0	0	0	0	0	0	0	0	0	0	0	0	0	0	0	0	0	0	0	0	0	0	0	0	0	0	0	0	0	0	0	0	0	1	0	0	0	0	0	0	0	0	0	2	0	0	0	1	0	0	0	0	0	0	0	0	0	0	0	0	0	0	0	0	0	0	0	0	0	0	0	0	0	0	0	0	0	0	0	1	0	0	0	1	0	0	0	0	0	0	0	0	0	0	0	0	0
L2	ERR5863561	80	0	0	0	0	0	0	0	0	0	0	0	0	0	0	0	0	0	0	0	0	0	0	0	0	0	0	0	0	0	0	0	0	0	0	0	0	0	0	0	0	0	0	0	0	0	0	0	0	0	0	0	0	0	0	0	0	0	0	0	0	0	0	0	0	0	0	0	0	0	0	0	0	0	0	0	0	0	0	0	0	0	0	0	0	0	0	0	0	0	0	0	0	0	0	0	0	0	0
L2	SRR13282527	80	27	0	1	0	1	0	1	2	1	0	0	0	1	0	0	0	0	0	0	0	0	0	0	0	0	1	0	0	0	0	1	0	0	0	0	1	0	0	2	0	0	1	1	0	2	1	0	0	0	0	0	0	0	0	0	1	0	0	0	0	0	0	0	0	0	0	0	0	1	2	0	1	2	0	0	0	0	0	0	0	0	0	0	1	0	0	0	0	0	0	0	0	0	1	0	1	0	0
L2	SRR11662257	80	76	0	1	1	0	0	0	1	1	0	0	1	1	0	0	1	0	0	0	0	1	0	0	2	0	0	0	1	1	0	0	2	0	0	3	1	2	1	1	2	11	0	2	2	5	2	3	2	3	2	0	0	0	1	0	0	0	0	0	0	0	0	0	0	0	0	0	0	1	2	0	2	1	1	1	1	0	0	0	1	2	0	1	0	0	0	0	2	3	0	0	1	0	0	0	0	0	0
L2	SRR23862056	80	44	0	0	1	0	0	0	0	1	0	1	0	1	0	0	0	0	0	0	0	0	0	0	0	0	0	0	1	0	0	0	0	0	0	1	1	2	0	0	1	2	0	1	3	7	1	0	0	1	1	0	0	0	0	0	0	0	0	0	0	0	1	0	0	0	0	0	1	2	0	0	2	1	0	0	3	1	1	0	1	1	0	0	0	0	0	0	0	1	1	0	1	0	0	0	1	0	0
L2	ERR029205	80	137	0	0	1	1	0	0	0	2	0	1	1	1	1	0	0	3	0	0	0	0	0	3	0	1	3	0	4	2	1	0	2	3	0	6	2	0	2	5	4	7	4	3	12	8	7	2	1	3	0	0	0	0	1	0	0	1	0	0	0	0	0	0	0	0	0	1	5	1	0	0	1	0	1	3	2	5	2	0	0	1	0	0	0	0	0	0	4	2	1	0	5	2	1	0	0	1	1
L2	ERR8665917	80	19	0	0	0	0	0	0	1	0	0	0	0	0	0	0	0	0	0	0	0	0	0	0	0	0	1	0	0	0	1	0	0	1	0	1	0	0	0	1	1	0	0	0	1	1	0	0	0	0	0	0	0	0	0	0	0	0	0	0	0	0	0	0	0	0	0	0	0	1	0	0	0	0	0	0	5	1	1	0	0	0	0	0	0	0	0	0	1	0	0	0	0	1	0	0	0	0	0
L2	ERR2041705	80	20	0	0	0	0	0	0	0	1	0	0	0	0	1	0	0	0	0	0	0	0	1	0	0	0	0	0	0	0	0	0	0	1	0	0	0	1	0	1	0	2	0	1	0	4	0	0	0	0	0	0	0	0	0	0	0	0	0	0	0	0	0	0	0	0	1	0	0	0	0	0	0	1	0	0	0	1	0	0	0	0	0	0	0	0	0	0	1	0	0	0	3	0	0	0	0	0	0
L2	SRR8651627	80	61	0	2	1	0	0	0	0	2	0	0	0	3	0	0	1	1	0	0	0	1	0	0	2	3	0	1	3	0	0	0	0	0	1	3	0	0	0	1	1	4	1	0	3	5	1	1	1	2	0	0	0	0	0	0	0	0	0	0	0	0	0	0	0	0	0	2	1	0	0	0	1	1	0	0	1	1	1	0	1	2	0	0	0	0	1	0	0	3	1	0	0	1	0	0	0	0	0
L2	ERR551236	80	10	0	0	0	0	0	0	0	2	0	0	0	0	0	0	0	0	0	0	0	0	0	1	0	0	0	0	1	0	0	0	0	0	0	0	0	0	0	0	0	3	0	0	1	1	1	0	0	0	0	0	0	0	0	0	0	0	0	0	0	0	0	0	0	0	0	0	0	0	0	0	0	0	0	0	0	0	0	0	0	0	0	0	0	0	0	0	0	0	0	0	0	0	0	0	0	0	0
L2	ERR2513282	80	43	0	0	0	0	0	0	0	1	0	1	1	1	1	0	0	0	0	0	0	0	0	0	0	0	0	0	1	0	0	1	0	0	0	0	2	2	0	1	1	5	2	1	1	2	1	2	1	2	0	0	0	0	0	0	0	0	0	0	0	0	0	0	0	0	0	0	0	1	0	0	1	3	0	0	2	1	0	0	0	0	0	0	0	1	0	0	0	2	0	1	0	0	0	1	0	0	0
L2	ERR4796266	80	32	0	0	0	0	0	0	0	0	0	0	0	0	0	0	0	0	0	0	0	0	0	0	0	1	0	0	0	0	0	1	1	0	0	0	1	0	1	0	1	2	0	2	1	4	2	1	0	2	0	0	0	0	0	0	0	0	0	0	1	0	0	0	0	0	0	0	2	0	1	1	1	2	0	0	0	1	0	0	0	0	1	0	0	0	0	0	0	0	1	0	1	0	0	0	0	0	0
L2	ERR4800427	80	19	0	1	0	0	0	0	0	0	0	0	0	0	0	0	0	1	0	0	0	0	0	0	0	1	1	0	1	0	0	0	1	0	0	0	0	1	0	0	0	2	1	0	0	0	0	0	0	1	0	0	0	0	0	0	0	0	0	0	0	0	0	0	0	0	0	0	0	1	1	0	0	0	0	1	0	0	0	0	0	0	0	0	0	0	0	0	0	1	0	1	1	0	1	0	0	1	0
L2	SRR5067601	80	47	0	0	0	0	0	0	0	1	1	0	2	1	0	1	0	1	0	0	0	0	1	0	0	0	1	0	1	1	0	0	0	1	0	0	2	4	0	2	3	6	2	1	1	3	0	2	1	1	0	0	0	0	0	0	0	0	0	0	0	0	0	0	0	0	0	0	0	0	0	0	0	1	1	0	1	2	0	0	0	0	0	0	0	0	0	0	0	1	0	0	0	0	1	0	0	0	0
L2	SRR10305663	80	78	0	1	0	0	0	0	0	1	0	1	1	2	0	0	0	0	0	0	0	0	1	1	0	1	0	0	2	0	1	0	0	1	0	0	2	4	1	2	3	4	1	2	8	4	3	3	5	2	0	0	0	0	0	0	0	0	0	0	0	0	0	0	1	0	0	0	5	1	1	1	1	2	0	0	3	5	0	0	0	0	0	0	0	0	0	0	0	0	0	0	0	0	0	0	0	1	0
L2	ERR10748143	80	78	0	0	0	2	0	0	2	0	1	0	2	1	0	0	2	0	0	0	1	0	0	1	0	1	0	0	1	0	0	1	0	1	1	2	0	2	1	0	6	4	2	0	5	5	3	0	1	1	0	0	0	0	0	0	0	0	0	0	0	0	0	0	0	0	0	0	1	1	0	0	4	2	0	0	6	5	2	0	1	1	0	0	1	0	0	0	2	0	2	0	1	0	0	0	0	0	0
L2	SRR10040185	80	91	0	0	3	1	0	2	0	1	0	0	0	1	1	0	2	3	0	0	0	1	0	0	2	0	1	0	0	1	1	0	0	0	0	0	3	2	1	2	3	8	2	6	6	4	5	0	1	4	1	0	0	0	0	0	0	0	0	0	0	0	0	0	0	0	0	0	0	0	0	0	1	2	0	0	1	4	1	2	0	1	1	0	0	0	0	0	3	3	1	0	1	0	0	1	0	0	1
L2	SRR21277682	80	96	0	0	1	1	0	0	0	0	0	1	1	4	0	0	1	2	0	3	3	0	0	2	1	4	0	1	1	2	2	1	1	1	0	0	3	3	1	3	0	7	1	4	3	2	3	2	5	2	2	0	0	0	0	0	0	0	0	0	0	0	0	0	1	0	1	0	5	0	0	0	0	1	0	0	2	0	2	0	0	3	0	0	0	0	0	0	0	2	1	0	2	1	1	0	0	0	0
L2	ERR4798003	80	78	0	0	0	1	0	1	1	1	0	0	1	0	0	0	0	0	0	0	1	0	0	0	0	1	2	0	0	2	0	1	1	1	0	1	3	1	0	2	2	2	2	2	3	8	0	2	1	2	0	0	0	0	0	0	0	0	0	0	1	0	0	1	1	1	0	1	2	2	2	2	0	1	1	1	4	1	0	0	0	2	0	0	0	1	0	0	2	1	0	0	1	2	1	0	2	0	0
L2	SRR11871420	80	18	0	0	0	0	0	0	0	1	0	0	0	0	0	1	0	0	0	0	0	0	0	0	0	0	0	0	0	0	0	0	0	0	0	0	0	1	0	0	0	0	1	0	1	1	1	0	0	1	0	0	0	0	0	0	0	0	0	0	0	0	0	0	0	0	0	0	1	1	1	0	0	1	0	0	0	1	0	0	0	0	0	1	0	0	0	0	0	0	0	0	1	2	1	0	0	0	0
L2	SRR13180209	80	16	0	0	0	0	0	0	0	0	0	3	0	0	0	0	0	0	0	0	0	0	1	0	0	0	0	0	0	0	0	0	0	0	0	0	0	0	0	0	0	2	1	3	0	1	0	0	0	0	0	0	0	0	0	0	0	0	0	0	0	1	0	0	0	0	0	0	2	0	0	0	0	0	1	1	0	0	0	0	0	0	0	0	0	0	0	0	0	0	0	0	0	0	0	0	0	0	0
L2	SRR14782432	80	57	0	0	0	0	0	0	0	0	0	0	0	3	0	0	0	0	0	0	2	1	0	0	0	1	0	0	1	2	1	1	1	0	0	1	1	0	0	1	0	6	1	0	3	3	0	2	0	1	0	0	0	0	0	1	0	0	0	0	0	0	0	0	0	0	0	0	2	1	0	0	2	2	1	1	2	4	2	0	0	1	0	0	0	0	0	0	1	2	0	0	1	2	0	0	0	0	0
L2	SRR23691410	80	58	0	0	0	1	0	0	1	2	0	1	0	1	0	0	0	1	0	0	0	0	0	1	2	1	2	0	0	0	0	0	2	1	0	1	1	1	0	0	0	2	0	4	4	1	2	3	0	2	0	0	0	0	0	0	0	0	0	0	0	0	0	0	0	0	0	1	1	2	2	0	3	3	0	0	2	1	1	0	0	0	0	0	0	0	0	0	0	1	0	0	0	2	1	1	0	0	0
L2	ERR2517149	80	65	0	1	1	1	0	0	1	0	0	1	1	3	0	0	0	0	0	0	0	0	0	0	1	0	1	1	2	0	0	1	0	0	1	0	1	0	0	2	4	1	1	5	6	4	0	0	3	3	0	0	0	0	0	0	0	0	0	0	0	0	0	0	0	0	0	0	1	0	0	0	2	3	1	0	2	5	0	1	0	0	0	0	0	0	1	0	0	1	0	0	0	2	0	0	0	0	0
L2	SRR15723249	80	118	0	0	0	1	0	0	2	3	0	0	2	2	0	0	0	1	0	0	0	0	1	2	1	3	1	0	1	1	0	0	0	1	0	2	5	1	3	4	3	7	0	2	6	6	1	2	4	8	4	0	0	0	0	1	0	0	0	0	0	0	0	0	0	0	1	0	4	2	0	0	2	3	0	1	3	4	2	0	2	1	0	0	1	0	0	0	1	2	0	0	4	2	1	0	0	1	0
L2	ERR4799082	80	22	0	0	0	0	0	0	0	0	0	0	0	0	0	0	0	0	0	0	0	0	0	0	0	0	0	0	0	0	0	0	0	0	0	0	1	1	0	1	0	2	0	2	2	0	0	1	0	0	0	0	0	0	0	0	0	0	0	0	0	0	0	0	0	0	0	0	0	0	0	0	0	1	0	1	2	1	3	0	0	0	0	0	1	0	0	0	1	0	1	0	0	0	1	0	0	0	0
L2	SRR5065576	80	49	0	0	0	1	0	0	0	0	0	0	0	1	0	1	0	1	0	0	0	0	0	0	0	0	0	1	0	2	0	0	0	1	0	0	1	2	1	0	2	5	1	0	5	3	1	1	1	3	0	0	0	0	0	0	0	0	0	0	0	0	0	0	0	0	0	1	1	2	1	0	2	0	0	0	1	1	0	0	0	2	0	0	0	0	0	0	1	1	0	0	1	1	0	0	0	0	0
L2	SRR15661602	80	65	0	0	1	1	0	0	0	2	1	0	0	0	0	0	0	1	0	0	2	0	0	0	0	2	1	0	1	2	0	0	0	0	1	2	3	7	0	2	0	5	1	1	5	6	4	0	2	4	1	0	0	0	0	0	0	0	0	0	0	0	0	0	0	0	0	0	1	0	0	0	0	0	1	0	0	2	0	0	0	1	0	0	0	0	0	0	0	2	0	0	0	0	0	0	0	0	0
L2	SRR28351629	80	17	0	1	0	0	0	1	0	0	0	0	0	1	0	0	0	0	0	0	2	0	0	1	0	1	0	0	0	0	0	0	0	0	0	1	0	1	0	2	1	1	1	0	0	0	0	0	0	0	0	0	0	0	0	0	0	0	0	0	0	0	0	0	0	0	0	0	0	1	0	0	0	1	0	0	0	1	0	0	0	0	0	0	0	0	0	0	0	0	0	0	0	0	0	0	0	0	0
L2	SRR24256354	80	8	0	0	0	0	0	0	0	0	0	0	0	0	0	0	0	0	0	0	0	0	0	0	0	1	0	0	0	0	0	0	0	0	0	0	0	0	0	0	2	0	0	0	0	1	0	0	0	0	0	0	0	0	0	0	0	0	0	0	0	0	0	0	0	0	0	0	0	0	0	0	0	0	0	1	0	2	0	0	0	0	0	0	0	0	0	0	0	0	0	0	1	0	0	0	0	0	0
L2	ERR4812222	80	19	0	0	0	0	0	0	0	0	0	0	0	2	0	0	0	0	0	0	0	0	0	0	1	0	0	0	0	0	0	0	0	0	0	0	0	0	0	0	0	0	0	0	2	3	2	0	0	0	0	0	0	0	0	0	0	0	1	0	0	0	0	0	0	0	0	0	1	0	0	0	0	0	0	0	1	1	1	0	0	0	1	0	0	0	0	0	0	2	1	0	0	0	0	0	0	0	0
L2	ERR8665959	80	26	0	0	1	1	0	0	0	1	0	1	0	0	0	0	0	0	0	0	0	0	0	1	0	0	0	0	0	2	0	0	0	0	0	0	1	0	0	0	3	2	0	1	1	4	0	0	1	0	0	0	0	0	0	0	0	0	0	0	0	0	0	0	0	0	0	0	0	0	0	0	1	0	0	1	0	3	1	0	0	0	0	0	0	0	0	0	0	0	0	0	0	0	0	0	0	0	0
L2	ERR4811339	80	76	0	0	1	0	0	0	0	1	0	0	0	1	0	1	0	0	0	0	1	1	0	0	4	1	0	1	1	0	1	0	0	0	0	1	1	3	0	5	2	4	0	2	6	4	1	1	1	0	0	0	0	0	0	0	0	0	0	0	0	0	0	0	2	0	1	1	5	0	1	0	0	1	0	0	3	4	3	0	1	1	0	0	1	0	0	0	0	1	1	0	2	2	0	0	0	0	1
L2	SRR28741117	80	119	1	0	0	1	0	2	0	1	0	2	2	1	0	0	0	1	0	0	2	0	0	1	2	1	1	0	2	2	0	0	1	2	1	1	2	6	1	5	3	8	4	2	8	10	4	3	0	4	1	0	0	0	0	0	0	0	0	0	0	0	0	0	0	0	0	1	2	0	1	0	2	1	0	1	3	4	2	0	0	1	0	0	0	0	0	0	4	2	2	0	2	2	0	0	0	1	1
L2	ERR768051	80	82	0	1	1	0	0	0	0	3	0	2	0	1	0	0	0	1	0	0	0	2	0	0	1	1	0	1	0	1	0	1	0	1	0	5	3	1	2	2	4	6	2	1	1	4	1	1	2	3	1	0	0	0	0	0	0	0	0	0	0	0	0	0	0	0	0	0	3	0	0	0	1	3	0	1	8	2	1	0	1	0	0	0	1	0	0	0	1	0	1	0	0	2	1	0	0	0	0
L2	ERR4800527	80	20	0	1	1	1	0	0	0	1	0	0	0	0	0	0	0	0	1	0	0	1	0	0	0	0	0	0	0	0	0	0	0	0	0	0	0	1	0	1	0	1	0	0	0	2	0	0	0	1	0	0	0	0	0	0	0	0	0	0	0	0	0	0	1	0	0	0	1	0	2	0	1	1	0	0	1	1	0	0	0	0	0	0	0	0	0	0	0	0	0	0	0	0	0	0	0	0	0
L2	SRR24255892	80	13	0	0	0	0	0	0	0	0	0	0	1	0	0	0	0	0	0	0	0	0	0	1	0	0	0	0	0	0	0	0	1	0	0	0	0	0	0	1	0	0	0	1	1	0	0	0	0	0	0	0	0	0	0	0	0	0	0	0	0	0	0	0	0	0	0	0	0	0	0	0	0	0	0	0	1	3	0	0	0	0	0	0	1	0	0	0	0	0	0	0	0	1	1	0	0	0	0
L2	SRR25515713	80	60	0	0	1	0	0	0	0	2	0	1	1	1	0	0	0	1	0	0	2	0	1	0	1	0	1	0	1	0	0	1	0	1	1	3	3	3	0	3	2	4	1	2	1	1	2	0	2	0	0	0	0	0	0	0	0	0	0	0	1	0	0	0	0	0	0	0	1	1	0	0	1	0	0	1	0	4	1	0	0	0	1	0	0	0	0	0	0	2	0	1	0	2	0	0	0	1	0
L2	ERR4798963	80	15	0	0	0	1	0	0	0	0	0	0	0	0	0	0	0	0	0	0	0	1	0	0	0	0	0	0	0	1	0	0	0	0	1	0	0	0	1	0	0	0	0	0	1	0	1	0	1	1	0	0	0	0	0	0	0	0	0	0	0	0	0	0	0	0	0	0	2	0	1	0	0	0	0	0	2	0	0	0	0	0	0	0	0	0	0	0	0	0	1	0	0	0	0	0	0	0	0
L2	SRR12420592	80	131	0	0	2	2	0	0	0	1	0	1	0	1	1	0	0	4	0	0	2	2	0	0	1	2	0	0	1	2	1	1	0	2	0	3	3	6	1	5	4	5	1	2	5	7	5	1	9	2	0	0	0	0	0	0	0	0	1	0	3	0	0	0	0	0	0	0	2	2	1	1	2	6	1	1	4	8	5	0	0	0	1	0	1	0	0	1	0	1	0	0	2	2	1	0	0	0	0
L2	ERR552549	80	118	0	0	0	1	0	0	1	2	0	0	0	2	2	0	1	0	1	0	0	1	0	2	0	3	0	1	1	0	0	1	0	1	0	0	3	4	3	1	5	7	3	2	11	5	3	0	3	11	2	0	0	0	0	0	0	0	1	0	0	0	0	0	0	0	0	1	4	2	0	0	1	3	3	2	1	5	1	0	1	3	0	0	1	0	0	0	1	1	1	0	1	1	0	0	1	0	0
L2	SRR11662498	80	108	0	1	0	2	0	1	1	2	0	0	0	3	0	0	0	1	0	0	2	2	0	0	4	5	0	1	0	0	0	0	2	1	0	2	6	4	1	5	1	6	1	1	6	9	2	4	1	2	1	0	0	1	0	0	0	0	0	0	1	1	0	0	0	1	0	0	2	0	0	1	2	1	0	1	1	1	0	0	0	0	0	0	3	1	0	0	0	4	1	0	4	0	1	0	0	1	0
L2	ERR8699164	80	57	0	1	1	2	0	0	0	1	0	1	0	1	0	0	0	1	0	0	1	0	0	0	1	2	0	0	0	1	0	0	0	0	0	1	2	1	0	2	2	5	1	0	1	6	0	0	4	0	0	0	0	0	0	1	0	0	0	0	1	0	0	0	0	0	0	0	2	3	0	0	0	1	0	2	2	0	1	0	0	1	2	0	0	0	0	0	0	0	0	0	0	1	1	0	1	0	0
L2	SRR21277582	80	59	0	0	0	0	0	0	1	1	0	1	0	1	0	0	0	0	0	0	0	0	0	0	1	2	0	1	0	0	1	0	0	0	0	2	2	1	0	2	1	4	4	0	3	5	3	0	1	4	0	0	0	0	0	0	0	0	0	0	0	0	0	0	0	0	0	1	0	0	0	0	2	1	0	3	1	1	0	1	2	0	0	0	2	0	0	0	1	0	1	0	0	1	0	0	1	0	0
L2	ERR5865793	80	16	0	0	0	0	0	0	0	0	0	0	1	0	0	1	0	0	0	0	0	0	0	0	0	0	0	0	0	0	0	0	0	0	0	0	0	0	0	0	0	1	1	1	1	1	0	0	0	0	0	0	0	0	0	0	0	0	0	0	0	0	0	0	0	0	1	1	0	0	0	0	3	1	0	0	1	0	0	0	0	0	0	0	0	0	0	0	0	1	0	1	0	0	0	0	0	0	0
L2	ERR773792	80	62	0	0	0	0	0	0	0	1	0	2	0	1	3	0	0	0	0	0	1	0	0	0	0	1	0	0	0	0	0	1	0	1	1	3	2	2	1	0	1	5	0	1	1	2	3	1	1	1	0	0	0	0	0	0	0	0	0	0	0	0	0	0	1	0	0	2	1	0	0	0	2	4	0	2	2	2	1	0	1	0	0	0	1	0	0	2	0	1	0	0	0	1	2	0	0	1	0
L2	ERR4830032	80	23	0	0	0	0	0	0	0	0	0	1	0	1	1	0	1	0	0	0	0	0	0	0	0	0	0	0	0	0	0	0	0	0	0	0	0	1	0	0	0	1	0	1	2	2	0	1	0	0	0	0	0	0	0	0	0	0	0	0	0	0	0	0	0	0	0	0	0	0	0	0	0	0	0	0	3	1	1	0	1	1	0	0	0	0	0	0	0	1	1	0	1	0	0	0	0	1	0
L2	SRR6824510	80	61	0	0	1	1	0	0	0	1	0	0	1	0	1	0	1	0	0	0	0	1	0	1	1	3	0	0	0	1	0	0	0	0	0	1	0	1	0	1	0	5	3	2	5	11	3	0	0	4	1	0	0	0	0	0	0	0	0	0	0	0	0	0	0	0	0	0	0	1	0	0	0	0	0	1	2	2	0	0	0	1	0	0	0	0	0	0	1	0	0	0	1	0	1	0	0	0	1
L2	SRR15723035	80	68	0	0	1	0	1	0	0	3	0	1	1	1	1	1	0	0	0	0	1	1	1	1	0	2	0	1	1	0	0	0	0	0	1	2	1	2	0	4	4	1	2	0	1	3	2	3	0	6	0	0	0	0	0	0	0	0	0	0	0	0	0	0	0	0	0	0	4	0	0	0	1	1	0	1	1	2	1	2	2	0	0	0	0	1	0	0	1	0	0	0	0	1	0	0	0	0	0
L2	SRR7645831	80	6	0	0	0	0	0	0	0	0	0	0	0	0	0	0	0	0	0	0	0	0	0	0	0	0	0	0	0	0	0	0	0	0	0	0	0	2	0	0	0	0	0	0	0	1	0	0	0	2	0	0	0	0	0	0	0	0	0	0	0	0	0	0	0	0	0	0	0	0	0	0	0	0	0	0	1	0	0	0	0	0	0	0	0	0	0	0	0	0	0	0	0	0	0	0	0	0	0
L2	SRR16088275	80	15	0	0	0	0	0	0	0	0	0	0	0	0	1	0	0	0	0	0	0	0	0	0	0	0	0	0	0	0	1	0	0	0	0	0	0	0	0	1	1	0	1	1	1	0	0	0	0	1	0	0	0	0	0	0	0	0	0	0	0	0	0	0	0	0	0	0	0	0	0	0	1	2	0	1	0	0	0	0	0	0	0	0	0	0	0	0	0	0	0	0	1	2	0	0	0	0	0
L2	ERR3803804	80	15	0	0	0	0	0	0	0	0	0	0	0	1	0	0	0	0	0	0	0	0	0	0	0	0	0	0	0	0	1	0	0	0	0	1	1	2	0	1	1	2	0	0	1	0	0	0	0	0	0	0	0	0	0	0	0	0	0	0	0	0	0	0	0	0	0	0	0	0	0	0	1	0	0	0	0	0	0	0	0	0	0	0	0	0	0	0	0	1	0	0	2	0	0	0	0	0	0
L2	SRR6339656	80	51	1	1	1	1	0	0	0	0	1	0	1	0	0	0	0	1	0	0	0	0	1	1	0	2	0	0	0	2	0	0	0	0	0	2	3	2	0	1	3	6	0	2	1	3	1	1	0	2	1	0	0	0	0	0	0	0	0	0	0	0	0	0	0	0	0	0	1	1	0	0	0	0	1	0	0	0	0	0	1	0	0	0	0	0	0	0	1	4	0	0	1	1	0	0	0	0	0
L2	SRR10430328	80	56	0	0	1	1	0	1	0	0	0	0	0	0	0	1	0	1	0	0	1	0	0	0	0	2	1	0	0	0	0	0	1	0	0	0	0	3	1	1	1	4	0	2	1	5	3	2	3	2	2	0	0	0	0	0	0	0	0	0	0	0	0	0	0	0	0	0	3	0	0	0	2	0	1	0	4	0	1	0	0	1	0	0	0	0	0	0	1	0	1	0	0	1	1	0	0	0	0
L2	SRR15316011	80	81	0	0	0	0	0	0	3	1	0	1	2	1	0	0	0	0	0	1	2	0	0	1	1	0	2	0	2	0	0	0	1	0	1	2	1	4	0	1	2	6	0	2	3	3	2	1	1	2	1	0	0	0	0	0	0	0	1	0	0	0	0	0	0	0	0	0	2	4	0	0	2	2	0	1	4	6	0	0	0	1	0	0	0	0	0	1	1	0	1	1	2	0	1	0	1	0	0
L2	SRR6480504	80	134	0	0	0	0	2	1	1	2	0	1	1	0	2	0	0	1	0	0	0	0	0	2	2	0	0	1	2	2	1	0	0	1	0	0	1	5	1	4	5	5	3	0	8	6	0	3	1	9	0	0	1	0	0	0	0	1	1	0	1	1	0	0	0	0	0	0	1	4	0	1	1	1	1	4	6	8	2	0	4	4	0	0	2	0	0	1	3	4	0	0	0	7	0	0	0	2	0
L2	SRR21277810	80	67	0	0	3	0	0	1	1	0	1	1	0	1	1	0	1	1	0	0	2	0	1	1	0	1	0	1	1	0	0	0	1	0	1	0	1	1	3	0	1	5	3	2	2	5	2	1	2	3	0	0	0	0	0	0	0	0	0	0	0	0	0	0	0	0	0	0	0	2	0	0	0	0	1	0	2	0	0	0	1	3	0	0	0	0	0	0	0	2	1	0	1	2	0	0	1	0	0
L2	SRR23938624	80	12	0	0	0	1	0	0	0	0	0	0	0	0	0	0	1	0	0	0	0	0	0	0	0	0	0	0	0	0	1	0	0	1	0	0	1	0	0	0	0	0	1	0	0	0	1	0	0	0	0	0	0	0	0	0	0	0	0	0	0	0	0	0	0	0	0	0	1	0	0	0	0	0	0	0	0	0	1	0	1	0	0	0	0	0	0	0	0	1	1	0	0	0	0	0	0	0	0
L2	ERR144615	80	61	0	0	0	0	0	0	0	3	0	0	1	1	0	0	0	0	1	0	0	0	0	1	1	0	1	0	0	2	0	0	0	0	0	1	2	1	0	0	0	6	1	2	4	4	2	1	0	3	1	0	0	1	0	0	0	0	0	0	0	0	0	0	0	0	0	1	1	1	0	0	0	2	0	1	1	4	1	0	2	0	1	0	0	1	0	0	0	3	0	0	1	0	0	0	0	0	1
L2	SRR21747070	80	83	0	0	0	0	0	0	1	0	0	1	1	1	1	1	0	0	0	0	1	2	0	0	0	0	1	1	3	0	0	2	1	1	0	0	4	5	0	3	3	3	2	1	6	6	2	0	2	3	3	0	1	0	0	0	0	0	1	0	0	0	0	0	0	0	0	0	2	1	0	0	2	1	0	1	1	3	1	0	1	0	1	0	0	0	0	1	2	1	1	0	0	0	0	0	0	1	0
L2	SRR12142359	80	137	0	0	0	1	0	0	1	2	0	3	2	0	0	1	0	1	0	0	0	0	2	2	0	3	0	1	1	1	1	0	1	0	0	1	7	6	2	2	4	7	2	4	9	14	5	3	5	6	1	0	0	0	0	0	0	0	0	0	0	0	0	0	0	0	0	1	5	3	0	0	1	2	1	1	6	6	1	0	0	2	0	0	1	0	0	1	1	0	1	0	0	0	0	0	1	2	0
L2	ERR551383	80	70	0	0	0	0	0	0	0	1	0	2	0	0	0	0	0	1	0	0	0	2	1	1	0	2	0	0	2	0	0	0	0	0	0	1	2	2	0	5	3	7	2	1	2	5	1	1	0	4	0	0	0	0	0	0	1	0	0	0	1	0	0	0	1	0	0	0	3	0	0	0	3	1	0	0	2	4	1	0	1	0	0	0	0	0	0	0	0	0	0	0	1	0	1	0	0	2	0
L2	ERR5864033	80	47	0	0	0	0	0	0	0	0	1	1	1	1	0	0	0	0	1	0	0	0	0	2	0	0	0	0	0	1	0	0	0	0	0	0	1	2	0	2	2	3	1	2	1	0	3	1	1	1	0	0	0	0	0	0	1	0	0	0	0	0	0	0	0	0	0	0	1	3	1	1	1	1	1	2	0	2	2	1	0	0	0	0	1	0	0	0	0	1	0	0	0	0	0	0	0	0	0
L2	ERR1873395	80	1	0	0	0	0	0	0	0	0	0	0	0	0	0	0	0	0	0	0	0	0	0	1	0	0	0	0	0	0	0	0	0	0	0	0	0	0	0	0	0	0	0	0	0	0	0	0	0	0	0	0	0	0	0	0	0	0	0	0	0	0	0	0	0	0	0	0	0	0	0	0	0	0	0	0	0	0	0	0	0	0	0	0	0	0	0	0	0	0	0	0	0	0	0	0	0	0	0
L2	SRR6824390	80	74	0	1	0	1	0	0	0	1	0	2	0	0	0	0	1	2	0	0	1	1	1	3	1	1	1	1	1	0	1	0	1	0	0	2	1	4	0	4	2	4	1	3	1	3	2	2	2	1	0	0	0	0	0	0	1	0	0	0	0	0	0	0	0	0	0	1	3	1	1	0	0	1	0	0	2	1	0	1	0	1	0	1	0	0	0	0	2	1	1	1	1	0	0	0	1	0	0
L2	SRR26937020	80	104	0	0	1	0	1	0	2	2	0	1	2	3	1	0	1	0	0	1	1	2	0	2	1	1	0	1	2	0	0	1	1	1	0	1	2	3	2	2	2	4	2	6	3	9	5	0	0	2	1	0	0	1	0	0	0	0	1	0	0	0	1	0	0	0	0	0	0	3	3	0	1	1	0	1	2	2	1	2	0	0	0	1	0	0	0	0	0	3	1	0	3	3	2	0	0	0	0
L2	ERR4798371	80	14	0	0	1	0	0	0	0	0	0	0	0	0	0	0	0	0	0	0	1	0	0	0	0	2	0	0	0	0	0	0	0	0	0	1	2	0	0	0	0	1	0	0	1	0	1	0	0	0	0	0	0	0	0	0	0	0	0	0	0	0	0	0	0	0	0	0	1	0	0	1	0	0	0	0	0	0	0	0	1	0	0	0	0	0	0	0	0	0	0	0	0	1	0	0	0	0	0
L2	SRR25515127	80	79	0	1	0	0	0	2	0	2	0	2	2	1	2	1	0	2	0	0	0	0	0	2	0	0	0	0	1	1	0	1	1	1	0	1	2	5	0	3	2	3	2	0	5	4	2	0	1	2	0	0	0	0	0	0	0	0	0	0	0	0	0	0	0	0	0	0	3	0	0	1	0	1	0	0	3	3	0	0	0	1	1	0	0	0	0	2	1	3	1	0	1	2	1	0	1	0	0
L2	ERR2513902	80	22	0	0	0	0	0	0	1	0	0	0	1	2	0	0	0	0	0	0	0	0	1	0	0	0	1	0	0	1	0	0	0	0	0	0	1	0	0	1	0	1	0	1	2	0	2	1	1	1	0	0	0	0	0	0	0	0	0	0	0	1	0	0	0	0	0	0	0	0	0	0	0	0	0	1	0	0	1	0	0	0	0	0	0	1	0	0	0	0	0	0	0	0	0	0	0	0	0
L3	ERR4798273	80	179	0	0	2	5	0	1	2	1	0	0	4	4	1	0	0	2	2	2	1	0	1	4	1	3	1	1	4	1	0	0	0	1	0	4	4	5	1	9	6	9	5	3	10	17	9	3	4	8	1	0	0	0	0	0	0	0	0	0	0	0	0	0	0	0	0	0	2	2	0	1	0	2	0	2	5	5	0	0	1	3	0	0	0	2	0	1	1	4	2	0	1	1	1	0	0	1	0
L3	ERR2515074	80	80	0	1	1	2	0	0	1	2	0	0	0	0	0	1	2	0	1	0	2	0	0	1	3	1	1	0	2	2	0	1	0	0	2	1	1	3	3	3	1	3	2	2	7	3	1	2	1	4	0	0	1	0	1	0	0	0	0	0	0	0	0	0	0	0	0	0	0	0	0	0	0	1	0	0	3	3	0	0	0	1	1	0	0	0	1	1	1	1	0	0	2	0	0	0	0	0	0
L3	ERR4800533	80	86	0	1	0	1	0	1	0	0	0	0	1	0	0	0	0	0	0	0	1	0	0	1	1	2	3	0	2	1	0	0	0	1	1	2	2	3	1	2	3	6	3	2	6	4	3	3	0	6	0	0	0	0	0	0	0	0	1	0	0	0	0	0	0	1	0	1	2	0	0	0	1	0	0	1	3	5	1	0	2	0	0	1	0	0	0	0	0	0	2	0	0	1	1	0	0	0	0
L3	ERR2510438	80	51	0	0	0	0	0	1	0	1	0	1	0	3	0	0	0	0	0	0	1	0	0	0	1	1	0	0	1	1	1	0	0	1	0	1	4	2	1	1	0	4	0	2	2	4	0	0	2	2	0	0	0	0	0	0	0	0	0	0	0	0	0	0	0	0	0	0	1	0	0	0	0	2	1	1	0	2	1	0	0	0	0	0	1	0	0	1	0	1	0	1	1	0	0	0	0	0	0
L3	ERR4819332	80	27	0	1	0	3	1	1	1	0	0	0	0	0	0	0	0	0	0	0	1	0	0	1	0	1	0	1	0	0	0	0	0	0	0	0	2	1	0	2	0	1	2	1	1	0	0	0	0	1	0	0	0	0	0	0	0	0	0	0	0	0	0	0	0	0	0	0	0	0	0	0	0	0	0	0	0	0	1	0	1	0	0	0	0	0	0	0	1	0	1	0	0	1	0	0	0	0	0
L3	ERR216981	80	51	0	0	0	1	1	0	0	2	0	0	0	1	1	0	2	0	0	0	1	0	0	1	0	0	0	1	0	0	0	0	0	1	0	3	1	3	0	0	2	3	2	2	0	3	3	1	0	3	1	0	0	0	0	0	0	0	0	0	0	0	0	0	0	0	0	0	1	1	0	0	0	0	0	1	0	1	0	1	1	1	0	0	0	0	0	0	2	1	0	0	0	0	1	0	1	0	0
L3	ERR2510465	80	159	0	2	0	1	0	0	1	2	0	1	3	5	0	2	0	2	0	0	2	0	1	4	2	5	1	1	2	1	1	1	1	5	0	2	2	2	3	1	4	13	2	3	12	9	4	5	5	7	3	0	0	0	0	0	0	1	1	0	1	0	0	0	0	0	0	1	6	1	0	0	0	1	0	1	3	3	3	1	1	1	0	0	0	0	0	0	1	5	0	0	2	0	2	0	0	1	0
L3	ERR4798854	80	87	0	0	0	0	1	0	0	2	0	4	0	4	0	0	1	1	0	0	1	2	0	3	2	3	3	0	1	3	1	1	0	1	1	1	5	4	0	3	1	5	2	0	2	4	3	1	0	2	1	0	0	0	0	0	0	0	0	0	0	0	0	0	0	0	0	0	1	0	0	0	0	2	1	1	1	1	0	0	0	1	1	0	0	1	0	0	1	2	1	0	3	0	1	0	0	0	0
L3	ERR4829127	80	140	0	2	1	1	0	1	0	1	2	1	2	1	0	0	0	2	0	1	2	4	0	2	2	3	0	2	7	1	1	0	0	1	0	6	4	6	1	7	1	17	1	1	6	6	4	3	2	4	2	0	0	1	0	0	0	0	0	0	0	1	0	0	1	0	0	0	1	1	0	0	1	1	0	0	3	6	1	0	0	0	0	0	0	0	0	1	1	5	2	0	2	1	0	0	0	0	0
L3	SRR22424856	80	128	0	0	0	1	0	1	0	0	0	0	1	1	0	1	0	2	1	0	2	1	0	0	4	4	1	0	3	3	2	0	2	2	1	1	5	4	2	4	7	7	5	3	6	6	2	2	1	6	0	0	0	0	0	1	1	2	0	0	0	0	0	0	0	0	0	0	2	4	0	0	0	1	1	2	5	5	1	1	0	0	0	0	0	0	0	0	1	3	0	0	1	0	0	0	2	1	0
L3	SRR21728336	80	28	0	0	0	0	0	0	0	1	0	0	0	1	0	1	0	0	0	1	0	0	0	0	1	0	0	0	0	0	1	0	0	0	0	1	2	1	2	0	0	4	0	1	3	1	0	1	0	0	0	0	0	0	0	0	0	1	0	0	0	0	0	0	0	0	0	0	2	0	0	0	0	0	0	0	1	0	1	0	0	0	0	0	0	0	0	0	1	0	0	0	0	0	0	0	0	0	0
L3	SRR22424752	80	134	0	0	2	2	0	0	1	0	1	2	2	5	1	1	0	2	1	0	1	0	0	4	2	2	1	3	5	2	1	1	0	3	0	2	6	3	2	4	6	10	2	6	4	5	4	3	2	3	1	1	0	0	0	0	0	0	1	0	0	0	0	0	0	0	0	1	1	1	1	0	1	0	0	0	1	7	1	0	2	1	0	0	0	0	0	0	1	1	0	0	2	0	3	0	0	0	0
L3	ERR245796	80	28	0	0	0	0	0	0	0	0	0	0	1	1	0	0	0	0	0	0	0	0	0	1	0	1	0	1	0	2	0	1	0	0	0	0	2	2	0	0	0	1	1	1	1	0	1	0	2	1	1	0	1	0	0	0	0	0	0	0	0	0	0	0	0	0	0	0	0	2	0	0	0	0	0	0	1	1	1	0	0	0	0	0	0	0	0	0	0	0	0	0	1	0	0	0	0	0	0
L3	ERR4829144	80	89	0	0	2	0	0	1	0	1	0	2	1	2	1	0	0	1	0	0	1	0	0	0	0	2	0	0	2	4	0	1	0	3	0	1	3	3	3	2	0	5	4	1	3	6	1	1	4	7	1	0	0	0	0	0	0	2	0	1	0	1	0	0	0	0	0	0	0	0	2	0	0	2	0	0	1	1	2	0	1	0	1	0	0	0	0	0	1	3	0	0	2	0	0	0	0	0	0
L3	SRR28044918	80	64	0	0	1	0	1	1	0	0	0	0	0	5	0	0	0	1	2	0	0	0	1	1	0	1	1	1	1	2	2	1	0	2	0	2	2	3	1	2	1	3	0	1	4	5	2	0	2	3	0	0	0	1	0	0	1	0	0	0	0	0	0	1	0	0	0	0	0	1	0	0	0	2	0	0	0	1	0	0	1	1	0	0	0	0	0	0	0	0	0	0	0	0	0	0	0	0	0
L3	ERR688023	80	152	0	0	2	1	0	1	1	1	1	1	2	3	1	1	0	0	0	0	3	3	0	2	1	1	2	0	2	3	1	0	0	2	2	1	7	4	2	3	5	9	4	3	8	12	3	1	3	3	4	0	0	1	0	0	0	1	0	0	0	0	0	1	0	0	1	0	2	2	1	0	0	5	0	1	2	7	0	0	1	1	1	0	1	1	1	0	3	2	2	1	2	1	1	0	1	0	0
L3	ERR4818877	80	132	0	0	1	4	0	1	1	2	1	1	0	5	0	1	0	1	0	1	1	0	1	1	2	1	1	1	2	1	0	1	1	0	1	2	2	9	3	3	2	11	3	9	9	5	5	3	2	1	0	0	0	0	0	0	0	0	0	0	1	0	0	0	0	0	0	1	1	0	1	0	0	0	0	1	4	2	3	0	0	3	0	0	2	0	0	0	4	2	3	0	1	1	0	0	0	0	0
L3	ERR4798552	80	82	0	0	2	1	0	0	1	3	0	0	1	3	0	0	1	1	0	1	4	1	0	1	1	3	0	2	1	1	1	0	1	0	0	1	0	2	2	2	4	6	1	2	4	6	1	0	3	2	0	0	0	0	0	0	0	0	0	0	0	0	0	0	0	0	0	0	0	0	0	0	2	1	0	0	1	3	0	0	0	2	0	0	0	0	0	1	2	2	0	0	0	0	0	0	1	0	1
L3	SRR28045170	80	106	0	0	0	0	0	0	1	5	0	1	2	2	1	0	0	1	0	0	1	1	1	1	0	0	0	0	0	0	0	1	1	0	0	5	3	4	2	4	0	12	0	4	6	11	5	3	1	6	0	0	0	0	0	0	0	0	0	0	0	0	0	0	2	0	0	0	1	1	1	0	0	0	0	1	1	7	0	0	0	0	0	0	1	0	0	0	1	1	1	1	0	0	2	0	0	0	0
L3	ERR4799249	80	106	0	0	0	1	0	0	0	3	1	1	0	1	0	0	0	1	1	0	2	0	2	1	2	5	0	1	0	0	2	0	1	0	0	2	0	3	0	3	5	10	2	4	8	6	9	5	1	1	1	0	0	0	0	0	0	0	1	0	0	0	0	0	0	0	0	0	1	1	0	1	0	1	1	2	1	1	3	1	0	2	0	0	0	0	0	0	1	2	0	0	2	0	0	0	0	0	0
L3	ERR2199900	80	55	0	0	1	0	0	1	0	2	0	0	0	0	1	0	0	0	1	0	1	0	0	1	0	1	1	3	1	1	0	0	1	0	0	1	1	2	1	2	3	4	0	4	1	5	1	1	1	1	0	0	0	1	0	0	1	0	0	0	0	0	0	0	0	0	0	0	0	1	0	1	0	1	0	0	0	1	1	0	0	0	0	0	0	0	0	0	1	2	1	0	0	0	0	0	0	0	0
L3	ERR2510326	80	67	0	0	2	1	0	0	0	2	0	0	0	3	1	0	0	0	0	0	0	0	0	0	2	2	0	0	0	0	0	0	0	1	0	1	1	1	0	4	4	4	1	5	4	4	3	1	1	5	0	0	0	0	0	0	0	0	0	0	0	0	0	0	0	0	0	0	1	3	0	0	0	0	0	0	1	1	0	0	0	1	0	0	0	0	0	1	0	2	2	0	1	0	0	0	1	0	0
L3	ERR4829947	80	36	0	0	0	3	0	0	0	2	0	2	0	0	0	0	0	0	1	1	1	1	0	0	0	2	1	0	1	0	1	0	0	0	1	2	1	1	0	1	1	3	1	0	2	1	0	1	0	0	0	0	0	0	0	0	0	0	0	0	0	0	0	0	0	0	0	0	0	1	0	0	2	0	0	0	0	0	0	0	0	0	0	0	0	0	0	0	1	1	0	0	0	0	0	0	0	0	0
L3	ERR3077987	80	35	0	0	0	0	0	0	2	0	0	0	0	0	0	0	1	0	0	0	0	0	0	0	0	0	0	1	1	1	0	0	0	0	0	0	0	3	0	0	0	1	0	0	1	2	0	0	1	1	1	0	0	0	0	0	0	0	0	0	0	0	0	0	0	0	0	0	0	1	1	0	1	0	0	1	4	3	0	0	0	1	0	0	0	1	0	0	0	1	0	0	3	2	0	0	0	0	0
L3	SRR22251080	80	117	1	1	1	2	0	1	0	6	0	1	2	0	1	2	1	1	0	0	1	0	0	1	0	3	1	0	6	2	0	0	1	1	1	2	1	6	3	3	1	7	2	0	5	6	2	2	1	7	2	0	0	0	0	0	0	0	0	0	0	0	1	0	0	0	1	0	3	2	1	1	0	1	2	1	2	5	1	0	1	0	0	0	0	0	0	0	0	2	2	0	1	0	4	0	0	0	0
L3	SRR16058252	80	28	0	0	0	0	0	2	0	0	0	0	1	1	0	0	0	1	0	0	1	0	0	1	0	1	1	0	0	0	0	0	1	1	1	0	0	1	2	0	0	1	1	0	1	2	1	0	0	1	0	0	0	0	0	0	0	0	0	0	0	0	0	0	0	0	0	0	1	0	0	0	0	0	0	0	0	1	1	0	1	1	0	0	0	0	0	0	0	0	0	0	0	0	0	0	1	0	0
L3	SRR22251746	80	65	0	0	1	1	0	0	0	3	0	0	2	0	0	1	0	1	0	0	0	0	0	0	0	1	0	0	0	1	0	0	1	0	0	0	6	2	0	1	4	6	0	1	2	3	1	0	0	2	1	0	0	0	0	0	0	1	0	0	0	0	0	0	0	0	0	1	2	0	2	1	2	0	0	1	0	2	1	0	0	1	0	0	0	0	0	0	1	2	1	0	1	2	1	0	1	0	1
L3	SRR28044880	80	121	0	0	0	2	0	1	1	2	0	3	1	1	0	0	1	4	0	0	0	1	0	0	3	3	1	1	2	0	0	0	0	0	0	1	3	4	3	8	2	13	2	1	6	8	8	2	1	3	1	0	0	0	0	0	0	0	1	0	0	1	0	0	0	0	0	0	2	0	0	0	0	2	1	2	2	8	0	0	2	3	0	0	0	0	0	0	0	1	0	1	0	0	2	0	0	0	0
L3	ERR4821366	80	57	0	0	0	2	0	1	0	2	0	1	0	0	0	0	1	1	0	0	1	0	0	2	0	1	1	2	4	0	0	0	0	0	0	0	1	5	1	3	0	2	2	1	4	6	0	0	1	4	0	0	0	0	0	0	0	0	0	0	0	0	0	0	0	1	0	0	2	0	1	0	0	0	0	0	0	0	0	0	1	0	0	0	0	0	0	0	2	1	0	0	0	0	0	0	0	0	0
L3	ERR4797181	80	212	0	3	1	2	0	2	3	5	2	2	2	4	2	0	1	1	0	0	1	0	4	2	2	9	2	2	1	3	0	1	2	1	0	6	4	9	3	7	8	12	6	1	8	15	7	1	3	8	3	0	0	1	0	1	1	0	1	0	0	1	0	0	0	1	0	0	1	7	1	0	1	1	1	2	2	7	1	2	1	2	0	0	0	2	0	1	3	2	1	0	2	1	1	0	2	1	0
L3	ERR2512536	80	69	0	0	0	1	0	0	0	2	0	0	0	1	0	0	0	0	0	0	1	0	0	2	1	0	0	1	0	0	0	1	0	2	0	1	5	2	0	1	2	6	0	1	3	3	2	0	1	6	1	0	0	0	0	0	0	0	0	0	0	0	0	0	0	1	0	0	1	1	1	0	0	2	0	1	1	3	0	0	0	3	1	0	0	0	1	0	1	0	1	0	3	0	1	0	0	0	1
L3	SRR5341376	80	38	0	0	1	1	1	0	1	0	0	0	1	2	0	0	0	0	0	0	2	0	0	1	1	0	0	0	0	0	1	1	0	1	0	1	1	1	0	2	0	2	0	0	1	2	0	0	0	4	0	0	0	0	0	0	0	0	0	0	0	0	0	0	0	0	0	1	1	0	0	0	0	0	0	0	1	0	2	0	0	0	0	0	0	0	0	0	1	1	1	0	0	0	1	0	1	0	0
L3	SRR27332356	80	94	0	0	1	1	1	0	0	3	0	1	2	4	0	0	0	2	0	0	2	0	0	0	1	1	0	1	0	1	0	0	1	0	1	1	6	4	0	4	4	12	1	2	6	3	2	2	1	1	2	0	2	0	0	0	0	0	0	0	0	0	0	0	1	0	0	1	0	0	0	1	1	0	0	1	1	3	0	0	0	2	1	0	0	0	0	0	0	0	1	1	2	0	2	0	0	0	0
L3	SRR6152765	80	139	0	1	0	0	1	1	1	1	2	1	2	0	0	2	1	3	0	0	3	0	0	2	0	3	0	0	2	0	2	1	0	3	0	4	4	12	3	5	5	9	6	6	5	10	2	2	1	6	2	0	0	0	0	0	0	0	0	0	0	0	0	0	0	0	0	2	1	1	0	0	2	1	0	2	1	5	0	0	0	1	0	0	0	0	0	1	1	2	1	0	1	1	0	0	2	0	0
L3	ERR4809128	80	34	0	1	1	1	0	0	0	2	0	0	0	0	0	0	0	0	0	0	0	0	0	0	0	1	0	1	2	0	0	0	0	0	0	0	1	2	1	0	2	1	1	2	3	0	0	1	1	3	0	0	0	0	0	0	0	0	0	0	0	0	0	0	0	0	0	0	0	2	0	1	1	0	1	0	1	0	0	0	0	0	0	0	0	0	0	0	0	1	0	0	0	0	0	0	0	0	0
L3	SRR27449964	80	73	0	1	3	0	0	2	0	3	0	0	0	4	1	1	1	5	0	0	0	0	0	1	0	1	0	1	0	1	0	0	0	0	0	1	1	3	1	2	0	6	0	1	3	3	1	3	2	2	1	0	0	0	0	0	0	0	0	0	0	0	0	0	1	0	0	0	2	2	0	2	0	1	1	1	2	0	0	0	1	0	0	0	0	0	0	1	2	1	1	0	0	0	0	0	0	0	0
L3	ERR4818922	80	80	0	0	3	0	0	0	0	0	0	0	1	3	1	1	0	1	1	0	1	0	0	1	3	1	1	0	1	0	0	0	0	0	0	4	0	1	1	5	2	5	2	2	7	9	1	1	1	2	0	0	0	0	0	0	0	0	0	0	0	0	0	0	0	1	0	0	1	1	0	0	0	1	0	1	1	1	0	0	0	0	0	0	0	0	0	1	1	1	0	0	2	2	2	0	0	2	0
L3	ERR4828529	80	45	0	0	0	0	0	0	2	0	0	0	0	0	0	0	0	1	0	1	0	1	1	0	0	1	2	0	0	0	0	0	1	1	1	0	0	2	0	1	4	1	1	1	2	3	0	0	1	2	1	0	0	0	0	0	0	1	0	0	1	0	0	0	0	0	0	0	0	0	0	0	0	0	2	1	1	0	1	0	0	0	0	0	0	1	0	0	0	3	0	1	0	1	0	0	0	0	1
L3	SRR16058185	80	85	0	0	0	0	0	0	0	2	1	0	0	0	0	0	1	2	1	0	0	0	0	0	1	2	0	1	2	1	1	0	0	0	0	4	5	4	0	1	4	5	1	5	3	10	2	3	3	2	0	0	0	0	0	0	0	0	0	0	0	0	0	0	0	0	0	0	2	0	0	0	0	0	2	2	2	0	1	0	1	2	0	0	0	0	0	1	0	2	1	1	1	0	0	0	0	0	0
L3	SRR16058375	80	30	0	0	0	1	0	0	0	1	0	0	0	2	1	0	0	1	0	0	0	0	0	0	0	0	1	0	0	1	0	0	0	0	0	1	1	1	0	1	0	7	0	0	0	3	0	0	0	1	0	0	0	0	0	0	0	1	0	0	0	0	0	0	0	0	0	0	0	0	0	0	1	0	0	0	1	1	0	0	0	0	0	0	0	0	1	0	1	1	0	0	0	0	0	0	0	0	0
L3	ERR2517171	80	89	0	0	1	0	0	0	1	2	1	0	1	3	0	1	0	0	0	0	1	0	0	0	2	3	0	0	1	1	0	0	0	0	0	2	5	5	1	8	4	5	0	1	5	8	3	3	1	2	1	0	1	0	0	0	0	0	0	0	0	0	0	0	0	0	0	0	1	4	1	0	0	0	0	1	2	0	1	0	0	0	0	0	0	0	0	0	2	1	1	0	0	1	0	0	1	0	0
L3	ERR2513475	80	54	0	0	0	0	0	0	0	2	0	0	0	0	0	0	0	0	0	0	1	0	0	0	0	1	1	2	1	1	0	1	0	0	0	0	1	3	1	3	1	4	0	2	2	4	2	2	0	3	1	0	0	0	0	0	0	1	0	0	0	0	0	0	0	0	0	0	2	0	0	0	0	0	0	1	1	0	1	1	0	0	0	0	0	0	0	1	0	3	1	0	1	1	1	0	0	0	0
L3	ERR2245353	80	9	0	0	0	0	0	0	0	0	0	0	0	0	0	0	0	0	0	0	1	0	0	0	0	0	0	0	0	0	0	0	0	0	0	0	1	0	0	1	0	0	0	0	2	1	0	0	0	1	0	0	0	0	0	0	0	0	0	0	0	0	0	0	0	0	0	0	0	0	0	0	0	1	0	1	0	0	0	0	0	0	0	0	0	0	0	0	0	0	0	0	0	0	0	0	0	0	0
L3	ERR4820166	80	141	0	1	0	3	2	2	0	2	1	1	5	0	0	1	1	3	0	0	1	0	1	2	4	3	0	0	4	0	2	0	0	3	0	1	3	7	1	5	6	9	6	4	9	5	3	3	2	3	2	0	0	0	0	0	0	0	1	0	1	0	0	0	0	0	0	1	0	0	0	0	0	3	1	1	0	8	4	0	0	1	0	0	1	1	1	0	0	1	1	0	1	1	1	0	0	1	0
L3	ERR4798594	80	94	0	0	1	1	0	0	1	3	0	0	3	1	0	0	1	2	1	0	1	1	0	0	1	0	1	0	2	2	1	0	0	0	2	4	5	3	0	2	2	2	3	3	3	5	2	4	2	2	1	0	1	0	0	0	0	0	0	0	0	0	1	0	0	0	1	0	0	1	1	0	0	2	0	3	1	4	2	0	0	1	0	0	0	1	0	0	2	3	0	0	0	0	0	0	1	1	0
L3	ERR4799703	80	120	0	0	2	0	0	1	3	1	2	0	3	1	1	0	2	0	1	1	1	0	1	0	1	2	0	0	0	4	1	0	1	0	1	1	0	3	3	3	3	11	0	5	7	11	1	3	1	12	0	0	1	0	0	0	0	0	0	0	1	0	0	0	0	0	0	0	1	2	1	0	0	1	0	1	6	2	1	1	2	0	0	0	0	0	0	1	1	0	0	0	1	1	1	0	0	1	0
L3	ERR4821819	80	37	0	0	1	0	0	2	0	1	0	0	0	2	0	0	0	0	0	0	0	0	1	0	1	0	0	0	1	0	1	0	0	1	0	0	1	3	0	1	1	2	1	0	1	7	0	1	0	0	0	0	0	0	0	0	0	0	0	0	0	0	0	0	0	0	0	0	1	0	0	0	0	1	0	0	0	0	1	0	0	1	0	0	0	1	0	0	0	2	0	1	0	0	0	0	0	0	0
L3	ERR3335770	80	39	0	0	0	1	1	0	1	2	0	0	0	0	1	0	0	0	0	1	0	0	1	0	1	0	0	0	1	2	0	0	0	0	0	2	1	1	1	2	0	6	3	2	1	0	0	2	1	0	1	0	0	0	0	0	0	0	0	0	0	0	0	0	0	0	0	0	2	0	0	0	0	1	0	0	0	0	1	0	0	0	0	0	0	0	0	0	0	0	0	0	0	0	0	0	0	0	0
L3	ERR4800444	80	120	0	0	1	3	0	0	2	2	0	0	2	3	2	1	0	1	0	0	1	2	1	0	1	3	0	0	1	5	0	3	1	2	0	4	2	4	0	4	2	8	3	2	8	6	1	2	2	6	1	0	0	0	0	0	0	1	1	0	0	0	0	0	0	0	0	0	2	1	1	0	1	0	2	0	1	0	1	0	0	1	3	0	1	0	0	1	0	4	4	0	1	0	1	0	0	1	0
L3	SRR22251812	80	49	0	0	0	0	1	0	0	0	0	0	1	2	0	0	0	2	0	0	1	0	0	0	0	2	1	1	0	0	1	1	0	0	0	1	1	4	1	0	1	5	0	1	0	5	1	0	0	1	2	0	0	0	0	1	0	0	0	0	0	0	0	0	0	1	0	0	1	0	0	0	0	0	0	2	2	1	0	0	0	0	0	0	0	0	0	0	0	2	3	0	0	0	0	0	0	0	0
L3	SRR27450065	80	74	0	1	0	0	0	0	1	2	1	0	1	1	0	2	0	2	0	0	1	1	1	0	3	2	1	0	2	1	0	0	0	0	0	0	3	5	1	4	2	3	0	2	4	9	0	1	0	4	0	0	0	0	0	0	0	0	0	0	0	0	0	0	0	0	0	1	0	1	0	0	0	0	0	0	2	1	1	0	0	0	0	0	0	0	0	1	2	1	1	0	0	1	0	0	1	0	0
L3	ERR4798746	80	96	0	2	0	0	0	1	0	1	0	1	0	4	0	1	1	0	1	0	1	2	0	1	0	1	1	0	0	2	2	0	0	1	1	4	4	4	0	4	2	6	3	4	4	5	3	1	2	5	0	0	0	0	0	0	0	0	0	0	0	0	0	0	0	0	0	0	1	1	1	0	0	1	0	2	4	3	0	0	1	2	0	0	0	0	0	1	3	0	0	0	0	0	0	1	0	0	0
L3	ERR2513243	80	153	0	0	0	3	1	2	1	2	1	2	4	0	2	0	0	3	0	0	1	1	0	1	1	3	2	1	3	1	2	0	0	2	0	1	5	5	2	6	4	12	1	8	6	14	4	1	3	5	2	0	0	0	0	0	1	0	0	0	0	1	1	0	0	0	0	1	0	2	0	0	3	3	1	1	4	1	0	0	0	2	0	0	0	1	0	1	3	3	1	0	2	3	0	0	0	0	0
L3	ERR3132170	80	77	0	0	2	1	0	0	0	1	2	2	1	0	1	0	1	3	0	0	2	0	1	1	0	4	0	0	1	1	1	0	1	1	0	2	1	3	0	0	3	7	1	0	4	4	0	1	2	2	2	0	0	0	0	0	0	0	0	0	0	0	1	0	0	0	1	0	0	0	1	1	1	1	0	1	1	1	2	0	0	1	1	1	0	0	0	1	1	1	0	0	0	0	1	0	0	0	0
L3	ERR2245396	80	27	0	0	1	0	0	0	0	0	0	0	0	1	0	0	0	0	0	0	0	1	0	0	0	2	0	0	0	0	0	0	0	0	0	3	1	0	1	0	0	3	0	2	0	2	0	2	1	0	1	0	0	0	0	0	0	0	0	0	0	0	0	0	0	0	0	0	1	1	0	0	0	0	0	0	0	0	0	0	1	0	0	0	0	0	0	0	1	0	1	1	0	0	0	0	0	0	0
L3	SRR6397349	80	118	0	0	1	1	0	0	1	2	0	2	4	0	1	0	1	4	0	1	1	1	0	0	3	1	2	0	2	3	1	4	1	1	1	1	4	5	0	6	2	8	3	4	10	7	2	5	1	7	0	0	0	1	0	0	0	0	0	0	0	0	0	0	0	0	0	0	0	1	0	0	1	0	0	4	2	3	0	0	0	0	0	0	0	0	0	0	0	0	0	0	1	0	0	0	0	0	1
L3	SRR6152888	80	58	0	0	0	0	0	1	0	1	0	0	0	1	1	1	2	0	0	0	0	0	0	0	0	1	1	0	1	1	0	0	0	0	0	0	2	3	3	2	3	8	1	2	1	5	1	1	0	0	1	0	0	0	0	0	0	0	0	0	0	0	0	0	0	0	0	1	1	0	0	0	0	4	0	0	0	1	2	0	1	1	0	0	0	0	0	0	1	0	1	0	0	1	0	0	0	0	0
L3	ERR2517290	80	18	0	0	0	0	0	0	1	0	0	0	1	0	0	0	0	0	0	0	0	0	1	0	0	0	0	0	0	0	0	0	0	1	0	0	0	0	0	0	2	1	1	0	0	3	0	1	0	0	0	0	0	0	0	0	0	0	0	0	0	0	0	0	0	0	0	0	0	0	0	1	0	0	0	0	3	1	0	0	0	0	0	0	0	0	0	0	0	0	0	0	0	0	0	0	1	0	0
L3	ERR10849244	80	73	0	1	0	1	0	2	1	2	0	0	0	0	0	1	0	1	1	2	1	0	0	1	1	0	0	1	0	2	1	0	0	0	0	3	4	7	2	2	2	2	1	4	5	2	1	1	2	3	0	0	0	0	0	0	0	0	0	0	0	0	0	0	0	0	1	0	1	0	0	0	0	1	0	1	1	2	1	0	0	0	0	0	0	0	0	0	2	1	1	0	0	1	0	0	0	0	0
L3	ERR553069	80	99	0	0	0	2	0	1	0	0	0	0	0	2	0	0	0	1	0	1	1	0	0	2	1	1	1	0	0	1	1	1	0	0	0	3	3	3	2	5	6	10	2	4	3	8	3	1	1	1	1	0	1	1	0	0	0	0	0	0	0	0	0	1	0	0	0	0	1	3	0	0	1	4	0	2	2	4	0	0	1	1	0	0	0	0	0	0	1	1	1	0	0	0	0	0	1	1	0
L3	SRR12882701	80	69	0	0	1	2	0	1	1	2	0	1	1	1	0	0	0	0	0	0	0	0	0	0	0	2	1	0	4	0	1	0	2	1	0	1	3	3	0	5	2	2	0	4	3	5	0	2	0	0	2	0	0	0	0	0	0	0	0	0	0	0	0	0	1	0	0	0	0	0	0	1	1	1	0	1	1	1	2	0	0	1	0	0	1	0	0	0	3	1	0	0	0	0	0	0	0	1	0
L3	ERR4817705	80	74	0	0	1	1	0	1	1	2	1	0	0	2	1	0	0	3	0	0	0	0	1	1	0	1	0	0	0	1	0	0	0	2	1	2	3	2	1	4	1	8	3	3	2	2	2	0	0	2	0	0	1	0	0	0	0	0	0	0	0	0	0	0	0	0	0	1	2	1	0	0	0	3	0	1	2	2	0	0	0	1	0	0	0	1	0	0	1	1	1	0	1	0	0	0	0	0	0
L3	ERR2510385	80	64	0	0	0	2	0	1	1	3	1	1	1	1	0	1	0	1	0	0	0	0	0	0	0	0	0	0	1	1	0	0	0	0	0	2	1	1	1	2	0	7	0	1	6	3	2	1	0	1	1	0	0	0	0	0	0	0	0	0	0	0	0	0	0	0	0	0	2	2	0	0	0	0	0	0	1	4	0	0	0	3	0	0	0	1	0	0	1	3	0	0	2	0	0	0	1	0	0
L3	ERR176676	80	22	0	0	0	0	0	1	0	1	0	0	1	1	0	0	0	0	0	0	1	0	0	0	0	0	0	0	0	0	0	0	0	0	0	0	1	0	0	0	0	3	0	0	1	3	0	1	1	2	0	0	0	0	0	0	0	0	0	0	0	0	0	0	0	0	0	0	0	0	0	0	0	1	0	0	2	1	0	0	0	0	0	0	0	0	0	0	1	0	0	0	0	0	0	0	0	0	0
L3	ERR2513610	80	61	0	0	0	1	0	0	1	1	0	1	2	1	0	0	0	0	0	1	0	1	1	2	1	2	0	0	0	0	0	0	0	2	0	2	2	2	1	5	0	3	1	1	3	5	1	0	1	2	0	0	0	0	0	0	0	0	0	0	2	0	0	0	0	0	0	1	0	2	0	0	2	0	0	1	0	0	1	0	0	1	0	0	0	0	0	1	1	2	0	0	0	0	1	0	0	0	0
L3	ERR5897119	80	66	0	0	0	1	0	0	0	0	1	0	1	2	1	0	2	0	0	0	1	0	0	4	1	0	0	1	0	1	0	0	0	0	0	1	5	1	2	3	1	5	0	0	4	6	0	2	2	2	0	0	0	0	0	0	0	0	0	0	0	0	0	0	0	0	0	0	3	1	0	0	0	1	0	0	1	1	0	1	1	1	0	0	1	1	0	0	2	0	0	0	0	1	1	0	0	0	0
L3	SRR22249602	80	69	0	1	1	1	0	0	3	2	0	0	1	4	0	0	1	0	0	0	0	0	2	0	2	0	0	0	2	1	0	0	1	1	0	2	0	5	0	0	4	3	1	2	4	1	5	0	2	3	1	0	0	0	0	0	0	0	0	0	0	0	0	0	0	0	0	1	1	0	0	0	1	0	0	2	2	2	2	0	0	0	0	0	0	0	0	1	0	0	0	0	0	0	0	0	0	1	0
L3	ERR2512604	80	149	0	0	0	2	0	0	0	2	1	2	1	3	1	0	0	0	0	0	1	0	0	1	3	8	2	0	2	2	0	1	0	1	3	4	8	4	3	5	2	12	2	2	7	8	2	1	1	8	2	0	0	0	1	0	0	0	0	1	0	0	1	0	0	0	0	0	1	2	0	0	1	0	0	1	3	5	2	1	1	0	0	0	2	0	2	1	4	5	1	0	5	2	0	0	0	0	0
L3	ERR2199881	80	22	0	0	0	0	0	0	0	0	0	0	0	0	0	0	1	0	0	0	0	0	1	1	0	1	0	0	0	0	0	1	0	0	0	0	1	0	0	1	0	2	1	3	1	0	1	0	0	3	0	0	0	0	0	0	0	1	0	0	0	0	0	0	0	0	0	0	0	0	0	0	1	0	0	0	0	0	0	0	0	0	0	0	0	1	0	0	0	1	0	0	0	0	0	0	0	0	0
L3	ERR9806719	80	22	0	0	0	0	0	0	0	0	0	0	0	0	0	0	0	0	0	0	0	0	0	0	3	0	0	0	0	0	1	0	0	1	1	0	1	2	1	1	0	0	0	2	0	6	0	0	0	0	0	0	0	0	0	0	0	0	0	0	0	0	0	0	0	0	0	0	0	0	0	0	0	0	0	0	1	0	0	0	0	0	0	0	0	0	0	0	1	0	0	0	1	0	0	0	0	0	0
L3	ERR4800108	80	65	0	0	0	0	0	0	0	4	0	1	0	1	1	0	1	0	0	1	0	2	0	0	1	2	1	0	2	0	0	0	0	1	0	1	3	1	0	2	1	2	0	2	2	8	4	3	0	2	0	0	0	0	0	0	0	0	0	0	0	0	0	0	0	0	0	0	3	2	0	0	0	1	1	0	0	1	1	0	0	0	0	0	0	0	0	0	1	3	1	0	0	1	0	0	1	0	0
L3	ERR4798088	80	277	0	2	1	2	1	2	3	6	1	3	1	1	0	1	1	4	0	0	2	2	0	5	2	8	2	0	5	4	0	0	2	4	0	7	3	10	5	10	14	20	3	10	22	14	7	2	3	5	3	0	1	0	0	0	0	0	1	0	0	0	0	0	0	0	0	0	4	3	1	2	1	6	0	4	10	7	5	0	3	2	1	0	2	0	0	0	4	7	1	0	4	0	3	0	0	1	1
L3	ERR4822609	80	122	0	0	1	0	0	0	1	3	0	1	3	0	1	0	3	2	0	1	4	0	0	0	0	3	1	2	1	0	1	2	2	0	0	0	4	3	1	2	3	7	0	5	10	3	1	5	3	5	2	0	1	0	0	0	0	0	0	0	0	1	0	0	0	1	0	1	3	3	2	1	1	0	0	0	1	4	0	1	1	2	0	0	2	0	0	0	5	1	1	0	2	0	1	0	0	1	0
L3	ERR2245418	80	48	0	1	0	0	1	0	0	0	1	1	0	1	1	0	0	3	1	1	0	0	0	1	0	0	0	0	0	0	0	0	0	1	0	1	2	1	2	0	3	1	0	2	3	3	2	2	1	1	0	0	0	0	0	0	0	0	0	0	0	0	0	0	0	0	0	0	1	0	0	0	1	1	0	1	1	2	1	0	2	0	0	0	0	0	0	0	1	0	0	0	0	0	0	0	0	0	0
L3	ERR4821506	80	97	0	1	2	0	0	1	0	3	2	1	1	0	0	0	2	0	0	1	0	1	0	1	1	0	1	0	1	1	0	0	0	0	0	4	2	2	1	2	5	9	2	4	9	4	5	3	0	1	1	0	0	0	0	0	0	1	0	0	0	0	0	0	0	0	0	0	3	1	1	0	1	0	0	3	0	0	0	0	3	1	0	0	1	2	0	0	3	0	1	0	0	0	1	0	0	1	0
L3	ERR2515097	80	57	0	1	1	1	0	0	1	0	0	1	0	0	0	0	0	0	0	0	0	0	1	0	0	1	0	0	1	0	2	1	0	1	0	3	0	3	1	2	3	1	0	2	5	2	0	3	1	4	0	0	0	0	0	0	0	0	0	0	1	0	0	0	0	0	0	0	1	2	1	0	0	0	1	1	1	1	1	0	0	1	0	0	0	0	0	1	1	1	0	0	0	0	0	0	0	1	0
L3	ERR4796267	80	58	0	0	1	1	0	0	0	0	0	0	2	1	0	1	0	0	0	0	2	0	0	0	0	2	0	1	1	1	0	0	1	0	0	2	4	0	0	1	2	3	1	0	6	3	0	1	0	2	1	0	0	0	0	0	0	0	0	0	0	0	0	0	0	0	0	0	1	1	1	1	0	1	0	1	0	4	1	0	0	2	0	0	0	0	0	0	1	0	2	0	1	0	0	0	1	0	0
L3	ERR4553941	80	111	0	2	0	1	0	0	1	0	0	0	0	1	0	1	0	2	0	1	0	0	0	4	1	1	1	2	3	1	1	0	0	2	0	3	5	5	0	1	1	3	2	5	7	8	3	1	4	3	1	0	0	0	0	0	0	0	0	0	0	0	0	0	0	0	0	0	2	2	0	1	1	1	2	1	4	4	3	0	0	1	0	0	0	0	0	0	4	1	1	0	3	1	2	0	0	0	0
L3	ERR4831364	80	90	0	1	0	1	0	1	0	3	0	0	0	2	0	0	0	2	1	0	1	0	0	1	1	3	0	0	0	0	0	0	0	1	0	1	4	2	0	5	6	7	2	6	2	9	0	1	1	5	1	0	0	0	0	0	0	0	0	0	0	0	0	0	0	0	0	0	1	1	0	0	1	2	0	0	1	2	0	0	0	3	0	0	0	0	0	1	0	0	2	0	3	2	1	0	0	0	0
L3	SRR23497692	80	7	0	0	0	0	0	0	0	0	0	0	1	0	0	0	0	0	0	0	1	0	0	1	0	0	0	0	0	0	0	0	0	0	0	0	0	0	0	0	0	0	0	0	0	2	0	0	0	0	1	0	0	0	0	0	0	0	0	0	0	0	0	0	0	0	0	0	0	0	0	0	0	0	1	0	0	0	0	0	0	0	0	0	0	0	0	0	0	0	0	0	0	0	0	0	0	0	0
L4	SRR4037827	80	29	0	0	0	0	0	1	1	0	0	0	0	0	0	0	0	0	0	0	0	0	0	0	2	2	0	0	0	1	1	0	0	0	0	0	0	0	0	0	0	1	0	4	1	3	0	0	0	1	0	0	0	0	0	0	0	0	0	0	0	0	0	0	0	0	0	0	0	0	0	0	0	1	0	1	1	2	0	0	0	0	0	0	0	0	0	0	1	0	0	0	1	2	1	0	1	0	0
L4	ERR2515497	80	104	0	1	0	0	0	0	2	1	0	0	3	2	0	0	1	2	0	0	0	0	0	1	3	2	0	2	2	0	2	0	1	0	2	3	4	6	0	4	4	11	0	2	9	6	3	0	1	3	0	0	0	0	0	0	0	0	0	0	0	0	0	0	1	0	0	0	0	1	0	0	1	1	0	1	2	2	0	0	2	0	1	0	0	1	0	0	2	2	1	0	1	0	2	0	0	0	0
L4	ERR025419	80	37	0	0	1	0	0	0	0	1	0	0	2	0	0	1	0	0	0	2	0	0	0	0	1	1	0	0	0	2	0	1	0	0	0	1	0	1	0	1	0	0	0	3	1	2	0	1	1	0	1	0	0	0	0	0	0	0	0	0	0	0	0	0	0	0	0	0	1	2	0	0	0	2	0	0	4	0	0	0	0	0	0	0	0	0	0	0	1	1	0	0	2	0	0	0	0	0	0
L4	ERR8700372	80	39	0	0	0	0	1	0	0	0	0	0	2	0	0	0	0	0	0	0	0	1	0	1	0	2	1	0	1	0	0	0	0	0	0	2	1	2	0	0	0	5	1	2	3	1	0	0	2	2	0	0	0	0	0	0	0	0	0	0	0	0	0	0	0	0	0	0	0	0	0	1	0	0	0	0	1	1	0	0	0	2	0	0	0	0	0	0	0	1	1	0	0	1	0	0	0	1	0
L4	SRR7535052	80	139	0	0	1	0	1	1	1	2	0	1	2	0	0	0	0	1	0	0	3	0	0	0	2	4	1	0	1	1	0	0	1	0	0	2	7	2	1	6	5	9	3	4	5	10	7	3	3	12	1	0	0	0	1	0	0	0	0	0	0	0	0	0	0	0	0	1	2	2	0	2	1	1	0	0	3	5	2	1	0	1	0	0	0	0	0	0	4	2	0	0	4	3	0	0	1	0	0
L4	ERR9907723	80	128	0	0	1	1	1	0	0	4	2	0	1	2	0	0	1	0	0	1	0	3	0	0	0	3	1	2	2	1	0	0	1	3	0	6	4	2	2	5	3	9	2	7	4	6	1	1	1	4	1	0	0	1	0	0	0	0	0	0	0	0	0	1	0	1	0	0	3	2	2	0	1	1	1	2	3	0	2	0	2	1	0	0	2	0	0	1	1	6	2	0	0	2	1	0	2	0	0
L4	SRR14519847	80	104	0	0	1	3	1	0	3	5	0	1	3	5	0	1	0	4	0	0	2	1	0	1	1	0	1	0	0	0	0	1	0	1	0	2	1	5	2	7	2	3	2	0	1	7	0	3	0	11	2	0	0	0	0	0	0	1	1	0	0	0	0	0	1	0	0	0	2	0	1	0	0	1	2	0	2	1	0	0	0	0	1	0	1	0	0	0	0	2	0	0	0	3	1	0	0	0	1
L4	SRR14165009	80	9	0	0	0	0	0	0	0	0	0	1	0	0	1	0	0	0	0	0	0	0	0	0	0	0	0	0	0	0	0	0	0	0	0	0	0	0	0	0	0	1	0	0	0	0	1	0	0	0	0	0	0	0	0	0	0	0	0	0	0	0	0	0	0	0	0	1	0	0	0	1	0	0	0	0	0	1	0	0	0	0	0	0	0	0	0	1	1	0	0	0	0	0	0	0	0	0	0
L4	SRR19303908	80	66	1	0	0	1	0	0	1	0	0	0	0	1	0	0	1	0	0	0	0	0	0	2	1	0	0	1	1	0	1	0	1	0	0	3	4	5	2	2	1	6	2	3	4	3	2	0	0	2	0	0	0	0	0	0	2	0	0	0	0	0	0	0	0	0	0	2	0	0	0	0	0	0	0	0	2	2	0	0	0	0	1	0	2	0	0	0	0	1	1	0	0	2	1	0	0	0	0
L4	SRR15315838	80	120	0	1	0	0	1	0	0	2	2	0	0	3	1	1	0	2	0	0	1	1	0	2	1	1	1	0	3	0	1	2	0	2	0	0	4	6	3	3	4	7	2	6	10	8	0	2	2	7	0	0	0	0	0	0	0	1	1	0	0	0	0	0	0	0	0	0	1	1	0	1	0	3	0	0	3	1	0	0	0	0	1	0	1	0	1	1	2	4	2	2	0	2	0	0	0	0	0
L4	ERR473291	80	47	0	0	0	0	0	1	1	0	0	0	2	0	0	0	0	0	0	0	1	0	0	0	1	1	0	0	1	1	0	0	0	0	1	1	1	2	2	3	1	3	1	1	2	4	0	0	1	3	1	0	0	0	0	0	0	0	0	0	0	0	0	0	0	0	0	0	0	0	0	0	0	3	0	0	1	2	0	0	0	2	1	0	0	0	0	0	1	1	0	0	0	0	0	0	0	0	0
L4	SRR18897176	80	145	0	0	1	0	0	0	0	2	0	2	3	3	1	0	2	0	1	0	2	0	1	1	5	0	1	3	0	4	1	0	2	0	0	2	5	8	1	6	3	10	3	4	7	10	4	2	2	4	2	0	0	0	0	0	0	0	0	0	1	1	0	0	0	0	0	0	1	2	0	0	1	3	0	1	4	5	1	0	1	1	0	1	0	0	1	0	3	2	0	0	2	3	1	0	1	1	0
L4	ERR6865963	80	17	0	0	0	0	0	0	0	1	0	0	0	0	0	0	0	0	0	0	0	0	0	0	0	2	0	0	0	1	0	0	0	1	0	0	0	0	0	2	0	0	0	0	0	0	0	0	0	2	0	0	0	0	0	0	0	0	0	0	0	0	0	0	0	0	0	0	1	0	0	0	0	1	0	0	0	1	1	0	1	1	0	0	0	0	0	0	1	0	0	0	1	0	0	0	0	0	0
L4	SRR14782000	80	6	0	0	0	0	0	0	0	0	0	0	0	1	0	0	0	0	0	0	0	0	0	1	0	0	0	0	0	0	0	0	0	0	0	0	1	2	0	0	1	0	0	0	0	0	0	0	0	0	0	0	0	0	0	0	0	0	0	0	0	0	0	0	0	0	0	0	0	0	0	0	0	0	0	0	0	0	0	0	0	0	0	0	0	0	0	0	0	0	0	0	0	0	0	0	0	0	0
L4	ERR234265	80	61	0	0	0	0	1	0	0	2	0	0	0	0	0	0	0	0	0	0	0	1	0	0	0	2	0	2	3	1	0	1	0	1	0	0	2	4	0	6	1	2	3	2	2	2	3	1	0	2	0	0	0	0	1	0	0	1	1	0	0	0	0	0	0	0	0	1	2	0	1	0	0	0	0	0	0	3	1	0	0	0	0	0	1	0	0	1	1	3	0	0	0	0	0	0	0	0	0
L4	ERR3132290	80	92	0	0	1	1	1	1	0	1	0	0	0	1	2	0	0	0	1	0	1	0	0	3	2	1	1	1	1	1	1	3	0	2	0	4	1	2	3	3	1	5	1	1	2	6	4	1	1	3	0	0	0	0	0	0	0	0	0	1	0	0	0	0	0	0	0	0	1	3	0	3	1	1	0	2	3	3	1	0	1	2	0	1	0	0	1	1	0	0	1	0	0	1	1	0	0	0	0
L4	SRR14164829	80	86	0	0	0	1	0	0	1	3	0	2	0	2	0	0	1	1	0	0	0	1	0	0	0	0	1	0	1	2	1	0	1	2	0	0	3	2	0	3	4	7	2	3	5	5	1	1	2	3	0	0	0	0	0	0	1	0	0	0	0	0	0	0	0	0	0	2	1	0	1	0	0	0	1	0	1	2	0	0	1	3	1	0	0	0	1	0	0	5	1	0	1	1	2	0	0	0	0
L4	SRR26111903	80	95	1	0	1	1	0	1	1	2	0	3	1	0	0	0	0	1	0	0	1	0	1	1	0	2	1	0	3	1	1	0	0	4	0	2	5	4	0	3	2	9	3	2	5	4	6	1	2	4	0	0	0	0	0	0	0	0	0	0	0	0	0	0	0	0	0	0	0	0	1	1	1	0	0	1	0	2	0	0	1	2	0	0	1	0	0	0	3	2	1	0	0	0	0	0	0	1	0
L4	ERR4457895	80	268	0	1	1	4	2	0	3	6	1	2	2	7	2	0	1	1	1	0	3	3	0	6	5	5	1	1	1	0	1	2	1	3	0	6	9	10	2	11	12	11	6	12	10	18	4	2	5	8	3	0	1	1	0	0	0	1	0	0	0	2	0	0	1	0	0	2	5	6	2	0	1	4	2	3	6	7	3	0	0	1	4	0	2	0	0	2	2	3	3	0	3	2	3	0	0	1	0
L4	SRR4033606	80	24	0	0	0	0	0	0	0	1	0	0	0	0	0	0	0	0	0	0	1	0	0	0	1	0	0	0	0	0	0	0	0	1	1	0	1	1	0	1	0	1	1	0	1	4	0	1	0	1	0	0	0	0	0	0	0	0	0	0	0	0	0	0	0	0	0	0	0	0	0	0	0	0	0	0	1	0	1	0	0	1	0	0	0	0	0	0	0	0	1	0	0	2	0	0	0	0	1
L4	ERR9806830	80	118	0	1	1	0	0	0	0	0	1	1	1	2	0	0	0	0	0	0	4	0	1	0	2	1	3	1	2	1	3	1	0	1	1	2	0	6	1	6	2	12	2	3	2	7	4	3	2	7	0	1	1	0	0	0	0	0	0	0	1	0	0	0	0	0	0	0	1	1	0	0	1	2	0	1	4	5	1	0	1	2	0	0	1	0	0	0	1	0	2	0	2	1	1	0	0	1	0
L4	SRR14782506	80	139	0	0	1	0	0	0	0	2	0	0	3	4	1	1	0	1	0	0	0	3	0	1	3	6	1	0	2	3	0	0	1	1	0	6	2	6	2	3	4	11	2	3	8	6	4	2	2	3	2	0	0	0	0	0	0	0	0	0	0	0	0	0	0	1	0	0	3	4	0	1	0	2	0	1	0	4	1	0	1	4	1	0	3	1	1	0	2	3	1	0	1	2	0	0	1	0	1
L4	ERR6358906	80	5	0	0	0	0	0	0	0	0	0	0	0	0	0	0	0	0	0	0	0	0	0	0	0	0	0	0	0	0	0	0	0	0	0	0	1	0	0	0	0	0	0	1	1	1	0	1	0	0	0	0	0	0	0	0	0	0	0	0	0	0	0	0	0	0	0	0	0	0	0	0	0	0	0	0	0	0	0	0	0	0	0	0	0	0	0	0	0	0	0	0	0	0	0	0	0	0	0
L4	SRR19115678	80	99	0	0	1	2	0	2	0	0	0	1	0	1	0	0	0	1	0	0	0	1	0	1	3	0	1	1	1	3	0	0	0	3	0	2	1	4	1	5	1	4	2	3	8	7	5	1	1	3	3	0	1	0	0	0	0	0	0	0	1	0	0	0	0	0	0	1	0	1	0	0	1	2	1	4	2	5	0	0	1	2	0	0	0	0	0	0	0	0	1	0	1	1	0	0	1	0	0
L4	SRR26112633	80	105	0	0	0	2	2	0	0	1	0	1	0	0	0	0	1	0	1	0	1	0	1	0	2	1	1	2	1	0	1	0	0	0	0	3	3	10	0	8	3	8	2	4	2	2	2	2	2	5	0	0	0	0	0	0	1	0	0	0	1	0	0	0	0	0	0	0	2	1	0	0	0	2	1	0	2	4	2	0	4	0	0	0	1	0	0	0	2	1	0	0	2	2	2	0	0	1	0
L4	ERR752194	80	178	0	0	2	0	0	2	2	8	0	3	3	1	2	2	3	3	0	1	1	0	1	1	3	2	2	0	0	2	5	3	1	0	0	6	3	5	2	4	7	12	3	7	13	11	2	6	3	7	1	0	2	0	0	0	0	0	0	0	0	0	0	0	0	0	1	0	6	1	0	0	0	2	0	0	5	3	1	0	0	1	0	0	0	0	0	1	3	3	1	0	2	1	0	0	0	0	0
L4	ERR4553695	80	75	0	0	0	0	1	1	0	4	1	0	0	1	0	0	0	0	0	0	0	0	0	1	2	0	1	1	2	1	0	0	0	0	0	2	1	6	1	1	2	6	1	3	1	4	1	1	1	1	1	0	0	0	0	0	0	1	0	0	0	1	0	0	0	0	0	0	0	3	0	0	0	2	1	0	4	4	0	0	1	0	0	0	0	0	1	0	1	2	1	0	2	0	1	0	0	1	0
L4	SRR25395670	80	51	0	1	0	0	0	1	0	0	1	0	0	1	0	0	0	0	0	0	0	0	0	0	0	1	0	0	0	1	0	0	0	0	0	1	1	2	0	2	5	4	3	1	5	3	0	0	0	4	0	0	0	0	0	0	0	0	0	0	0	0	0	0	0	0	0	1	0	1	0	1	1	0	1	1	3	2	0	0	0	0	0	0	0	0	0	0	0	1	1	0	0	0	1	0	0	0	0
L4	SRR28646106	80	77	0	0	2	0	0	0	2	3	0	1	0	0	1	1	0	1	0	0	0	0	1	0	0	4	2	2	4	0	0	0	0	0	1	0	2	1	0	4	2	7	0	2	2	4	0	2	1	1	1	0	0	0	0	0	0	0	0	0	0	0	0	0	0	0	0	0	2	1	0	0	1	0	0	2	2	4	0	1	0	1	0	0	1	0	1	0	0	2	1	0	2	0	1	0	0	1	0
L4	ERR12117990	80	6	0	0	0	0	0	0	0	0	0	0	0	1	0	0	0	0	0	0	0	0	0	0	1	1	0	0	0	0	0	0	0	0	0	0	0	0	0	1	0	0	0	0	2	0	0	0	0	0	0	0	0	0	0	0	0	0	0	0	0	0	0	0	0	0	0	0	0	0	0	0	0	0	0	0	0	0	0	0	0	0	0	0	0	0	0	0	0	0	0	0	0	0	0	0	0	0	0
L4	ERR553043	80	145	0	0	1	2	0	3	0	5	1	2	1	0	2	2	0	2	0	0	0	1	1	0	3	3	1	3	6	3	0	0	2	2	1	4	4	4	2	1	4	17	2	5	5	8	3	1	2	3	2	0	0	0	0	0	0	0	1	0	0	0	0	0	0	0	0	2	0	3	0	1	0	2	1	0	4	4	0	0	0	1	0	0	1	1	0	0	2	5	0	1	1	0	0	0	0	0	1
L4	SRR28706499	80	41	0	0	0	1	0	0	3	0	0	1	0	1	1	0	0	0	0	0	0	0	0	0	1	2	0	0	0	1	0	0	1	2	0	3	1	0	0	2	1	3	1	3	0	1	0	1	1	1	1	0	0	0	0	0	1	0	0	0	0	0	0	0	0	0	0	0	1	0	0	0	0	0	0	2	0	1	0	0	0	2	0	0	0	0	0	0	0	0	0	0	0	1	0	0	0	0	0
L4	ERR2510387	80	113	0	0	0	0	0	2	1	1	1	0	3	1	1	0	0	0	0	0	4	1	0	1	0	0	2	3	2	1	4	0	0	0	0	0	4	3	2	2	1	7	2	6	6	12	1	1	3	3	2	0	0	0	0	0	0	0	1	0	0	1	0	0	0	0	1	0	3	4	1	0	3	4	1	0	2	0	2	0	0	0	0	0	1	0	0	0	0	4	1	0	0	1	0	0	0	0	0
L4	ERR8975879	80	97	0	0	1	0	1	0	0	1	0	2	1	2	3	0	0	1	0	0	0	3	0	2	2	0	1	1	1	2	0	0	1	2	1	0	3	1	1	1	6	8	2	4	4	5	2	5	1	3	1	0	0	0	0	0	0	0	0	0	0	0	0	0	0	0	0	0	1	1	0	0	0	0	0	1	2	4	1	0	1	1	0	0	0	0	0	1	3	1	2	1	1	1	0	0	0	0	0
L4	ERR9786560	80	43	0	0	1	0	1	2	0	2	0	1	0	0	0	0	0	0	0	0	0	0	0	0	2	1	0	0	1	0	0	0	2	1	0	0	2	0	1	0	1	1	1	0	4	3	2	1	0	2	0	0	0	0	0	0	0	0	0	0	0	0	0	0	0	0	0	2	0	0	1	0	1	0	0	0	2	1	0	0	0	0	0	0	1	0	0	0	1	1	0	0	0	1	0	0	0	0	0
L4	SRR13583322	80	91	0	0	1	4	1	0	1	3	2	1	0	3	1	0	0	1	1	1	1	1	0	2	2	0	0	0	1	0	1	0	0	2	0	2	4	1	1	4	1	5	1	2	8	3	3	0	0	1	0	0	0	0	1	0	0	0	0	0	0	0	0	0	0	0	0	0	0	3	0	0	0	2	0	1	1	6	0	0	0	4	1	0	1	0	0	0	1	0	2	0	0	1	1	0	0	0	0
L4	SRR33644377	80	156	1	1	1	0	0	1	1	3	0	0	1	3	0	0	0	0	0	0	1	3	0	2	2	5	1	0	0	2	1	0	1	1	0	2	6	6	2	2	5	17	6	4	8	17	3	6	6	7	2	0	1	0	0	0	0	0	0	0	0	0	1	0	0	0	0	0	2	3	1	0	0	1	0	3	2	2	0	1	0	0	0	1	0	0	0	0	1	3	1	0	1	2	0	0	1	0	0
L4	SRR28393481	80	180	0	1	2	3	0	1	1	2	0	2	0	6	3	0	1	0	0	0	2	1	1	2	0	1	2	2	1	1	4	1	2	2	0	4	7	6	4	5	3	11	3	1	12	9	6	5	4	7	0	0	0	0	1	0	0	1	0	1	0	1	0	0	0	0	0	0	1	0	0	0	2	4	0	2	3	9	2	0	1	1	1	0	1	0	1	1	3	3	2	0	2	2	1	0	0	3	0
L4	SRR13583427	80	102	0	1	1	1	0	0	0	5	1	0	1	0	0	0	0	0	0	0	1	0	0	0	3	3	2	0	2	0	1	1	0	0	1	1	6	3	0	3	2	8	0	2	10	7	1	1	3	3	1	0	0	0	1	0	1	1	0	1	0	0	1	0	0	0	0	1	2	1	1	0	1	1	1	1	1	3	0	1	0	0	0	0	0	0	0	0	1	2	2	0	1	0	1	0	1	0	0
L4	ERR978728	80	95	0	1	0	1	0	1	0	2	0	1	1	4	1	0	1	2	1	0	1	0	0	2	2	1	1	0	1	0	0	0	0	0	1	3	4	2	0	2	4	2	2	1	10	8	4	0	2	2	1	0	0	0	0	0	0	0	0	0	1	0	0	1	0	0	0	0	3	2	1	0	0	1	0	0	1	0	1	1	2	1	0	1	0	0	0	1	1	1	1	0	1	0	0	0	1	0	1
L4	ERR4818603	80	119	0	0	0	3	0	1	1	3	1	3	0	4	0	0	0	1	1	0	2	0	0	3	1	4	2	0	1	0	1	1	1	0	1	1	4	5	0	5	5	8	0	4	4	5	4	4	2	6	0	0	0	0	0	0	0	1	0	0	0	0	0	0	0	0	0	0	3	2	0	0	1	0	0	2	2	5	0	1	1	2	0	0	1	0	0	1	0	2	0	0	2	0	1	0	0	0	0
L4	ERR10969242	80	106	0	0	1	0	0	0	0	1	0	6	1	0	1	0	1	1	1	0	1	1	0	2	2	0	2	0	2	1	0	0	0	2	0	1	5	3	3	4	4	12	2	3	6	1	0	3	0	2	1	0	0	0	0	0	0	0	0	0	0	0	0	0	0	0	0	0	6	1	0	0	1	1	0	0	4	2	2	1	1	0	1	0	0	0	0	0	2	1	0	0	3	3	1	0	0	0	0
L4	ERR3287727	80	3	0	0	0	0	0	0	0	0	0	0	0	0	0	0	0	0	0	0	0	0	0	0	0	0	0	0	0	0	0	0	0	0	0	0	0	0	0	0	0	0	0	0	0	1	0	0	0	0	0	0	0	0	0	0	0	0	0	0	0	0	0	0	0	0	0	0	0	0	0	0	0	0	0	0	0	1	0	0	0	0	0	0	0	0	0	0	0	0	1	0	0	0	0	0	0	0	0
L4	ERR551850	80	0	0	0	0	0	0	0	0	0	0	0	0	0	0	0	0	0	0	0	0	0	0	0	0	0	0	0	0	0	0	0	0	0	0	0	0	0	0	0	0	0	0	0	0	0	0	0	0	0	0	0	0	0	0	0	0	0	0	0	0	0	0	0	0	0	0	0	0	0	0	0	0	0	0	0	0	0	0	0	0	0	0	0	0	0	0	0	0	0	0	0	0	0	0	0	0	0	0
L4	SRR14519965	80	130	0	0	0	3	0	1	1	5	1	2	2	2	1	0	1	0	0	1	1	0	0	0	0	3	0	0	2	1	0	0	1	1	1	1	4	1	1	6	5	4	6	3	8	9	9	2	3	3	1	0	0	0	0	0	0	0	1	0	0	0	0	0	1	0	0	1	0	2	1	0	3	2	0	2	3	3	1	0	1	0	0	0	0	0	0	4	1	3	2	0	2	1	0	0	0	0	0
L4	SRR25515885	80	168	0	0	2	3	0	3	3	1	0	0	0	3	2	0	0	1	0	1	2	2	3	2	3	3	1	3	2	2	1	0	3	3	0	4	8	5	3	6	5	8	2	4	9	17	3	2	3	6	2	0	1	0	0	0	0	1	1	0	0	0	1	0	0	0	0	0	1	1	1	0	2	1	3	1	0	5	1	0	1	3	0	0	1	1	0	0	0	1	0	0	3	0	1	0	0	1	0
L4	ERR6359013	80	8	0	0	0	1	0	0	0	0	0	0	0	0	0	0	0	0	0	0	0	0	0	0	0	0	0	0	1	0	0	0	0	0	0	0	0	1	1	0	0	0	0	0	1	0	0	0	0	1	0	0	0	0	0	0	0	0	0	0	0	0	0	0	0	0	0	0	0	0	0	0	0	0	0	0	0	0	0	0	1	0	0	0	0	0	0	0	0	0	0	0	0	1	0	0	0	0	0
L4	ERR552512	80	121	0	0	3	0	0	0	2	1	1	0	1	1	1	0	0	0	1	0	1	0	1	0	2	0	1	2	4	1	0	1	0	0	1	0	3	5	1	6	4	11	2	3	7	10	4	5	0	1	1	0	0	0	0	0	1	0	0	0	0	0	0	0	0	0	0	0	4	2	0	0	0	2	0	0	5	8	1	0	0	3	0	0	0	0	1	0	1	1	2	0	0	0	1	0	0	1	0
L4	SRR21710931	80	214	0	2	2	1	0	2	1	2	1	1	2	6	1	2	0	5	0	1	0	1	0	2	2	2	2	2	7	2	3	0	2	1	2	6	4	7	3	6	5	19	4	5	10	10	4	2	3	10	3	0	2	0	0	0	1	1	0	1	1	0	0	0	0	0	0	0	2	3	1	0	2	2	0	1	4	3	3	1	0	1	1	0	1	0	0	2	4	3	1	0	5	3	3	0	2	2	0
L4	SRR25340794	80	65	0	0	1	1	0	0	1	0	0	0	2	1	1	0	0	0	0	0	0	1	0	2	0	1	1	0	2	1	0	0	0	1	0	0	1	3	2	2	4	2	1	1	6	2	2	1	3	2	0	0	0	0	0	0	1	1	0	0	0	0	0	0	0	0	0	0	0	3	0	0	1	0	0	1	4	2	0	0	0	0	0	0	0	2	0	2	0	0	0	0	0	0	0	0	0	0	0
L4	ERR4815393	80	1	0	0	0	0	0	0	0	0	0	0	0	0	0	0	0	0	0	0	0	0	0	0	0	0	0	0	0	0	0	0	0	0	0	0	0	0	0	0	0	1	0	0	0	0	0	0	0	0	0	0	0	0	0	0	0	0	0	0	0	0	0	0	0	0	0	0	0	0	0	0	0	0	0	0	0	0	0	0	0	0	0	0	0	0	0	0	0	0	0	0	0	0	0	0	0	0	0
L4	ERR4811904	80	52	0	0	0	1	0	0	0	1	0	1	0	0	0	0	0	1	0	1	1	0	0	1	1	0	0	0	0	1	2	1	0	0	0	0	2	1	0	2	2	7	0	1	3	3	0	0	0	4	1	0	0	0	0	0	0	0	0	0	0	0	0	0	0	0	0	0	0	0	0	0	0	3	0	1	1	2	0	0	1	0	0	0	0	0	0	0	1	1	1	0	1	0	2	0	0	0	0
L4	ERR4195384	80	97	0	0	2	0	0	1	0	1	1	1	2	2	0	2	1	0	0	0	1	0	0	4	0	3	1	0	3	3	1	1	0	0	0	1	0	1	0	4	0	4	3	5	5	6	2	0	0	6	0	0	1	0	0	0	0	0	0	0	0	0	0	0	0	1	0	1	2	2	0	0	0	2	0	1	6	1	3	0	0	1	0	0	0	0	0	0	0	0	2	0	2	2	0	0	3	0	0
L4	ERR2145500	80	131	0	0	1	1	0	0	1	5	0	0	2	1	0	1	1	0	0	1	3	3	1	1	0	4	0	0	2	1	2	1	0	0	0	3	1	10	1	5	4	12	1	0	7	9	7	4	3	3	3	0	0	0	0	0	0	0	0	0	0	0	0	0	0	0	0	0	2	3	0	0	1	2	1	1	4	0	1	1	0	2	1	0	0	0	0	1	2	0	0	0	2	1	1	0	0	0	0
L4	ERR9901066	80	78	0	0	1	0	0	0	2	0	0	2	2	2	0	0	0	0	0	0	2	0	1	1	0	1	1	1	0	1	0	0	0	1	0	1	3	3	1	3	0	7	1	4	1	7	0	2	2	2	0	0	0	0	0	0	0	0	0	0	0	0	0	0	1	0	0	0	1	2	0	0	0	0	0	1	1	5	0	0	1	0	0	0	1	1	0	1	1	2	1	0	0	3	1	0	0	0	0
L4	SRR14782129	80	10	0	0	0	0	0	0	1	0	0	0	0	0	0	0	0	0	0	1	0	0	0	0	0	0	0	0	0	0	0	0	0	0	0	0	1	0	0	0	0	3	0	0	1	1	0	0	0	0	0	0	0	0	0	0	0	0	0	0	0	0	0	0	0	0	0	0	0	0	0	0	0	0	0	0	0	1	0	0	0	0	0	0	0	0	0	0	0	1	0	0	0	0	0	0	0	0	0
L4	ERR1035258	80	50	0	1	0	0	0	0	0	1	0	0	0	1	0	0	1	0	0	0	2	0	0	1	0	0	1	1	1	2	0	0	1	0	0	1	1	1	0	4	2	1	0	2	3	6	2	2	0	0	1	0	0	0	0	0	0	1	0	0	0	0	0	0	0	0	0	0	1	0	0	0	0	1	0	0	0	2	0	0	1	0	0	1	0	0	0	0	0	1	0	0	3	0	0	0	0	0	0
L4	ERR6865367	80	14	0	0	0	0	0	0	0	0	0	1	0	0	0	0	0	1	0	0	2	0	0	0	0	1	0	0	0	0	0	0	1	0	0	0	0	0	0	1	0	0	0	0	3	0	0	0	0	0	0	0	0	0	0	0	0	0	0	0	0	0	0	0	0	0	0	0	0	1	0	0	0	0	0	0	0	1	0	0	0	0	0	0	0	0	0	0	0	0	0	0	0	2	0	0	0	0	0
L4	SRR28239730	80	138	0	0	2	4	0	2	1	0	0	3	2	2	1	1	0	0	0	1	2	1	1	0	1	1	2	1	3	1	0	0	0	1	0	2	3	6	0	6	3	9	2	3	7	6	2	2	3	6	1	1	0	1	0	0	1	2	0	0	0	0	0	0	1	0	0	1	1	0	1	0	1	1	2	2	3	3	2	1	1	2	1	0	0	0	0	0	1	4	1	0	3	3	1	0	3	0	0
L4	SRR21726734	80	123	0	0	1	3	1	0	0	2	0	0	0	0	0	0	1	0	1	1	3	0	0	3	1	2	1	2	1	0	0	0	2	0	1	3	1	3	1	2	4	18	5	2	3	4	4	2	3	1	1	0	0	0	0	0	0	0	0	0	0	0	0	0	1	0	0	0	3	5	1	1	2	0	1	2	6	5	0	0	0	2	1	0	1	0	0	1	1	3	0	0	2	1	0	0	1	0	0
L4	SRR14164973	80	11	0	0	0	0	0	0	0	0	0	0	1	1	0	1	0	0	0	0	0	0	0	0	0	0	0	0	1	0	0	0	0	0	0	0	0	0	0	2	0	0	0	0	1	1	0	0	1	0	0	0	0	0	0	0	0	1	0	0	0	0	0	0	0	0	0	0	0	0	0	0	0	0	0	1	0	0	0	0	0	0	0	0	0	0	0	0	0	0	0	0	0	0	0	0	0	0	0
L4	ERR067737	80	45	0	1	1	0	0	0	1	1	0	1	0	0	1	0	1	0	0	0	0	0	0	0	2	0	0	1	2	1	1	1	0	0	0	1	2	1	1	1	0	3	0	1	5	0	2	0	0	1	0	1	0	0	0	0	0	1	0	0	0	0	0	0	0	0	0	0	0	1	0	0	0	0	0	0	1	1	0	0	1	1	1	0	0	0	0	0	0	4	0	0	0	0	0	0	0	0	0
L4	ERR11465070	80	57	0	0	0	0	0	0	0	2	1	0	1	0	1	0	0	0	0	0	2	0	0	1	0	1	0	0	1	0	2	0	0	1	0	1	1	2	0	1	1	3	3	0	2	12	2	2	0	2	0	0	0	0	0	0	0	0	0	0	0	0	0	0	0	0	0	0	0	2	0	0	0	1	1	0	1	0	1	0	0	1	0	0	0	0	0	0	1	1	1	0	0	1	0	0	0	0	1
L4	ERR772265	80	89	0	0	2	1	0	0	1	1	0	0	2	1	0	0	0	0	1	0	1	0	0	1	4	3	1	0	1	4	0	0	1	1	1	1	3	1	1	1	3	7	0	2	7	8	2	0	0	3	0	0	1	0	0	0	0	0	1	1	0	0	0	0	0	0	1	0	1	5	0	1	0	0	0	0	1	0	0	0	0	0	0	0	0	0	1	0	2	3	1	0	2	0	1	0	0	1	0
L4	ERR025438	80	193	0	0	2	0	0	1	4	5	1	1	1	3	1	0	2	3	0	0	3	2	1	1	2	2	0	0	6	3	1	0	1	5	1	3	7	6	2	4	7	16	4	2	4	12	4	2	2	5	5	0	0	0	1	0	0	1	0	0	0	1	0	0	0	0	0	1	3	2	1	0	2	3	2	2	1	4	4	0	1	0	0	0	0	2	0	1	2	6	6	0	4	2	1	0	1	2	0
L4	ERR4812621	80	7	0	0	0	0	0	0	0	0	0	0	0	0	0	0	0	0	0	0	0	0	0	0	1	0	0	0	0	0	0	0	0	0	1	0	0	0	1	0	0	0	0	0	0	1	0	0	0	0	0	0	0	0	0	0	0	0	0	0	0	0	0	0	0	0	0	0	1	0	0	0	0	0	0	1	0	0	0	0	0	0	0	0	1	0	0	0	0	0	0	0	0	0	0	0	0	0	0
L4	SRR23862158	80	159	0	0	3	0	1	1	2	4	1	2	0	3	1	1	0	2	1	0	3	0	0	2	1	0	0	1	6	0	0	0	1	3	1	0	5	11	2	5	6	13	1	2	7	11	5	3	1	4	1	0	0	0	0	0	0	1	0	0	0	0	0	0	1	0	0	0	4	5	0	0	0	3	1	2	4	3	1	0	0	2	0	0	1	0	0	0	2	1	3	1	2	0	3	1	0	1	0
L4	SRR27450030	80	84	0	0	1	0	1	0	0	1	0	1	0	0	0	0	2	0	0	0	1	1	0	0	0	1	2	2	1	0	0	0	0	0	0	3	1	5	0	1	1	5	2	3	2	6	4	0	4	2	3	0	0	0	0	0	0	0	0	0	0	0	0	0	0	2	0	0	0	1	1	0	1	1	0	0	3	4	0	0	0	0	0	0	1	1	0	0	1	2	2	0	3	3	1	0	1	0	0
L4	ERR552171	80	56	0	2	1	0	0	0	0	1	0	0	1	0	0	1	0	0	0	0	0	1	0	1	0	1	0	1	1	1	0	1	0	1	0	0	1	1	0	2	2	5	1	2	3	1	1	0	1	1	0	0	0	0	0	0	0	0	0	0	0	0	0	0	0	0	0	0	1	1	0	0	2	1	0	0	4	2	0	0	1	1	0	0	1	0	0	0	2	0	1	1	1	0	0	0	1	0	1
L4	SRR21240038	80	38	0	0	1	1	0	0	1	1	1	0	0	1	0	0	1	0	0	0	0	0	0	0	0	0	0	0	1	0	0	0	0	1	0	0	0	1	0	5	0	5	0	2	4	2	2	0	0	0	0	0	0	0	0	0	0	0	0	0	0	0	0	0	0	0	0	0	1	1	0	0	0	1	0	0	0	1	0	0	0	0	0	0	0	0	0	0	2	0	0	0	1	0	1	0	0	0	0
L4	ERR4813524	80	168	0	0	6	2	0	0	1	0	0	0	1	3	1	1	1	3	0	1	3	0	0	1	0	3	0	2	1	1	0	2	2	0	0	0	7	4	1	9	10	9	2	6	6	9	3	5	2	6	1	0	0	0	0	0	0	0	0	0	0	0	0	0	0	0	1	0	2	2	1	1	2	0	1	2	4	8	2	0	1	3	0	0	0	0	0	0	4	3	0	0	1	4	5	1	4	1	0
L4	ERR4813605	80	0	0	0	0	0	0	0	0	0	0	0	0	0	0	0	0	0	0	0	0	0	0	0	0	0	0	0	0	0	0	0	0	0	0	0	0	0	0	0	0	0	0	0	0	0	0	0	0	0	0	0	0	0	0	0	0	0	0	0	0	0	0	0	0	0	0	0	0	0	0	0	0	0	0	0	0	0	0	0	0	0	0	0	0	0	0	0	0	0	0	0	0	0	0	0	0	0	0
L4	SRR8692772	80	19	0	0	0	0	0	0	0	0	0	0	0	0	0	0	0	0	0	0	0	0	0	0	1	1	0	1	0	0	0	0	0	0	0	0	0	1	1	0	1	2	0	1	3	1	0	0	0	2	0	0	0	0	0	0	0	0	0	0	0	0	0	0	0	0	0	0	1	1	0	0	1	0	0	0	0	0	0	0	1	0	0	0	0	0	0	0	0	0	0	0	0	0	0	0	0	0	0
L4	SRR33638274	80	106	0	0	4	1	0	4	1	1	1	1	0	0	0	0	1	1	0	0	1	2	0	1	0	3	1	0	0	0	0	2	1	0	2	1	4	5	1	2	4	5	1	4	9	3	1	3	3	8	2	0	1	0	0	0	0	0	0	0	0	0	0	1	1	0	0	0	1	1	0	0	0	2	0	1	3	6	0	0	0	0	0	0	0	0	0	0	1	1	1	0	0	1	0	0	1	0	0
L4	ERR4815697	80	82	0	0	1	0	0	0	0	1	0	0	1	2	0	0	1	0	0	0	0	2	0	3	0	1	0	2	0	2	0	0	0	1	0	1	2	4	0	3	2	8	4	4	7	5	1	2	2	0	2	0	0	0	0	0	0	0	0	0	0	0	0	0	0	0	0	0	0	3	0	0	1	0	1	0	4	2	0	0	1	1	0	0	0	0	0	1	2	0	0	0	1	0	0	0	0	1	0
L4	ERR4813028	80	9	0	0	0	0	0	0	0	0	0	0	0	0	0	0	0	0	0	0	1	0	0	0	0	0	0	0	0	0	0	1	0	0	0	1	1	0	0	0	1	0	0	0	0	0	0	0	0	1	0	0	0	0	0	0	1	0	0	0	0	0	0	0	0	0	0	0	0	1	0	1	0	0	0	0	0	0	0	0	0	0	0	0	0	0	0	0	0	0	0	0	0	0	0	0	0	0	0
L4	ERR10969117	80	34	0	0	0	0	0	0	0	1	1	0	0	1	0	0	0	0	0	0	0	0	1	1	0	1	0	2	1	0	0	0	0	1	0	1	0	0	0	1	1	3	0	0	2	2	0	1	0	1	1	0	0	0	0	0	0	0	0	0	0	0	0	0	0	0	0	0	0	3	0	0	0	2	0	0	3	1	0	0	0	0	0	0	1	0	0	0	1	0	0	0	0	0	0	0	0	0	0
L4	ERR4798144	80	203	0	0	2	2	0	1	0	7	0	1	1	4	2	0	0	1	1	1	0	0	2	6	2	0	3	1	4	2	0	1	1	2	1	5	7	14	4	9	2	17	7	5	12	7	8	1	5	10	2	0	0	0	0	0	0	1	0	0	1	1	0	0	0	0	0	1	3	1	1	1	1	0	0	1	1	5	1	0	1	1	0	0	1	0	1	2	4	2	2	0	3	3	0	0	1	0	0
L4	ERR551504	80	110	0	0	0	3	0	1	0	1	0	1	2	0	0	0	0	0	0	0	2	0	0	1	0	4	0	0	2	2	1	1	1	1	1	2	5	6	3	3	2	8	0	2	6	9	4	1	4	2	1	0	0	1	0	1	0	0	0	0	0	1	0	0	1	0	0	1	3	1	0	0	0	2	0	1	2	5	1	0	3	1	0	0	0	0	0	0	0	1	1	0	0	1	0	0	0	1	0
L4	ERR2199889	80	90	0	0	0	1	0	0	2	1	0	0	0	4	0	1	0	0	0	0	1	1	0	0	1	3	1	2	1	1	0	1	0	0	1	6	3	1	1	5	4	12	1	2	1	6	3	1	0	2	1	0	0	0	0	0	0	0	0	0	0	0	0	0	0	1	0	0	2	1	0	0	0	1	1	0	6	3	0	0	0	0	0	0	1	0	0	0	1	1	0	0	1	0	0	0	0	0	0
L5	ERR4192387	80	8	0	0	0	0	1	0	0	0	0	0	0	0	0	0	0	0	1	0	0	0	0	0	1	0	0	0	0	0	0	0	0	0	0	0	0	0	0	0	1	0	0	0	0	1	0	0	0	0	0	0	0	0	0	0	1	0	0	0	0	0	0	0	0	0	0	0	0	0	0	0	0	1	0	0	1	0	0	0	0	0	0	0	0	0	0	0	0	0	0	0	0	0	0	0	0	0	0
L5	ERR552506	80	45	0	0	0	1	0	0	0	3	0	0	0	1	0	1	0	3	0	0	0	0	0	0	0	1	0	0	0	0	2	0	1	1	0	2	1	3	0	2	3	3	0	1	3	3	1	1	0	2	0	0	0	0	0	0	0	0	0	0	0	0	0	0	0	0	0	0	1	0	0	0	0	0	0	0	0	2	0	0	0	2	0	0	0	0	0	0	0	0	0	0	0	0	0	0	1	0	0
L5	SRR34011822	80	162	0	1	6	2	1	1	5	5	2	3	4	3	1	1	1	2	2	0	1	0	0	0	3	1	1	1	3	1	0	1	0	0	0	2	5	9	0	4	3	9	4	3	9	8	6	8	1	9	0	0	0	0	0	0	0	0	0	0	0	0	0	0	0	0	0	0	2	6	0	0	1	3	0	2	0	5	1	0	0	1	0	0	0	0	0	0	1	2	3	0	0	1	0	0	1	1	0
L5	ERR4162001	80	195	0	1	0	1	0	2	0	3	0	3	5	3	2	2	1	1	1	1	0	0	0	2	2	4	3	0	4	0	0	0	0	0	1	4	2	10	0	10	2	14	7	7	13	15	9	2	6	9	0	0	0	0	0	0	0	0	0	0	0	0	0	0	0	0	0	1	1	5	1	0	2	1	0	2	5	2	2	0	1	3	0	0	1	1	0	0	3	2	1	2	4	0	1	0	0	1	1
L5	ERR2383619	80	60	0	1	0	0	0	2	1	0	0	1	3	3	0	0	0	0	0	0	0	0	0	0	0	0	0	0	1	0	0	0	1	2	0	1	1	1	0	2	0	4	0	4	3	3	3	2	0	1	1	0	0	0	0	0	0	0	0	0	0	0	0	0	0	1	0	1	0	2	0	0	0	2	1	0	0	1	1	1	0	1	0	0	1	0	0	1	1	1	2	0	1	0	0	0	1	0	0
L5	SRR29231703	80	0	0	0	0	0	0	0	0	0	0	0	0	0	0	0	0	0	0	0	0	0	0	0	0	0	0	0	0	0	0	0	0	0	0	0	0	0	0	0	0	0	0	0	0	0	0	0	0	0	0	0	0	0	0	0	0	0	0	0	0	0	0	0	0	0	0	0	0	0	0	0	0	0	0	0	0	0	0	0	0	0	0	0	0	0	0	0	0	0	0	0	0	0	0	0	0	0	0
L5	ERR751338	80	51	0	0	0	1	0	0	1	1	0	0	1	0	0	0	0	1	0	0	0	1	0	0	0	0	0	1	1	0	1	1	0	0	0	1	2	2	2	3	1	6	0	2	1	1	2	0	0	0	0	0	0	0	0	0	0	1	0	0	0	0	0	0	0	0	0	1	0	2	0	0	0	3	1	1	1	2	0	0	0	0	0	0	0	0	0	0	2	2	0	0	1	0	0	0	0	1	0
L5	ERR4162007	80	113	0	0	0	4	0	0	0	1	1	3	2	2	0	1	1	2	0	0	1	0	0	0	1	5	1	1	1	1	0	1	0	2	1	5	3	4	1	4	4	8	2	5	1	6	2	1	4	2	1	0	0	0	0	0	0	4	0	0	0	0	1	0	0	1	0	1	3	2	0	0	2	3	0	0	1	0	1	1	0	1	0	0	0	0	1	0	3	0	0	0	2	0	1	0	0	0	0
L5	ERR028323	80	81	0	0	1	2	0	0	0	2	0	1	0	3	2	1	1	0	0	2	0	0	0	0	2	3	0	0	1	0	1	1	3	0	0	3	2	3	0	1	4	4	1	2	4	6	3	1	0	3	0	0	0	0	0	0	0	0	0	0	0	0	0	0	0	0	0	0	1	1	0	0	2	1	1	2	0	2	1	0	0	2	1	0	0	0	0	0	0	0	1	1	1	0	0	0	1	0	0
L5	ERR702411	80	62	1	0	1	0	0	0	0	0	0	2	2	0	0	0	0	1	0	0	0	1	1	0	0	0	2	0	2	1	0	0	1	1	0	1	1	3	2	2	4	7	1	1	3	3	1	2	3	3	0	0	0	0	0	0	0	0	0	0	0	0	0	0	0	0	0	1	0	1	0	0	0	0	0	1	2	2	1	0	0	1	0	0	0	0	0	0	0	0	1	0	0	0	0	0	0	0	0
L5	ERR9119643	80	65	0	0	0	2	0	1	0	2	0	1	2	1	0	2	0	0	0	0	1	0	0	0	0	1	0	0	1	2	0	0	0	0	0	2	2	3	0	1	5	6	1	0	2	3	0	1	2	3	1	0	0	0	0	0	0	0	0	0	0	0	0	0	0	0	0	0	0	1	0	0	0	2	0	0	3	1	0	0	1	0	0	0	1	0	0	0	1	2	1	0	1	1	1	0	0	1	0
L5	ERR4815616	80	58	0	0	1	0	0	1	0	1	0	0	0	1	0	1	0	1	0	0	0	0	0	0	0	3	0	0	2	2	0	1	2	1	0	2	1	5	2	2	2	6	1	2	2	3	3	0	0	2	0	0	1	0	0	0	0	0	0	0	0	1	0	0	0	0	0	0	0	1	1	0	0	0	1	1	0	0	0	0	0	0	0	0	0	0	0	0	2	0	0	0	0	0	0	0	0	0	0
L5	ERR751328	80	58	0	0	0	0	0	0	0	0	0	2	0	0	0	1	0	0	0	0	1	0	2	0	0	0	0	0	1	1	0	0	0	2	0	1	2	4	0	8	2	3	0	3	2	1	0	2	1	3	1	0	0	0	0	0	0	0	0	0	0	0	0	0	0	0	0	1	0	1	0	1	0	1	0	1	3	2	0	0	0	0	0	0	0	0	1	0	1	1	0	0	1	1	0	0	0	0	0
L5	ERR2706914	80	0	0	0	0	0	0	0	0	0	0	0	0	0	0	0	0	0	0	0	0	0	0	0	0	0	0	0	0	0	0	0	0	0	0	0	0	0	0	0	0	0	0	0	0	0	0	0	0	0	0	0	0	0	0	0	0	0	0	0	0	0	0	0	0	0	0	0	0	0	0	0	0	0	0	0	0	0	0	0	0	0	0	0	0	0	0	0	0	0	0	0	0	0	0	0	0	0	0
L5	ERR3170434	80	86	0	0	0	0	0	0	1	1	0	1	1	1	0	0	0	1	0	0	1	0	0	0	1	0	0	3	2	2	1	0	1	0	1	4	4	1	0	1	1	5	3	2	6	12	5	0	2	7	0	0	1	0	0	0	0	0	0	0	0	0	0	0	1	0	0	0	1	1	1	0	0	0	0	0	2	3	0	0	1	0	0	0	0	2	0	0	0	0	1	0	0	0	0	0	0	1	0
L5	SRR33685242	80	74	0	0	0	2	0	0	0	1	0	1	1	1	0	0	0	2	0	1	0	0	0	0	0	1	0	0	1	2	1	0	1	0	1	3	1	3	1	7	5	4	0	1	7	3	2	1	2	1	2	0	0	0	0	0	0	1	0	0	0	0	0	0	0	0	0	1	0	1	1	0	0	1	0	0	0	0	1	0	2	2	0	0	0	0	0	0	1	0	0	0	1	0	2	0	0	1	0
L5	ERR9119542	80	4	0	0	0	0	0	0	0	1	0	0	0	0	0	0	1	0	0	0	0	0	0	0	0	1	0	0	0	0	0	0	0	0	0	0	0	0	0	0	0	0	0	0	0	0	0	0	0	0	0	0	0	0	0	0	0	0	0	0	0	0	0	0	0	0	0	0	1	0	0	0	0	0	0	0	0	0	0	0	0	0	0	0	0	0	0	0	0	0	0	0	0	0	0	0	0	0	0
L5	ERR4872094	80	71	0	1	1	0	0	0	0	0	1	0	0	2	0	0	0	0	0	0	2	0	0	7	0	4	1	0	5	2	0	1	0	2	0	1	1	0	2	0	0	1	1	0	1	0	2	0	4	2	0	0	0	0	0	0	0	1	0	0	0	0	0	1	0	0	0	2	4	4	2	0	2	1	0	0	0	1	0	0	1	0	2	0	1	0	0	1	2	1	0	0	0	0	0	0	0	1	0
L5	SRR11461656	80	46	0	0	2	0	0	1	0	2	0	1	0	1	0	2	0	0	0	0	0	0	0	0	0	1	0	1	1	0	0	1	1	0	0	2	2	3	0	3	1	6	2	0	1	1	1	1	0	1	0	0	0	0	0	0	0	0	0	0	0	0	0	0	0	0	0	0	1	0	0	0	0	1	1	0	0	0	0	0	0	1	0	0	1	0	0	0	1	1	0	0	0	1	0	0	0	0	0
L5	CUS0000023	80	119	0	1	1	0	1	0	1	1	0	3	1	4	2	1	0	2	0	0	0	3	2	2	0	1	0	0	4	1	1	0	0	3	1	3	4	5	1	5	2	8	6	3	3	5	1	6	0	4	3	0	1	0	0	0	0	1	0	0	1	0	0	0	1	0	0	0	1	1	0	0	0	3	0	0	2	1	0	1	0	2	0	0	0	1	0	0	2	1	1	0	0	1	0	1	0	2	0
L5	ERR1082131	80	90	0	0	0	1	0	0	1	3	0	3	1	1	0	0	1	0	0	1	1	0	0	1	1	2	2	0	2	3	0	1	0	0	0	2	4	2	0	2	4	8	1	3	7	4	2	3	1	5	0	0	0	0	1	0	0	0	0	0	0	0	0	0	0	0	0	0	4	0	0	0	1	1	0	0	0	2	2	0	0	0	1	0	0	0	0	1	0	0	0	0	1	0	2	0	1	0	0
L5	SRR33588857	80	61	0	0	0	1	0	0	0	0	0	0	0	0	0	0	0	0	0	0	1	1	0	0	1	0	1	0	0	0	0	1	0	1	0	2	4	3	1	2	3	3	2	1	5	2	2	0	1	2	1	0	0	0	0	0	0	0	0	0	0	1	0	0	0	0	0	0	1	1	0	1	0	2	0	1	3	0	1	1	0	0	0	0	0	0	0	1	2	2	0	0	2	0	1	0	0	0	0
L5	ERR551967	80	110	0	0	2	1	0	0	1	2	1	0	2	0	0	0	1	0	1	0	0	2	1	2	0	5	2	1	4	1	0	0	0	2	0	3	3	6	2	6	3	9	5	2	4	6	1	1	3	5	2	0	0	0	0	0	0	0	0	0	0	0	0	0	0	0	0	0	1	2	0	0	0	2	1	0	2	3	1	0	1	1	0	0	0	0	0	1	1	0	2	0	0	0	0	0	0	0	0
L5	SRR33938994	80	24	0	0	0	0	0	0	0	0	0	0	0	2	0	0	0	1	0	0	0	0	0	0	0	0	0	1	0	0	0	0	0	0	0	0	0	2	1	3	0	0	0	0	3	2	1	1	0	3	1	0	0	0	0	0	0	1	0	0	0	0	0	0	0	0	0	0	0	0	0	0	0	0	0	0	0	0	0	0	0	0	0	0	2	0	0	0	0	0	0	0	0	0	0	0	0	0	0
L5	ERR3170402	80	16	0	0	1	0	0	1	0	0	0	1	1	1	0	0	0	0	0	0	0	0	0	0	0	0	0	0	0	0	0	0	0	0	0	0	1	1	0	0	0	1	0	0	0	1	0	1	1	1	0	0	0	0	0	0	0	0	0	0	0	0	0	0	0	0	0	0	0	0	0	1	0	0	0	0	0	1	0	0	0	0	0	0	0	0	0	1	1	0	0	0	0	0	0	0	0	0	0
L5	ERR2706930	80	0	0	0	0	0	0	0	0	0	0	0	0	0	0	0	0	0	0	0	0	0	0	0	0	0	0	0	0	0	0	0	0	0	0	0	0	0	0	0	0	0	0	0	0	0	0	0	0	0	0	0	0	0	0	0	0	0	0	0	0	0	0	0	0	0	0	0	0	0	0	0	0	0	0	0	0	0	0	0	0	0	0	0	0	0	0	0	0	0	0	0	0	0	0	0	0	0	0
L5	SRR29126893	80	67	0	1	0	2	0	0	1	2	0	1	2	0	2	1	0	1	0	0	0	0	0	1	1	1	0	0	0	0	2	0	0	1	3	0	1	1	0	3	3	4	2	2	4	2	1	1	1	3	0	0	0	0	0	0	1	1	0	0	0	0	0	0	0	0	0	0	0	3	0	0	1	3	0	0	0	1	1	0	0	0	0	0	1	1	0	1	0	0	0	0	1	0	1	0	0	1	0
L5	ERR017801	80	63	0	1	1	0	0	0	0	0	0	0	0	0	0	0	1	1	1	0	1	1	0	0	3	1	1	0	2	1	1	1	0	1	0	0	2	1	0	2	0	7	0	0	6	5	3	1	0	2	1	0	0	0	0	0	0	0	0	0	0	0	0	0	0	0	0	0	2	0	0	0	1	0	0	0	2	3	1	0	2	0	1	0	0	0	0	0	0	0	0	0	1	1	0	0	0	1	0
L5	ERR4162027	80	23	0	0	0	0	0	0	1	1	0	0	1	0	1	0	0	0	0	0	0	0	0	0	0	0	1	0	0	0	0	0	0	0	0	1	1	1	1	0	0	3	0	2	1	2	1	2	0	1	0	0	0	0	0	0	0	0	0	0	0	0	0	0	0	0	0	0	0	0	0	0	0	0	0	0	0	0	0	0	0	0	0	0	0	0	0	0	0	0	0	0	2	0	0	0	0	0	0
L5	SRR27450486	80	25	0	0	0	0	0	0	0	0	0	0	0	0	0	0	0	0	0	0	0	0	0	0	0	1	0	1	0	0	0	0	0	1	0	1	0	3	0	0	0	2	1	1	2	1	0	1	0	2	1	0	0	0	0	0	0	0	0	0	0	0	0	0	0	0	0	1	0	1	0	0	0	0	0	0	0	3	0	0	0	1	0	0	0	0	0	0	0	1	0	0	0	0	0	0	0	0	0
L5	SRR33869012	80	117	0	1	1	0	0	0	0	1	0	0	1	4	0	0	0	0	0	0	0	1	0	1	2	2	2	0	2	0	1	0	0	2	0	2	3	5	4	3	5	8	2	2	5	11	4	5	4	12	0	0	0	0	0	0	0	1	0	0	0	0	0	0	0	0	0	0	1	2	2	0	0	2	0	1	2	2	1	0	1	1	0	0	1	0	0	0	1	0	2	0	0	0	1	0	0	0	0
L5	ERR10680152	80	165	0	0	1	2	0	1	4	4	1	0	3	5	2	0	2	2	0	0	0	1	0	2	1	3	0	0	0	2	2	0	0	2	1	6	3	5	1	8	9	6	5	5	4	18	3	3	1	11	0	0	0	0	1	0	0	0	0	0	1	0	0	0	0	0	0	0	5	5	1	0	2	0	1	2	3	4	1	1	1	1	0	0	0	1	0	0	0	1	0	0	3	1	0	0	0	1	0
L5	ERR1082132	80	43	0	0	1	0	0	0	0	1	1	0	0	0	0	0	0	1	0	0	0	0	0	1	0	0	0	1	0	0	0	0	0	0	0	2	0	4	0	4	2	5	1	2	1	2	1	1	0	0	0	0	0	0	0	0	0	0	0	0	0	0	0	0	0	0	0	0	3	2	0	0	0	0	0	1	1	0	0	0	1	0	0	0	0	0	0	2	0	0	1	0	0	0	0	0	1	0	0
L5	ERR400492	80	117	0	2	3	0	0	3	0	3	1	0	0	3	0	0	0	0	0	0	2	1	0	2	0	0	2	0	0	2	0	0	1	2	0	1	6	6	3	1	5	14	6	5	5	4	4	4	4	5	0	0	0	0	0	0	0	0	0	0	1	0	0	0	0	0	0	0	0	4	0	0	0	2	0	1	1	2	1	0	0	0	0	0	0	0	0	0	0	0	0	0	3	2	0	0	0	0	0
L5	ERR702428	80	14	0	0	0	0	0	0	0	0	0	1	0	0	0	0	0	1	0	0	0	0	0	0	0	0	0	0	2	0	0	0	0	0	0	0	0	0	0	1	0	1	0	1	1	0	1	0	0	1	0	0	0	0	0	0	0	0	0	0	0	0	0	0	0	0	0	0	0	0	0	0	1	0	0	0	1	0	0	0	0	0	1	0	0	0	0	0	0	0	0	0	0	0	1	0	0	0	0
L5	ERR4872171	80	1	0	0	0	0	0	0	0	0	0	0	0	0	0	0	0	0	0	0	0	0	0	0	0	0	0	0	0	0	0	0	0	0	0	0	0	0	0	0	0	0	1	0	0	0	0	0	0	0	0	0	0	0	0	0	0	0	0	0	0	0	0	0	0	0	0	0	0	0	0	0	0	0	0	0	0	0	0	0	0	0	0	0	0	0	0	0	0	0	0	0	0	0	0	0	0	0	0
L5	ERR502505	80	107	0	0	0	3	2	1	1	3	0	2	2	1	1	0	0	2	0	0	2	1	0	0	0	1	0	1	2	2	0	1	0	0	0	2	5	4	2	6	8	4	2	2	5	8	1	2	1	3	2	0	0	0	0	0	1	0	0	0	0	0	0	0	0	0	0	0	3	3	0	0	1	1	0	0	0	1	2	0	0	0	2	1	1	0	0	0	0	1	0	0	1	3	0	0	0	1	0
L5	ERR439965	80	79	0	1	0	2	1	0	1	3	0	0	0	0	0	0	0	0	0	0	1	0	1	1	2	0	0	1	1	0	0	0	0	0	0	2	1	3	1	2	4	9	2	4	3	4	3	0	3	0	3	0	0	0	0	0	1	0	1	0	0	0	0	0	0	0	0	1	0	1	0	0	0	1	0	0	2	2	2	0	0	1	0	0	0	0	0	0	2	4	0	0	0	0	0	0	0	1	1
L5	SRR22419690	80	8	0	0	0	0	0	0	0	2	0	0	0	1	0	0	1	0	0	0	0	0	0	1	0	0	0	0	1	0	0	0	0	0	0	0	0	0	0	0	0	1	0	0	1	0	0	0	0	0	0	0	0	0	0	0	0	0	0	0	0	0	0	0	0	0	0	0	0	0	0	0	0	0	0	0	0	0	0	0	0	0	0	0	0	0	0	0	0	0	0	0	0	0	0	0	0	0	0
L5	ERR502508	80	6	0	0	0	0	0	0	0	0	0	0	0	0	1	0	0	1	0	0	0	0	0	0	0	0	1	0	0	0	0	0	0	0	0	0	0	0	0	0	0	0	0	1	0	1	0	0	0	0	0	0	0	0	0	0	0	0	0	0	0	0	0	0	0	0	0	0	0	0	0	0	0	0	1	0	0	0	0	0	0	0	0	0	0	0	0	0	0	0	0	0	0	0	0	0	0	0	0
L5	SRR21677259	80	89	0	1	1	3	0	0	0	0	1	3	1	2	0	0	0	1	0	0	0	0	0	0	1	0	0	0	0	0	0	1	1	1	0	2	6	2	0	8	0	10	4	1	4	3	4	2	1	4	2	0	0	0	0	0	0	0	0	0	0	0	0	0	0	1	0	0	2	1	0	0	0	1	1	1	2	3	0	0	0	1	0	0	2	0	0	0	0	1	0	0	1	2	0	0	0	0	0
L5	ERR3170455	80	16	0	0	0	0	0	0	0	0	0	1	0	1	0	0	0	0	0	0	0	0	0	0	1	1	0	0	0	0	0	0	0	1	0	0	0	2	1	0	1	2	0	0	1	0	0	1	0	1	0	0	0	0	0	0	0	0	0	0	0	0	0	0	0	0	0	0	0	0	0	0	0	0	0	0	1	0	0	0	0	0	0	0	0	0	0	0	0	1	0	0	0	0	0	0	0	0	0
L5	SRR28170835	80	81	0	0	0	1	0	0	0	2	0	0	0	0	1	0	2	0	1	0	0	0	1	1	0	1	2	1	0	2	1	0	0	2	0	3	3	4	2	2	3	4	1	3	4	6	3	1	0	6	3	0	0	0	0	0	0	0	0	0	0	0	0	0	0	0	0	0	1	0	0	0	0	2	2	1	2	3	1	0	0	1	0	0	0	0	0	0	1	0	0	0	0	0	1	0	0	0	0
L5	CUS0000101	80	34	0	0	0	0	1	0	1	1	0	0	1	2	0	0	0	0	0	0	0	0	0	0	0	2	0	1	0	0	0	0	0	0	0	0	1	1	1	1	2	1	1	1	2	3	2	0	1	0	2	0	0	0	0	0	1	0	0	0	0	0	0	0	0	0	0	0	1	1	0	0	0	0	0	0	1	0	1	0	0	1	0	0	0	0	0	0	0	0	0	0	0	0	0	0	0	0	0
L5	ERR11081413	80	29	0	1	0	0	0	0	0	1	0	0	0	2	1	0	0	0	0	0	0	0	0	1	0	0	1	0	0	0	0	0	0	0	0	1	0	1	0	0	0	2	0	0	3	1	2	0	1	1	0	0	0	0	0	0	0	0	0	0	0	0	0	0	1	0	0	1	1	1	0	0	0	0	0	0	0	2	2	0	0	0	1	0	0	0	0	0	0	0	0	1	0	0	0	0	0	0	0
L5	ERR123947	80	88	0	0	2	3	0	0	1	0	1	1	1	1	0	0	0	0	0	0	2	1	0	0	0	1	0	0	2	0	0	1	1	0	0	3	4	2	2	3	4	6	3	1	5	5	0	1	2	3	1	0	0	0	0	0	0	2	0	0	1	0	0	0	0	0	0	0	6	0	0	0	2	1	2	0	1	3	1	0	0	1	0	0	1	0	0	1	1	0	0	0	1	1	0	0	0	0	0
L5	SRR11444083	80	54	0	1	0	1	0	0	0	1	0	0	0	1	0	0	0	0	0	0	1	0	1	1	1	0	0	0	0	0	0	0	1	2	1	2	0	0	0	1	0	10	1	1	1	0	1	2	1	3	3	0	0	0	0	0	0	0	0	0	1	0	0	0	0	0	0	0	3	0	1	0	0	2	0	0	1	1	0	0	0	1	0	0	0	1	0	0	2	1	0	0	0	0	0	0	2	0	0
L5	ERR1215474	80	121	0	2	1	2	1	1	0	2	1	3	4	4	1	1	1	0	1	0	0	0	0	2	2	3	1	0	1	0	0	0	1	0	0	4	4	7	2	5	4	8	1	5	3	13	3	2	1	4	1	0	1	0	0	0	0	0	0	0	0	0	0	0	0	0	0	0	1	0	1	0	0	4	2	0	2	4	0	0	0	0	0	0	0	0	0	0	0	1	1	0	1	1	0	0	0	0	0
L5	ERR4192379	80	82	0	1	1	1	0	0	1	3	0	1	0	1	0	0	0	1	1	0	0	1	0	1	0	1	0	3	2	0	1	1	0	0	0	0	4	4	0	5	2	3	5	1	5	3	4	2	0	5	0	0	0	0	0	0	0	0	0	0	0	0	0	0	0	0	0	0	0	1	0	0	2	2	0	1	2	3	1	1	0	2	0	0	0	0	0	0	1	1	0	0	0	1	0	0	0	0	0
L5	SRR30527358	80	13	0	0	0	0	0	0	0	0	1	0	0	0	0	0	0	0	0	0	0	0	0	0	1	0	0	0	0	0	0	0	1	0	0	0	0	1	0	0	0	2	1	1	1	0	0	0	0	0	1	0	0	0	0	0	0	0	0	0	0	0	0	0	0	0	0	0	0	0	0	0	0	1	0	0	1	0	0	0	0	0	0	0	0	0	0	0	1	0	0	0	0	0	0	0	0	0	0
L5	ERR230089	80	89	0	1	2	1	0	0	0	0	0	0	0	3	0	1	0	1	0	0	0	1	0	2	0	1	1	0	5	1	0	0	1	1	0	0	6	4	1	4	4	4	1	4	5	6	1	2	3	3	1	0	0	0	0	0	0	0	0	0	0	0	0	0	0	0	0	0	1	1	1	1	1	2	2	2	1	2	0	0	0	0	0	0	0	1	0	1	1	0	1	0	0	0	0	0	0	0	0
L5	ERR11043001	80	69	0	0	1	1	0	1	0	1	1	1	0	0	0	0	0	0	0	0	1	0	0	2	0	0	0	0	0	0	1	1	0	1	0	0	0	2	0	6	1	8	1	1	4	5	5	1	1	4	1	0	0	0	0	0	0	0	0	0	0	0	0	0	0	0	0	1	1	3	1	0	0	0	0	2	0	0	1	0	1	1	0	0	0	0	0	0	2	0	0	0	2	0	1	0	0	1	0
L5	ERR4162006	80	41	0	1	0	2	0	0	0	1	1	0	1	0	1	0	1	1	0	0	0	1	0	0	0	0	0	0	0	1	0	0	0	0	0	0	1	3	0	2	0	4	0	2	4	6	2	0	0	2	0	0	0	0	0	0	0	0	0	0	0	0	0	0	0	0	0	0	1	1	0	0	0	0	0	0	0	0	2	0	0	0	0	0	0	0	0	0	0	0	0	0	0	0	0	0	0	0	0
L5	SRR11461695	80	117	0	0	3	0	1	0	2	4	2	2	2	3	1	1	1	1	0	0	1	1	1	0	0	0	0	0	3	1	0	1	0	1	0	2	4	3	0	3	4	3	3	3	10	8	2	1	0	10	2	0	0	0	0	0	0	0	0	0	0	0	0	0	0	1	0	1	1	1	0	0	1	1	0	1	4	6	1	0	1	0	0	0	3	0	0	0	2	0	0	0	2	1	0	0	0	0	0
L5	ERR4192561	80	88	0	0	0	0	0	0	0	3	1	0	2	0	0	0	0	2	0	1	1	0	0	1	2	1	1	0	1	1	1	2	0	1	0	2	2	1	0	3	0	9	5	3	4	9	2	1	3	7	0	0	0	0	0	0	0	0	0	0	0	0	0	0	0	0	0	0	1	0	1	0	0	2	0	1	2	4	0	0	0	0	0	0	1	2	0	0	1	0	0	0	0	1	0	0	0	0	0
L5	ERR9119541	80	105	0	0	0	1	1	1	1	5	0	1	1	1	0	0	1	1	1	0	2	0	0	1	0	3	0	1	1	0	1	1	0	0	0	0	5	2	0	2	3	13	3	4	4	7	6	0	2	3	1	0	0	0	0	0	1	0	0	0	0	0	0	0	0	0	0	0	2	4	0	0	0	2	1	1	0	4	1	0	0	2	0	0	0	0	0	0	0	3	1	0	2	0	1	0	0	0	0
L5	ERR4195372	80	130	0	1	0	2	0	0	2	3	0	2	5	3	1	0	2	1	1	0	1	0	0	0	2	3	2	1	1	0	0	0	0	1	1	2	4	13	1	8	4	8	3	3	5	6	1	1	2	5	1	0	0	0	1	0	0	0	1	0	0	0	0	0	0	0	0	0	1	2	0	0	1	3	1	1	1	3	3	1	0	1	0	0	1	1	0	0	1	1	0	0	1	1	2	0	0	0	0
L5	CUS0000482	80	73	0	0	0	1	0	0	0	2	0	1	1	0	0	0	0	1	0	0	0	0	0	0	2	1	0	0	2	0	2	0	1	2	0	4	3	2	0	6	0	6	2	2	2	4	3	1	3	6	1	0	0	1	0	0	0	0	1	0	0	0	0	0	0	0	0	0	2	0	0	0	2	0	0	0	0	3	0	0	1	1	0	0	0	0	0	0	0	0	0	0	0	0	0	0	1	0	0
L5	ERR751343	80	3	0	1	0	0	0	0	0	0	0	0	0	0	0	0	0	0	0	0	0	0	0	0	0	0	0	0	0	0	0	0	0	0	0	0	0	0	0	0	0	0	0	1	0	0	0	0	0	0	0	0	1	0	0	0	0	0	0	0	0	0	0	0	0	0	0	0	0	0	0	0	0	0	0	0	0	0	0	0	0	0	0	0	0	0	0	0	0	0	0	0	0	0	0	0	0	0	0
L5	SRR29055733	80	26	0	0	0	0	1	0	0	0	0	0	0	1	1	0	0	0	0	0	0	0	0	0	1	0	0	1	1	1	1	0	0	0	0	1	0	0	0	1	2	3	0	1	1	2	0	0	0	0	0	0	0	0	0	0	0	0	0	0	0	0	0	0	0	0	0	0	0	2	0	0	0	0	0	0	0	3	0	0	0	0	0	0	1	0	0	0	0	0	0	0	1	0	0	0	0	0	0
L5	ERR702417	80	42	0	0	0	0	0	0	0	1	0	0	1	4	0	0	0	0	0	0	0	0	0	0	0	1	1	0	0	0	0	0	0	1	0	0	3	3	0	2	1	6	2	0	1	0	0	0	1	1	0	0	0	0	0	0	0	0	0	0	0	0	0	0	0	0	0	0	1	1	1	0	1	0	0	1	0	2	1	0	0	1	0	0	0	0	0	1	0	0	0	0	0	2	0	0	1	0	0
L5	SRR29341580	80	103	0	0	1	2	2	0	1	2	0	2	1	1	0	0	0	0	0	0	1	1	0	0	0	1	1	2	1	1	0	0	1	0	1	2	3	7	1	4	1	7	1	2	3	6	4	4	1	7	2	0	0	0	0	0	0	0	0	0	1	1	0	0	0	0	0	1	0	3	1	1	0	1	0	0	2	4	2	0	2	0	1	0	0	1	0	0	1	1	1	2	0	0	0	0	0	0	0
L5	ERR1203069	80	56	0	0	0	0	0	0	0	1	0	0	1	0	0	1	0	1	0	0	1	0	0	1	0	2	1	0	1	1	1	1	0	0	0	1	2	1	1	1	4	6	1	3	7	2	3	2	1	2	0	0	0	0	0	0	0	0	0	0	1	0	0	0	0	0	0	0	0	0	0	1	0	1	0	0	0	0	1	0	0	0	0	0	0	0	0	0	1	1	0	0	0	0	0	0	0	0	0
L5	SRR33665514	80	23	0	0	0	0	0	0	0	1	0	0	1	0	0	0	0	0	0	0	0	0	0	0	0	0	0	0	0	0	0	0	0	0	0	1	1	0	0	0	2	2	1	1	1	6	0	2	0	1	1	0	0	0	0	0	0	0	0	0	0	0	0	0	0	0	0	0	0	1	0	0	0	0	0	0	0	0	0	0	0	0	0	0	0	0	0	0	0	0	0	0	0	0	0	0	0	1	0
L5	ERR5336146	80	93	0	0	2	0	0	1	0	1	0	2	1	4	1	0	0	1	0	0	0	0	0	2	0	1	1	0	0	3	0	0	1	2	0	1	2	5	1	6	3	5	0	1	4	6	8	1	2	3	0	0	0	0	0	1	0	0	0	0	0	0	0	0	0	0	0	0	2	2	0	1	0	1	0	2	1	4	1	0	1	1	0	0	0	1	0	0	1	1	0	0	1	1	0	0	0	0	0
L5	ERR1082142	80	76	0	0	1	1	0	1	0	2	0	2	1	1	0	1	0	0	0	0	1	0	0	1	1	3	0	0	0	0	0	0	1	1	0	1	1	5	1	3	4	7	5	2	4	3	3	0	2	4	2	0	0	0	0	0	0	0	0	0	0	0	0	0	0	0	0	0	0	1	1	0	0	0	0	0	0	0	0	1	0	0	0	0	0	0	0	0	1	2	4	0	0	0	0	0	0	0	1
L5	ERR1023221	80	101	0	1	1	1	0	0	1	2	0	1	0	2	1	1	0	2	0	0	4	0	1	1	1	0	0	2	0	0	0	0	0	3	0	3	2	5	2	1	1	5	2	4	12	8	2	3	1	4	0	0	0	0	0	0	0	0	0	0	0	1	0	0	0	0	0	1	0	3	1	0	1	0	0	0	2	4	0	0	0	0	0	0	1	0	0	0	2	2	1	0	1	1	0	0	0	0	0
L5	ERR10680139	80	106	0	1	0	1	0	0	0	1	0	3	4	4	1	0	0	0	0	0	0	0	0	1	2	1	1	0	0	0	0	0	0	0	0	3	3	5	1	3	4	5	0	5	9	5	3	4	0	4	1	0	1	0	0	0	0	1	0	0	0	0	0	0	0	0	0	0	1	3	1	0	3	3	1	1	4	0	1	0	2	2	0	0	1	0	0	0	1	1	2	0	0	1	0	0	1	0	0
L5	ERR4162013	80	39	0	0	1	2	0	1	0	0	0	0	0	0	0	0	2	0	0	0	0	0	0	0	0	1	0	0	0	1	0	1	1	0	0	0	1	2	0	0	3	6	0	1	3	0	2	1	1	1	0	0	0	0	0	0	0	0	0	0	0	0	0	0	0	0	0	0	0	1	0	0	0	1	0	1	0	1	1	0	0	2	0	0	1	0	0	0	0	0	0	0	0	0	0	0	0	0	0
L5	ERR4821302	80	110	0	1	0	0	0	0	2	1	0	0	1	3	1	0	0	1	0	1	2	0	1	3	0	1	2	0	1	0	0	1	0	0	0	2	2	7	1	5	0	13	1	1	7	6	2	2	4	4	2	0	0	0	0	0	0	1	0	0	1	0	0	0	1	0	0	1	4	1	1	0	0	2	0	0	3	6	1	0	0	0	1	0	0	0	0	0	0	0	0	0	2	2	1	0	0	1	0
L5	SRR29231841	80	125	0	1	2	4	1	3	3	5	0	3	2	4	2	2	1	2	0	0	1	0	1	0	2	1	1	1	2	0	0	1	1	0	0	2	2	3	0	6	5	9	1	4	8	3	1	2	4	6	1	1	0	0	0	0	0	0	1	0	0	0	0	0	0	0	0	0	3	1	0	1	1	1	1	2	1	3	0	0	1	0	0	0	0	0	0	1	0	1	0	0	0	2	0	0	1	0	0
L5	ERR3170423	80	89	0	0	1	0	1	0	0	1	0	2	2	2	2	0	0	0	0	1	0	0	0	1	1	1	0	2	1	0	0	0	0	0	0	3	4	2	2	1	1	9	1	5	3	5	3	3	1	4	0	0	0	0	0	0	0	0	0	0	0	0	0	0	0	1	0	1	1	2	0	0	2	0	0	1	0	2	0	0	1	2	0	0	0	0	0	0	5	1	1	0	0	3	1	0	0	0	0
L5	SRR2101065	80	10	0	0	0	0	0	0	0	0	0	0	0	0	0	0	0	0	0	0	0	0	0	0	0	0	0	0	0	0	0	0	1	0	0	0	1	1	1	0	0	0	0	0	1	1	0	0	0	1	0	0	0	0	0	0	0	0	1	0	0	0	0	0	0	0	0	0	0	0	0	0	0	1	0	0	1	0	0	0	0	0	0	0	0	0	0	0	0	0	0	0	0	0	0	0	0	0	0
L5	SRR33969376	80	74	0	0	1	1	0	0	0	0	0	1	0	1	1	0	0	1	0	0	1	0	0	0	1	3	1	0	1	1	0	0	0	1	1	1	0	3	1	1	0	3	1	1	7	7	1	1	1	0	1	0	0	0	0	0	0	0	0	0	0	0	0	0	1	0	0	0	4	1	0	3	0	1	1	1	4	2	0	0	1	0	0	0	0	0	1	0	2	1	2	0	2	1	1	0	0	0	0
L5	ERR1082123	80	74	0	0	3	1	0	0	0	2	0	0	0	3	1	0	0	1	0	1	0	0	0	0	1	1	0	0	0	0	0	0	0	0	1	1	2	0	1	2	2	5	0	2	5	10	4	1	4	3	0	0	0	0	0	0	0	1	0	0	0	0	0	0	0	0	0	0	0	1	0	0	0	1	1	1	2	2	0	0	0	0	0	0	1	1	0	0	1	0	0	0	1	1	1	0	1	1	0
L5	ERR4872233	80	5	0	0	0	0	0	0	0	1	0	0	0	0	0	0	0	0	0	0	0	0	0	0	0	0	0	0	0	0	0	0	0	0	0	0	0	0	1	1	0	0	0	0	1	0	0	0	0	0	0	0	0	0	0	0	0	0	0	0	0	0	0	0	0	0	0	0	0	0	0	0	0	0	0	0	1	0	0	0	0	0	0	0	0	0	0	0	0	0	0	0	0	0	0	0	0	0	0
L5	SRR33815199	80	51	0	1	1	1	0	0	0	0	0	1	0	1	0	0	0	0	0	0	0	0	0	1	1	0	0	0	1	1	0	0	0	0	0	1	1	3	0	3	1	5	0	4	1	5	3	3	2	0	0	0	0	0	0	0	1	1	0	0	0	0	0	0	0	0	0	0	1	1	0	0	1	0	0	0	2	1	0	0	0	1	0	0	0	0	0	0	0	1	0	0	0	0	0	0	0	0	0
L5	ERR4162026	80	54	0	0	0	0	0	0	0	1	1	2	1	2	1	0	0	0	0	0	0	0	0	1	2	1	0	1	0	1	0	0	0	0	0	0	0	2	1	1	2	3	0	3	4	2	0	1	2	4	0	0	0	0	0	0	0	0	0	0	0	0	0	0	0	0	0	0	0	3	0	0	1	2	0	1	2	3	0	1	0	0	0	0	0	0	2	0	0	0	0	0	0	0	0	0	0	0	0
L5	CUS0000277	80	3	0	0	0	0	0	0	0	0	0	0	0	1	0	0	0	0	0	0	0	0	0	0	0	0	0	0	0	0	0	0	0	0	0	0	0	0	0	0	0	0	0	0	0	1	0	0	0	0	0	0	0	0	0	0	0	0	1	0	0	0	0	0	0	0	0	0	0	0	0	0	0	0	0	0	0	0	0	0	0	0	0	0	0	0	0	0	0	0	0	0	0	0	0	0	0	0	0
L5	SRR7131267	80	10	0	0	1	0	0	0	0	0	0	0	0	1	0	0	0	0	0	0	0	0	0	0	0	0	0	0	0	0	0	0	1	0	0	0	0	0	0	0	0	0	1	0	1	0	0	0	0	1	0	0	0	0	0	0	0	0	0	0	0	0	0	0	0	1	0	0	0	0	0	0	0	0	0	1	0	0	0	0	0	0	0	0	1	0	0	0	0	0	0	0	1	0	0	0	0	0	0
L6	ERR9787274	80	60	0	0	1	1	0	0	0	0	0	1	0	1	0	0	0	0	0	0	0	0	0	1	0	3	1	0	1	1	0	0	0	0	0	0	0	4	0	1	2	9	0	0	5	9	0	1	0	1	0	0	0	0	0	0	0	0	0	0	0	0	0	0	0	0	0	2	1	3	0	0	0	0	1	1	1	4	2	0	0	1	0	0	0	0	0	0	0	0	0	0	1	0	0	0	0	0	0
L6	ERR3803967	80	137	0	0	1	2	0	1	0	1	0	0	0	1	1	0	0	1	0	0	2	1	0	1	1	2	0	0	1	0	0	1	2	2	0	7	4	4	4	7	3	10	3	10	3	5	8	1	6	7	1	0	0	1	0	0	0	0	0	0	1	0	0	0	0	0	3	0	2	3	0	0	2	1	1	1	5	3	2	0	1	1	1	0	0	0	0	0	0	2	1	0	2	0	0	0	0	0	0
L6	ERR11082664	80	0	0	0	0	0	0	0	0	0	0	0	0	0	0	0	0	0	0	0	0	0	0	0	0	0	0	0	0	0	0	0	0	0	0	0	0	0	0	0	0	0	0	0	0	0	0	0	0	0	0	0	0	0	0	0	0	0	0	0	0	0	0	0	0	0	0	0	0	0	0	0	0	0	0	0	0	0	0	0	0	0	0	0	0	0	0	0	0	0	0	0	0	0	0	0	0	0	0
L6	ERR9787131	80	119	0	1	2	1	0	1	0	3	0	1	1	2	0	1	1	2	0	0	1	0	1	2	1	0	0	0	1	1	1	0	0	0	0	4	3	4	2	5	4	11	4	5	7	8	2	1	1	5	0	0	0	1	0	0	0	0	1	0	0	0	0	0	0	0	0	1	6	3	0	0	2	3	1	0	1	1	1	0	0	2	1	0	0	0	0	0	1	0	0	0	1	2	0	1	0	0	0
L6	ERR439976	80	100	0	0	0	2	0	2	0	2	0	1	4	4	2	1	1	0	0	0	1	2	0	0	2	0	1	1	1	2	1	0	2	0	0	0	1	3	1	3	0	3	3	4	5	8	1	1	0	3	0	0	1	0	0	0	0	0	0	0	0	1	0	0	0	0	0	5	1	0	5	0	0	4	0	2	3	2	2	0	1	0	2	0	1	0	0	0	0	0	0	0	0	0	0	0	0	2	0
L6	SRR7131190	80	98	0	0	2	3	0	2	0	6	0	3	0	5	2	1	0	0	0	0	0	2	1	0	1	1	0	1	1	1	0	0	0	0	0	3	2	8	1	4	1	6	2	6	0	2	2	2	1	7	0	0	0	0	1	0	1	0	0	0	0	0	0	0	0	1	0	0	2	0	0	0	0	0	0	0	3	2	3	1	1	0	2	0	1	0	0	0	0	0	0	0	1	0	0	0	0	0	0
L6	ERR14869771	80	2	0	0	0	0	0	0	0	0	0	0	0	0	0	0	0	0	0	0	0	0	0	0	0	0	0	0	0	0	0	0	0	0	0	0	0	0	0	0	0	0	0	0	0	0	0	0	0	0	0	0	0	0	0	0	0	1	0	0	0	0	0	0	0	0	0	0	0	0	0	0	0	0	0	0	0	0	0	0	1	0	0	0	0	0	0	0	0	0	0	0	0	0	0	0	0	0	0
L6	ERR1023257	80	130	0	0	3	0	0	0	0	5	1	0	4	6	1	0	0	0	1	0	2	2	0	0	0	0	0	0	0	1	0	0	2	1	0	3	4	3	1	6	5	4	5	6	8	10	3	3	1	7	0	0	0	0	0	0	0	0	0	0	0	0	0	1	0	1	0	0	2	4	0	0	0	3	1	0	5	1	0	0	2	0	0	0	0	0	0	0	1	1	0	1	5	1	1	1	0	1	0
L6	SRR30443647	80	40	0	0	1	0	0	0	0	2	0	0	1	2	1	1	0	1	0	0	0	0	0	0	1	0	0	1	0	0	0	0	0	0	0	1	0	1	0	3	0	2	2	1	1	4	0	0	0	1	0	0	0	0	0	0	0	0	1	0	0	0	2	0	0	0	0	0	1	0	0	0	1	1	0	2	2	1	0	0	0	1	1	0	0	0	0	0	0	0	0	0	0	0	0	0	0	0	0
L6	ERR3803848	80	91	0	1	1	1	2	1	1	0	0	0	2	5	1	0	1	1	1	0	1	0	0	2	1	0	1	0	0	2	1	0	0	1	0	2	1	1	0	5	1	6	1	2	2	6	2	2	1	4	0	0	0	0	0	0	1	0	0	0	0	0	0	0	0	0	0	0	1	1	1	2	0	0	1	1	3	2	3	0	2	2	0	0	2	0	1	0	0	1	0	0	3	1	0	0	0	0	0
L6	ERR3806839	80	89	0	0	0	1	0	0	0	4	0	1	0	1	0	0	0	0	1	0	0	0	1	0	1	1	1	2	0	1	0	0	0	0	1	3	3	4	1	5	5	7	1	5	2	5	0	2	1	3	1	0	0	0	0	0	0	0	0	0	0	0	1	0	1	1	0	0	0	2	0	0	0	0	1	1	4	1	1	0	0	2	0	0	1	1	0	0	0	1	1	0	1	1	1	0	2	1	0
L6	ERR4819833	80	9	0	0	0	1	0	0	0	0	0	0	0	0	1	0	1	0	0	0	0	0	0	0	0	0	0	0	0	0	0	0	0	0	0	1	0	0	0	0	0	1	1	0	0	1	0	0	0	0	1	0	0	0	0	0	0	0	0	0	0	0	0	0	0	0	0	0	0	0	0	0	0	0	0	0	0	1	0	0	0	0	0	0	0	0	0	0	0	0	0	0	0	0	0	0	0	0	0
L6	ERR9787036	80	14	0	0	0	0	0	0	0	0	0	0	0	0	0	0	0	0	0	0	1	0	0	0	0	0	0	0	0	0	0	0	0	0	0	0	0	2	0	0	2	1	0	2	0	1	0	0	0	1	0	0	0	0	0	0	0	0	0	0	0	0	0	0	0	0	0	0	0	0	0	0	0	0	0	0	0	0	1	0	1	0	0	0	1	0	0	0	0	1	0	0	0	0	0	0	0	0	0
L6	ERR11080915	80	115	0	0	4	2	0	1	4	2	1	3	8	3	1	1	1	1	0	0	1	0	0	3	1	2	0	0	1	1	1	0	0	1	0	5	5	7	0	4	5	7	1	6	3	3	0	2	1	5	1	0	0	0	0	0	0	0	0	0	0	0	0	0	0	1	0	0	1	0	0	0	1	1	0	0	1	4	1	0	0	0	0	0	1	0	0	0	3	0	1	0	1	1	0	0	0	0	0
L6	ERR3804111	80	76	0	0	2	0	0	0	1	0	0	2	1	0	0	1	0	2	0	1	0	0	0	0	0	3	1	0	1	0	0	0	0	0	0	0	3	5	1	5	2	3	3	3	3	2	1	2	2	2	0	1	0	0	0	0	0	0	0	0	0	0	0	0	1	0	0	0	1	3	1	0	1	1	0	1	1	2	1	1	1	0	1	0	0	0	0	1	0	2	0	0	1	1	0	0	1	1	0
L6	ERR3806831	80	2	0	0	0	0	0	0	0	0	0	0	0	0	0	0	0	0	0	0	0	0	0	0	0	0	0	0	0	0	0	0	0	0	0	0	1	0	0	0	0	0	0	0	0	0	0	0	0	0	0	0	0	0	0	0	0	0	0	0	0	0	0	0	0	0	0	0	0	0	0	0	0	1	0	0	0	0	0	0	0	0	0	0	0	0	0	0	0	0	0	0	0	0	0	0	0	0	0
L6	ERR1023227	80	106	0	1	2	1	1	0	2	3	2	1	2	3	1	0	0	0	0	0	3	0	0	0	1	0	0	0	0	0	1	1	1	0	0	5	4	2	1	2	1	8	4	2	9	9	5	1	1	5	1	0	0	0	0	0	0	0	0	0	0	0	0	0	0	0	0	1	0	0	0	0	1	1	1	1	1	6	0	0	1	1	1	0	0	1	1	0	0	0	0	0	0	0	1	0	1	0	1
L6	SRR30443941	80	52	0	0	1	2	1	0	0	1	1	1	1	2	0	0	0	1	0	0	0	0	0	0	0	0	1	0	0	0	1	0	0	0	0	2	2	1	0	2	0	4	2	3	1	7	3	1	1	0	0	0	0	0	0	0	0	0	0	0	0	0	0	0	0	0	0	0	0	0	0	0	1	1	0	3	0	0	1	0	0	1	0	0	1	0	0	1	0	1	0	0	0	0	0	0	0	0	0
L6	ERR14869600	80	120	0	1	1	0	0	1	2	7	1	0	0	2	0	1	0	1	2	0	1	0	0	1	0	1	0	0	2	0	1	0	0	0	0	5	6	5	1	3	2	11	0	1	7	5	1	2	1	7	3	0	0	0	0	0	1	0	1	1	0	0	1	0	0	0	0	0	2	0	1	0	0	1	2	0	2	3	1	0	1	2	0	0	0	1	1	0	2	0	0	0	3	5	1	0	1	1	1
L6	ERR9125747	80	4	0	0	0	0	0	0	0	0	0	0	0	0	0	0	0	0	0	0	0	0	0	0	0	0	0	0	0	0	0	0	0	0	0	0	1	0	0	1	0	1	0	0	0	0	1	0	0	0	0	0	0	0	0	0	0	0	0	0	0	0	0	0	0	0	0	0	0	0	0	0	0	0	0	0	0	0	0	0	0	0	0	0	0	0	0	0	0	0	0	0	0	0	0	0	0	0	0
L6	SRR33585255	80	40	0	0	0	0	1	1	0	1	0	0	0	0	0	0	0	0	0	0	0	0	1	0	0	0	0	0	0	0	1	0	0	0	0	2	2	1	1	0	0	4	0	1	1	2	1	0	1	3	0	0	0	1	0	0	0	0	1	0	0	0	0	0	0	0	0	2	0	2	0	1	2	1	0	0	2	3	0	0	1	0	0	0	0	0	0	0	0	0	0	0	0	0	0	0	0	0	0
L6	ERR1082116	80	90	0	0	0	2	1	2	0	2	0	1	2	1	0	0	0	1	1	0	1	0	0	0	0	1	0	0	0	0	0	0	0	0	0	4	2	5	0	1	3	8	4	4	4	8	1	3	3	8	1	0	0	0	0	0	0	0	0	0	0	0	0	0	0	0	0	1	0	1	1	0	0	4	0	1	2	1	2	0	0	0	0	0	0	0	0	0	0	0	1	1	0	0	0	0	0	1	0
L6	ERR14869708	80	106	0	0	2	1	0	0	1	4	1	1	1	3	0	0	0	1	0	0	0	0	1	0	2	1	0	1	0	0	0	0	0	0	0	5	4	6	3	3	6	4	1	5	9	9	1	1	1	4	1	0	0	0	0	0	0	0	0	0	1	0	0	0	0	0	0	0	0	3	0	1	2	2	0	1	1	5	0	0	0	3	0	0	0	0	0	0	0	0	0	0	2	0	2	0	0	0	0
L6	ERR3803783	80	79	0	2	0	0	0	0	1	4	0	3	1	2	1	2	0	0	1	1	1	1	0	0	2	2	0	0	1	1	0	0	1	1	0	1	1	1	1	3	0	1	1	4	4	4	2	1	3	4	1	0	0	0	0	0	0	0	1	0	0	0	0	0	0	0	0	1	1	2	0	0	1	0	2	2	1	1	1	1	0	0	0	0	0	0	0	0	0	0	1	0	0	2	0	0	1	0	1
L6	SRR33817125	80	77	0	1	1	0	1	0	0	2	1	0	2	4	0	0	0	0	0	0	2	0	1	1	0	0	0	0	1	0	1	0	0	1	0	2	1	6	1	7	2	5	2	1	2	4	1	1	3	3	2	0	0	0	0	0	0	0	0	0	0	0	0	0	0	0	0	0	0	2	0	1	1	3	0	0	0	1	1	0	0	1	0	2	0	1	1	0	0	0	0	0	0	0	1	0	0	0	0
L6	ERR3803812	80	87	0	0	0	2	0	0	1	5	0	2	3	2	1	0	1	1	0	0	3	0	0	0	2	0	0	0	1	1	0	0	1	0	0	1	7	6	0	3	1	3	3	1	3	5	3	1	2	5	1	0	0	0	0	0	0	1	0	1	0	0	0	0	0	0	0	0	1	0	0	1	1	1	0	1	2	2	2	0	0	0	0	1	0	1	0	0	0	0	0	0	0	0	1	0	0	0	0
L6	ERR13264898	80	94	0	0	3	3	0	3	1	1	0	0	0	5	1	0	2	1	1	0	0	1	0	1	1	0	0	1	1	1	0	0	0	0	0	1	5	6	1	3	3	8	4	1	8	4	2	6	2	5	1	0	1	0	0	0	0	0	0	0	0	0	0	0	0	0	0	0	1	0	1	0	0	1	0	0	0	1	2	0	0	0	0	0	0	0	0	0	0	0	0	0	0	0	0	0	0	0	0
L6	ERR1023293	80	92	0	1	2	1	1	0	1	3	0	0	1	1	0	0	0	4	1	0	1	0	0	3	0	1	0	1	2	1	0	0	0	0	0	3	3	2	1	3	1	7	1	2	5	8	2	1	0	5	1	0	0	0	0	0	0	0	1	0	0	0	0	0	1	0	0	0	0	0	1	1	0	1	0	1	2	0	1	0	2	1	0	0	0	0	0	2	4	2	0	0	0	0	0	0	1	1	0
L6	ERR403344	80	134	0	1	1	0	0	1	1	2	0	3	0	4	2	0	0	2	1	2	2	0	0	0	0	1	1	0	1	4	1	0	0	1	0	2	2	3	2	10	1	10	2	3	3	5	5	1	3	6	3	0	0	0	0	0	0	0	0	0	1	0	0	0	0	0	0	1	0	1	3	0	1	2	2	2	3	5	2	0	2	1	3	0	1	0	0	0	4	2	1	0	1	1	2	0	1	0	0
L6	ERR12544231	80	87	0	0	2	0	0	2	1	2	0	2	0	4	1	0	1	0	1	0	0	0	0	1	1	0	0	0	0	0	0	0	0	1	0	2	2	11	0	3	4	3	1	4	3	7	6	1	2	2	0	0	0	0	0	0	1	1	0	0	0	0	0	0	0	0	0	1	1	0	0	0	0	0	0	1	0	6	2	0	3	1	0	0	0	0	0	0	0	0	0	0	0	0	0	0	0	0	0
L6	ERR3804144	80	85	0	1	1	0	1	0	0	2	0	2	0	3	0	0	0	1	0	2	0	1	0	1	1	0	1	0	2	0	0	0	0	1	0	1	3	4	0	1	1	6	4	5	2	8	1	1	2	5	0	0	0	0	1	0	1	0	0	0	0	0	0	0	0	1	0	0	1	1	0	0	0	2	2	2	0	3	1	0	0	1	1	0	0	0	0	0	1	0	0	1	2	0	0	0	0	0	0
L6	SRR998743	80	66	0	0	1	1	0	0	0	2	0	1	0	1	3	0	0	0	1	0	0	1	2	1	0	2	1	1	1	0	0	0	1	0	0	1	1	6	1	7	0	4	2	1	3	5	2	3	2	2	0	0	0	0	0	0	0	0	0	0	0	0	0	0	0	1	0	0	1	0	0	1	0	0	0	1	1	1	0	0	0	0	0	0	0	0	0	0	0	0	0	0	0	0	0	0	0	0	0
L6	SRR21674643	80	92	0	2	3	2	2	0	0	1	0	3	3	0	2	2	1	1	0	0	1	0	0	0	0	1	0	1	0	1	0	0	0	0	0	1	5	4	0	0	1	12	1	2	3	8	2	1	2	2	0	0	0	0	0	0	0	0	0	0	0	0	0	0	0	0	0	0	4	0	0	0	0	2	0	0	1	5	3	0	0	1	0	0	0	1	1	1	0	1	0	0	1	0	0	0	0	1	0
L6	ERR9787223	80	36	0	0	0	0	0	0	0	0	0	1	0	1	0	0	0	0	0	0	1	1	0	3	0	2	0	0	1	0	1	1	0	0	0	0	0	1	1	1	0	1	1	0	0	0	1	0	0	1	0	0	0	0	0	0	0	0	0	0	0	0	0	0	0	0	0	0	0	5	1	0	0	0	1	0	0	1	2	2	1	1	1	0	0	0	0	0	1	0	0	0	0	0	0	0	0	1	0
L6	ERR1023265	80	102	0	0	1	0	3	1	1	2	0	2	1	0	0	1	0	5	0	0	0	1	0	0	0	1	1	0	0	0	0	1	1	0	0	4	3	4	0	2	0	9	1	0	5	11	0	0	1	9	1	0	0	0	0	0	0	1	0	0	0	0	0	0	0	0	0	0	2	3	1	0	0	1	1	1	2	4	6	0	2	0	0	0	0	0	0	0	2	0	1	0	0	1	0	0	2	0	0
L6	ERR551709	80	140	0	2	2	1	0	3	0	2	1	2	3	3	1	2	0	4	1	0	0	0	0	1	1	0	0	1	2	3	0	1	0	1	0	1	5	3	0	3	3	11	6	4	4	12	3	5	1	2	2	0	1	0	0	0	0	0	0	0	0	0	0	0	0	0	0	1	1	1	3	0	0	2	0	1	5	4	3	0	0	1	0	1	1	0	0	0	3	0	1	2	3	2	0	0	1	1	0
L6	ERR552329	80	83	0	0	1	2	1	1	2	4	1	0	0	1	2	0	0	0	0	1	1	0	0	0	1	2	1	1	1	0	0	0	0	0	0	1	4	4	1	3	1	4	3	2	4	5	3	4	0	6	0	0	0	0	0	0	0	0	0	0	0	0	0	0	0	0	0	2	1	1	0	0	0	0	0	0	0	4	0	1	0	1	0	0	0	0	0	0	1	1	0	0	1	1	1	0	0	0	0
L6	ERR9787262	80	83	0	0	0	0	0	0	1	2	2	1	2	1	1	0	1	0	0	1	0	1	0	1	1	0	0	1	1	1	0	0	0	1	0	4	4	3	2	1	1	11	2	4	2	5	0	4	1	6	2	0	0	0	0	0	0	0	0	0	0	0	0	0	0	0	0	0	0	0	0	0	1	0	1	0	1	2	0	0	0	0	0	0	1	0	0	0	0	1	1	0	2	2	0	0	0	0	0
L6	ERR9787202	80	40	0	0	0	0	0	0	0	1	0	1	0	2	0	1	0	2	0	0	0	0	0	0	1	0	0	0	0	0	0	0	0	1	0	2	2	0	0	3	1	3	1	0	2	3	1	1	1	2	0	0	1	0	0	0	0	0	0	0	0	0	0	0	0	0	0	0	1	0	2	0	0	0	0	0	0	1	1	0	0	1	0	0	0	0	1	0	0	0	1	0	0	0	0	0	0	0	0
L6	SRR7131139	80	15	0	0	0	0	0	0	0	0	0	1	0	1	0	0	0	0	0	0	0	0	0	0	0	0	0	0	0	0	0	0	0	0	0	0	0	0	1	0	0	1	0	1	2	1	1	0	1	2	0	0	0	0	0	0	0	0	0	0	0	0	0	0	0	0	0	0	1	0	0	0	0	0	0	0	0	1	0	0	0	0	0	0	0	0	0	0	0	0	0	0	1	0	0	0	0	0	0
L6	ERR1023274	80	83	0	0	1	1	0	0	0	0	1	0	1	1	1	0	0	4	0	0	1	0	0	0	0	1	0	0	1	1	1	1	0	0	0	0	3	2	3	1	5	4	3	5	6	5	0	2	1	4	1	0	0	0	0	1	0	1	0	0	0	1	0	0	0	0	0	0	1	1	0	0	2	1	0	0	3	0	1	0	0	0	2	0	0	1	0	1	1	1	1	0	0	1	1	0	0	1	0
L6	ERR3170449	80	136	0	0	2	1	0	1	0	3	0	1	2	1	0	0	0	1	0	0	0	2	1	1	1	1	1	1	2	1	1	0	0	1	0	3	8	6	2	16	4	11	4	3	6	9	4	3	1	15	2	0	0	0	0	0	0	0	0	0	0	0	0	0	0	0	1	0	3	1	0	0	0	0	0	0	3	2	0	0	1	0	0	0	0	0	0	0	0	0	1	0	1	0	0	0	0	1	0
L6	ERR11043501	80	0	0	0	0	0	0	0	0	0	0	0	0	0	0	0	0	0	0	0	0	0	0	0	0	0	0	0	0	0	0	0	0	0	0	0	0	0	0	0	0	0	0	0	0	0	0	0	0	0	0	0	0	0	0	0	0	0	0	0	0	0	0	0	0	0	0	0	0	0	0	0	0	0	0	0	0	0	0	0	0	0	0	0	0	0	0	0	0	0	0	0	0	0	0	0	0	0	0
L6	SRR1162469	80	176	0	1	4	2	1	1	2	6	1	1	3	4	0	1	0	2	0	0	4	0	0	2	0	0	1	0	3	1	0	0	0	3	0	7	14	5	0	5	10	13	6	5	5	9	7	3	7	9	0	0	0	0	0	0	0	1	1	0	0	0	0	0	0	0	0	0	4	0	1	0	0	2	2	0	4	2	1	0	2	2	0	0	1	0	0	0	2	3	0	0	0	0	0	0	0	0	0
L6	ERR9787361	80	3	0	0	0	0	0	0	0	0	0	0	0	0	0	0	0	0	0	0	0	0	0	0	0	0	0	0	0	0	0	0	0	0	0	0	0	0	0	1	0	0	0	0	0	0	0	0	0	0	0	0	0	0	0	0	0	0	0	0	0	0	0	0	0	0	0	0	1	0	0	0	0	0	0	0	0	0	0	0	0	0	0	0	0	0	0	0	0	0	0	0	0	0	1	0	0	0	0
L6	ERR3799586	80	79	0	0	1	0	0	1	1	2	0	1	1	2	0	0	0	1	0	0	2	0	0	1	0	3	1	0	0	2	0	0	0	0	1	0	1	2	0	1	0	6	5	6	1	6	0	1	1	6	1	0	0	0	0	0	1	0	0	0	0	0	0	0	0	0	0	0	2	1	1	0	1	1	0	0	1	3	2	0	0	1	1	1	1	0	0	0	1	2	0	0	0	1	0	1	0	0	0
L6	SRR28859590	80	24	0	0	0	0	0	0	0	0	0	0	0	2	0	0	0	0	0	0	1	0	0	1	1	0	0	0	0	0	0	0	0	0	0	0	0	1	0	1	1	1	2	1	1	3	1	0	2	0	0	0	0	1	0	0	0	1	0	0	0	0	0	0	0	0	0	0	0	2	0	0	0	0	0	0	0	0	0	0	0	0	0	0	0	0	0	0	0	0	0	0	0	0	0	0	1	0	0
L6	ERR3804125	80	108	0	0	0	1	0	5	0	5	0	3	0	5	0	0	0	2	1	1	0	0	0	1	1	1	1	1	2	0	1	0	0	2	0	2	8	10	1	4	1	13	4	3	3	10	0	2	1	5	0	0	0	0	0	0	0	0	0	0	0	0	0	0	0	0	0	1	0	0	0	1	0	0	0	0	0	1	2	0	0	1	0	0	0	0	0	1	0	0	0	0	1	0	0	0	0	0	0
L6	ERR551089	80	13	0	0	0	0	0	0	0	1	0	0	0	0	0	0	1	0	0	0	0	0	0	0	0	2	0	0	0	0	0	0	0	0	0	0	0	4	0	0	0	1	1	0	0	0	0	0	0	1	0	0	0	0	0	0	0	0	0	0	0	0	0	0	0	0	0	0	0	0	0	0	0	1	0	0	1	0	0	0	0	0	0	0	0	0	0	0	0	0	0	0	0	0	0	0	0	0	0
L6	ERR4831263	80	53	0	0	2	1	0	0	0	2	0	0	1	1	0	0	0	0	0	0	0	0	0	0	1	0	0	0	1	0	0	0	0	0	0	5	2	2	0	2	4	3	1	2	3	7	1	1	0	0	0	0	0	0	1	0	0	0	0	0	0	0	0	0	0	0	0	1	1	1	0	0	0	1	0	2	2	1	0	0	0	1	0	0	0	0	0	0	0	0	0	0	0	0	0	0	0	0	0
L6	ERR9787102	80	88	0	0	1	0	0	0	0	2	0	1	0	4	1	1	1	1	0	0	0	0	0	2	0	0	0	1	0	0	0	0	1	0	0	2	2	7	1	3	3	7	1	4	5	7	2	1	2	6	0	0	0	0	0	0	0	1	0	0	0	0	0	0	0	0	0	0	0	2	0	2	1	2	0	1	3	3	0	0	0	1	0	0	0	0	0	0	0	0	0	0	0	1	0	0	1	0	1
L6	SRR2100539	80	8	0	0	0	0	0	0	0	0	0	0	0	0	1	0	0	0	0	0	1	0	0	1	0	0	1	0	0	0	0	0	0	0	0	0	0	0	0	0	0	0	1	1	0	0	0	0	0	1	0	0	0	0	0	0	0	0	0	0	0	0	0	0	0	0	0	0	0	0	0	0	0	0	0	0	0	0	0	0	0	0	0	0	0	0	0	0	0	0	0	0	0	1	0	0	0	0	0
L6	ERR3170430	80	150	0	2	0	3	0	1	0	4	1	1	1	2	1	1	1	1	0	0	5	2	0	0	0	1	1	0	2	1	0	1	0	3	1	4	6	11	1	7	5	12	3	2	9	8	3	4	1	6	3	0	0	0	0	0	0	0	0	0	0	0	0	0	0	0	0	2	1	4	0	1	1	3	0	1	1	1	0	1	2	6	0	0	0	1	0	0	0	1	0	0	1	2	0	0	0	0	0
L6	ERR1023256	80	85	0	1	2	0	0	0	0	3	0	0	1	3	0	0	1	0	0	0	1	0	0	1	0	3	0	0	0	1	0	1	0	0	0	0	2	10	0	3	1	4	1	5	4	8	3	2	4	8	1	0	0	0	0	0	0	0	0	0	0	0	0	0	0	0	0	0	1	0	1	0	1	0	0	0	1	1	2	0	0	0	1	0	1	0	0	0	0	0	0	0	1	1	0	0	0	0	0
L6	ERR4162021	80	109	0	0	1	0	1	0	2	2	4	0	3	5	0	1	0	1	1	0	1	0	0	0	2	2	0	1	0	0	2	0	0	0	0	3	1	3	0	5	6	14	4	5	4	4	3	2	2	4	1	0	0	0	0	0	0	0	0	0	0	0	0	0	0	0	0	1	1	1	0	1	0	1	1	2	1	0	1	0	1	1	0	0	0	0	0	0	1	1	1	0	0	1	0	1	1	1	0
L6	ERR10680115	80	113	0	1	2	1	0	0	2	1	0	2	3	3	0	0	0	0	0	0	1	1	0	2	3	0	1	0	2	2	0	0	1	0	0	4	5	5	0	2	5	9	4	2	4	8	5	3	2	10	1	1	0	0	0	0	0	0	0	0	0	0	0	0	0	0	0	0	3	0	0	0	0	1	0	1	1	3	2	0	1	0	0	0	2	0	0	0	0	0	0	0	0	0	0	0	0	1	0
L6	ERR10465843	80	158	0	0	1	0	1	1	3	5	0	0	4	3	2	0	1	2	0	0	1	2	0	1	1	2	0	0	0	0	0	1	2	2	2	4	4	11	3	7	4	11	8	10	10	10	5	2	1	7	2	0	0	0	0	0	0	0	1	0	0	0	0	0	0	1	0	0	1	2	0	0	1	1	0	0	2	1	3	0	0	3	0	0	0	3	0	0	0	0	1	1	1	0	0	0	0	0	0
L6	CUS0000067	80	92	0	0	2	1	0	0	0	0	0	0	1	2	0	2	1	0	1	0	0	0	0	0	0	0	0	1	2	1	0	1	0	1	0	2	1	7	0	2	3	14	1	5	2	6	2	1	2	3	0	0	0	0	0	0	0	0	0	1	0	0	0	0	0	0	0	0	0	2	0	0	2	2	1	3	4	1	2	1	0	0	0	0	0	0	0	0	1	0	0	1	3	0	0	1	0	0	0
L6	ERR3804161	80	81	0	2	0	1	1	0	1	4	0	0	0	4	0	0	0	0	2	0	0	0	0	1	0	1	0	1	1	0	1	0	0	0	0	2	2	4	1	3	3	9	2	5	3	3	2	3	2	3	1	0	0	0	0	0	0	0	0	0	1	1	0	0	0	0	0	0	2	1	0	0	0	0	0	0	0	2	3	0	0	0	0	0	0	0	0	0	1	0	0	1	0	0	1	0	0	0	0
L6	ERR1203072	80	123	0	0	1	1	0	0	2	1	0	3	0	4	2	1	0	1	1	0	3	0	0	0	1	5	0	1	1	1	1	0	1	0	1	5	4	4	3	5	2	8	4	3	5	11	3	2	3	4	3	0	0	0	0	0	0	1	0	0	0	0	0	0	0	0	0	0	2	3	1	2	0	1	0	0	0	2	1	0	2	1	0	0	1	0	0	0	2	0	1	0	0	0	1	0	1	0	0
L6	ERR3806653	80	183	0	0	1	2	0	1	1	3	2	2	3	5	2	0	0	4	0	0	0	0	0	1	0	4	1	2	1	2	0	0	1	0	0	9	8	13	3	7	6	18	4	7	10	14	2	3	6	6	3	0	0	1	0	0	0	0	0	0	0	0	0	0	0	1	0	2	2	2	1	0	0	0	0	0	0	3	1	0	0	0	0	0	1	0	0	0	2	0	1	1	3	2	1	1	1	0	0
L6	ERR9787386	80	147	0	1	3	1	0	0	0	3	0	1	4	4	1	1	2	2	2	0	0	0	0	1	1	2	0	2	1	1	1	0	1	1	0	2	3	9	4	5	6	7	3	2	9	10	1	4	3	6	2	0	1	0	0	0	0	0	0	0	0	0	0	0	0	0	0	0	3	0	1	0	1	1	1	1	4	4	5	0	2	1	0	0	1	1	1	0	1	2	0	0	1	1	0	0	2	0	0
L6	ERR3803998	80	3	0	0	0	0	0	0	0	0	0	0	0	0	0	0	0	0	0	0	0	0	0	0	0	0	0	0	0	0	0	0	0	0	0	0	0	0	0	0	0	0	0	0	2	0	0	0	0	0	0	0	0	0	0	0	0	0	1	0	0	0	0	0	0	0	0	0	0	0	0	0	0	0	0	0	0	0	0	0	0	0	0	0	0	0	0	0	0	0	0	0	0	0	0	0	0	0	0
L6	ERR3803776	80	138	0	0	1	1	0	2	2	1	1	2	2	4	0	3	0	1	1	0	3	0	0	0	1	0	0	0	2	2	0	0	1	1	0	4	4	8	1	7	5	8	3	3	6	7	2	6	2	9	2	0	0	0	0	0	0	1	0	0	0	0	0	0	0	0	0	0	2	2	0	0	0	2	1	1	1	4	3	0	1	1	1	0	2	0	0	0	0	2	1	0	1	3	0	0	0	1	0
L6	ERR12268342	80	98	0	1	0	1	0	0	0	2	0	0	2	3	0	0	0	2	1	0	1	1	0	1	1	1	0	0	1	2	0	0	0	0	0	2	0	4	1	4	5	8	2	0	7	9	3	4	1	3	1	0	0	1	0	0	0	0	1	0	0	0	0	0	0	0	0	0	1	1	0	0	2	2	0	1	3	3	1	0	1	1	0	0	0	0	1	0	0	0	0	0	1	1	0	0	3	0	0
L6	SRR30443636	80	110	0	1	1	3	0	1	2	3	1	0	2	2	1	0	0	1	0	0	0	0	0	0	2	2	2	1	2	0	0	0	0	2	0	2	0	10	1	2	3	8	1	5	4	7	2	1	2	5	1	0	1	0	0	0	0	0	0	0	0	2	0	0	0	0	0	0	1	1	0	0	0	3	1	2	0	2	2	0	0	0	1	0	0	0	0	0	2	2	1	1	2	2	0	0	1	0	0
L6	ERR1023278	80	105	0	0	1	0	0	1	0	1	0	0	2	2	0	1	1	2	0	0	0	0	0	1	0	1	0	0	0	0	0	1	0	0	0	3	6	9	2	4	4	8	1	2	4	7	4	3	3	7	2	0	0	0	0	2	0	0	1	0	0	0	0	0	0	0	0	1	0	0	0	0	1	0	0	1	3	1	0	1	0	0	0	0	1	0	0	0	0	0	2	1	2	3	1	0	0	0	1
L6	ERR3803787	80	79	0	0	2	1	0	1	1	2	0	1	0	1	0	1	1	0	0	0	0	0	1	1	0	1	0	0	2	0	0	0	0	0	1	4	3	1	3	3	0	6	1	3	5	5	3	0	2	4	0	0	1	0	0	0	0	0	0	0	0	0	0	0	0	0	0	0	0	3	2	0	1	1	1	0	2	0	0	0	2	1	0	0	0	0	0	0	1	2	0	0	0	1	0	0	0	1	0
L6	ERR9787045	80	121	0	2	1	0	2	0	0	3	1	1	0	5	0	0	2	1	0	0	1	0	0	1	1	1	0	0	1	2	1	0	0	1	0	3	1	5	5	6	5	11	5	2	4	11	3	3	1	3	2	0	0	0	0	0	0	0	0	0	2	0	0	0	0	0	0	0	1	0	0	1	1	1	1	0	4	3	2	1	0	0	1	0	0	0	0	0	1	0	1	0	1	2	1	0	0	0	0
L6	SRR11444361	80	57	0	0	1	0	0	1	0	0	0	0	0	4	0	0	0	2	0	0	0	0	0	1	0	0	0	0	1	0	0	0	0	0	0	1	2	3	2	2	0	3	0	2	4	3	1	1	3	1	1	0	0	0	0	0	0	0	0	0	0	0	0	0	0	0	0	0	2	0	1	0	0	1	2	0	4	3	1	0	0	0	0	0	0	0	0	0	0	0	0	0	1	1	1	0	0	0	1
L6	ERR14869520	80	94	0	2	0	1	1	1	0	3	0	0	1	2	0	0	0	1	0	1	5	2	0	0	1	2	0	0	0	3	0	0	0	0	0	1	2	4	2	5	2	6	2	4	3	10	1	1	1	8	0	0	0	1	0	0	0	0	0	0	0	0	0	0	0	0	0	0	2	1	1	0	1	2	0	0	2	1	0	0	0	0	0	0	0	0	0	0	1	1	2	0	0	0	0	0	0	1	0
L6	ERR9787324	80	116	0	0	1	1	0	1	0	1	0	1	1	2	0	1	0	3	0	2	0	1	0	3	1	1	0	2	2	4	0	0	0	0	1	3	4	4	0	5	1	10	3	1	5	12	3	1	1	4	1	0	0	0	0	0	0	2	0	0	0	0	0	0	0	0	0	0	4	4	0	0	0	0	0	2	8	6	1	0	0	1	0	0	0	0	0	0	1	0	0	0	0	0	0	0	0	0	0
L6	ERR9787129	80	95	0	0	1	3	0	1	0	4	1	1	3	2	0	0	0	1	0	2	1	0	0	1	0	2	2	0	0	4	1	3	1	0	0	0	2	3	0	2	2	6	3	4	4	4	2	1	1	2	0	0	0	0	0	1	0	2	0	0	0	0	0	0	0	0	1	1	0	0	0	0	1	0	0	0	3	5	3	0	0	1	0	0	0	0	0	0	2	0	0	1	1	1	1	0	0	0	1
L6	ERR11050062	80	123	0	2	1	3	0	0	0	5	0	0	1	3	1	0	1	5	1	0	1	0	0	1	1	1	0	0	0	0	0	1	0	1	0	2	5	8	1	10	7	9	4	3	4	6	2	4	0	4	3	0	0	1	0	0	0	0	0	0	0	0	0	0	0	0	0	0	1	3	0	0	1	2	0	1	3	1	3	0	0	0	0	0	1	0	0	0	0	1	1	0	0	1	0	0	0	1	1
L6	ERR551070	80	34	0	0	0	0	0	0	1	0	0	0	0	0	0	2	0	0	0	0	1	0	0	0	0	0	0	0	0	1	0	0	0	0	0	1	0	2	0	2	1	2	2	1	2	0	0	2	0	0	0	0	1	0	0	0	0	0	0	0	0	0	0	0	0	0	0	0	0	1	0	0	1	1	0	1	3	0	1	0	0	0	0	0	0	0	0	0	2	1	0	0	0	1	0	0	0	1	0
L6	ERR4192375	80	57	0	1	1	2	0	1	1	1	1	0	2	2	0	0	1	0	0	0	0	0	0	2	1	1	0	0	0	0	0	1	0	1	0	0	0	1	0	1	2	6	0	1	2	3	1	1	0	3	1	0	0	1	0	0	0	0	0	0	0	0	0	0	0	0	0	1	1	2	0	0	0	2	1	0	0	1	0	0	1	2	0	0	0	1	0	0	1	0	0	0	0	1	0	0	0	1	0
L6	ERR3170479	80	175	0	1	1	2	0	2	1	6	0	2	2	5	1	1	0	2	0	1	1	1	1	1	0	0	0	2	0	0	0	0	1	1	0	3	6	14	3	1	4	18	2	5	10	14	6	4	7	7	2	0	0	0	0	0	1	0	0	0	0	0	0	0	0	0	0	1	1	0	0	0	2	3	0	2	1	8	0	1	0	1	0	0	0	0	2	0	2	4	0	1	2	1	0	0	0	1	0
L6	ERR9787229	80	121	0	0	2	3	0	0	0	1	0	2	0	1	3	0	1	1	3	0	2	3	2	0	1	3	1	1	1	0	1	0	0	0	0	3	5	5	1	3	4	8	2	5	5	8	7	1	2	3	0	0	0	0	0	0	0	0	0	0	0	0	0	0	0	1	0	1	1	6	0	1	0	1	0	1	2	4	1	0	1	2	0	0	3	0	0	0	0	0	0	0	1	0	1	0	0	0	0
L6	ERR14869543	80	92	0	0	2	1	0	1	1	3	1	0	1	4	0	0	0	1	0	0	0	0	1	0	2	0	4	1	2	1	0	0	1	0	0	1	1	5	0	3	2	7	3	0	0	7	2	2	2	4	0	0	0	0	0	0	0	0	0	0	0	0	0	0	0	0	0	0	3	2	1	0	0	1	1	2	0	4	2	0	0	4	0	0	0	0	0	0	0	1	0	0	0	1	0	0	2	1	1
L6	ERR13291789	80	32	0	0	0	0	0	0	0	0	1	0	0	3	0	0	0	0	0	0	0	0	0	1	2	0	0	0	0	0	0	0	0	0	0	0	1	1	0	3	3	2	2	1	2	1	1	0	1	1	0	0	0	0	0	0	0	0	0	0	0	0	0	0	0	0	0	0	0	1	0	0	0	0	0	0	2	0	0	0	0	0	0	0	0	0	0	0	0	1	2	0	0	0	0	0	0	0	0
L7	ERR1200619	57	2	0	0	0	0	0	0	0	0	0	0	1	0	0	0	0	0	0	0	0	0	0	0	0	0	0	0	0	0	0	0	0	0	0	0	0	1	0	0	0	0	0	0	0	0	0	0	0	0	0	0	0	0	0	0	0	0	0	0	0	0	0	0	0	0	0	0	0	0	0	0	0	0	0	0	0	0	0	0	0	0	0	0	0	0	0	0	0	0	0	0	0	0	0	0	0	0	0
L7	ERR1971877	57	0	0	0	0	0	0	0	0	0	0	0	0	0	0	0	0	0	0	0	0	0	0	0	0	0	0	0	0	0	0	0	0	0	0	0	0	0	0	0	0	0	0	0	0	0	0	0	0	0	0	0	0	0	0	0	0	0	0	0	0	0	0	0	0	0	0	0	0	0	0	0	0	0	0	0	0	0	0	0	0	0	0	0	0	0	0	0	0	0	0	0	0	0	0	0	0	0	0
L7	ERR1971856	57	35	0	0	0	0	0	0	1	1	0	0	2	2	1	0	0	0	0	0	0	0	0	1	0	2	0	0	1	0	0	0	0	0	0	1	1	1	0	1	0	2	1	1	1	3	1	1	0	2	0	0	0	0	0	0	0	0	0	0	0	0	0	0	0	0	0	0	0	0	0	0	0	0	0	0	0	1	0	0	1	0	0	0	0	0	0	0	1	0	0	1	1	0	0	0	1	1	1
L7	ERR1971864	57	26	0	1	1	0	0	0	0	0	0	0	0	0	0	0	0	1	0	0	0	0	0	0	0	1	0	0	0	1	0	0	0	0	0	1	1	0	0	0	0	3	0	0	1	3	0	0	0	0	0	0	0	0	0	0	0	0	0	0	0	0	0	0	0	0	0	1	1	2	0	0	0	0	0	0	0	1	0	0	0	0	0	0	1	1	0	1	0	0	0	0	0	1	0	0	2	0	1
L7	ERR7737753	57	114	0	2	0	1	0	1	3	2	0	0	4	3	0	1	1	3	0	1	0	2	0	1	0	1	0	0	0	0	0	0	0	0	1	2	2	6	0	11	3	12	2	4	5	7	1	4	1	6	0	0	0	0	0	0	0	0	0	0	0	0	0	0	0	0	0	0	0	0	0	0	0	0	0	1	2	4	0	0	0	0	0	0	1	0	0	0	1	3	0	0	3	0	1	0	3	2	0
L7	ERR4814968	57	41	0	1	0	1	1	0	0	2	0	0	1	0	0	0	1	0	1	0	0	0	0	1	0	0	0	0	0	0	0	0	0	1	0	1	2	2	1	2	1	4	1	1	1	1	0	1	1	0	1	0	1	0	0	0	0	0	0	0	0	0	0	0	0	0	0	0	0	2	0	0	0	0	1	0	1	0	0	0	1	0	0	0	0	0	0	0	1	0	0	0	1	1	1	0	1	0	0
L7	SRR33712718	57	0	0	0	0	0	0	0	0	0	0	0	0	0	0	0	0	0	0	0	0	0	0	0	0	0	0	0	0	0	0	0	0	0	0	0	0	0	0	0	0	0	0	0	0	0	0	0	0	0	0	0	0	0	0	0	0	0	0	0	0	0	0	0	0	0	0	0	0	0	0	0	0	0	0	0	0	0	0	0	0	0	0	0	0	0	0	0	0	0	0	0	0	0	0	0	0	0	0
L7	ERR1200604	57	2	0	0	0	0	0	0	0	0	0	0	0	0	0	0	0	0	0	0	0	0	0	0	0	0	0	0	0	0	0	0	0	0	0	0	0	0	0	0	0	0	0	0	0	0	0	1	0	0	0	0	0	0	0	0	0	0	0	0	0	0	0	0	0	0	0	0	0	0	0	0	0	0	0	0	0	0	0	0	1	0	0	0	0	0	0	0	0	0	0	0	0	0	0	0	0	0	0
L7	ERR1200608	57	0	0	0	0	0	0	0	0	0	0	0	0	0	0	0	0	0	0	0	0	0	0	0	0	0	0	0	0	0	0	0	0	0	0	0	0	0	0	0	0	0	0	0	0	0	0	0	0	0	0	0	0	0	0	0	0	0	0	0	0	0	0	0	0	0	0	0	0	0	0	0	0	0	0	0	0	0	0	0	0	0	0	0	0	0	0	0	0	0	0	0	0	0	0	0	0	0	0
L7	ERR1971849	57	120	0	0	1	3	0	2	2	6	1	1	1	3	1	1	1	1	0	0	0	0	1	0	0	2	0	2	0	1	1	0	2	0	0	2	3	5	0	4	4	5	1	5	6	11	2	0	4	1	0	0	1	0	0	0	0	0	0	0	0	0	0	0	0	1	1	0	2	2	1	1	0	1	1	1	2	5	1	0	1	1	0	0	0	1	0	0	4	1	1	1	0	1	0	0	1	2	0
L7	SRR33750182	57	29	0	0	0	0	0	0	1	0	0	0	0	0	1	0	0	1	0	0	1	0	0	0	0	0	0	0	0	0	1	0	0	0	0	0	1	1	1	2	0	2	1	1	1	1	0	0	1	3	0	0	1	0	0	0	0	0	0	0	0	0	0	0	0	0	0	0	1	0	0	0	0	0	0	0	1	0	0	0	0	0	0	0	0	0	0	0	0	2	0	0	3	1	0	0	0	0	0
L7	SRR18911237	57	0	0	0	0	0	0	0	0	0	0	0	0	0	0	0	0	0	0	0	0	0	0	0	0	0	0	0	0	0	0	0	0	0	0	0	0	0	0	0	0	0	0	0	0	0	0	0	0	0	0	0	0	0	0	0	0	0	0	0	0	0	0	0	0	0	0	0	0	0	0	0	0	0	0	0	0	0	0	0	0	0	0	0	0	0	0	0	0	0	0	0	0	0	0	0	0	0	0
L7	ERR2704710	57	0	0	0	0	0	0	0	0	0	0	0	0	0	0	0	0	0	0	0	0	0	0	0	0	0	0	0	0	0	0	0	0	0	0	0	0	0	0	0	0	0	0	0	0	0	0	0	0	0	0	0	0	0	0	0	0	0	0	0	0	0	0	0	0	0	0	0	0	0	0	0	0	0	0	0	0	0	0	0	0	0	0	0	0	0	0	0	0	0	0	0	0	0	0	0	0	0	0
L7	ERR1971855	57	23	0	0	0	0	0	1	0	0	0	0	1	0	0	0	0	0	0	0	0	0	1	0	0	0	0	0	0	0	0	0	0	0	0	0	1	2	1	1	0	0	1	1	2	2	1	1	2	1	0	0	0	0	0	0	0	0	0	0	1	0	0	0	0	0	0	0	0	0	0	0	0	0	0	0	0	0	1	0	0	0	0	0	0	0	0	0	0	0	1	0	1	0	0	0	0	0	0
L7	ERR1971874	57	92	0	0	0	0	0	0	0	5	0	1	3	2	1	0	0	2	0	0	1	1	0	0	1	0	0	0	0	0	0	1	1	1	0	2	4	6	2	3	1	2	4	4	5	7	0	2	3	2	1	0	0	0	0	0	0	0	0	0	0	0	0	0	0	0	0	0	0	1	0	0	0	1	1	1	2	3	1	0	1	0	1	0	0	2	0	0	2	0	3	0	1	2	0	1	1	0	0
L7	ERR11044943	57	39	0	0	0	0	0	0	1	0	0	1	0	1	1	0	1	0	0	0	0	0	0	0	0	0	0	1	0	0	1	0	0	0	0	0	2	2	1	1	1	3	0	1	1	4	1	0	1	0	0	0	1	0	0	0	0	0	0	0	0	0	0	0	0	0	0	0	1	0	1	0	0	1	0	0	0	0	1	0	0	1	0	0	0	0	0	0	1	1	1	0	2	0	1	0	0	2	0
L7	ERR11049146	57	8	0	0	0	0	0	0	0	1	0	0	0	0	0	0	0	0	0	0	0	0	0	0	0	0	0	0	0	0	0	1	0	0	0	0	0	0	0	0	0	2	0	0	2	0	0	0	1	0	0	0	0	0	0	0	0	0	0	0	0	0	0	0	0	0	0	0	0	0	0	0	0	0	0	0	0	0	0	0	0	0	0	0	0	0	0	0	0	0	0	0	0	0	1	0	0	0	0
L7	ERR1971872	57	38	0	0	1	0	1	0	0	2	0	1	1	0	0	0	0	0	0	0	0	0	0	1	0	0	0	0	1	0	1	0	0	0	0	0	1	1	0	2	1	2	1	1	1	2	1	0	0	4	1	0	0	0	0	0	0	0	0	0	0	0	0	0	0	1	0	0	1	0	0	0	0	0	0	1	1	3	0	0	0	1	0	0	0	0	0	0	0	0	1	0	1	0	0	0	1	0	0
L7	ERR234681	57	9	0	0	0	1	0	0	0	0	0	0	0	2	0	0	0	0	0	0	0	0	0	0	0	0	0	0	0	0	0	0	0	0	0	0	0	2	0	0	0	0	0	0	0	1	0	0	0	0	0	0	0	0	0	0	0	0	0	0	0	0	0	0	0	0	0	0	0	1	1	0	0	0	0	0	0	0	0	0	0	0	0	0	0	1	0	0	0	0	0	0	0	0	0	0	0	0	0
L7	ERR1200625	57	0	0	0	0	0	0	0	0	0	0	0	0	0	0	0	0	0	0	0	0	0	0	0	0	0	0	0	0	0	0	0	0	0	0	0	0	0	0	0	0	0	0	0	0	0	0	0	0	0	0	0	0	0	0	0	0	0	0	0	0	0	0	0	0	0	0	0	0	0	0	0	0	0	0	0	0	0	0	0	0	0	0	0	0	0	0	0	0	0	0	0	0	0	0	0	0	0	0
L7	ERR2704711	57	0	0	0	0	0	0	0	0	0	0	0	0	0	0	0	0	0	0	0	0	0	0	0	0	0	0	0	0	0	0	0	0	0	0	0	0	0	0	0	0	0	0	0	0	0	0	0	0	0	0	0	0	0	0	0	0	0	0	0	0	0	0	0	0	0	0	0	0	0	0	0	0	0	0	0	0	0	0	0	0	0	0	0	0	0	0	0	0	0	0	0	0	0	0	0	0	0	0
L7	ERR1971857	57	30	0	0	0	1	0	1	0	1	0	0	0	0	0	0	0	1	0	0	0	0	0	0	0	0	0	1	0	0	1	0	2	0	0	0	0	0	1	0	0	1	0	0	2	0	1	0	0	0	0	0	0	0	0	0	0	0	0	0	0	0	0	0	0	0	0	0	0	0	0	0	0	2	0	1	2	2	1	0	0	0	0	1	0	0	0	0	1	1	2	0	1	1	1	0	1	0	0
L7	ERR1971862	57	39	0	0	0	0	0	0	0	0	0	0	1	1	0	0	0	0	0	1	2	1	0	0	0	0	0	0	0	0	0	0	0	1	1	2	1	4	0	3	1	1	3	0	1	0	1	0	1	1	0	0	0	0	0	0	0	0	0	0	0	0	0	0	0	0	0	0	0	2	0	0	0	0	1	0	2	3	0	0	0	0	0	0	1	1	0	0	0	0	0	0	1	0	0	0	1	0	0
L7	ERR159958	57	0	0	0	0	0	0	0	0	0	0	0	0	0	0	0	0	0	0	0	0	0	0	0	0	0	0	0	0	0	0	0	0	0	0	0	0	0	0	0	0	0	0	0	0	0	0	0	0	0	0	0	0	0	0	0	0	0	0	0	0	0	0	0	0	0	0	0	0	0	0	0	0	0	0	0	0	0	0	0	0	0	0	0	0	0	0	0	0	0	0	0	0	0	0	0	0	0	0
L7	ERR1971865	57	18	0	0	0	1	0	1	1	0	0	0	0	0	0	0	0	0	0	0	0	0	0	0	0	0	0	0	0	0	0	0	0	0	0	0	0	0	0	0	0	1	0	0	4	0	1	0	0	2	1	0	0	0	0	0	0	0	0	0	0	0	0	0	0	0	0	0	0	0	0	0	1	0	0	0	1	2	1	0	0	0	0	0	0	0	0	0	0	0	0	1	0	0	0	0	0	0	0
L7	ERR1200613	57	13	0	0	0	0	0	0	0	0	1	0	0	1	0	0	0	2	0	0	0	0	0	0	0	0	0	0	1	0	0	0	0	0	0	0	0	0	0	0	0	2	0	0	0	0	0	0	0	0	1	0	0	0	0	0	0	0	0	0	0	0	0	0	0	0	0	0	0	0	0	0	0	0	0	0	1	1	1	0	1	0	0	0	1	0	0	0	0	0	0	0	0	0	0	0	0	0	0
L7	ERR233346	57	29	0	0	0	2	0	1	1	1	0	1	2	1	0	0	0	0	0	0	0	0	0	0	0	0	0	0	0	1	0	0	1	0	0	1	0	0	0	0	1	3	0	2	1	2	0	1	0	0	0	0	0	0	0	0	0	0	0	0	0	0	0	0	0	0	0	0	0	0	0	0	0	1	0	0	0	0	0	0	0	1	0	0	0	0	0	1	0	0	1	0	1	1	0	0	0	1	0
L7	ERR1200617	57	73	0	1	2	1	0	0	2	1	1	0	2	2	0	0	0	2	0	0	0	0	0	3	1	0	0	0	0	0	0	1	1	1	0	2	1	4	0	1	2	3	0	0	2	4	1	0	1	1	0	0	0	0	0	0	0	1	0	0	0	0	0	0	0	0	0	0	1	2	1	0	1	1	0	1	0	6	1	1	1	2	0	0	1	0	0	2	0	2	0	1	2	0	0	0	3	0	0
L7	ERR11068585	57	39	0	0	0	1	0	0	0	2	0	1	1	0	0	0	0	0	0	0	2	0	1	0	0	0	0	0	1	0	0	0	0	0	0	0	2	0	0	0	1	3	2	0	2	1	2	1	0	2	0	0	0	0	0	0	0	0	0	0	0	0	0	0	0	0	0	0	0	0	0	0	0	0	1	0	1	1	1	0	0	0	0	0	0	0	1	0	2	1	1	1	3	0	1	0	0	0	0
L7	ERR1200640	57	24	0	0	0	0	0	0	0	0	0	0	0	2	0	0	0	0	0	0	1	0	0	0	0	1	0	0	0	1	0	0	0	1	0	0	0	1	1	1	1	2	0	1	0	3	0	1	2	0	0	0	0	0	0	0	0	0	0	0	0	0	0	0	0	0	0	0	0	0	0	0	1	0	0	0	0	1	0	0	0	0	0	0	0	0	0	0	1	1	0	1	0	0	0	0	0	0	0
L7	ERR1200631	57	52	0	0	0	0	0	0	0	0	0	1	1	2	0	1	0	0	0	0	0	0	0	0	0	0	0	1	0	1	0	0	0	0	0	1	3	1	0	0	2	3	1	1	2	5	2	0	4	0	0	0	0	0	0	0	0	0	0	0	0	0	0	0	0	0	0	0	1	1	0	0	0	1	0	0	1	1	2	2	0	0	0	0	3	0	0	1	3	1	0	0	0	3	0	0	0	0	0
L7	ERR159959	57	11	0	0	0	0	0	0	2	0	0	0	0	0	0	0	0	0	2	0	0	0	0	0	0	0	0	0	0	0	1	0	0	0	0	0	0	0	0	0	0	2	0	0	0	2	0	0	0	0	0	0	0	0	0	0	0	0	0	0	0	0	0	0	0	0	0	0	0	0	0	0	0	0	0	0	0	0	0	0	0	0	0	0	0	0	0	0	0	0	0	0	0	1	0	0	1	0	0
L7	ERR1200602	57	39	0	1	0	0	0	0	0	0	0	0	1	1	0	0	0	0	0	0	0	0	0	1	0	0	1	0	0	1	0	0	0	0	0	1	0	1	0	4	0	2	0	3	5	3	1	1	1	1	1	0	0	0	0	0	0	0	0	0	0	0	0	0	0	0	0	0	1	0	0	0	0	0	0	1	0	1	0	0	0	0	0	0	0	0	0	0	2	0	0	0	1	1	0	1	1	0	0
L7	ERR1971869	57	8	0	0	0	0	0	0	0	1	0	0	0	0	0	0	0	0	0	0	0	0	0	0	0	0	0	0	0	0	0	0	0	0	0	1	0	0	0	0	0	2	0	0	0	1	1	0	0	0	0	0	0	0	0	0	0	0	0	0	0	0	0	0	0	0	0	0	0	0	0	0	0	0	0	0	0	0	0	0	0	1	0	0	0	0	1	0	0	0	0	0	0	0	0	0	0	0	0
L7	ERR3323719	57	0	0	0	0	0	0	0	0	0	0	0	0	0	0	0	0	0	0	0	0	0	0	0	0	0	0	0	0	0	0	0	0	0	0	0	0	0	0	0	0	0	0	0	0	0	0	0	0	0	0	0	0	0	0	0	0	0	0	0	0	0	0	0	0	0	0	0	0	0	0	0	0	0	0	0	0	0	0	0	0	0	0	0	0	0	0	0	0	0	0	0	0	0	0	0	0	0	0
L7	ERR1200612	57	15	0	0	0	0	0	1	0	0	1	0	0	1	0	0	0	0	0	0	0	0	0	0	0	0	0	0	0	0	1	0	0	0	0	0	0	0	0	0	0	2	1	0	2	1	0	0	0	1	0	0	0	0	0	0	0	0	0	0	0	0	0	0	0	0	0	0	1	0	0	0	0	0	0	0	0	0	0	0	0	0	0	0	0	0	1	0	0	0	0	0	0	0	0	0	1	1	0
L7	ERR1971863	57	44	0	0	0	0	1	1	2	2	0	1	0	1	0	0	0	0	0	0	1	0	0	0	0	1	0	0	2	1	0	1	0	1	0	0	0	1	0	1	2	1	0	0	2	4	1	1	0	2	0	0	0	0	0	0	0	0	0	0	0	0	0	0	0	0	0	0	2	1	0	0	0	0	0	0	0	3	0	0	0	2	0	0	1	0	0	0	0	1	0	0	1	0	1	0	2	0	0
L7	ERR756348	57	24	0	0	0	0	0	0	0	1	0	0	0	1	0	0	0	0	0	0	1	0	0	0	0	1	0	0	1	0	0	0	0	0	0	0	1	1	0	0	1	1	0	2	1	4	0	2	0	1	1	0	0	0	0	0	0	0	0	0	0	0	0	0	0	0	0	0	0	1	0	0	0	0	0	0	0	0	0	0	0	1	0	0	0	0	0	0	0	0	0	0	1	0	1	0	0	0	0
L7	ERR1200606	57	35	0	0	0	0	0	0	0	0	0	2	0	1	1	0	0	0	0	0	0	1	0	0	0	0	0	0	0	1	0	0	0	0	0	2	3	2	0	0	2	0	0	1	2	2	1	1	0	1	0	0	1	0	0	0	0	0	0	0	0	0	0	0	1	0	0	0	0	1	0	0	0	0	0	2	1	2	1	0	0	0	0	0	0	0	0	0	0	0	0	0	1	1	0	0	1	0	0
L7	ERR1971876	57	15	0	1	1	0	0	0	0	1	0	0	0	0	0	0	0	0	0	0	0	0	1	0	0	0	0	0	0	0	0	0	0	0	0	0	1	0	1	0	0	0	0	0	2	0	0	1	0	1	1	0	0	0	0	0	0	0	0	0	0	0	0	0	0	0	0	0	0	1	0	0	0	0	0	0	0	0	0	0	1	0	0	0	0	0	0	0	0	0	0	0	0	0	0	0	2	0	0
L7	ERR13267563	57	33	0	0	0	1	0	1	0	0	0	0	1	1	0	0	0	0	0	0	0	0	0	1	0	0	0	0	0	0	0	0	0	0	0	1	0	1	0	2	1	2	0	2	1	0	1	1	0	0	0	0	0	0	0	0	0	0	0	0	0	0	0	0	0	0	0	0	2	0	0	0	0	0	0	0	4	0	1	0	0	0	0	0	3	0	0	0	3	0	0	0	1	1	0	0	0	0	1
L7	ERR1200610	57	17	0	1	1	0	0	0	0	1	0	0	0	0	0	0	0	0	0	0	1	0	0	0	0	0	0	0	0	0	0	0	0	0	0	0	1	0	0	0	2	0	1	0	0	1	0	0	1	0	0	0	0	0	0	0	0	0	0	0	0	0	0	0	0	0	0	0	0	0	0	0	0	0	0	0	0	0	0	0	1	0	0	0	0	0	0	0	1	0	1	0	0	1	1	0	1	1	0
L7	ERR756345	57	22	0	0	0	0	0	0	1	0	0	0	0	1	0	0	0	1	0	0	0	0	0	0	0	0	0	0	1	0	0	0	0	0	0	0	0	1	0	0	0	0	0	1	1	0	2	0	2	0	0	0	0	0	0	0	0	0	1	0	0	0	0	0	0	0	0	0	1	0	0	0	0	0	0	0	0	0	0	1	0	2	0	0	1	0	0	0	0	0	0	0	0	0	1	0	4	0	0
L7	ERR1200623	57	0	0	0	0	0	0	0	0	0	0	0	0	0	0	0	0	0	0	0	0	0	0	0	0	0	0	0	0	0	0	0	0	0	0	0	0	0	0	0	0	0	0	0	0	0	0	0	0	0	0	0	0	0	0	0	0	0	0	0	0	0	0	0	0	0	0	0	0	0	0	0	0	0	0	0	0	0	0	0	0	0	0	0	0	0	0	0	0	0	0	0	0	0	0	0	0	0	0
L7	ERR1971866	57	0	0	0	0	0	0	0	0	0	0	0	0	0	0	0	0	0	0	0	0	0	0	0	0	0	0	0	0	0	0	0	0	0	0	0	0	0	0	0	0	0	0	0	0	0	0	0	0	0	0	0	0	0	0	0	0	0	0	0	0	0	0	0	0	0	0	0	0	0	0	0	0	0	0	0	0	0	0	0	0	0	0	0	0	0	0	0	0	0	0	0	0	0	0	0	0	0	0
L7	ERR181435	57	46	0	2	1	0	0	1	0	0	0	1	3	0	0	1	0	0	0	0	1	1	0	0	0	0	0	1	0	0	0	0	0	0	1	1	1	1	0	0	0	1	1	2	3	5	0	2	1	2	1	0	0	0	0	0	0	0	0	0	0	0	0	0	0	0	0	0	0	1	0	0	0	1	0	0	0	1	0	0	0	0	0	0	0	0	0	0	2	1	1	1	2	0	0	0	1	1	0
L7	ERR1971858	57	20	0	0	0	0	0	0	0	0	0	1	3	0	1	0	0	0	0	0	0	0	0	0	0	0	0	0	0	0	1	0	0	0	0	0	0	1	1	0	1	2	0	0	1	1	1	0	1	1	0	0	1	0	0	0	0	0	0	0	0	0	0	0	0	0	0	0	0	0	0	0	0	0	0	0	0	0	0	0	1	0	0	1	0	0	0	0	0	0	0	0	0	1	0	0	0	0	0
L7	ERR13292281	57	0	0	0	0	0	0	0	0	0	0	0	0	0	0	0	0	0	0	0	0	0	0	0	0	0	0	0	0	0	0	0	0	0	0	0	0	0	0	0	0	0	0	0	0	0	0	0	0	0	0	0	0	0	0	0	0	0	0	0	0	0	0	0	0	0	0	0	0	0	0	0	0	0	0	0	0	0	0	0	0	0	0	0	0	0	0	0	0	0	0	0	0	0	0	0	0	0	0
L7	ERR1971853	57	19	0	1	0	0	0	0	0	0	0	0	0	1	0	0	1	0	0	0	0	0	0	0	0	0	0	0	0	0	0	0	0	0	0	0	0	2	0	2	0	1	0	0	0	2	1	0	1	0	0	0	0	0	0	0	0	0	0	0	0	0	0	0	0	0	0	0	0	1	0	0	0	0	0	0	0	0	0	0	0	0	0	0	1	0	0	0	1	1	0	0	2	0	1	0	0	0	0
L7	ERR1971859	57	14	0	0	0	1	0	0	0	0	0	0	0	0	0	0	0	0	0	0	0	0	0	0	0	0	0	0	0	0	1	0	0	0	0	0	0	1	0	1	0	0	0	1	1	0	0	0	1	0	0	0	0	0	0	0	0	0	0	0	0	0	0	0	0	0	0	0	0	1	0	0	0	0	0	0	3	0	0	0	1	0	0	0	0	1	0	0	0	0	0	0	0	0	0	0	1	0	0
L7	ERR1971860	57	8	0	1	0	0	0	0	0	0	0	0	0	1	0	0	0	0	0	0	0	0	0	0	0	0	0	0	0	0	0	0	0	0	0	0	0	0	0	1	0	2	0	0	0	0	0	0	0	0	0	0	0	0	0	0	0	0	0	0	0	0	0	0	0	0	0	0	0	0	0	0	0	0	0	0	0	0	0	0	0	0	0	0	0	0	0	0	1	0	0	0	1	0	0	0	1	0	0
L7	ERR1200634	57	0	0	0	0	0	0	0	0	0	0	0	0	0	0	0	0	0	0	0	0	0	0	0	0	0	0	0	0	0	0	0	0	0	0	0	0	0	0	0	0	0	0	0	0	0	0	0	0	0	0	0	0	0	0	0	0	0	0	0	0	0	0	0	0	0	0	0	0	0	0	0	0	0	0	0	0	0	0	0	0	0	0	0	0	0	0	0	0	0	0	0	0	0	0	0	0	0	0
L7	ERR11068109	57	24	0	0	0	0	0	0	0	0	0	0	0	0	0	0	0	0	0	0	0	0	0	1	1	0	0	0	0	1	1	0	0	0	0	0	0	2	0	2	1	1	0	1	1	1	0	0	1	0	0	0	0	0	0	0	0	0	0	0	0	0	0	0	0	0	0	0	0	0	0	0	0	1	0	0	2	1	1	0	0	0	0	0	1	0	0	0	0	0	1	1	0	1	1	0	0	0	0
L7	ERR1971854	57	7	0	0	0	0	0	0	0	0	0	0	0	0	0	0	0	0	0	0	0	0	0	0	0	0	0	0	1	0	0	0	0	0	0	1	0	0	0	0	0	0	1	0	0	1	0	0	0	1	0	0	0	0	0	0	0	0	0	0	0	0	0	0	0	0	0	0	0	1	0	0	0	0	0	0	1	0	0	0	0	0	0	0	0	0	0	0	0	0	0	0	0	0	0	0	0	0	0
L7	ERR400415	57	3	0	0	0	0	0	1	0	0	0	0	0	0	0	0	0	0	0	0	0	1	0	0	0	0	1	0	0	0	0	0	0	0	0	0	0	0	0	0	0	0	0	0	0	0	0	0	0	0	0	0	0	0	0	0	0	0	0	0	0	0	0	0	0	0	0	0	0	0	0	0	0	0	0	0	0	0	0	0	0	0	0	0	0	0	0	0	0	0	0	0	0	0	0	0	0	0	0
L7	ERR1971850	57	18	0	0	0	0	0	0	0	0	0	1	0	0	0	0	0	0	0	0	0	0	0	0	0	0	0	1	0	0	0	1	1	0	0	0	0	0	0	1	0	1	1	0	0	1	4	0	1	0	0	0	0	0	0	0	0	0	0	0	0	0	0	0	0	0	0	0	1	0	0	0	0	0	0	0	0	0	0	0	0	0	0	0	0	0	0	0	0	1	0	0	1	1	0	0	0	0	1
L7	SRR30519478	57	91	0	1	1	3	0	0	0	3	0	1	4	3	1	0	0	0	1	0	1	0	0	2	0	0	0	0	0	0	0	1	0	0	0	1	1	2	2	4	1	9	0	5	5	5	2	1	1	2	2	0	0	0	0	0	0	1	0	0	1	0	0	0	0	0	0	0	1	0	1	0	1	1	0	0	2	0	1	0	0	2	1	0	0	0	0	0	0	2	0	3	1	1	3	1	2	1	0
L8	SRR1173284	4	12	0	0	0	0	0	0	0	0	0	1	0	0	0	0	1	1	0	0	0	0	0	0	0	0	0	0	0	0	0	0	0	0	0	0	1	0	0	0	0	0	1	0	1	1	0	1	0	0	0	0	0	0	0	0	0	0	0	0	0	0	0	0	0	0	0	0	0	0	0	1	0	0	0	0	0	0	0	0	0	1	0	0	0	0	0	0	0	0	0	0	1	1	0	0	0	0	0
L8	ERR12115321	4	0	0	0	0	0	0	0	0	0	0	0	0	0	0	0	0	0	0	0	0	0	0	0	0	0	0	0	0	0	0	0	0	0	0	0	0	0	0	0	0	0	0	0	0	0	0	0	0	0	0	0	0	0	0	0	0	0	0	0	0	0	0	0	0	0	0	0	0	0	0	0	0	0	0	0	0	0	0	0	0	0	0	0	0	0	0	0	0	0	0	0	0	0	0	0	0	0	0
L8	SRR10828835	4	0	0	0	0	0	0	0	0	0	0	0	0	0	0	0	0	0	0	0	0	0	0	0	0	0	0	0	0	0	0	0	0	0	0	0	0	0	0	0	0	0	0	0	0	0	0	0	0	0	0	0	0	0	0	0	0	0	0	0	0	0	0	0	0	0	0	0	0	0	0	0	0	0	0	0	0	0	0	0	0	0	0	0	0	0	0	0	0	0	0	0	0	0	0	0	0	0	0
L8	SRR1173725	4	2	0	0	0	0	0	0	0	0	0	0	0	0	0	0	0	0	0	0	0	0	0	0	0	0	0	0	0	0	0	0	0	0	0	0	0	0	0	0	0	0	1	1	0	0	0	0	0	0	0	0	0	0	0	0	0	0	0	0	0	0	0	0	0	0	0	0	0	0	0	0	0	0	0	0	0	0	0	0	0	0	0	0	0	0	0	0	0	0	0	0	0	0	0	0	0	0	0
L9	ERR181314	36	245	0	1	3	2	0	2	3	6	0	4	3	9	2	1	1	3	0	1	1	1	2	0	1	2	1	0	3	1	0	0	0	0	1	4	13	13	1	4	9	22	3	4	21	15	6	3	6	9	6	0	1	0	0	1	0	2	3	0	0	0	0	0	0	1	0	1	3	3	1	0	3	1	3	2	4	6	3	1	1	3	0	0	1	1	0	0	2	1	0	0	2	1	0	0	1	0	0
L9	ERR4192405	36	65	0	2	1	0	0	1	1	1	0	1	0	1	1	0	0	0	0	0	0	0	0	0	0	1	1	0	1	2	0	1	0	2	0	1	1	2	0	7	0	3	0	0	1	3	2	2	3	5	1	0	0	0	0	0	0	1	0	0	0	0	0	0	0	1	0	0	0	0	0	0	2	1	1	2	3	0	1	0	0	0	0	0	0	0	0	0	2	0	0	0	2	1	0	0	0	0	0
L9	ERR11067436	36	36	0	0	0	0	0	0	0	3	0	0	1	0	1	0	0	0	1	1	0	0	0	0	0	0	1	0	1	1	0	0	0	0	0	1	1	3	0	0	0	6	2	0	0	1	1	1	0	4	0	0	0	0	0	0	0	0	0	0	0	0	0	0	0	0	0	0	0	0	0	0	0	1	1	0	0	0	1	0	0	0	0	0	0	0	0	0	0	0	0	0	3	0	0	0	0	0	0
L9	ERR5336156	36	34	0	0	0	0	0	0	0	2	0	1	2	0	0	1	0	0	0	0	0	0	0	0	1	1	0	0	1	0	1	0	0	0	0	2	1	0	0	2	1	3	0	5	1	1	2	1	0	1	0	0	0	0	0	0	0	0	0	0	0	0	0	0	0	0	0	0	0	0	0	1	0	0	0	2	1	0	0	0	0	0	0	0	0	0	0	0	0	0	0	0	0	0	0	0	0	0	0
L9	SRR24827312	36	0	0	0	0	0	0	0	0	0	0	0	0	0	0	0	0	0	0	0	0	0	0	0	0	0	0	0	0	0	0	0	0	0	0	0	0	0	0	0	0	0	0	0	0	0	0	0	0	0	0	0	0	0	0	0	0	0	0	0	0	0	0	0	0	0	0	0	0	0	0	0	0	0	0	0	0	0	0	0	0	0	0	0	0	0	0	0	0	0	0	0	0	0	0	0	0	0	0
L9	ERR4162024	36	0	0	0	0	0	0	0	0	0	0	0	0	0	0	0	0	0	0	0	0	0	0	0	0	0	0	0	0	0	0	0	0	0	0	0	0	0	0	0	0	0	0	0	0	0	0	0	0	0	0	0	0	0	0	0	0	0	0	0	0	0	0	0	0	0	0	0	0	0	0	0	0	0	0	0	0	0	0	0	0	0	0	0	0	0	0	0	0	0	0	0	0	0	0	0	0	0	0
L9	ERR11068658	36	0	0	0	0	0	0	0	0	0	0	0	0	0	0	0	0	0	0	0	0	0	0	0	0	0	0	0	0	0	0	0	0	0	0	0	0	0	0	0	0	0	0	0	0	0	0	0	0	0	0	0	0	0	0	0	0	0	0	0	0	0	0	0	0	0	0	0	0	0	0	0	0	0	0	0	0	0	0	0	0	0	0	0	0	0	0	0	0	0	0	0	0	0	0	0	0	0	0
L9	ERR11067662	36	0	0	0	0	0	0	0	0	0	0	0	0	0	0	0	0	0	0	0	0	0	0	0	0	0	0	0	0	0	0	0	0	0	0	0	0	0	0	0	0	0	0	0	0	0	0	0	0	0	0	0	0	0	0	0	0	0	0	0	0	0	0	0	0	0	0	0	0	0	0	0	0	0	0	0	0	0	0	0	0	0	0	0	0	0	0	0	0	0	0	0	0	0	0	0	0	0	0
L9	SRR29440608	36	103	0	1	0	1	0	1	2	2	0	0	2	2	0	1	1	1	0	0	0	0	0	0	1	0	0	0	1	0	1	0	0	1	1	3	4	4	2	1	2	8	6	8	3	7	4	0	2	6	1	0	1	0	0	0	0	1	1	0	0	0	0	0	0	0	0	0	1	2	0	0	2	0	0	1	1	4	1	0	0	1	0	0	0	0	0	0	1	2	0	0	0	1	1	0	0	2	0
L9	SRR27450487	36	72	0	1	0	2	0	1	1	1	0	0	0	0	0	2	0	0	0	0	0	0	0	0	0	0	0	0	0	1	0	0	1	0	0	2	4	3	1	1	3	6	2	3	7	4	1	3	0	5	1	0	1	0	0	0	0	0	0	0	0	0	0	0	1	0	0	1	0	1	0	0	0	0	0	1	1	3	2	1	0	1	0	0	0	0	0	0	0	0	0	1	0	2	0	0	0	0	0
L9	SRR33868735	36	18	0	1	0	0	0	0	0	0	0	0	0	0	0	0	0	0	0	0	0	0	0	0	0	0	1	0	1	0	0	0	0	0	0	0	0	1	1	1	1	1	1	1	1	1	0	0	1	2	0	0	0	0	0	0	0	0	0	0	0	0	0	0	0	0	0	0	0	0	0	0	0	0	0	0	2	0	0	0	0	0	0	0	0	0	0	0	0	1	0	0	0	0	0	0	0	0	0
L9	ERR11050611	36	71	0	0	2	0	0	0	1	1	0	0	1	0	1	0	0	0	0	0	0	0	0	1	0	0	1	1	0	2	0	0	1	1	0	0	4	4	0	3	3	7	2	2	3	9	2	1	1	4	0	0	0	0	0	0	0	0	0	0	0	0	0	0	0	0	0	0	1	0	1	0	2	1	1	0	1	2	0	0	0	2	0	0	0	0	0	0	1	0	0	0	0	0	0	0	0	1	0
L9	ERR5336149	36	102	0	0	2	1	1	1	0	4	0	1	2	5	0	1	1	1	1	1	1	0	0	1	0	0	0	0	1	0	0	0	2	1	0	2	3	4	0	8	1	10	2	3	4	6	4	5	0	2	1	0	0	0	0	0	0	0	0	0	0	0	0	0	0	0	0	0	1	1	0	0	0	1	0	3	5	0	1	1	1	1	0	0	0	0	0	0	1	1	0	0	0	1	1	0	0	0	0
L9	ERR11049065	36	8	0	0	0	0	0	0	0	1	0	0	0	1	0	0	0	0	0	0	0	0	0	0	0	0	0	0	0	0	0	0	0	0	0	0	0	0	1	0	0	0	0	1	0	1	0	0	0	1	0	0	0	0	0	0	0	0	0	0	0	1	0	0	0	1	0	0	0	0	0	0	0	0	0	0	0	0	0	0	0	0	0	0	0	0	0	0	0	0	0	0	0	0	0	0	0	0	0
L9	ERR11050686	36	0	0	0	0	0	0	0	0	0	0	0	0	0	0	0	0	0	0	0	0	0	0	0	0	0	0	0	0	0	0	0	0	0	0	0	0	0	0	0	0	0	0	0	0	0	0	0	0	0	0	0	0	0	0	0	0	0	0	0	0	0	0	0	0	0	0	0	0	0	0	0	0	0	0	0	0	0	0	0	0	0	0	0	0	0	0	0	0	0	0	0	0	0	0	0	0	0	0
L9	SRR33568782	36	54	0	0	0	0	0	0	0	3	0	0	2	1	0	0	0	0	0	0	1	1	0	0	1	0	0	1	0	1	0	0	0	0	0	1	7	0	0	3	4	5	3	2	4	1	0	0	2	4	0	0	0	0	0	0	0	1	0	0	0	0	0	0	0	0	0	0	0	0	0	0	0	0	0	1	0	1	1	0	0	1	0	0	0	0	0	0	0	0	0	0	2	0	0	0	0	0	0
L9	SRR29441077	36	16	0	0	0	1	0	0	1	0	0	0	0	1	0	0	0	0	0	0	0	0	0	0	0	0	0	0	0	0	0	1	0	0	0	0	2	0	0	0	0	0	0	1	0	2	1	0	1	0	1	0	0	0	0	0	0	0	0	0	0	0	1	0	0	0	0	0	1	0	0	0	0	0	0	0	0	0	0	0	0	1	0	0	0	0	1	0	0	0	0	0	0	0	0	0	0	0	0
L9	ERR12268344	36	104	0	2	0	1	0	1	0	1	0	0	3	2	0	0	0	0	0	0	0	1	0	1	1	1	0	0	1	1	0	1	0	0	0	2	5	6	4	8	4	8	3	3	6	12	3	2	2	2	3	0	0	0	0	0	1	0	0	0	0	0	0	0	0	0	0	0	0	0	0	1	0	1	0	1	1	2	2	0	1	0	0	0	0	0	0	1	1	0	0	0	0	1	1	0	0	0	0
L9	ERR5336155	36	93	0	0	3	1	2	0	0	2	0	1	3	1	2	0	0	0	0	0	0	0	0	0	0	0	0	0	1	0	0	1	0	0	0	2	6	11	2	3	3	7	1	5	4	2	3	1	3	5	5	0	0	0	0	0	0	0	0	0	0	0	0	0	0	0	0	0	2	0	0	0	0	0	1	1	2	1	1	0	0	1	0	0	0	0	0	0	1	0	0	0	1	1	0	0	0	1	0
L9	ERR11049704	36	1	0	0	0	0	0	0	0	0	0	0	0	0	0	0	0	0	0	0	0	0	0	0	0	0	0	0	0	0	0	0	0	0	0	0	0	0	0	1	0	0	0	0	0	0	0	0	0	0	0	0	0	0	0	0	0	0	0	0	0	0	0	0	0	0	0	0	0	0	0	0	0	0	0	0	0	0	0	0	0	0	0	0	0	0	0	0	0	0	0	0	0	0	0	0	0	0	0
L9	ERR2514391	36	39	0	0	2	2	0	0	0	0	0	1	1	1	0	0	0	0	0	0	0	0	0	0	0	0	0	0	1	2	0	0	0	0	0	0	2	2	0	2	2	3	1	0	5	2	0	0	0	2	0	0	0	0	0	0	0	0	0	0	0	0	0	0	0	0	0	0	0	2	0	0	0	1	0	1	1	0	0	0	0	0	0	0	0	0	0	0	0	1	0	0	0	1	1	0	0	0	0
L9	ERR11068147	36	1	0	0	0	0	0	0	0	0	1	0	0	0	0	0	0	0	0	0	0	0	0	0	0	0	0	0	0	0	0	0	0	0	0	0	0	0	0	0	0	0	0	0	0	0	0	0	0	0	0	0	0	0	0	0	0	0	0	0	0	0	0	0	0	0	0	0	0	0	0	0	0	0	0	0	0	0	0	0	0	0	0	0	0	0	0	0	0	0	0	0	0	0	0	0	0	0	0
L9	SRR28868537	36	68	0	0	1	1	0	1	0	0	0	2	0	0	1	0	0	1	0	1	0	0	0	0	1	0	0	0	0	0	1	0	0	0	0	2	2	2	1	3	4	4	2	1	4	5	3	3	0	3	1	0	0	0	0	0	0	0	0	0	0	0	0	0	0	0	0	1	1	0	0	0	1	1	0	0	2	1	0	0	1	0	0	0	0	1	0	1	0	0	1	0	2	2	2	0	0	0	1
L9	ERR4192384	36	70	0	1	1	0	0	0	0	3	0	0	1	1	0	0	0	1	0	0	0	0	0	0	2	1	0	0	0	0	0	0	0	1	0	1	4	4	1	3	1	8	1	4	2	10	2	0	1	3	0	0	0	0	0	0	0	0	0	0	0	1	0	0	0	0	0	1	2	2	0	0	0	2	0	0	0	2	0	0	0	0	0	0	0	0	0	0	0	2	0	0	1	0	0	0	0	0	0
L9	SRR7069552	36	114	0	1	4	4	0	0	0	1	0	2	2	1	0	0	0	0	0	0	1	1	0	0	2	1	1	0	1	3	2	0	0	1	1	1	3	13	2	6	3	7	3	4	4	7	0	4	3	4	0	0	0	0	0	0	0	0	0	0	0	0	0	0	0	0	0	0	0	1	0	1	0	0	0	1	2	2	1	0	1	1	0	0	0	0	0	1	0	1	2	1	1	1	1	0	2	1	0
L9	ERR11068827	36	74	0	0	0	0	0	1	0	2	0	1	1	1	0	2	0	2	0	0	0	1	0	0	0	2	0	0	0	1	0	0	0	2	0	5	2	7	0	1	1	4	2	1	4	4	1	5	2	6	1	0	0	0	0	0	0	0	0	0	0	0	0	0	0	0	0	2	2	0	0	0	0	1	0	2	1	1	0	0	1	0	0	0	0	0	0	0	0	0	0	0	0	2	0	0	0	0	0
L9	SRR30770920	36	22	0	0	0	0	0	0	0	0	0	0	0	0	0	0	0	0	0	0	0	0	0	0	0	1	1	1	0	0	0	0	0	0	1	0	0	0	0	0	2	3	0	0	1	2	2	0	0	1	0	0	0	0	0	0	0	0	0	0	0	0	0	0	0	0	0	0	2	1	0	0	1	0	0	0	0	0	2	0	0	0	0	0	0	0	0	0	0	1	0	0	0	0	0	0	0	0	0
L9	ERR11068831	36	0	0	0	0	0	0	0	0	0	0	0	0	0	0	0	0	0	0	0	0	0	0	0	0	0	0	0	0	0	0	0	0	0	0	0	0	0	0	0	0	0	0	0	0	0	0	0	0	0	0	0	0	0	0	0	0	0	0	0	0	0	0	0	0	0	0	0	0	0	0	0	0	0	0	0	0	0	0	0	0	0	0	0	0	0	0	0	0	0	0	0	0	0	0	0	0	0	0
L9	SRR33763079	36	0	0	0	0	0	0	0	0	0	0	0	0	0	0	0	0	0	0	0	0	0	0	0	0	0	0	0	0	0	0	0	0	0	0	0	0	0	0	0	0	0	0	0	0	0	0	0	0	0	0	0	0	0	0	0	0	0	0	0	0	0	0	0	0	0	0	0	0	0	0	0	0	0	0	0	0	0	0	0	0	0	0	0	0	0	0	0	0	0	0	0	0	0	0	0	0	0	0
L9	ERR11050883	36	0	0	0	0	0	0	0	0	0	0	0	0	0	0	0	0	0	0	0	0	0	0	0	0	0	0	0	0	0	0	0	0	0	0	0	0	0	0	0	0	0	0	0	0	0	0	0	0	0	0	0	0	0	0	0	0	0	0	0	0	0	0	0	0	0	0	0	0	0	0	0	0	0	0	0	0	0	0	0	0	0	0	0	0	0	0	0	0	0	0	0	0	0	0	0	0	0	0
L9	ERR11044073	36	76	0	0	2	1	0	0	1	1	0	1	0	3	0	1	0	2	0	0	0	0	0	0	0	2	0	0	1	1	0	0	0	1	0	2	2	4	0	0	4	8	2	4	2	8	2	0	0	2	0	0	0	0	0	0	0	1	0	0	0	1	0	0	0	0	0	0	1	1	1	0	1	2	0	1	1	3	0	0	1	0	0	0	0	0	0	0	0	0	2	0	3	0	0	0	0	0	0
L9	ERR11067828	36	1	0	0	0	0	0	0	0	0	0	0	0	0	0	0	0	0	0	0	0	0	0	0	0	0	0	0	0	0	0	0	0	0	0	0	0	0	0	0	0	0	0	0	0	0	0	0	0	1	0	0	0	0	0	0	0	0	0	0	0	0	0	0	0	0	0	0	0	0	0	0	0	0	0	0	0	0	0	0	0	0	0	0	0	0	0	0	0	0	0	0	0	0	0	0	0	0	0
L9	ERR12115323	36	1	0	0	0	0	0	0	0	0	0	0	0	0	0	0	0	0	0	0	0	0	0	0	0	0	0	0	0	0	0	0	0	0	0	0	0	0	0	0	0	0	0	0	0	0	0	0	0	0	1	0	0	0	0	0	0	0	0	0	0	0	0	0	0	0	0	0	0	0	0	0	0	0	0	0	0	0	0	0	0	0	0	0	0	0	0	0	0	0	0	0	0	0	0	0	0	0	0
L9	ERR11049892	36	25	0	0	0	0	1	1	1	0	0	0	0	0	0	0	0	0	0	0	0	0	1	1	0	0	0	0	0	0	0	0	0	0	1	0	1	3	0	0	0	0	0	1	1	3	0	0	0	3	1	0	0	0	0	0	0	0	0	0	0	0	0	0	0	0	0	0	2	0	0	0	0	0	0	0	0	2	0	0	0	1	0	0	0	0	0	0	0	1	0	0	0	0	0	0	0	0	0
L9	SRR33891088	36	81	0	0	2	1	0	0	0	2	0	0	1	2	0	0	0	2	0	0	0	0	0	1	1	0	0	0	0	1	0	1	0	1	0	0	1	8	0	3	1	10	2	3	4	9	0	2	1	4	0	0	0	0	0	0	0	0	0	0	0	0	0	0	0	0	0	1	1	1	0	1	0	0	0	2	0	4	1	0	1	1	1	0	0	0	0	1	0	1	0	0	1	1	0	0	0	0	0
L9	SRR33600830	36	70	0	1	0	0	0	1	0	0	0	3	2	4	1	0	0	1	0	1	1	0	0	0	0	1	1	4	0	0	1	1	0	3	0	1	3	3	1	2	2	0	2	1	5	2	0	1	2	8	0	0	0	0	0	0	0	0	0	0	0	0	0	0	0	0	0	0	1	0	0	0	0	1	0	1	2	1	0	0	0	0	0	1	0	1	1	0	1	0	0	0	0	0	0	0	1	0	0
Bovis	ERR4772237	80	262	0	0	2	1	1	2	2	3	1	2	0	2	0	1	0	1	0	0	1	2	0	1	2	5	0	0	3	3	1	1	0	1	1	4	9	7	5	10	6	27	2	12	10	14	6	1	5	9	4	0	2	0	0	0	0	0	0	1	0	0	0	0	0	1	0	4	5	5	2	1	3	2	3	6	19	14	5	1	0	3	0	0	0	2	0	0	0	2	0	0	6	2	2	0	0	1	0
Bovis	ERR6338304	80	5	0	0	1	0	0	0	0	0	0	0	0	0	0	0	0	0	0	0	0	0	0	0	0	0	0	0	0	0	0	0	0	0	0	1	0	0	0	0	0	0	1	0	0	0	0	0	0	0	0	0	0	0	0	0	0	0	0	0	0	0	0	0	0	0	0	0	0	0	0	0	0	0	0	0	1	1	0	0	0	0	0	0	0	0	0	0	0	0	0	0	0	0	0	0	0	0	0
Bovis	SRR29056296	80	1	0	0	0	0	0	0	0	0	0	0	0	0	0	0	0	0	0	0	0	0	0	0	0	0	0	0	0	0	0	0	0	0	0	0	0	0	0	0	0	0	0	0	0	0	0	0	0	0	0	0	0	0	0	0	0	0	0	0	0	0	0	0	0	0	0	0	0	0	0	0	0	0	0	0	0	0	0	0	0	0	0	0	0	0	0	0	0	1	0	0	0	0	0	0	0	0	0
Bovis	ERR841797	80	1	0	0	0	0	0	0	0	0	0	0	0	0	0	0	0	0	0	0	0	0	0	0	0	0	0	0	0	0	0	0	0	0	0	0	0	0	0	0	0	0	0	0	0	0	0	0	0	0	0	0	0	0	0	0	0	0	0	0	0	0	0	0	0	0	0	0	1	0	0	0	0	0	0	0	0	0	0	0	0	0	0	0	0	0	0	0	0	0	0	0	0	0	0	0	0	0	0
Bovis	ERR4627391	80	41	0	0	0	1	1	0	0	0	0	0	0	2	0	0	2	0	0	0	1	2	0	0	0	0	0	0	1	0	0	0	0	1	0	0	4	3	0	1	3	1	0	0	2	0	2	0	0	0	1	0	0	0	0	0	1	0	0	0	0	0	0	0	0	0	0	0	0	1	0	0	0	0	0	1	2	5	0	0	0	0	0	0	0	0	0	0	3	0	0	0	0	0	0	0	0	0	0
Bovis	SRR28409558	80	2	0	0	1	0	0	0	0	0	0	0	0	0	0	0	0	0	0	0	0	0	0	0	0	0	0	0	0	0	0	0	0	0	0	0	0	0	0	0	0	0	0	0	0	0	0	0	0	0	0	0	0	0	0	0	0	0	0	0	0	0	0	0	0	0	0	0	0	0	0	0	0	0	0	0	0	1	0	0	0	0	0	0	0	0	0	0	0	0	0	0	0	0	0	0	0	0	0
Bovis	ERR5087645	80	68	1	0	0	0	0	0	0	1	0	0	0	1	0	0	1	3	0	0	2	0	0	0	0	0	0	0	0	0	0	0	0	0	0	2	1	4	0	2	4	3	3	3	3	8	1	1	0	7	1	0	0	0	0	0	0	0	0	0	0	0	0	0	0	0	0	0	0	1	0	0	1	0	1	0	3	2	2	0	2	0	0	0	1	0	0	0	0	0	0	0	2	1	0	0	0	1	0
Bovis	ERR4187623	80	6	0	0	0	0	0	0	0	0	0	0	0	0	0	0	0	0	0	0	0	0	0	0	0	0	0	0	0	0	0	0	0	0	0	0	0	0	0	0	0	0	1	0	0	1	0	0	0	0	0	0	0	0	0	0	0	0	0	0	0	0	0	0	0	0	0	0	0	0	0	0	1	0	0	0	2	1	0	0	0	0	0	0	0	0	0	0	0	0	0	0	0	0	0	0	0	0	0
Bovis	SRR23174329	80	0	0	0	0	0	0	0	0	0	0	0	0	0	0	0	0	0	0	0	0	0	0	0	0	0	0	0	0	0	0	0	0	0	0	0	0	0	0	0	0	0	0	0	0	0	0	0	0	0	0	0	0	0	0	0	0	0	0	0	0	0	0	0	0	0	0	0	0	0	0	0	0	0	0	0	0	0	0	0	0	0	0	0	0	0	0	0	0	0	0	0	0	0	0	0	0	0	0
Bovis	ERR192092	80	7	0	0	0	0	0	0	0	0	0	0	0	0	0	0	0	0	0	0	0	0	0	0	0	0	0	0	0	0	0	0	0	0	0	0	0	1	0	0	0	0	0	0	0	0	1	0	0	1	0	0	0	0	0	0	0	0	0	0	0	0	0	0	0	0	0	0	0	0	0	0	0	0	0	1	0	1	0	0	0	0	0	0	0	0	0	0	0	0	0	0	2	0	0	0	0	0	0
Bovis	SRR16058435	80	112	0	0	0	0	0	0	1	0	0	0	1	1	1	1	0	0	0	0	0	0	0	0	2	1	0	0	0	3	0	0	0	0	0	3	2	1	3	3	4	7	1	2	10	5	3	2	1	1	1	0	0	0	0	0	0	0	0	0	0	0	0	0	0	0	0	1	3	2	0	1	0	2	1	1	7	9	3	1	3	2	0	0	0	0	1	1	1	1	1	0	2	5	2	0	1	0	1
Bovis	ERR14185893	80	6	0	0	0	0	0	1	0	0	0	0	0	1	0	0	0	0	0	0	0	0	0	0	0	0	0	0	0	0	0	0	0	0	0	0	1	0	0	0	0	0	0	0	0	2	0	0	0	0	0	0	0	0	0	0	0	0	0	0	0	0	0	0	0	0	0	0	0	0	0	0	0	0	0	0	0	0	0	0	0	0	0	0	0	0	0	0	0	0	0	0	1	0	0	0	0	0	0
Bovis	ERR11893519	80	2	0	0	0	0	0	0	0	0	0	0	0	0	0	0	0	0	0	0	0	0	0	0	0	0	0	0	0	0	0	0	0	0	0	0	0	0	0	0	0	0	0	0	0	0	0	0	0	0	0	0	0	0	0	0	0	0	0	0	0	0	0	0	0	0	0	0	1	0	0	0	0	0	0	0	0	0	1	0	0	0	0	0	0	0	0	0	0	0	0	0	0	0	0	0	0	0	0
Bovis	SRR23174434	80	0	0	0	0	0	0	0	0	0	0	0	0	0	0	0	0	0	0	0	0	0	0	0	0	0	0	0	0	0	0	0	0	0	0	0	0	0	0	0	0	0	0	0	0	0	0	0	0	0	0	0	0	0	0	0	0	0	0	0	0	0	0	0	0	0	0	0	0	0	0	0	0	0	0	0	0	0	0	0	0	0	0	0	0	0	0	0	0	0	0	0	0	0	0	0	0	0	0
Bovis	ERR4187647	80	1	0	0	0	0	0	0	0	0	0	0	0	0	0	0	1	0	0	0	0	0	0	0	0	0	0	0	0	0	0	0	0	0	0	0	0	0	0	0	0	0	0	0	0	0	0	0	0	0	0	0	0	0	0	0	0	0	0	0	0	0	0	0	0	0	0	0	0	0	0	0	0	0	0	0	0	0	0	0	0	0	0	0	0	0	0	0	0	0	0	0	0	0	0	0	0	0	0
Bovis	ERR14185470	80	50	0	0	0	1	0	0	0	1	0	0	0	0	0	0	0	0	0	0	0	1	0	1	0	1	0	0	1	0	0	0	0	1	0	0	1	1	0	1	1	2	1	3	3	4	2	0	2	3	0	0	0	1	0	0	0	0	0	0	0	0	0	0	0	0	0	0	0	0	0	0	0	0	0	1	2	5	1	0	1	2	0	0	0	0	0	0	1	0	0	1	1	1	0	0	2	0	0
Bovis	ERR4187739	80	2	0	0	0	0	0	0	0	0	0	0	0	0	0	0	0	0	0	0	0	0	0	0	0	0	0	0	0	0	0	0	0	0	0	0	0	0	0	0	0	0	0	0	0	0	0	0	0	0	0	0	0	0	0	0	0	0	0	0	0	0	0	0	0	0	0	0	0	0	0	0	0	0	0	0	2	0	0	0	0	0	0	0	0	0	0	0	0	0	0	0	0	0	0	0	0	0	0
Bovis	SRR23174332	80	0	0	0	0	0	0	0	0	0	0	0	0	0	0	0	0	0	0	0	0	0	0	0	0	0	0	0	0	0	0	0	0	0	0	0	0	0	0	0	0	0	0	0	0	0	0	0	0	0	0	0	0	0	0	0	0	0	0	0	0	0	0	0	0	0	0	0	0	0	0	0	0	0	0	0	0	0	0	0	0	0	0	0	0	0	0	0	0	0	0	0	0	0	0	0	0	0	0
Bovis	ERR3439486	80	1	0	0	0	0	0	0	0	0	0	0	0	0	0	0	0	0	0	0	0	0	0	0	0	0	0	0	0	0	0	0	0	0	0	0	0	0	0	0	0	0	0	0	0	0	0	0	0	0	0	0	0	0	0	0	0	0	0	0	0	0	0	0	0	0	0	0	0	0	0	0	0	0	0	0	0	0	1	0	0	0	0	0	0	0	0	0	0	0	0	0	0	0	0	0	0	0	0
Bovis	SRR23174276	80	4	0	0	0	0	0	0	0	0	0	0	0	0	0	0	0	1	0	0	0	0	0	0	0	0	0	0	0	0	0	0	0	0	0	0	0	0	0	0	0	0	0	0	0	0	0	0	1	0	0	0	0	0	0	0	0	0	0	0	0	0	0	0	0	0	0	0	0	0	0	0	0	0	0	0	0	1	0	0	0	1	0	0	0	0	0	0	0	0	0	0	0	0	0	0	0	0	0
Bovis	ERR6337356	80	3	0	0	0	0	0	0	0	0	0	0	0	0	0	0	0	0	0	0	0	0	0	0	0	0	0	0	0	0	0	0	0	0	0	0	0	0	0	0	0	0	0	0	0	0	0	0	0	1	0	0	0	0	0	0	0	0	0	0	0	0	0	0	0	0	0	0	0	0	0	0	0	0	0	0	0	1	0	0	1	0	0	0	0	0	0	0	0	0	0	0	0	0	0	0	0	0	0
Bovis	ERR14189916	80	5	0	0	0	0	0	0	0	0	0	0	0	0	0	0	0	0	1	0	0	0	0	0	1	0	0	0	0	0	0	0	0	0	0	0	0	0	0	0	0	0	1	0	0	0	0	1	0	0	0	0	0	0	0	0	0	0	0	0	0	0	0	0	0	0	0	0	0	0	0	0	0	0	0	0	0	0	0	0	0	0	0	0	0	0	0	0	0	0	0	0	1	0	0	0	0	0	0
Bovis	SRR7240118	80	143	0	0	0	0	1	0	1	1	0	0	0	0	0	0	0	1	1	0	1	1	0	1	0	1	0	1	6	0	1	2	0	0	1	2	1	1	1	8	2	7	5	5	8	10	0	4	4	4	2	0	0	0	0	1	0	0	1	0	0	0	0	0	0	1	0	0	4	5	1	1	2	3	1	2	8	9	2	0	3	3	0	0	3	0	0	0	0	1	1	0	4	1	1	0	1	0	0
Bovis	ERR14187704	80	2	0	0	0	0	0	0	0	0	0	0	0	0	0	0	0	0	0	0	0	0	0	0	0	0	0	0	0	0	0	0	0	0	0	0	0	0	0	0	0	0	0	0	1	0	0	0	0	0	0	0	0	0	0	0	0	0	0	0	0	0	0	0	0	0	0	0	0	0	0	0	0	0	0	0	1	0	0	0	0	0	0	0	0	0	0	0	0	0	0	0	0	0	0	0	0	0	0
Bovis	SRR14296222	80	48	0	0	0	0	0	0	0	1	0	0	0	1	0	0	0	1	0	0	0	0	0	2	0	0	0	0	0	1	0	0	0	0	0	1	1	0	0	6	1	5	2	2	0	4	1	1	0	3	1	0	0	0	0	0	0	0	1	0	0	0	0	0	0	0	0	0	1	0	0	0	3	0	0	2	1	1	0	0	0	0	0	0	1	0	0	0	0	1	0	0	0	2	0	0	1	0	0
Bovis	SRR29053233	80	107	0	0	0	0	0	1	0	2	0	0	0	4	1	0	1	0	0	0	0	0	0	1	1	0	0	0	1	2	0	0	1	0	1	4	1	4	1	7	0	10	1	2	4	5	2	4	1	7	0	0	0	0	0	0	0	0	0	0	0	0	0	0	0	0	0	1	2	1	0	0	1	2	0	1	9	4	3	0	1	0	3	0	2	0	0	1	1	0	1	0	4	0	1	0	0	0	0
Bovis	SRR14296279	80	47	0	1	1	0	0	0	0	1	0	2	0	1	1	0	0	0	0	0	0	1	0	0	0	1	0	0	1	0	0	0	0	2	0	2	1	1	1	1	1	4	0	1	1	2	2	0	0	0	0	0	0	0	0	0	1	0	0	0	0	0	0	0	0	0	0	0	2	0	3	0	0	0	0	1	5	1	2	0	0	0	0	0	0	0	1	0	0	0	1	0	1	0	0	0	0	0	0
Bovis	ERR14185516	80	56	0	0	0	1	0	0	0	0	0	0	0	0	0	0	0	0	1	0	1	1	0	1	0	1	0	1	1	0	0	1	0	1	1	0	2	5	1	0	0	6	0	7	2	1	1	2	0	2	1	0	0	0	0	0	0	0	0	0	0	0	0	0	0	0	0	0	0	0	1	1	1	2	0	1	0	3	0	1	0	2	0	0	0	0	1	0	0	0	0	0	1	1	0	0	0	0	0
Bovis	SRR11462865	80	58	0	1	0	0	0	0	0	1	0	0	0	1	1	0	0	1	0	0	0	0	0	0	1	0	0	0	0	0	0	1	0	0	0	0	1	1	0	1	1	9	1	7	0	5	3	1	0	3	0	0	0	0	0	0	0	0	0	0	0	1	0	0	0	0	0	0	1	1	0	0	0	0	1	0	2	4	2	0	1	1	0	0	1	0	0	0	1	0	0	0	0	1	1	0	0	0	0
Bovis	ERR14189396	80	9	0	0	0	0	0	0	0	0	0	0	0	0	0	0	0	0	0	0	0	0	0	0	0	0	0	0	0	0	0	0	0	0	0	0	0	0	0	0	1	1	0	0	0	0	0	0	0	0	1	0	0	0	0	0	0	0	0	0	0	0	0	0	0	0	0	0	0	0	0	0	1	0	0	1	0	1	0	0	0	1	0	0	0	0	0	0	1	0	0	0	0	0	1	0	0	0	0
Bovis	ERR14185422	80	6	0	0	0	0	0	0	0	0	0	0	0	0	0	0	0	0	0	0	0	0	0	0	1	0	0	0	0	0	0	0	0	0	0	0	0	0	0	0	0	1	0	0	0	0	1	1	0	1	0	0	0	0	0	0	0	0	0	0	0	0	0	0	0	0	0	0	0	0	0	0	0	0	0	0	1	0	0	0	0	0	0	0	0	0	0	0	0	0	0	0	0	0	0	0	0	0	0
Bovis	ERR14190097	80	1	0	0	0	0	0	0	0	0	0	0	0	0	0	0	0	0	0	0	0	0	0	0	1	0	0	0	0	0	0	0	0	0	0	0	0	0	0	0	0	0	0	0	0	0	0	0	0	0	0	0	0	0	0	0	0	0	0	0	0	0	0	0	0	0	0	0	0	0	0	0	0	0	0	0	0	0	0	0	0	0	0	0	0	0	0	0	0	0	0	0	0	0	0	0	0	0	0
Bovis	ERR14188188	80	73	0	1	1	0	1	1	0	0	0	0	2	2	0	0	0	0	0	0	1	0	0	0	0	0	0	1	2	2	0	0	0	0	0	1	5	3	2	5	0	5	1	1	4	7	0	1	0	3	0	0	0	1	0	0	0	0	0	0	0	0	1	0	0	0	0	0	0	1	1	0	1	1	1	0	2	6	2	0	1	1	0	0	0	0	0	0	0	1	0	0	0	0	0	0	1	0	0
Bovis	ERR125602	80	4	0	0	0	1	0	0	0	0	0	0	0	0	0	0	0	0	0	0	0	0	0	0	0	0	0	0	0	0	0	0	0	0	0	0	0	1	0	0	0	0	0	2	0	0	0	0	0	0	0	0	0	0	0	0	0	0	0	0	0	0	0	0	0	0	0	0	0	0	0	0	0	0	0	0	0	0	0	0	0	0	0	0	0	0	0	0	0	0	0	0	0	0	0	0	0	0	0
Bovis	SRR1791731	80	47	0	0	0	0	0	0	0	1	0	0	0	0	0	0	0	0	0	1	0	1	0	0	0	1	0	0	1	0	0	0	0	0	0	0	2	0	1	1	1	6	1	1	3	4	5	0	0	1	2	0	0	0	0	0	0	0	0	0	0	0	0	0	0	0	0	0	2	0	0	0	0	0	0	1	3	3	1	0	0	0	1	0	0	0	0	0	0	1	0	0	1	0	1	0	0	0	0
Bovis	ERR13264774	80	2	0	0	0	0	0	0	0	0	0	0	0	0	0	0	0	0	0	0	0	0	0	0	0	0	0	0	0	0	0	0	0	0	0	0	0	0	0	0	0	0	0	0	0	0	0	0	0	0	0	0	0	0	0	0	0	0	1	0	0	0	0	0	0	0	0	0	0	0	0	0	0	0	0	0	0	1	0	0	0	0	0	0	0	0	0	0	0	0	0	0	0	0	0	0	0	0	0
Bovis	SRR1792175	80	96	0	0	0	1	0	0	1	1	0	0	0	1	0	0	0	0	0	0	0	0	0	0	3	2	0	0	2	2	0	1	2	3	0	4	5	3	2	1	6	3	2	1	3	5	3	1	0	6	0	0	0	0	0	0	0	0	1	0	1	0	0	0	0	0	0	0	4	1	0	0	1	1	0	0	5	6	2	2	0	1	0	0	0	0	0	0	1	1	0	0	4	0	0	0	1	0	0
Bovis	ERR4829499	80	0	0	0	0	0	0	0	0	0	0	0	0	0	0	0	0	0	0	0	0	0	0	0	0	0	0	0	0	0	0	0	0	0	0	0	0	0	0	0	0	0	0	0	0	0	0	0	0	0	0	0	0	0	0	0	0	0	0	0	0	0	0	0	0	0	0	0	0	0	0	0	0	0	0	0	0	0	0	0	0	0	0	0	0	0	0	0	0	0	0	0	0	0	0	0	0	0	0
Bovis	ERR14185991	80	5	0	0	0	0	0	0	0	0	0	0	0	1	0	0	0	0	0	0	0	0	0	0	0	0	0	0	0	0	0	0	0	0	0	0	0	0	0	0	0	1	0	0	0	1	0	0	0	0	0	0	0	0	0	0	0	0	0	0	0	0	0	0	0	0	0	1	0	0	0	0	0	0	0	0	0	0	0	0	0	0	0	0	0	0	0	0	0	0	0	0	0	0	1	0	0	0	0
Bovis	ERR14190311	80	3	0	0	0	1	0	0	0	0	0	0	0	0	0	0	0	0	0	0	0	0	0	0	0	0	0	0	0	0	0	0	0	0	0	0	0	0	0	0	0	0	0	0	0	0	1	0	0	1	0	0	0	0	0	0	0	0	0	0	0	0	0	0	0	0	0	0	0	0	0	0	0	0	0	0	0	0	0	0	0	0	0	0	0	0	0	0	0	0	0	0	0	0	0	0	0	0	0
Bovis	SRR13938830	80	148	0	0	2	1	0	0	0	2	0	2	1	3	1	0	1	1	0	0	1	0	0	1	3	1	0	0	2	1	1	1	0	0	1	5	7	7	3	7	6	7	1	7	10	8	1	1	1	5	0	0	0	0	0	0	0	1	1	0	0	0	0	0	1	0	0	1	4	0	0	0	0	3	3	1	7	4	5	0	2	1	1	0	1	0	0	0	0	1	0	0	5	1	2	0	1	0	0
Bovis	ERR14189972	80	2	0	0	0	0	0	0	0	0	0	0	0	0	0	0	0	0	0	0	0	0	0	0	0	0	0	0	0	0	0	0	0	0	0	0	0	0	0	0	0	0	0	0	0	0	0	0	0	0	0	0	0	0	0	0	1	0	0	0	0	0	0	0	0	0	0	0	0	0	0	0	0	0	0	0	1	0	0	0	0	0	0	0	0	0	0	0	0	0	0	0	0	0	0	0	0	0	0
Bovis	SRR7236319	80	35	0	0	0	1	0	0	0	0	0	0	1	0	0	0	0	0	0	0	1	1	0	0	0	0	0	0	0	0	0	0	0	0	0	1	0	3	1	2	1	3	0	1	0	2	1	1	0	1	0	0	0	0	0	0	1	0	0	0	0	0	0	0	0	0	0	0	3	1	1	0	0	0	0	1	1	1	1	1	0	0	0	0	0	0	1	0	0	0	0	0	0	0	1	0	1	0	0
Bovis	SRR7617783	80	24	0	0	0	1	0	0	0	0	1	0	0	1	0	0	0	0	0	0	1	1	0	0	0	1	0	0	0	0	0	0	0	0	0	1	0	0	0	0	0	2	1	1	2	1	1	0	1	0	0	0	0	0	0	0	0	0	0	0	0	0	0	0	0	0	0	0	0	0	0	1	1	1	0	0	1	1	0	0	0	0	0	0	0	1	0	0	1	0	0	0	0	0	0	1	0	0	0
Bovis	DRR749572	80	23	0	0	0	0	0	0	1	0	0	1	0	0	0	0	0	1	0	0	1	0	0	0	0	0	0	0	0	0	0	0	0	0	0	0	2	0	0	3	1	2	0	0	1	2	0	0	0	0	1	0	0	0	0	0	0	0	0	0	0	0	0	0	0	0	0	0	1	0	0	0	0	0	0	0	2	1	1	0	0	0	0	0	0	0	0	0	0	1	0	0	1	0	0	0	0	0	0
Bovis	SRR1791952	80	44	0	0	0	0	0	0	1	0	0	0	0	1	1	0	0	0	0	0	0	1	0	1	0	0	0	1	0	1	1	0	0	0	0	0	2	0	0	1	2	1	1	4	1	4	1	0	0	1	1	0	0	0	0	0	0	0	0	0	0	0	1	0	0	0	0	1	2	1	0	0	0	0	0	1	5	0	1	0	0	0	0	0	0	0	0	0	0	1	0	0	1	0	1	0	0	2	0
Bovis	ERR564306	80	20	0	0	0	0	0	0	0	0	0	0	0	0	0	0	0	0	0	0	1	0	0	0	1	0	0	0	1	0	0	0	0	0	0	0	0	1	0	1	2	0	0	0	0	2	1	0	0	2	0	0	0	0	0	0	0	0	0	0	0	0	0	0	0	0	0	0	0	1	1	0	0	0	0	0	1	1	1	0	0	0	1	0	0	0	0	0	0	0	0	0	1	0	0	0	1	0	0
Bovis	ERR14190245	80	7	0	0	0	0	0	0	0	0	0	0	0	0	0	0	0	0	0	0	0	0	0	0	1	0	0	0	0	0	0	0	0	0	0	0	0	0	0	0	0	0	0	0	2	1	0	0	0	1	0	0	0	0	0	0	0	0	0	0	0	0	0	0	0	0	0	0	1	1	0	0	0	0	0	0	0	0	0	0	0	0	0	0	0	0	0	0	0	0	0	0	0	0	0	0	0	0	0
Bovis	ERR14189742	80	14	0	0	0	0	0	0	0	0	0	0	0	0	0	0	0	0	0	0	0	0	0	0	0	0	0	0	0	0	0	0	0	0	0	1	1	1	0	0	0	0	0	0	0	0	1	0	1	1	0	0	0	0	0	0	0	0	1	0	0	0	0	0	0	0	0	0	0	0	1	0	0	0	0	0	1	1	1	0	1	0	0	0	0	0	0	0	0	1	0	0	0	1	0	0	0	0	0
Bovis	ERR14189610	80	15	0	0	1	1	0	0	0	0	0	0	0	0	0	0	0	0	0	0	0	0	0	0	0	0	0	0	1	0	1	0	0	0	0	0	0	0	0	0	0	2	2	0	1	1	1	0	0	0	0	0	0	0	0	0	0	0	0	0	0	0	0	0	0	0	0	0	0	0	0	0	0	0	0	1	1	0	1	0	0	0	0	0	0	0	0	0	0	1	0	0	0	0	0	0	0	0	0
Bovis	SRR23174347	80	0	0	0	0	0	0	0	0	0	0	0	0	0	0	0	0	0	0	0	0	0	0	0	0	0	0	0	0	0	0	0	0	0	0	0	0	0	0	0	0	0	0	0	0	0	0	0	0	0	0	0	0	0	0	0	0	0	0	0	0	0	0	0	0	0	0	0	0	0	0	0	0	0	0	0	0	0	0	0	0	0	0	0	0	0	0	0	0	0	0	0	0	0	0	0	0	0	0
Bovis	SRR5431791	80	94	0	0	0	2	0	0	0	1	0	0	0	6	0	0	0	0	0	0	0	1	1	3	2	1	1	0	0	1	1	0	1	0	0	0	4	2	0	5	5	3	0	2	4	4	0	3	2	4	0	0	0	0	0	0	0	0	0	0	0	0	0	0	1	0	0	0	5	1	0	0	2	2	1	1	8	5	2	0	1	1	0	0	1	1	0	0	0	0	0	0	3	0	0	0	0	0	0
Bovis	ERR13014474	80	116	0	0	0	1	1	2	0	2	0	0	2	4	1	0	0	1	1	0	0	1	0	3	0	1	0	0	1	5	0	0	0	0	0	3	3	3	0	2	5	7	2	3	8	6	2	1	0	4	1	0	0	0	0	0	0	0	1	0	0	0	0	0	0	0	0	0	4	3	1	0	2	0	1	1	9	1	5	1	1	1	1	1	1	0	0	0	0	1	0	0	3	0	0	0	2	0	0
Bovis	ERR14187405	80	6	0	0	0	0	0	0	0	0	0	0	0	0	0	0	0	0	0	0	0	0	0	0	0	0	0	0	0	0	0	0	0	0	0	0	0	0	0	2	0	0	0	0	0	0	0	0	0	0	0	0	0	0	0	0	0	0	0	0	0	0	0	0	0	0	0	0	3	0	0	0	0	0	0	0	0	0	1	0	0	0	0	0	0	0	0	0	0	0	0	0	0	0	0	0	0	0	0
Bovis	ERR14189888	80	62	0	0	0	0	0	0	0	1	0	1	0	0	0	0	0	1	0	0	1	0	0	1	1	0	0	0	1	1	1	0	0	1	0	0	3	2	0	2	0	6	1	0	5	8	1	1	1	4	2	0	0	0	0	0	0	0	0	0	0	0	0	0	0	0	0	1	0	1	0	0	0	0	3	0	2	1	0	0	2	0	0	0	0	0	0	0	1	1	0	1	1	1	0	0	0	1	0
Bovis	ERR4187708	80	4	0	0	0	0	0	0	0	0	0	0	0	0	0	0	0	0	0	0	0	0	0	0	0	0	0	0	0	0	0	0	0	0	0	0	0	0	0	0	0	0	0	0	1	1	0	0	0	0	0	0	0	0	0	0	0	0	0	0	0	0	0	0	0	0	0	0	0	0	0	0	0	0	0	0	1	1	0	0	0	0	0	0	0	0	0	0	0	0	0	0	0	0	0	0	0	0	0
Bovis	ERR4188096	80	1	0	0	0	0	0	1	0	0	0	0	0	0	0	0	0	0	0	0	0	0	0	0	0	0	0	0	0	0	0	0	0	0	0	0	0	0	0	0	0	0	0	0	0	0	0	0	0	0	0	0	0	0	0	0	0	0	0	0	0	0	0	0	0	0	0	0	0	0	0	0	0	0	0	0	0	0	0	0	0	0	0	0	0	0	0	0	0	0	0	0	0	0	0	0	0	0	0
Bovis	SRR7617813	80	61	0	0	1	1	0	0	1	1	0	0	1	0	0	0	0	0	0	0	0	0	1	0	0	1	0	0	0	1	1	0	0	0	0	0	2	1	0	2	0	6	0	1	3	9	1	1	2	6	1	0	0	0	0	0	0	0	0	0	0	0	0	0	0	0	0	0	3	1	0	0	0	0	1	1	2	3	1	0	1	1	0	0	0	0	0	0	0	0	0	0	2	0	0	0	0	1	0
Bovis	SRR23174047	80	4	0	0	0	0	0	0	0	0	0	0	0	0	0	0	0	0	0	0	0	0	0	0	0	0	0	0	0	0	0	0	0	0	0	0	0	1	0	0	1	0	0	0	0	0	0	0	1	0	0	0	0	0	0	0	0	0	0	0	0	0	0	0	0	0	0	0	0	0	0	0	0	0	0	0	1	0	0	0	0	0	0	0	0	0	0	0	0	0	0	0	0	0	0	0	0	0	0
Bovis	ERR14189994	80	5	0	0	0	0	0	0	0	0	0	0	0	0	0	0	0	0	0	0	0	0	0	0	0	0	0	0	0	0	0	0	0	0	0	0	0	0	0	0	0	0	0	0	0	1	0	1	0	1	0	0	0	0	0	0	0	0	1	0	0	0	0	0	0	0	0	0	1	0	0	0	0	0	0	0	0	0	0	0	0	0	0	0	0	0	0	0	0	0	0	0	0	0	0	0	0	0	0
Bovis	SRR23174569	80	2	0	0	0	0	0	0	0	0	0	0	0	0	0	1	0	0	0	0	0	0	0	0	0	0	0	0	0	0	0	0	0	0	0	0	0	0	0	0	0	0	0	0	0	0	0	0	0	0	0	0	0	0	0	0	0	0	0	0	0	0	0	0	0	0	0	0	0	0	0	0	0	0	0	0	0	0	0	0	0	0	0	0	0	0	0	0	0	0	0	0	0	0	0	0	1	0	0
Bovis	SRR7240334	80	43	0	0	0	0	0	0	0	0	0	0	0	2	0	0	0	0	0	0	0	0	1	1	1	1	0	0	0	0	0	0	0	0	0	0	0	0	1	3	0	6	0	1	4	6	0	1	1	4	0	0	0	0	0	0	0	0	0	0	0	0	0	0	0	0	0	0	0	0	1	0	2	1	0	2	1	0	1	0	1	0	0	0	0	0	0	0	1	0	0	0	0	0	0	0	0	0	0
Bovis	ERR4188258	80	36	0	0	0	1	0	0	0	1	0	0	0	0	0	0	0	0	0	0	1	0	0	1	0	0	0	0	0	0	1	0	0	0	0	1	1	5	0	1	1	2	1	1	0	1	0	0	1	4	0	0	0	0	0	0	0	0	0	0	0	1	0	0	0	0	0	0	1	0	0	0	1	0	1	0	4	0	2	0	0	1	0	0	0	0	0	0	0	0	0	0	1	0	0	0	0	0	0
Bovis	ERR11893469	80	1	0	0	0	0	0	0	0	0	0	0	0	0	0	0	0	0	0	0	0	0	0	0	0	0	0	0	0	0	0	0	0	0	0	0	0	0	0	0	0	0	0	0	0	0	0	0	0	0	0	0	0	0	0	0	0	0	0	0	0	0	0	0	0	0	0	0	0	0	0	0	0	1	0	0	0	0	0	0	0	0	0	0	0	0	0	0	0	0	0	0	0	0	0	0	0	0	0
Bovis	ERR4188161	80	2	0	0	0	0	0	0	0	0	0	0	0	0	0	0	0	0	0	0	0	0	0	0	0	0	0	0	0	0	0	0	0	0	0	0	0	0	0	0	0	0	0	0	0	0	0	0	0	0	0	0	0	0	0	0	0	0	0	0	0	0	0	0	0	0	0	0	0	0	0	0	0	0	0	0	1	0	0	0	0	0	0	0	0	0	0	0	1	0	0	0	0	0	0	0	0	0	0
Bovis	ERR564260	80	21	0	1	0	0	0	0	0	0	0	0	0	0	0	0	0	0	0	0	0	0	0	0	1	1	1	0	1	0	0	0	0	0	0	1	0	0	0	1	0	0	0	0	0	2	0	1	0	0	0	0	0	0	0	0	0	0	0	0	0	0	0	0	0	0	0	0	2	1	0	0	0	0	0	0	3	1	1	0	0	0	0	0	1	0	0	0	0	0	0	0	2	0	0	0	0	0	0
Bovis	ERR14189981	80	0	0	0	0	0	0	0	0	0	0	0	0	0	0	0	0	0	0	0	0	0	0	0	0	0	0	0	0	0	0	0	0	0	0	0	0	0	0	0	0	0	0	0	0	0	0	0	0	0	0	0	0	0	0	0	0	0	0	0	0	0	0	0	0	0	0	0	0	0	0	0	0	0	0	0	0	0	0	0	0	0	0	0	0	0	0	0	0	0	0	0	0	0	0	0	0	0	0
Bovis	SRR23961463	80	164	0	0	2	1	0	1	1	1	0	0	1	1	0	0	1	0	0	0	1	1	0	0	0	4	2	1	6	1	0	0	0	1	0	1	3	5	1	4	7	10	1	5	5	12	3	5	5	8	2	0	0	0	0	0	0	0	0	0	0	0	1	0	0	0	0	0	5	2	3	1	2	3	1	0	8	6	5	1	7	3	1	0	1	0	1	0	0	2	0	1	1	1	4	1	0	0	0
Bovis	ERR841835	80	1	0	0	0	0	0	0	0	0	0	0	0	0	0	0	0	0	0	0	0	0	0	0	0	0	0	0	0	0	0	0	0	0	0	0	0	0	0	0	0	0	0	0	0	0	0	0	0	0	0	0	0	0	0	0	0	0	0	0	0	0	0	0	0	0	0	0	0	0	0	0	0	0	0	0	0	0	1	0	0	0	0	0	0	0	0	0	0	0	0	0	0	0	0	0	0	0	0
Bovis	ERR13014427	80	91	0	1	0	1	1	0	0	0	0	1	1	0	0	2	0	0	0	0	2	1	0	0	0	1	0	1	2	1	0	0	0	1	0	0	2	0	2	3	1	7	2	4	4	9	1	1	1	1	0	0	0	0	0	0	0	0	0	0	0	0	0	0	0	0	0	0	3	3	0	1	0	3	1	1	7	3	2	0	4	1	1	0	0	0	0	0	2	0	0	0	3	0	1	0	1	0	0
Bovis	ERR5087700	80	48	0	0	0	1	0	0	0	0	0	0	0	1	0	2	0	0	0	0	1	0	0	0	1	0	0	0	1	1	0	0	0	0	0	0	1	3	1	0	1	5	0	2	2	3	1	2	0	3	0	0	0	0	0	0	0	0	0	0	0	0	0	0	0	0	0	0	1	0	0	0	0	1	0	1	3	4	0	0	1	0	0	0	0	0	0	0	1	0	1	0	0	1	2	0	0	0	0
Bovis	ERR841893	80	1	0	0	0	0	0	0	0	0	0	0	0	0	0	0	0	0	0	0	0	0	0	0	0	0	0	0	0	0	0	0	0	0	0	0	0	0	0	0	0	1	0	0	0	0	0	0	0	0	0	0	0	0	0	0	0	0	0	0	0	0	0	0	0	0	0	0	0	0	0	0	0	0	0	0	0	0	0	0	0	0	0	0	0	0	0	0	0	0	0	0	0	0	0	0	0	0	0
Bovis	SRR7617558	80	93	0	0	1	2	0	0	1	2	0	1	0	2	0	0	0	0	0	0	0	2	0	0	1	1	0	0	0	0	0	1	0	0	0	0	3	2	0	3	2	3	2	4	5	8	2	2	0	5	0	0	1	0	0	0	1	0	0	0	0	1	1	0	0	0	0	1	2	4	0	0	1	1	2	1	1	2	5	0	2	2	0	0	0	2	1	0	1	1	1	0	2	0	0	0	1	1	0
Bovis	ERR5087523	80	2	0	0	0	0	0	0	0	0	0	0	0	0	0	0	0	0	0	0	0	0	0	0	0	1	0	0	0	0	0	0	0	0	0	0	0	0	0	0	0	0	0	0	0	0	0	0	0	0	0	0	0	0	0	0	0	0	0	0	0	0	0	0	0	0	0	0	0	0	0	0	0	0	0	0	0	0	0	0	1	0	0	0	0	0	0	0	0	0	0	0	0	0	0	0	0	0	0
Bovis	SRR7240351	80	42	0	0	0	1	0	0	0	0	0	0	3	1	0	0	0	0	0	0	0	0	0	1	0	0	0	0	2	0	1	0	0	0	0	0	1	0	0	1	1	6	0	0	4	3	2	1	1	1	0	0	1	0	0	0	0	0	0	0	0	0	0	0	0	0	0	0	0	1	0	0	1	0	0	1	1	1	1	0	0	1	0	0	1	1	0	0	0	1	1	0	0	0	0	0	0	0	0
Bovis	ERR14186277	80	5	0	0	0	0	0	0	0	0	0	0	0	0	0	0	0	0	0	0	0	0	0	0	0	0	0	0	0	0	0	0	0	0	0	0	0	0	0	0	0	0	0	0	0	0	0	0	0	0	0	0	0	0	0	0	0	0	0	0	0	0	0	0	0	0	0	0	0	0	1	0	0	0	0	0	0	0	0	0	1	1	0	0	0	0	0	0	0	1	0	0	1	0	0	0	0	0	0
Bovis	ERR14189864	80	39	0	0	0	0	0	1	0	0	0	0	1	2	1	0	0	0	0	0	0	0	0	0	1	2	0	0	0	0	0	1	0	0	0	0	1	2	0	0	2	3	0	0	0	2	1	0	0	2	1	0	0	0	0	0	0	0	0	0	0	0	1	0	0	0	0	1	0	0	1	0	0	2	1	0	0	3	0	0	0	0	0	0	0	0	0	0	0	0	0	1	5	0	1	0	0	0	0
Bovis	ERR4627369	80	44	0	0	0	0	0	0	0	0	0	1	0	0	0	1	0	0	0	0	0	0	0	0	1	0	0	0	0	0	0	0	1	1	0	1	1	2	1	1	3	3	0	2	1	9	1	0	0	2	0	0	0	0	0	0	0	0	0	0	0	0	0	0	0	0	0	0	1	1	0	0	1	0	0	1	5	1	0	0	0	0	0	0	0	0	0	0	0	0	1	0	0	0	1	0	0	0	0
Bovis	SRR1792166	80	58	0	0	0	0	0	0	0	3	0	0	0	4	0	0	0	0	0	0	0	0	0	2	0	0	0	0	2	0	1	0	0	0	0	0	2	3	3	2	1	5	0	3	2	5	0	1	1	2	0	0	0	0	0	0	0	0	0	0	0	0	0	0	0	1	0	0	3	0	1	1	0	0	0	0	3	2	0	0	1	0	0	1	0	0	0	0	1	0	0	0	1	0	1	0	0	0	0
Bovis	ERR766221	80	0	0	0	0	0	0	0	0	0	0	0	0	0	0	0	0	0	0	0	0	0	0	0	0	0	0	0	0	0	0	0	0	0	0	0	0	0	0	0	0	0	0	0	0	0	0	0	0	0	0	0	0	0	0	0	0	0	0	0	0	0	0	0	0	0	0	0	0	0	0	0	0	0	0	0	0	0	0	0	0	0	0	0	0	0	0	0	0	0	0	0	0	0	0	0	0	0	0
Caprae_La2	SRR29410385	80	0	0	0	0	0	0	0	0	0	0	0	0	0	0	0	0	0	0	0	0	0	0	0	0	0	0	0	0	0	0	0	0	0	0	0	0	0	0	0	0	0	0	0	0	0	0	0	0	0	0	0	0	0	0	0	0	0	0	0	0	0	0	0	0	0	0	0	0	0	0	0	0	0	0	0	0	0	0	0	0	0	0	0	0	0	0	0	0	0	0	0	0	0	0	0	0	0	0
Caprae_La2	SRR13888760	80	9	0	0	0	0	0	0	0	0	0	0	0	0	0	0	0	0	0	0	0	0	0	1	1	0	0	0	0	0	0	0	0	0	0	0	0	0	0	0	0	1	0	0	1	1	0	0	0	0	1	0	0	0	0	0	0	0	0	0	0	0	0	0	0	0	0	0	0	1	0	0	0	1	0	0	0	0	1	0	0	0	0	0	0	0	0	0	0	0	0	0	0	0	0	0	0	0	0
Caprae_La2	ERR10430710	80	1	0	0	0	0	0	0	0	0	0	0	0	0	0	0	0	0	0	0	0	0	0	0	0	0	0	0	0	0	0	0	0	0	0	0	0	0	0	0	0	0	0	0	1	0	0	0	0	0	0	0	0	0	0	0	0	0	0	0	0	0	0	0	0	0	0	0	0	0	0	0	0	0	0	0	0	0	0	0	0	0	0	0	0	0	0	0	0	0	0	0	0	0	0	0	0	0	0
Caprae_La2	ERR10430687	80	13	0	0	0	0	0	0	0	0	0	0	0	0	0	0	0	0	0	0	0	0	0	1	0	0	0	0	0	0	0	0	0	0	0	0	0	0	0	3	0	2	1	0	0	1	1	0	0	0	1	0	0	0	0	0	0	0	0	0	0	0	0	0	0	0	0	0	0	1	0	0	1	0	0	0	0	0	1	0	0	0	0	0	0	0	0	0	0	0	0	0	0	0	0	0	0	0	0
Caprae_La2	ERR1462628	80	1	0	0	0	0	0	0	0	0	0	0	0	0	0	0	0	0	0	0	0	0	0	0	0	0	0	0	0	0	0	0	0	0	0	0	0	0	0	0	0	0	0	0	0	1	0	0	0	0	0	0	0	0	0	0	0	0	0	0	0	0	0	0	0	0	0	0	0	0	0	0	0	0	0	0	0	0	0	0	0	0	0	0	0	0	0	0	0	0	0	0	0	0	0	0	0	0	0
Caprae_La2	SRR25167948	80	0	0	0	0	0	0	0	0	0	0	0	0	0	0	0	0	0	0	0	0	0	0	0	0	0	0	0	0	0	0	0	0	0	0	0	0	0	0	0	0	0	0	0	0	0	0	0	0	0	0	0	0	0	0	0	0	0	0	0	0	0	0	0	0	0	0	0	0	0	0	0	0	0	0	0	0	0	0	0	0	0	0	0	0	0	0	0	0	0	0	0	0	0	0	0	0	0	0
Caprae_La2	SRR17111236	80	2	0	0	0	0	0	0	0	0	0	0	0	0	0	0	0	0	0	0	0	0	0	0	0	0	0	0	0	0	0	0	0	0	0	0	0	0	0	0	0	0	0	0	0	1	0	0	0	0	0	0	0	0	0	0	0	0	0	0	0	0	0	0	0	0	0	0	0	0	0	0	0	1	0	0	0	0	0	0	0	0	0	0	0	0	0	0	0	0	0	0	0	0	0	0	0	0	0
Caprae_La2	SRR31008608	80	0	0	0	0	0	0	0	0	0	0	0	0	0	0	0	0	0	0	0	0	0	0	0	0	0	0	0	0	0	0	0	0	0	0	0	0	0	0	0	0	0	0	0	0	0	0	0	0	0	0	0	0	0	0	0	0	0	0	0	0	0	0	0	0	0	0	0	0	0	0	0	0	0	0	0	0	0	0	0	0	0	0	0	0	0	0	0	0	0	0	0	0	0	0	0	0	0	0
Caprae_La2	SRR13888763	80	3	0	0	0	0	0	0	0	0	0	0	0	0	0	0	0	0	0	0	0	0	0	0	0	0	0	0	0	0	0	0	0	0	0	0	0	0	1	0	0	0	0	0	0	1	0	0	0	1	0	0	0	0	0	0	0	0	0	0	0	0	0	0	0	0	0	0	0	0	0	0	0	0	0	0	0	0	0	0	0	0	0	0	0	0	0	0	0	0	0	0	0	0	0	0	0	0	0
Caprae_La2	SRR29093505	80	11	0	0	0	0	0	0	0	0	0	0	0	0	0	0	0	0	0	0	0	0	0	0	0	0	0	0	0	0	0	0	0	0	0	0	0	0	0	1	1	0	1	1	2	1	0	0	1	1	0	0	0	0	0	0	0	0	0	0	0	0	0	0	0	0	0	0	0	1	0	0	0	0	0	0	1	0	0	0	0	0	0	0	0	0	0	0	0	0	0	0	0	0	0	0	0	0	0
Caprae_La2	ERR4829557	80	0	0	0	0	0	0	0	0	0	0	0	0	0	0	0	0	0	0	0	0	0	0	0	0	0	0	0	0	0	0	0	0	0	0	0	0	0	0	0	0	0	0	0	0	0	0	0	0	0	0	0	0	0	0	0	0	0	0	0	0	0	0	0	0	0	0	0	0	0	0	0	0	0	0	0	0	0	0	0	0	0	0	0	0	0	0	0	0	0	0	0	0	0	0	0	0	0	0
Caprae_La2	SRR29410374	80	1	0	0	0	0	0	0	0	0	0	0	0	0	0	0	0	0	0	0	0	0	0	0	0	0	0	0	1	0	0	0	0	0	0	0	0	0	0	0	0	0	0	0	0	0	0	0	0	0	0	0	0	0	0	0	0	0	0	0	0	0	0	0	0	0	0	0	0	0	0	0	0	0	0	0	0	0	0	0	0	0	0	0	0	0	0	0	0	0	0	0	0	0	0	0	0	0	0
Caprae_La2	SRR23911109	80	2	0	0	0	0	0	0	0	0	0	0	0	0	0	0	0	0	0	0	0	0	0	0	1	0	0	0	0	0	0	0	0	0	0	0	0	0	0	0	0	0	0	0	0	0	0	0	0	0	0	0	0	0	0	0	0	0	0	0	0	0	0	0	0	0	0	0	0	0	0	0	0	1	0	0	0	0	0	0	0	0	0	0	0	0	0	0	0	0	0	0	0	0	0	0	0	0	0
Caprae_La2	ERR10430715	80	0	0	0	0	0	0	0	0	0	0	0	0	0	0	0	0	0	0	0	0	0	0	0	0	0	0	0	0	0	0	0	0	0	0	0	0	0	0	0	0	0	0	0	0	0	0	0	0	0	0	0	0	0	0	0	0	0	0	0	0	0	0	0	0	0	0	0	0	0	0	0	0	0	0	0	0	0	0	0	0	0	0	0	0	0	0	0	0	0	0	0	0	0	0	0	0	0	0
Caprae_La2	SRR13888768	80	22	0	0	1	1	0	0	0	0	0	0	0	0	0	0	0	0	0	0	0	0	0	0	1	0	0	0	0	0	0	0	0	0	0	1	0	0	0	1	3	0	0	1	1	3	2	0	1	2	0	0	0	0	0	0	0	0	0	0	0	0	0	0	0	0	0	0	0	0	1	0	0	0	0	0	0	1	1	0	0	0	0	0	0	0	0	0	0	0	0	1	0	0	0	0	0	0	0
Caprae_La2	SRR13888779	80	2	0	0	0	0	0	0	0	0	0	0	0	0	0	0	0	0	0	0	0	0	0	0	0	0	0	0	0	0	0	0	0	0	0	0	0	0	0	0	0	0	0	0	1	0	0	0	0	0	1	0	0	0	0	0	0	0	0	0	0	0	0	0	0	0	0	0	0	0	0	0	0	0	0	0	0	0	0	0	0	0	0	0	0	0	0	0	0	0	0	0	0	0	0	0	0	0	0
Caprae_La2	SRR29410375	80	5	0	0	1	0	0	0	0	0	0	1	0	0	0	0	0	0	0	0	0	0	0	0	0	0	0	0	0	0	0	0	0	0	0	0	0	0	0	0	0	0	0	0	0	0	1	0	0	0	0	0	0	0	0	0	0	0	0	0	0	0	0	0	0	0	0	0	0	1	0	0	0	0	0	0	0	1	0	0	0	0	0	0	0	0	0	0	0	0	0	0	0	0	0	0	0	0	0
Caprae_La2	SRR23911103	80	4	0	0	0	0	0	0	0	0	0	0	0	0	0	0	0	0	0	0	0	0	0	0	0	0	0	0	0	0	0	0	0	0	0	0	0	0	0	0	1	1	0	1	0	0	0	0	0	0	0	0	0	0	0	0	0	0	0	0	0	0	0	0	0	0	0	0	0	0	0	0	0	0	0	0	0	1	0	0	0	0	0	0	0	0	0	0	0	0	0	0	0	0	0	0	0	0	0
Caprae_La2	ERR1462621	80	2	0	0	0	0	0	0	0	0	0	0	0	0	0	0	0	0	0	0	0	0	0	0	0	0	0	0	0	0	0	0	0	0	0	0	0	0	0	0	0	1	0	0	0	0	0	0	0	0	0	0	0	0	0	0	0	0	0	0	0	0	0	0	0	0	0	0	0	0	0	0	0	0	0	0	0	0	1	0	0	0	0	0	0	0	0	0	0	0	0	0	0	0	0	0	0	0	0
Caprae_La2	SRR3135068	80	174	0	1	1	4	0	0	0	1	0	1	1	4	0	0	1	1	1	0	0	1	2	4	6	1	0	1	3	2	2	0	0	2	1	2	6	4	0	2	4	12	2	6	9	16	4	3	5	7	0	0	0	0	0	0	0	0	0	0	0	0	0	0	1	0	0	0	6	1	2	1	2	2	1	0	14	8	3	0	2	2	0	0	2	0	0	0	1	0	0	0	1	0	0	0	1	1	0
Caprae_La2	SRR13888775	80	4	0	0	0	0	0	0	0	0	0	0	0	0	0	0	0	0	0	0	0	0	0	0	0	0	0	0	0	0	0	0	0	0	0	0	0	0	0	0	0	0	0	0	0	1	0	0	0	0	0	0	0	0	0	0	0	0	0	0	0	0	0	0	0	0	0	0	1	0	0	0	0	0	0	1	0	0	0	0	0	0	0	0	0	0	0	0	0	0	0	0	1	0	0	0	0	0	0
Caprae_La2	SRR13888769	80	1	0	0	0	0	0	0	0	0	0	0	0	0	0	0	0	0	0	0	0	0	0	0	0	0	0	0	0	0	0	0	0	0	0	0	0	0	0	0	0	0	0	0	0	0	0	0	0	0	0	0	0	0	0	0	0	0	0	0	0	0	0	0	0	0	0	0	0	0	1	0	0	0	0	0	0	0	0	0	0	0	0	0	0	0	0	0	0	0	0	0	0	0	0	0	0	0	0
Caprae_La2	SRR35607801	80	29	0	0	1	0	0	0	0	0	0	0	0	0	0	0	0	0	0	0	0	0	0	0	0	1	0	0	1	0	1	0	0	0	0	1	1	1	0	1	1	3	1	1	1	3	0	0	1	0	0	0	0	0	0	0	0	0	0	0	0	0	0	0	0	0	0	0	2	1	0	0	1	0	0	0	1	1	1	0	1	0	0	0	0	0	0	0	0	0	0	1	0	0	1	0	0	0	0
Caprae_La2	ERR1462630	80	5	0	0	0	0	0	0	0	0	0	0	1	0	0	0	0	0	0	0	0	0	0	0	0	0	0	0	0	0	0	0	0	0	0	0	0	0	0	0	1	0	0	0	1	0	1	0	1	0	0	0	0	0	0	0	0	0	0	0	0	0	0	0	0	0	0	0	0	0	0	0	0	0	0	0	0	0	0	0	0	0	0	0	0	0	0	0	0	0	0	0	0	0	0	0	0	0	0
Caprae_La2	SRR35607800	80	2	0	0	0	0	0	0	0	0	0	0	0	0	0	0	0	0	0	0	0	0	0	0	0	0	0	0	0	0	0	0	0	0	0	0	0	0	0	0	0	0	0	0	0	0	0	0	0	0	0	0	1	0	0	0	0	0	0	0	0	0	0	0	0	0	0	0	0	0	0	0	0	0	0	0	0	0	0	0	0	0	0	0	0	0	0	0	0	0	0	0	0	0	0	0	1	0	0
Caprae_La2	ERR1462607	80	4	0	0	0	0	0	0	0	0	0	1	1	0	0	0	0	0	0	0	0	0	0	0	0	0	0	0	0	0	0	0	0	0	0	0	0	0	0	0	0	1	0	0	0	0	0	0	0	0	0	0	0	0	0	0	0	0	0	0	0	0	0	0	0	0	0	0	0	0	0	0	0	0	0	0	0	0	1	0	0	0	0	0	0	0	0	0	0	0	0	0	0	0	0	0	0	0	0
Caprae_La2	SRR23911110	80	2	0	0	0	0	0	0	0	0	0	0	0	0	0	0	0	0	0	0	0	0	0	0	0	0	0	0	0	1	0	0	0	0	0	0	0	0	0	0	0	0	0	1	0	0	0	0	0	0	0	0	0	0	0	0	0	0	0	0	0	0	0	0	0	0	0	0	0	0	0	0	0	0	0	0	0	0	0	0	0	0	0	0	0	0	0	0	0	0	0	0	0	0	0	0	0	0	0
Caprae_La2	SRR17111245	80	6	0	0	0	0	0	0	0	0	0	0	0	0	0	0	0	0	0	0	0	0	0	0	0	1	0	0	0	0	0	0	0	0	0	0	1	0	0	0	1	0	0	0	1	0	0	0	0	0	0	0	0	0	0	0	0	0	0	0	0	0	0	0	0	0	0	0	0	0	0	0	0	0	0	0	1	0	0	0	0	0	0	0	0	0	0	0	1	0	0	0	0	0	0	0	0	0	0
Caprae_La2	SRR17111239	80	2	0	0	0	0	0	0	0	0	0	0	0	0	0	0	0	0	0	0	0	0	0	0	0	0	0	0	0	0	0	0	0	0	0	0	0	1	0	0	0	0	0	0	0	0	0	0	0	0	0	0	0	0	0	0	0	0	0	0	0	0	0	0	0	0	0	0	0	0	0	0	1	0	0	0	0	0	0	0	0	0	0	0	0	0	0	0	0	0	0	0	0	0	0	0	0	0	0
Caprae_La2	SRR13888788	80	13	0	0	0	0	0	0	0	0	0	0	0	0	0	0	0	0	0	0	0	0	0	0	0	0	0	1	0	0	0	0	0	0	0	1	0	0	0	0	1	2	0	1	0	0	1	0	0	1	0	0	0	0	0	0	0	0	0	0	0	0	0	0	0	0	0	0	1	0	0	0	0	0	1	0	1	0	0	0	0	1	0	0	0	0	0	0	0	0	0	0	0	1	0	0	0	0	0
Caprae_La2	SRR25167924	80	17	0	0	0	0	1	0	0	0	0	0	1	1	0	0	0	0	0	0	0	0	0	0	0	0	0	0	0	1	1	0	0	0	0	0	0	0	1	1	1	0	0	2	1	1	0	0	1	0	0	0	0	0	0	0	0	0	0	0	0	0	0	0	0	0	0	0	0	0	1	0	0	0	0	0	1	1	0	0	0	0	0	0	0	0	0	0	0	0	0	0	0	0	1	0	0	0	0
Caprae_La2	SRR13888751	80	8	0	0	0	0	0	0	0	0	0	0	0	0	0	0	0	0	0	0	0	0	0	0	0	1	0	0	0	1	0	0	0	0	1	1	0	0	0	0	0	0	0	0	0	0	0	0	0	0	0	0	0	0	0	0	0	0	0	0	0	0	0	0	0	0	0	0	0	1	0	0	0	0	0	0	0	0	1	0	0	1	0	0	0	0	0	0	0	0	0	0	0	0	0	0	0	1	0
Caprae_La2	ERR2517345	80	210	0	0	2	1	1	0	0	2	1	2	2	3	0	0	1	2	1	0	0	2	0	0	1	2	0	0	0	1	0	1	1	2	0	7	5	11	1	10	5	13	4	5	6	17	7	1	2	5	3	0	0	1	0	0	0	0	1	0	0	0	0	0	0	0	1	1	10	0	2	0	1	4	4	4	11	7	8	0	5	4	1	0	1	0	2	0	4	2	0	0	1	0	4	0	1	0	0
Caprae_La2	ERR552526	80	95	0	0	0	1	1	0	1	0	0	1	2	2	0	2	0	1	1	0	1	0	0	2	0	3	0	0	0	2	1	1	0	0	0	1	4	3	2	3	2	9	1	2	4	3	3	2	0	5	0	0	0	0	1	0	0	0	1	0	0	0	0	0	0	0	0	1	4	0	0	0	0	1	1	1	4	2	1	1	1	1	0	0	1	0	0	0	2	0	3	0	2	0	0	0	1	0	0
Caprae_La2	ERR10430689	80	15	0	0	0	0	0	0	1	0	0	0	2	0	0	0	0	0	0	0	0	0	0	0	0	0	0	0	0	0	0	0	0	0	0	0	0	1	0	0	0	0	1	0	2	0	0	0	0	1	1	0	0	0	0	0	0	0	0	0	0	0	0	0	0	0	0	0	0	1	0	0	1	0	2	0	1	1	0	0	0	0	0	0	0	0	0	0	0	0	0	0	0	0	0	0	0	0	0
Caprae_La2	SRR23911108	80	11	0	0	0	0	0	0	0	0	0	0	0	1	0	0	0	0	0	0	0	0	0	0	1	0	0	0	0	0	0	0	0	0	0	2	0	0	0	0	1	1	1	1	0	2	0	0	0	0	0	0	0	0	0	0	0	0	0	0	0	0	0	0	0	0	0	0	0	0	0	0	0	0	0	0	0	0	0	1	0	0	0	0	0	0	0	0	0	0	0	0	0	0	0	0	0	0	0
Caprae_La2	ERR1462608	80	1	0	0	0	0	0	0	0	0	0	0	0	0	0	0	0	0	0	0	0	0	0	0	0	1	0	0	0	0	0	0	0	0	0	0	0	0	0	0	0	0	0	0	0	0	0	0	0	0	0	0	0	0	0	0	0	0	0	0	0	0	0	0	0	0	0	0	0	0	0	0	0	0	0	0	0	0	0	0	0	0	0	0	0	0	0	0	0	0	0	0	0	0	0	0	0	0	0
Caprae_La2	SRR13888792	80	60	0	0	0	1	0	0	0	0	0	0	0	0	0	0	0	0	0	0	0	0	0	0	0	0	0	0	3	0	0	0	0	0	1	0	4	3	1	0	1	2	0	4	4	1	2	1	2	5	0	0	0	0	0	0	0	0	0	0	0	0	0	0	0	1	0	0	4	1	0	1	0	1	1	2	1	3	2	0	1	1	0	0	1	0	0	1	3	0	0	0	0	0	1	0	0	0	0
Caprae_La2	ERR11050505	80	7	0	0	0	0	0	0	0	1	0	0	0	0	0	0	0	0	0	0	0	0	0	0	0	0	0	0	1	0	0	0	0	0	0	0	0	0	0	0	0	0	0	0	1	0	0	1	0	0	0	0	0	0	0	0	0	0	0	0	0	0	0	0	0	0	0	0	0	0	0	0	0	0	0	1	0	0	0	0	0	1	0	0	0	1	0	0	0	0	0	0	0	0	0	0	0	0	0
Caprae_La2	SRR29410373	80	0	0	0	0	0	0	0	0	0	0	0	0	0	0	0	0	0	0	0	0	0	0	0	0	0	0	0	0	0	0	0	0	0	0	0	0	0	0	0	0	0	0	0	0	0	0	0	0	0	0	0	0	0	0	0	0	0	0	0	0	0	0	0	0	0	0	0	0	0	0	0	0	0	0	0	0	0	0	0	0	0	0	0	0	0	0	0	0	0	0	0	0	0	0	0	0	0	0
Caprae_La2	SRR29410377	80	3	0	0	0	0	0	0	0	0	0	0	0	0	0	0	0	0	0	0	0	0	0	0	0	0	0	0	0	0	0	0	0	0	0	0	0	0	0	0	0	0	0	0	0	0	1	0	0	0	0	0	0	0	0	0	0	0	0	0	0	0	0	0	0	0	0	0	0	0	0	0	0	0	0	0	1	0	0	0	1	0	0	0	0	0	0	0	0	0	0	0	0	0	0	0	0	0	0
Caprae_La2	ERR1462613	80	6	0	0	0	0	0	0	0	0	0	0	0	0	0	0	0	1	0	0	0	0	1	1	0	0	0	0	0	0	0	0	0	0	0	0	0	0	0	0	0	1	0	0	0	0	0	0	0	0	0	0	0	0	0	0	0	0	0	0	0	0	0	0	0	0	0	0	1	0	0	0	0	0	0	0	0	1	0	0	0	0	0	0	0	0	0	0	0	0	0	0	0	0	0	0	0	0	0
Caprae_La2	ERR10430716	80	1	0	0	0	0	0	0	0	0	0	0	0	0	0	0	0	0	0	0	0	0	0	0	0	0	0	0	0	0	0	0	0	0	0	0	0	0	0	0	0	0	0	0	0	0	1	0	0	0	0	0	0	0	0	0	0	0	0	0	0	0	0	0	0	0	0	0	0	0	0	0	0	0	0	0	0	0	0	0	0	0	0	0	0	0	0	0	0	0	0	0	0	0	0	0	0	0	0
Caprae_La2	ERR10430692	80	13	0	0	0	0	0	0	0	0	0	1	0	0	0	0	0	0	0	0	0	0	0	0	0	0	1	0	0	0	0	0	0	1	1	0	0	0	0	0	1	1	0	0	0	1	2	0	0	2	0	0	0	0	0	0	0	0	0	0	0	0	0	0	0	0	0	0	0	0	0	0	0	0	0	0	0	0	1	0	0	0	0	0	0	0	0	0	0	0	0	0	0	0	1	0	0	0	0
Caprae_La2	SRR25167914	80	1	0	0	0	0	0	0	0	0	0	0	0	0	0	0	0	0	0	0	0	0	0	0	0	0	0	0	0	0	0	0	0	1	0	0	0	0	0	0	0	0	0	0	0	0	0	0	0	0	0	0	0	0	0	0	0	0	0	0	0	0	0	0	0	0	0	0	0	0	0	0	0	0	0	0	0	0	0	0	0	0	0	0	0	0	0	0	0	0	0	0	0	0	0	0	0	0	0
Caprae_La2	ERR1462575	80	1	0	0	0	0	0	0	0	0	0	0	0	0	0	0	0	0	0	0	0	0	0	0	0	0	0	0	0	0	0	0	0	0	0	0	0	0	0	0	0	0	0	0	0	0	0	0	0	0	0	0	0	0	0	0	0	0	0	0	0	0	0	0	0	0	0	0	0	0	0	0	0	0	0	0	0	1	0	0	0	0	0	0	0	0	0	0	0	0	0	0	0	0	0	0	0	0	0
Caprae_La2	ERR1462625	80	0	0	0	0	0	0	0	0	0	0	0	0	0	0	0	0	0	0	0	0	0	0	0	0	0	0	0	0	0	0	0	0	0	0	0	0	0	0	0	0	0	0	0	0	0	0	0	0	0	0	0	0	0	0	0	0	0	0	0	0	0	0	0	0	0	0	0	0	0	0	0	0	0	0	0	0	0	0	0	0	0	0	0	0	0	0	0	0	0	0	0	0	0	0	0	0	0	0
Caprae_La2	SRR17111234	80	1	0	0	0	0	0	0	0	0	0	0	0	0	0	0	0	0	0	0	0	0	0	0	0	0	0	0	0	0	0	0	0	0	0	0	0	0	0	0	0	0	0	0	0	0	0	0	0	0	0	0	0	0	0	0	0	0	0	0	0	0	0	0	0	0	0	0	0	0	0	0	0	0	0	0	0	1	0	0	0	0	0	0	0	0	0	0	0	0	0	0	0	0	0	0	0	0	0
Caprae_La2	SRR25167937	80	3	0	0	0	0	0	0	0	0	0	0	0	0	0	0	0	0	0	0	0	0	0	0	0	0	0	0	0	0	0	0	0	0	0	0	0	0	0	0	0	0	1	0	1	0	0	0	0	0	0	0	0	0	0	0	0	0	0	0	0	0	0	0	0	0	0	0	0	0	0	0	0	0	0	0	0	0	0	0	0	1	0	0	0	0	0	0	0	0	0	0	0	0	0	0	0	0	0
Caprae_La2	SRR13888787	80	5	0	0	0	0	0	0	0	0	0	2	0	0	0	0	0	0	0	0	0	0	0	0	0	0	0	0	0	0	0	0	0	0	0	0	0	1	0	0	0	1	0	0	1	0	0	0	0	0	0	0	0	0	0	0	0	0	0	0	0	0	0	0	0	0	0	0	0	0	0	0	0	0	0	0	0	0	0	0	0	0	0	0	0	0	0	0	0	0	0	0	0	0	0	0	0	0	0
Caprae_La2	SRR23911101	80	6	0	0	0	0	0	0	0	0	0	0	0	0	0	0	0	0	0	0	0	0	0	0	0	0	0	0	0	1	0	0	0	0	0	0	0	0	0	0	1	0	0	0	0	0	0	0	0	0	0	0	0	0	0	0	0	0	0	0	0	0	0	0	0	0	0	0	1	0	0	0	0	0	0	0	2	0	0	0	1	0	0	0	0	0	0	0	0	0	0	0	0	0	0	0	0	0	0
Caprae_La2	ERR10430704	80	18	0	0	0	0	0	0	0	0	0	0	0	0	0	0	0	0	0	0	0	0	1	0	0	0	0	0	0	1	0	0	0	0	0	0	0	0	0	2	0	2	0	0	1	1	0	0	1	1	0	0	0	0	0	0	0	0	0	0	0	0	0	0	0	0	0	0	1	0	0	1	0	0	0	0	1	0	1	0	1	3	0	0	0	0	0	0	0	0	0	0	0	0	0	0	0	0	0
Caprae_La2	ERR10430714	80	6	0	0	0	0	0	0	0	0	0	0	0	0	0	0	0	0	0	0	0	0	0	0	0	0	0	0	0	1	0	0	0	0	0	0	0	0	0	0	0	0	0	0	0	3	0	0	0	0	0	0	0	0	0	0	0	0	0	0	0	0	0	0	0	0	0	0	0	0	0	0	0	1	0	0	0	0	1	0	0	0	0	0	0	0	0	0	0	0	0	0	0	0	0	0	0	0	0
Caprae_La2	SRR23911113	80	12	0	0	0	0	0	0	0	0	0	0	0	0	0	0	0	0	0	0	0	0	0	0	0	0	0	0	1	0	0	0	0	1	0	0	0	0	0	0	1	0	0	1	1	2	0	0	1	1	0	0	0	0	0	0	0	0	0	0	0	0	0	0	0	0	0	0	0	0	0	0	0	1	0	0	0	0	0	0	0	0	0	0	0	0	0	0	1	0	0	0	0	0	1	0	0	0	0
Caprae_La2	ERR1462583	80	2	0	0	0	1	0	0	0	0	0	0	0	0	0	0	0	0	0	0	0	0	0	0	0	0	0	0	0	0	0	0	0	0	0	0	0	0	0	0	0	1	0	0	0	0	0	0	0	0	0	0	0	0	0	0	0	0	0	0	0	0	0	0	0	0	0	0	0	0	0	0	0	0	0	0	0	0	0	0	0	0	0	0	0	0	0	0	0	0	0	0	0	0	0	0	0	0	0
Caprae_La2	SRR29410372	80	0	0	0	0	0	0	0	0	0	0	0	0	0	0	0	0	0	0	0	0	0	0	0	0	0	0	0	0	0	0	0	0	0	0	0	0	0	0	0	0	0	0	0	0	0	0	0	0	0	0	0	0	0	0	0	0	0	0	0	0	0	0	0	0	0	0	0	0	0	0	0	0	0	0	0	0	0	0	0	0	0	0	0	0	0	0	0	0	0	0	0	0	0	0	0	0	0	0
Caprae_La2	SRR13888796	80	4	0	0	0	0	0	0	0	0	0	0	0	0	0	0	0	0	0	0	0	0	0	0	0	0	0	0	0	1	0	0	0	1	0	0	0	0	0	0	0	1	0	0	0	0	0	0	0	0	0	0	0	0	0	0	0	0	0	0	0	0	0	0	0	0	0	0	0	0	0	0	0	0	0	0	0	0	0	0	0	0	0	0	0	0	0	0	0	0	0	0	0	0	1	0	0	0	0
Caprae_La2	SRR25167941	80	1	0	0	0	0	0	0	0	0	0	0	0	0	0	0	0	0	0	0	0	0	0	0	0	0	0	0	0	0	0	0	0	0	0	0	0	0	0	0	0	0	0	0	0	0	0	0	0	1	0	0	0	0	0	0	0	0	0	0	0	0	0	0	0	0	0	0	0	0	0	0	0	0	0	0	0	0	0	0	0	0	0	0	0	0	0	0	0	0	0	0	0	0	0	0	0	0	0
Caprae_La2	SRR13888766	80	0	0	0	0	0	0	0	0	0	0	0	0	0	0	0	0	0	0	0	0	0	0	0	0	0	0	0	0	0	0	0	0	0	0	0	0	0	0	0	0	0	0	0	0	0	0	0	0	0	0	0	0	0	0	0	0	0	0	0	0	0	0	0	0	0	0	0	0	0	0	0	0	0	0	0	0	0	0	0	0	0	0	0	0	0	0	0	0	0	0	0	0	0	0	0	0	0	0
Caprae_La2	SRR29410379	80	6	0	0	0	0	0	0	0	0	0	0	0	0	0	0	0	0	0	0	0	0	0	0	0	0	0	0	0	0	0	0	0	0	0	0	0	1	0	1	0	0	0	0	0	1	0	0	0	1	0	0	0	0	0	0	0	0	0	0	0	0	0	0	0	0	0	0	0	0	0	0	0	0	0	0	1	0	0	0	0	1	0	0	0	0	0	0	0	0	0	0	0	0	0	0	0	0	0
Caprae_La2	SRR35607802	80	3	0	0	0	0	0	0	0	1	0	0	0	0	0	0	0	0	0	0	0	0	0	0	0	0	0	0	0	0	0	0	0	0	0	0	0	0	0	0	0	0	0	0	0	1	0	0	0	0	0	0	0	0	0	0	0	0	0	0	0	0	0	0	0	0	0	0	0	0	0	0	0	0	0	0	1	0	0	0	0	0	0	0	0	0	0	0	0	0	0	0	0	0	0	0	0	0	0
Caprae_La2	SRR13888753	80	19	0	0	0	0	0	0	0	0	0	0	0	1	0	0	0	0	0	0	0	0	0	1	0	0	0	0	0	0	0	0	0	0	0	0	0	1	0	0	0	1	0	2	0	4	1	0	0	0	0	0	0	0	0	0	0	0	0	0	0	0	0	0	0	0	0	0	1	0	0	0	1	0	0	0	1	0	0	0	0	2	0	0	0	0	0	0	1	0	0	0	1	0	0	0	0	0	1
Caprae_La2	SRR29410386	80	0	0	0	0	0	0	0	0	0	0	0	0	0	0	0	0	0	0	0	0	0	0	0	0	0	0	0	0	0	0	0	0	0	0	0	0	0	0	0	0	0	0	0	0	0	0	0	0	0	0	0	0	0	0	0	0	0	0	0	0	0	0	0	0	0	0	0	0	0	0	0	0	0	0	0	0	0	0	0	0	0	0	0	0	0	0	0	0	0	0	0	0	0	0	0	0	0	0
Caprae_La2	SRR17111248	80	1	0	0	0	0	0	0	0	0	0	0	0	0	0	0	0	0	0	0	0	0	0	0	0	0	0	0	0	0	0	0	0	0	0	0	0	0	0	0	0	0	0	0	0	0	0	0	0	0	0	0	0	0	0	0	0	0	0	0	0	0	0	0	0	0	0	0	0	0	0	0	0	1	0	0	0	0	0	0	0	0	0	0	0	0	0	0	0	0	0	0	0	0	0	0	0	0	0
Caprae_La2	SRR35607795	80	3	0	0	0	0	0	0	1	0	0	0	0	0	0	0	0	0	0	0	0	0	0	0	0	0	0	0	0	0	0	0	0	0	0	0	0	0	0	0	0	1	0	0	0	0	0	0	0	0	0	0	1	0	0	0	0	0	0	0	0	0	0	0	0	0	0	0	0	0	0	0	0	0	0	0	0	0	0	0	0	0	0	0	0	0	0	0	0	0	0	0	0	0	0	0	0	0	0
Caprae_La2	ERR1462576	80	2	0	0	0	0	0	0	0	0	0	0	0	0	0	0	0	0	0	0	0	0	0	0	0	0	0	0	0	0	0	0	0	0	0	0	0	0	0	0	0	0	0	1	0	0	0	0	0	0	0	0	0	0	0	0	0	0	0	0	0	0	0	0	0	0	0	0	0	0	0	0	0	0	0	0	1	0	0	0	0	0	0	0	0	0	0	0	0	0	0	0	0	0	0	0	0	0	0
Caprae_La2	ERR1462593	80	2	0	0	0	0	0	0	0	0	0	0	0	0	0	0	0	0	0	0	0	0	0	0	0	0	0	0	0	0	0	0	0	0	0	0	0	1	0	0	0	0	0	0	0	0	0	0	0	0	0	0	0	0	0	0	0	0	0	0	0	0	0	0	0	0	0	0	0	0	0	0	0	0	0	0	0	0	0	0	1	0	0	0	0	0	0	0	0	0	0	0	0	0	0	0	0	0	0
Caprae_La2	ERR2510206	80	145	0	0	2	0	0	1	0	1	0	0	1	1	0	0	0	0	2	1	0	0	1	0	1	2	0	1	2	2	1	1	0	2	2	5	7	7	0	4	2	8	2	3	5	14	0	1	2	4	1	0	0	0	0	0	0	0	0	0	0	0	0	0	0	0	0	0	2	3	0	0	3	2	2	1	6	10	3	0	2	4	0	0	2	1	0	0	1	0	1	3	1	2	4	0	1	1	1
Caprae_La2	ERR1462599	80	2	0	0	0	0	0	0	0	0	0	0	1	0	0	0	0	0	0	0	0	0	0	0	0	0	0	0	0	0	0	0	0	0	0	0	0	0	0	0	0	0	0	0	0	0	0	0	0	0	0	0	0	0	0	0	0	0	0	0	0	0	0	0	0	0	0	0	0	0	0	0	0	0	0	0	0	1	0	0	0	0	0	0	0	0	0	0	0	0	0	0	0	0	0	0	0	0	0
Caprae_La2	ERR1462631	80	2	0	0	0	0	0	0	0	0	0	0	0	1	0	0	0	0	0	0	0	0	0	0	0	0	0	0	0	0	0	0	0	0	0	0	0	0	0	0	0	0	0	0	0	0	0	0	0	1	0	0	0	0	0	0	0	0	0	0	0	0	0	0	0	0	0	0	0	0	0	0	0	0	0	0	0	0	0	0	0	0	0	0	0	0	0	0	0	0	0	0	0	0	0	0	0	0	0
Caprae_La2	ERR1462594	80	2	0	0	0	0	0	0	0	0	0	0	0	0	0	0	0	0	0	0	0	0	0	0	0	0	0	0	0	0	0	0	0	0	0	0	0	0	0	0	0	0	0	1	0	0	0	0	0	0	0	0	0	0	0	0	0	0	0	0	0	0	0	0	0	0	0	0	1	0	0	0	0	0	0	0	0	0	0	0	0	0	0	0	0	0	0	0	0	0	0	0	0	0	0	0	0	0	0
Caprae_La2	SRR25167925	80	26	0	0	0	0	0	0	0	0	0	0	0	0	0	0	0	0	0	0	0	0	0	1	1	0	0	1	0	0	0	0	0	0	0	1	0	0	1	0	1	5	1	0	2	0	2	0	1	0	0	0	0	0	0	0	0	0	1	0	0	0	0	0	0	0	0	0	1	0	0	0	0	0	0	0	2	1	0	0	1	1	1	0	0	0	0	0	0	1	0	0	0	0	0	0	0	0	0
Caprae_La2	ERR10430691	80	13	0	0	0	0	0	0	0	0	0	0	0	0	0	0	0	0	0	0	0	0	0	1	0	0	0	0	1	0	0	0	0	0	0	0	0	0	0	0	2	0	0	0	0	1	0	0	1	0	1	0	0	0	0	0	0	1	0	0	0	0	0	0	0	0	0	0	0	1	0	0	0	1	0	0	0	0	2	0	0	0	0	0	0	0	0	0	0	0	0	0	0	1	0	0	0	0	0
Caprae_La2	SRR17111227	80	7	0	0	0	0	0	0	0	0	0	0	1	1	0	0	0	0	0	0	0	0	0	0	0	0	0	0	1	0	0	0	0	0	0	0	0	0	0	2	1	0	0	1	0	0	0	0	0	0	0	0	0	0	0	0	0	0	0	0	0	0	0	0	0	0	0	0	0	0	0	0	0	0	0	0	0	0	0	0	0	0	0	0	0	0	0	0	0	0	0	0	0	0	0	0	0	0	0
Caprae_La2	ERR1462603	80	0	0	0	0	0	0	0	0	0	0	0	0	0	0	0	0	0	0	0	0	0	0	0	0	0	0	0	0	0	0	0	0	0	0	0	0	0	0	0	0	0	0	0	0	0	0	0	0	0	0	0	0	0	0	0	0	0	0	0	0	0	0	0	0	0	0	0	0	0	0	0	0	0	0	0	0	0	0	0	0	0	0	0	0	0	0	0	0	0	0	0	0	0	0	0	0	0	0
Caprae_La2	SRR17111228	80	0	0	0	0	0	0	0	0	0	0	0	0	0	0	0	0	0	0	0	0	0	0	0	0	0	0	0	0	0	0	0	0	0	0	0	0	0	0	0	0	0	0	0	0	0	0	0	0	0	0	0	0	0	0	0	0	0	0	0	0	0	0	0	0	0	0	0	0	0	0	0	0	0	0	0	0	0	0	0	0	0	0	0	0	0	0	0	0	0	0	0	0	0	0	0	0	0	0
Caprae_La2	ERR1462595	80	0	0	0	0	0	0	0	0	0	0	0	0	0	0	0	0	0	0	0	0	0	0	0	0	0	0	0	0	0	0	0	0	0	0	0	0	0	0	0	0	0	0	0	0	0	0	0	0	0	0	0	0	0	0	0	0	0	0	0	0	0	0	0	0	0	0	0	0	0	0	0	0	0	0	0	0	0	0	0	0	0	0	0	0	0	0	0	0	0	0	0	0	0	0	0	0	0	0
Caprae_La2	SRR35607814	80	20	0	0	1	0	0	0	0	0	0	0	0	0	0	0	0	0	0	0	0	1	0	0	0	0	0	0	1	0	0	0	0	0	1	0	0	0	0	0	0	2	0	1	0	2	0	0	1	0	0	0	0	0	0	0	0	0	0	0	0	0	0	0	0	0	0	0	1	0	0	0	0	0	0	1	2	1	1	0	1	0	0	0	0	0	0	0	0	0	0	0	3	0	0	0	0	0	0
Caprae_La2	SRR13888789	80	86	0	0	1	0	0	0	0	0	0	0	0	1	0	0	0	1	0	1	0	0	0	2	0	2	0	1	2	2	1	0	0	0	0	3	2	3	2	1	2	8	1	2	9	5	2	1	2	6	0	0	0	0	0	0	0	0	0	0	0	0	0	0	0	0	0	0	3	0	2	0	0	1	1	0	6	3	3	1	1	0	0	0	0	0	0	0	1	0	0	0	0	0	1	0	0	0	0
Caprae_La2	ERR10430697	80	14	0	0	0	0	0	0	0	0	0	0	0	0	1	0	0	0	0	0	0	0	0	0	0	0	0	0	0	0	0	0	0	0	0	0	0	0	0	1	1	1	0	2	0	2	1	0	0	1	0	0	0	0	0	0	0	0	0	0	0	0	0	0	0	0	0	0	0	0	0	0	0	0	0	0	0	0	0	0	0	0	0	0	0	0	0	0	0	1	0	0	1	1	0	0	0	1	0
Orygis_La3	SRR23445158	80	73	0	0	1	0	0	0	1	0	0	1	1	2	1	0	1	1	0	0	0	0	0	0	0	2	1	1	1	0	0	0	1	1	0	1	1	3	2	1	3	5	2	0	5	6	0	0	0	4	1	0	0	0	0	0	0	0	0	0	0	1	0	0	0	0	1	0	0	2	1	0	0	1	0	0	1	3	1	0	0	1	0	0	2	0	0	0	2	3	0	0	1	0	1	0	1	1	0
Orygis_La3	SRR16057940	80	84	0	0	0	0	0	0	0	1	0	1	3	1	0	0	0	1	1	0	2	0	0	0	0	0	0	0	1	1	0	0	0	1	0	0	0	2	1	1	2	3	1	1	3	9	6	2	1	4	1	1	0	0	0	0	0	0	0	1	0	1	0	0	0	0	0	0	2	1	1	0	0	3	0	2	8	0	3	0	2	1	0	0	0	0	1	0	2	0	0	1	0	0	4	0	0	0	0
Orygis_La3	SRR20622097	80	10	0	0	0	0	0	1	0	0	0	0	0	0	0	0	0	0	0	0	0	0	0	0	0	0	0	0	0	0	0	0	0	0	0	0	0	0	0	1	0	0	0	0	0	2	1	0	0	1	0	0	0	0	0	0	0	0	0	0	0	0	0	0	0	0	0	0	0	0	0	0	1	0	0	0	1	0	0	0	1	0	0	0	0	0	0	0	0	0	0	0	0	0	0	0	0	0	1
Orygis_La3	SRR24372791	80	0	0	0	0	0	0	0	0	0	0	0	0	0	0	0	0	0	0	0	0	0	0	0	0	0	0	0	0	0	0	0	0	0	0	0	0	0	0	0	0	0	0	0	0	0	0	0	0	0	0	0	0	0	0	0	0	0	0	0	0	0	0	0	0	0	0	0	0	0	0	0	0	0	0	0	0	0	0	0	0	0	0	0	0	0	0	0	0	0	0	0	0	0	0	0	0	0	0
Orygis_La3	ERR4799118	80	26	0	0	0	0	0	0	0	0	0	0	0	0	0	0	0	1	0	0	0	0	0	1	1	0	0	0	0	0	1	0	0	0	0	1	0	1	1	2	1	2	0	0	0	3	0	0	0	1	0	0	0	0	0	0	0	0	0	0	1	0	0	0	0	0	0	0	1	0	0	1	0	0	0	0	1	1	0	0	0	0	0	0	0	0	0	0	1	0	1	0	3	0	0	0	0	0	0
Orygis_La3	SRR25035965	80	29	0	0	0	0	0	0	0	0	0	0	1	1	0	0	0	0	0	0	0	0	0	0	0	1	0	0	1	0	0	0	0	0	0	1	0	1	0	2	0	1	0	0	1	4	0	0	0	1	0	0	1	0	0	0	0	2	0	0	1	1	0	0	0	0	0	0	1	0	0	0	0	0	0	0	4	2	0	0	0	0	0	0	0	0	0	0	1	0	0	0	1	0	0	0	0	0	0
Orygis_La3	SRR23445174	80	73	0	1	0	0	0	0	0	2	1	0	0	0	1	0	0	2	0	0	0	1	0	0	1	1	1	0	0	0	0	1	0	1	1	0	4	4	1	4	2	5	1	1	4	3	1	0	0	6	1	0	0	0	0	0	0	0	0	0	0	0	0	0	0	0	0	1	0	1	0	0	0	1	0	1	1	3	5	0	1	1	1	0	0	0	0	0	1	1	0	0	2	0	1	0	1	0	0
Orygis_La3	SRR23445126	80	39	0	0	0	0	0	0	0	0	1	0	1	0	0	0	0	0	0	0	0	0	0	2	0	0	0	2	0	0	1	0	0	1	0	1	0	3	0	1	3	5	0	1	0	2	2	2	0	3	1	0	0	0	0	0	0	0	0	0	0	0	0	0	0	0	0	0	1	0	0	0	0	0	0	0	3	0	0	0	0	0	0	0	0	0	1	0	0	0	0	0	0	1	0	0	1	0	0
Orygis_La3	SRR24372789	80	2	0	0	0	0	0	0	0	0	0	0	0	0	0	0	0	0	0	0	0	0	0	0	0	0	0	0	0	0	0	0	0	0	0	0	0	0	0	0	0	0	0	0	0	1	0	0	0	0	0	0	0	0	0	0	0	0	0	0	0	0	0	0	0	0	0	0	1	0	0	0	0	0	0	0	0	0	0	0	0	0	0	0	0	0	0	0	0	0	0	0	0	0	0	0	0	0	0
Orygis_La3	SRR23445180	80	73	0	0	0	2	0	0	0	0	1	0	0	1	0	0	0	0	0	0	1	0	0	2	1	1	0	0	1	0	1	0	1	1	1	1	2	1	1	3	0	3	2	2	4	6	2	0	0	5	2	0	0	0	0	0	0	0	0	0	0	0	0	0	0	0	0	0	0	4	0	1	0	3	0	0	3	3	1	0	1	1	0	0	1	1	0	0	1	1	0	0	3	0	0	0	0	1	0
Orygis_La3	SRR10321143	80	77	0	2	0	2	0	0	2	1	1	1	1	1	0	0	0	0	0	0	1	0	0	1	1	0	0	1	1	2	1	0	0	0	1	1	3	4	0	4	1	5	0	2	6	5	2	2	0	2	1	0	0	0	0	0	0	0	0	0	0	0	0	0	0	0	0	1	0	2	0	0	1	1	0	1	2	2	1	0	0	0	1	0	1	0	0	0	0	0	1	0	3	2	0	0	0	0	0
Orygis_La3	SRR29322297	80	0	0	0	0	0	0	0	0	0	0	0	0	0	0	0	0	0	0	0	0	0	0	0	0	0	0	0	0	0	0	0	0	0	0	0	0	0	0	0	0	0	0	0	0	0	0	0	0	0	0	0	0	0	0	0	0	0	0	0	0	0	0	0	0	0	0	0	0	0	0	0	0	0	0	0	0	0	0	0	0	0	0	0	0	0	0	0	0	0	0	0	0	0	0	0	0	0	0
Orygis_La3	ERR4817427	80	31	1	1	0	0	0	0	0	0	0	0	1	0	0	0	0	0	0	0	1	0	0	0	1	0	0	1	0	1	0	0	1	0	0	0	0	0	0	1	1	0	1	2	4	2	2	0	0	1	1	0	1	1	0	0	0	0	0	0	0	0	1	0	0	0	0	0	1	1	0	0	0	0	0	1	0	1	0	0	0	0	0	0	0	0	0	0	0	0	1	0	1	0	0	0	0	0	0
Orygis_La3	SRR17089003	80	0	0	0	0	0	0	0	0	0	0	0	0	0	0	0	0	0	0	0	0	0	0	0	0	0	0	0	0	0	0	0	0	0	0	0	0	0	0	0	0	0	0	0	0	0	0	0	0	0	0	0	0	0	0	0	0	0	0	0	0	0	0	0	0	0	0	0	0	0	0	0	0	0	0	0	0	0	0	0	0	0	0	0	0	0	0	0	0	0	0	0	0	0	0	0	0	0	0
Orygis_La3	SRR23445134	80	0	0	0	0	0	0	0	0	0	0	0	0	0	0	0	0	0	0	0	0	0	0	0	0	0	0	0	0	0	0	0	0	0	0	0	0	0	0	0	0	0	0	0	0	0	0	0	0	0	0	0	0	0	0	0	0	0	0	0	0	0	0	0	0	0	0	0	0	0	0	0	0	0	0	0	0	0	0	0	0	0	0	0	0	0	0	0	0	0	0	0	0	0	0	0	0	0	0
Orygis_La3	ERR234682	80	74	0	0	0	1	0	1	0	2	0	0	1	1	0	0	0	0	0	0	0	0	0	1	1	2	2	1	0	0	0	0	1	1	0	1	2	1	1	3	0	5	0	1	7	5	0	0	1	4	2	1	0	1	0	0	0	0	0	0	0	0	1	0	0	1	0	0	4	1	0	0	1	1	2	0	3	1	1	0	1	2	1	0	0	0	0	0	1	0	0	0	2	0	1	0	0	0	0
Orygis_La3	ERR9125109	80	90	0	0	0	0	1	0	1	3	0	1	1	0	1	0	1	0	0	0	1	1	2	0	0	0	0	0	0	0	1	0	0	0	0	0	2	4	1	1	1	6	2	1	5	7	5	1	0	5	0	0	0	0	0	1	0	1	0	0	0	0	0	0	0	0	1	0	1	2	3	1	1	2	0	0	6	3	3	0	2	0	0	0	0	0	1	0	0	1	2	0	1	0	2	0	0	1	0
Orygis_La3	SRR28623800	80	0	0	0	0	0	0	0	0	0	0	0	0	0	0	0	0	0	0	0	0	0	0	0	0	0	0	0	0	0	0	0	0	0	0	0	0	0	0	0	0	0	0	0	0	0	0	0	0	0	0	0	0	0	0	0	0	0	0	0	0	0	0	0	0	0	0	0	0	0	0	0	0	0	0	0	0	0	0	0	0	0	0	0	0	0	0	0	0	0	0	0	0	0	0	0	0	0	0
Orygis_La3	ERR6375135	80	63	0	0	0	0	0	0	0	0	0	0	1	1	0	0	0	1	0	1	2	0	0	2	2	0	0	1	0	1	0	0	0	0	1	1	0	3	1	1	2	3	0	1	2	5	2	1	0	4	0	0	0	0	1	0	0	0	0	0	0	0	0	0	0	0	0	0	3	3	1	1	1	1	1	1	4	1	2	0	0	0	0	0	0	0	0	0	0	0	0	0	2	1	0	0	0	1	0
Orygis_La3	ERR234675	80	74	0	1	1	0	1	1	0	2	1	0	2	2	0	0	0	0	0	0	2	2	0	1	2	1	1	0	0	0	1	0	0	1	0	2	1	2	1	1	1	4	0	2	2	6	0	1	1	0	1	0	0	0	0	0	1	1	1	0	0	0	0	0	0	0	0	1	2	2	1	0	1	2	0	0	1	2	1	0	2	2	0	0	0	0	0	0	1	1	2	0	2	1	0	0	0	0	0
Orygis_La3	SRR25035967	80	2	0	0	0	0	0	0	0	0	0	0	0	0	0	0	0	0	0	0	0	0	0	0	0	0	0	0	0	0	0	0	0	0	0	0	0	0	0	0	0	0	0	0	0	0	1	0	0	0	0	0	0	0	0	0	0	0	0	0	0	0	0	0	0	0	0	0	0	1	0	0	0	0	0	0	0	0	0	0	0	0	0	0	0	0	0	0	0	0	0	0	0	0	0	0	0	0	0
Orygis_La3	SRR16643349	80	59	0	0	0	1	0	1	2	2	0	0	0	1	0	0	0	0	0	0	0	1	0	0	0	0	1	0	0	0	0	0	0	2	0	0	3	2	0	1	2	2	1	1	1	5	1	2	1	5	0	0	0	0	1	0	0	0	1	0	0	0	0	0	0	0	0	0	1	0	0	0	0	1	0	1	1	1	4	0	1	0	1	0	1	1	0	0	2	0	0	0	1	0	1	1	1	0	0
Orygis_La3	SRR28623806	80	0	0	0	0	0	0	0	0	0	0	0	0	0	0	0	0	0	0	0	0	0	0	0	0	0	0	0	0	0	0	0	0	0	0	0	0	0	0	0	0	0	0	0	0	0	0	0	0	0	0	0	0	0	0	0	0	0	0	0	0	0	0	0	0	0	0	0	0	0	0	0	0	0	0	0	0	0	0	0	0	0	0	0	0	0	0	0	0	0	0	0	0	0	0	0	0	0	0
Orygis_La3	SRR27450478	80	87	0	0	0	2	0	1	2	0	0	1	0	1	0	0	0	2	0	1	1	0	0	0	1	1	0	0	2	0	0	0	0	0	0	1	2	2	0	6	4	3	0	3	6	2	2	2	2	5	1	0	0	0	0	0	1	0	0	0	0	0	0	0	0	0	0	0	4	0	0	0	3	1	0	1	3	1	2	2	1	0	0	0	0	0	0	1	1	0	0	0	4	1	3	0	0	1	1
Orygis_La3	SRR29052772	80	61	0	0	2	1	0	0	0	0	0	0	2	0	0	0	1	1	0	0	0	0	0	1	0	1	2	1	1	1	0	0	0	2	0	1	2	0	1	4	1	2	1	3	3	1	0	1	0	3	1	0	0	0	0	0	0	0	0	0	0	0	0	0	0	0	1	0	0	2	0	0	1	1	0	1	3	4	3	0	0	0	0	0	0	1	0	0	1	0	1	0	2	0	0	0	0	0	0
Orygis_La3	SRR23445136	80	58	0	0	1	0	0	0	0	0	2	1	0	1	0	0	0	0	0	0	0	1	0	0	0	1	0	2	1	0	0	0	0	0	0	1	3	3	0	2	2	3	1	1	6	4	1	0	1	2	1	0	0	0	1	0	1	0	0	0	0	0	0	0	1	0	0	1	1	3	0	0	0	1	0	0	1	0	3	0	1	1	0	0	0	1	0	0	0	0	0	0	0	0	1	0	0	0	0
Orygis_La3	SRR28623801	80	0	0	0	0	0	0	0	0	0	0	0	0	0	0	0	0	0	0	0	0	0	0	0	0	0	0	0	0	0	0	0	0	0	0	0	0	0	0	0	0	0	0	0	0	0	0	0	0	0	0	0	0	0	0	0	0	0	0	0	0	0	0	0	0	0	0	0	0	0	0	0	0	0	0	0	0	0	0	0	0	0	0	0	0	0	0	0	0	0	0	0	0	0	0	0	0	0	0
Orygis_La3	SRR28623786	80	0	0	0	0	0	0	0	0	0	0	0	0	0	0	0	0	0	0	0	0	0	0	0	0	0	0	0	0	0	0	0	0	0	0	0	0	0	0	0	0	0	0	0	0	0	0	0	0	0	0	0	0	0	0	0	0	0	0	0	0	0	0	0	0	0	0	0	0	0	0	0	0	0	0	0	0	0	0	0	0	0	0	0	0	0	0	0	0	0	0	0	0	0	0	0	0	0	0
Orygis_La3	SRR27450482	80	106	0	0	0	1	0	0	0	0	0	1	1	2	0	0	0	3	1	0	1	1	1	1	0	2	0	0	1	0	1	0	1	2	1	2	1	5	0	1	4	9	3	6	2	5	5	3	2	4	1	0	1	0	0	0	0	0	1	0	1	0	0	1	0	1	0	0	2	1	2	0	0	1	0	1	4	2	4	1	0	1	0	0	0	0	1	0	1	0	1	0	2	0	0	0	2	1	0
Orygis_La3	SRR16089402	80	0	0	0	0	0	0	0	0	0	0	0	0	0	0	0	0	0	0	0	0	0	0	0	0	0	0	0	0	0	0	0	0	0	0	0	0	0	0	0	0	0	0	0	0	0	0	0	0	0	0	0	0	0	0	0	0	0	0	0	0	0	0	0	0	0	0	0	0	0	0	0	0	0	0	0	0	0	0	0	0	0	0	0	0	0	0	0	0	0	0	0	0	0	0	0	0	0	0
Orygis_La3	SRR23445125	80	104	0	0	1	3	0	0	0	1	1	1	1	1	1	0	0	3	0	0	0	0	0	2	2	0	2	0	1	2	1	1	0	2	0	0	1	3	1	4	3	11	0	1	6	9	0	1	3	3	0	0	1	0	0	0	1	0	0	0	0	1	0	0	0	0	0	1	4	2	0	0	0	2	2	0	3	6	0	1	2	0	0	0	0	0	0	0	2	0	1	0	1	0	1	0	0	1	0
Orygis_La3	SRR29440847	80	54	0	0	0	0	0	0	1	1	1	1	1	1	0	0	0	0	1	0	1	0	0	2	2	2	1	0	2	0	0	0	1	1	1	0	0	2	1	4	0	3	0	0	2	1	3	0	0	1	0	0	1	0	1	0	1	0	0	0	0	0	0	0	0	0	0	0	3	2	0	0	0	2	0	2	0	3	0	0	1	0	0	0	0	0	0	0	0	0	0	0	0	0	0	0	0	1	0
Orygis_La3	SRR23445148	80	124	0	0	0	1	0	0	1	0	0	0	1	4	0	0	0	1	1	0	2	2	0	1	1	1	1	0	2	1	0	1	2	1	0	4	0	2	2	0	4	11	1	5	7	10	0	0	1	6	0	0	0	1	0	0	1	0	1	0	1	0	0	0	1	0	0	0	3	1	1	0	2	1	0	0	6	3	3	0	0	6	0	0	2	0	0	1	1	3	2	1	3	0	0	0	1	1	1
Orygis_La3	SRR28623803	80	0	0	0	0	0	0	0	0	0	0	0	0	0	0	0	0	0	0	0	0	0	0	0	0	0	0	0	0	0	0	0	0	0	0	0	0	0	0	0	0	0	0	0	0	0	0	0	0	0	0	0	0	0	0	0	0	0	0	0	0	0	0	0	0	0	0	0	0	0	0	0	0	0	0	0	0	0	0	0	0	0	0	0	0	0	0	0	0	0	0	0	0	0	0	0	0	0	0
Orygis_La3	ERR2512859	80	68	0	0	0	0	0	1	0	2	0	0	1	1	0	0	0	0	0	0	0	0	0	0	0	1	0	1	0	1	0	0	0	0	0	4	1	2	0	2	1	4	1	1	1	5	1	1	1	3	0	0	3	0	0	1	0	0	1	0	0	0	0	0	0	0	1	0	4	0	0	0	1	0	0	1	6	4	2	0	1	0	0	0	1	0	0	0	1	0	1	0	2	0	1	0	1	0	0
Orygis_La3	SRR23445128	80	46	0	0	0	0	0	0	0	0	0	0	0	2	1	0	0	2	0	0	1	1	0	0	0	1	2	0	0	0	0	0	0	0	0	1	1	0	0	1	4	1	0	1	5	2	0	1	1	1	0	0	0	0	0	0	0	1	0	0	0	0	0	0	0	0	0	0	1	1	0	0	0	0	0	1	2	4	1	0	2	1	0	1	0	0	0	0	1	0	0	0	1	0	0	0	0	0	0
Orygis_La3	SRR23445155	80	67	0	0	0	0	0	1	2	2	0	0	1	2	1	0	0	0	0	0	0	2	0	0	0	1	0	0	2	0	0	0	0	1	0	0	1	3	2	2	2	3	2	2	2	10	1	2	0	2	0	0	1	0	0	0	0	0	0	0	0	0	1	0	0	0	0	1	0	1	0	0	1	1	0	3	2	0	2	0	1	0	0	0	1	0	0	0	1	0	1	0	1	0	0	0	0	0	0
Orygis_La3	SRR23445132	80	0	0	0	0	0	0	0	0	0	0	0	0	0	0	0	0	0	0	0	0	0	0	0	0	0	0	0	0	0	0	0	0	0	0	0	0	0	0	0	0	0	0	0	0	0	0	0	0	0	0	0	0	0	0	0	0	0	0	0	0	0	0	0	0	0	0	0	0	0	0	0	0	0	0	0	0	0	0	0	0	0	0	0	0	0	0	0	0	0	0	0	0	0	0	0	0	0	0
Orygis_La3	SRR6046131	80	106	0	1	0	1	0	0	0	2	1	1	1	5	1	0	0	3	0	0	1	0	0	0	1	2	2	1	1	0	1	0	0	1	0	4	4	1	1	7	1	7	2	5	4	8	1	2	1	3	2	1	0	0	0	0	0	1	0	0	0	2	0	0	0	1	0	1	1	0	2	1	1	2	0	2	4	0	2	0	0	1	0	0	0	0	0	0	0	0	2	0	1	0	0	0	1	0	1
Orygis_La3	ERR6375142	80	59	0	0	0	1	0	0	0	2	0	0	0	0	0	0	0	0	0	1	0	0	0	1	1	0	1	2	0	1	0	3	2	1	0	1	1	2	0	1	2	4	0	1	2	4	1	1	1	3	1	0	1	0	0	0	0	0	0	0	1	0	0	0	1	1	0	0	0	0	0	0	1	0	1	0	2	2	0	0	0	1	0	0	1	0	0	0	0	1	1	0	1	3	0	0	0	0	0
Orygis_La3	SRR10251187	80	0	0	0	0	0	0	0	0	0	0	0	0	0	0	0	0	0	0	0	0	0	0	0	0	0	0	0	0	0	0	0	0	0	0	0	0	0	0	0	0	0	0	0	0	0	0	0	0	0	0	0	0	0	0	0	0	0	0	0	0	0	0	0	0	0	0	0	0	0	0	0	0	0	0	0	0	0	0	0	0	0	0	0	0	0	0	0	0	0	0	0	0	0	0	0	0	0	0
Orygis_La3	ERR4800046	80	28	0	0	0	0	0	0	0	0	0	0	0	0	0	0	0	0	0	0	1	0	0	0	0	1	0	0	1	0	0	0	0	1	0	0	0	1	0	2	3	0	0	0	0	3	0	1	0	3	0	0	0	0	0	0	0	0	0	0	0	0	0	0	0	0	0	0	1	0	0	0	0	0	0	0	2	2	0	0	2	0	0	0	0	0	0	0	1	0	0	0	1	0	1	0	0	1	0
Orygis_La3	SRR28351652	80	39	0	0	0	0	0	0	1	0	0	1	2	1	0	0	0	0	0	0	0	0	0	1	0	0	2	0	0	0	0	0	0	0	0	0	0	0	1	0	0	1	0	0	3	5	0	0	2	0	0	0	0	0	0	0	1	0	1	0	0	1	0	0	0	0	2	0	1	1	0	0	0	0	1	1	2	1	3	1	0	0	0	0	0	0	0	0	1	1	0	0	0	0	0	1	0	0	0
Orygis_La3	ERR386816	80	80	0	1	1	0	0	0	0	1	0	2	1	3	0	0	0	2	0	0	0	1	0	0	1	1	0	0	1	0	0	1	0	0	0	0	1	5	1	2	1	5	1	2	1	6	2	2	0	8	2	0	0	0	0	1	0	0	0	0	0	0	1	0	0	0	0	0	1	0	1	1	1	0	1	1	3	3	4	1	0	1	2	0	0	0	0	0	0	0	0	0	2	0	1	0	0	0	0
Orygis_La3	SRR29322298	80	10	0	0	0	0	0	0	0	0	0	0	0	1	0	0	0	0	0	0	0	0	0	0	0	0	0	0	1	0	0	0	0	0	0	2	0	1	0	0	0	0	0	0	1	1	0	0	0	0	0	0	0	0	0	0	0	0	0	0	0	0	0	0	0	0	0	0	0	0	0	0	0	0	0	0	1	0	0	1	0	0	0	0	0	0	1	0	0	0	0	0	0	0	0	0	0	0	0
Orygis_La3	ERR4821317	80	69	0	1	0	1	0	0	1	2	0	2	0	0	0	0	0	0	0	0	1	0	0	1	0	0	1	0	0	1	0	0	0	0	0	2	1	2	0	2	1	4	2	2	4	7	1	1	1	8	0	0	1	0	0	0	1	1	0	1	0	0	0	0	0	0	0	0	2	1	0	0	1	0	1	0	4	0	1	0	1	0	0	0	1	1	0	0	0	0	1	1	1	0	0	0	0	0	0
Orygis_La3	SRR27450477	80	32	0	0	0	0	0	0	0	1	0	2	0	1	1	0	0	0	0	1	1	0	0	0	0	0	0	0	1	0	0	0	0	0	0	2	1	1	0	1	0	2	1	0	0	3	0	0	1	1	0	0	0	0	0	0	0	0	1	0	0	0	0	0	0	0	0	1	2	0	0	0	0	0	0	0	2	3	0	0	0	1	0	0	0	0	0	0	1	0	0	0	0	0	0	0	0	0	0
Orygis_La3	SRR29053316	80	122	0	0	0	2	0	0	1	1	0	0	3	1	1	0	0	1	0	0	2	0	1	0	2	1	0	0	1	2	0	1	1	0	0	1	1	5	3	3	3	12	4	0	5	8	1	1	4	7	2	0	0	0	0	0	0	1	1	0	0	1	0	1	1	0	1	1	3	2	0	1	0	0	1	1	6	2	5	0	3	1	1	0	1	0	1	0	2	1	0	0	2	0	1	0	0	0	0
Orygis_La3	SRR5642716	80	0	0	0	0	0	0	0	0	0	0	0	0	0	0	0	0	0	0	0	0	0	0	0	0	0	0	0	0	0	0	0	0	0	0	0	0	0	0	0	0	0	0	0	0	0	0	0	0	0	0	0	0	0	0	0	0	0	0	0	0	0	0	0	0	0	0	0	0	0	0	0	0	0	0	0	0	0	0	0	0	0	0	0	0	0	0	0	0	0	0	0	0	0	0	0	0	0	0
Orygis_La3	ERR11067178	80	26	0	0	0	1	0	0	0	1	0	0	0	0	0	0	0	0	0	0	0	0	0	0	0	0	0	1	0	0	0	0	0	0	0	0	0	1	0	0	1	4	0	1	1	1	2	1	0	0	0	0	0	0	0	0	0	0	0	0	0	0	0	0	0	0	0	0	0	0	0	0	0	0	0	2	2	1	2	0	0	0	0	0	0	0	0	0	2	0	1	0	0	0	1	0	0	0	0
Orygis_La3	ERR4814915	80	87	0	1	1	0	0	0	0	0	0	0	2	1	0	0	1	1	0	0	0	2	0	1	1	4	1	1	2	1	0	1	1	1	1	4	2	1	0	4	1	2	4	3	5	7	2	0	1	3	0	0	0	0	1	0	0	0	0	0	1	0	0	0	1	0	0	0	2	3	0	0	0	2	1	0	4	2	2	1	1	1	0	0	0	0	0	0	0	0	0	0	1	0	1	0	0	0	0
Orygis_La3	ERR330723	80	85	0	0	0	0	0	0	1	0	1	1	0	3	0	0	0	0	1	0	0	0	0	1	1	0	0	2	1	1	0	0	1	0	0	2	2	6	0	3	3	6	1	2	4	9	4	1	2	3	0	0	0	0	0	0	0	0	0	0	0	0	0	0	1	0	0	0	1	2	0	0	0	0	0	1	4	1	1	0	1	3	0	0	1	1	0	0	4	1	1	0	0	0	0	0	0	0	0
Orygis_La3	ERR6375126	80	80	0	0	0	1	1	0	0	0	1	0	1	5	0	1	0	2	0	0	0	0	0	1	1	0	2	0	0	1	1	0	0	1	1	3	2	1	0	2	1	5	1	3	5	9	0	2	1	4	0	0	0	0	1	0	1	0	0	0	0	0	0	0	0	0	0	0	2	3	0	0	0	0	0	0	2	3	3	1	1	0	1	0	0	0	0	0	0	0	0	2	1	0	0	0	0	0	0
Orygis_La3	SRR23445131	80	91	0	0	1	0	0	0	0	1	0	1	1	1	0	0	0	0	0	0	2	0	0	3	0	1	0	0	0	0	0	0	0	1	0	1	0	3	1	1	1	2	1	4	13	5	3	3	2	1	1	0	0	0	0	0	1	0	1	0	2	0	0	0	0	0	0	1	1	5	0	0	0	5	0	0	8	4	2	0	2	2	0	0	0	0	0	0	0	0	0	0	0	0	0	1	0	1	1
Orygis_La3	SRR28623802	80	0	0	0	0	0	0	0	0	0	0	0	0	0	0	0	0	0	0	0	0	0	0	0	0	0	0	0	0	0	0	0	0	0	0	0	0	0	0	0	0	0	0	0	0	0	0	0	0	0	0	0	0	0	0	0	0	0	0	0	0	0	0	0	0	0	0	0	0	0	0	0	0	0	0	0	0	0	0	0	0	0	0	0	0	0	0	0	0	0	0	0	0	0	0	0	0	0	0
Orygis_La3	SRR17254975	80	0	0	0	0	0	0	0	0	0	0	0	0	0	0	0	0	0	0	0	0	0	0	0	0	0	0	0	0	0	0	0	0	0	0	0	0	0	0	0	0	0	0	0	0	0	0	0	0	0	0	0	0	0	0	0	0	0	0	0	0	0	0	0	0	0	0	0	0	0	0	0	0	0	0	0	0	0	0	0	0	0	0	0	0	0	0	0	0	0	0	0	0	0	0	0	0	0	0
Orygis_La3	SRR28623796	80	0	0	0	0	0	0	0	0	0	0	0	0	0	0	0	0	0	0	0	0	0	0	0	0	0	0	0	0	0	0	0	0	0	0	0	0	0	0	0	0	0	0	0	0	0	0	0	0	0	0	0	0	0	0	0	0	0	0	0	0	0	0	0	0	0	0	0	0	0	0	0	0	0	0	0	0	0	0	0	0	0	0	0	0	0	0	0	0	0	0	0	0	0	0	0	0	0	0
Orygis_La3	ERR2659156	80	69	0	0	0	0	0	0	0	0	0	1	1	0	1	0	0	0	0	1	0	0	0	0	0	2	0	0	1	0	1	0	0	1	0	3	2	3	0	1	1	7	0	1	3	11	4	2	3	1	1	0	0	0	0	0	1	0	0	0	0	0	0	0	0	0	0	1	0	0	0	0	1	0	0	1	3	2	1	0	1	0	0	0	0	0	0	0	1	1	0	0	2	1	0	0	1	0	0
Orygis_La3	SRR7070072	80	75	0	0	0	0	0	0	1	1	0	2	0	3	0	0	0	0	0	0	2	0	1	0	1	1	0	1	2	1	0	1	0	1	0	0	0	1	0	1	3	4	1	2	5	7	0	1	1	4	0	0	0	0	0	0	0	0	0	0	0	0	0	0	0	0	0	0	3	2	1	0	2	0	0	1	5	5	0	1	1	1	0	0	1	0	0	0	1	2	0	0	0	0	1	0	0	0	0
Orygis_La3	ERR4815064	80	14	0	0	0	0	0	0	0	0	0	0	0	0	0	0	0	0	0	0	1	0	0	0	0	1	0	0	0	0	0	0	0	0	0	1	2	1	0	0	0	0	0	1	1	2	0	0	0	1	0	0	0	0	0	0	0	0	0	1	0	0	0	0	0	0	0	0	0	0	1	0	0	0	0	0	0	0	0	0	1	0	0	0	0	0	0	0	0	0	0	0	0	0	0	0	0	0	0
Orygis_La3	SRR30679957	80	98	0	0	0	1	0	1	0	1	1	1	2	1	0	0	0	1	0	0	0	1	1	0	0	0	0	1	3	0	0	0	0	0	0	0	4	3	2	4	3	8	6	3	7	7	2	1	2	3	0	0	0	0	0	0	0	1	0	0	0	0	0	0	0	0	0	0	1	4	1	1	0	0	3	3	4	5	1	0	1	0	0	0	0	0	0	0	0	0	1	0	0	1	1	0	0	0	0
Orygis_La3	SRR17089001	80	0	0	0	0	0	0	0	0	0	0	0	0	0	0	0	0	0	0	0	0	0	0	0	0	0	0	0	0	0	0	0	0	0	0	0	0	0	0	0	0	0	0	0	0	0	0	0	0	0	0	0	0	0	0	0	0	0	0	0	0	0	0	0	0	0	0	0	0	0	0	0	0	0	0	0	0	0	0	0	0	0	0	0	0	0	0	0	0	0	0	0	0	0	0	0	0	0	0
Orygis_La3	SRR28623791	80	0	0	0	0	0	0	0	0	0	0	0	0	0	0	0	0	0	0	0	0	0	0	0	0	0	0	0	0	0	0	0	0	0	0	0	0	0	0	0	0	0	0	0	0	0	0	0	0	0	0	0	0	0	0	0	0	0	0	0	0	0	0	0	0	0	0	0	0	0	0	0	0	0	0	0	0	0	0	0	0	0	0	0	0	0	0	0	0	0	0	0	0	0	0	0	0	0	0
Orygis_La3	ERR5336162	80	161	0	0	2	0	0	0	1	3	2	2	0	5	0	0	0	0	0	0	0	0	0	3	1	2	0	2	1	1	2	0	3	3	1	2	1	6	0	5	4	9	1	6	9	17	4	3	1	6	0	1	0	0	1	0	3	0	0	0	0	2	0	0	0	0	0	0	4	0	0	1	0	2	0	3	9	3	3	0	3	3	0	1	3	0	2	1	0	3	1	0	4	0	0	0	0	0	0
Orygis_La3	SRR6044858	80	36	0	0	0	0	0	0	1	0	0	0	0	0	0	0	0	0	0	0	0	0	0	1	0	0	0	0	0	0	0	0	0	0	0	1	0	1	0	1	1	4	0	0	1	2	1	2	1	2	0	0	0	0	0	0	0	0	0	0	1	0	0	0	0	0	0	1	0	2	0	1	2	2	0	1	2	0	2	0	1	0	0	0	0	0	0	0	0	0	0	0	1	1	0	0	0	0	0
Orygis_La3	SRR29322284	80	0	0	0	0	0	0	0	0	0	0	0	0	0	0	0	0	0	0	0	0	0	0	0	0	0	0	0	0	0	0	0	0	0	0	0	0	0	0	0	0	0	0	0	0	0	0	0	0	0	0	0	0	0	0	0	0	0	0	0	0	0	0	0	0	0	0	0	0	0	0	0	0	0	0	0	0	0	0	0	0	0	0	0	0	0	0	0	0	0	0	0	0	0	0	0	0	0	0
Orygis_La3	SRR23445179	80	46	0	0	0	0	0	0	0	1	0	0	2	1	1	0	0	0	1	0	1	0	0	0	1	1	0	0	1	1	0	0	0	0	1	2	0	0	0	0	0	1	2	1	3	4	1	0	2	2	1	1	0	0	0	0	0	0	2	0	0	0	0	0	0	0	0	0	2	0	0	0	1	1	0	1	0	0	2	0	0	1	0	0	1	0	1	0	1	0	0	0	1	0	0	0	0	0	0
Orygis_La3	SRR28623808	80	0	0	0	0	0	0	0	0	0	0	0	0	0	0	0	0	0	0	0	0	0	0	0	0	0	0	0	0	0	0	0	0	0	0	0	0	0	0	0	0	0	0	0	0	0	0	0	0	0	0	0	0	0	0	0	0	0	0	0	0	0	0	0	0	0	0	0	0	0	0	0	0	0	0	0	0	0	0	0	0	0	0	0	0	0	0	0	0	0	0	0	0	0	0	0	0	0	0
Orygis_La3	ERR9125087	80	28	0	0	0	0	0	0	0	0	0	0	0	1	0	0	0	0	0	0	0	0	0	0	1	0	0	0	0	0	0	0	0	0	0	1	0	3	0	1	0	4	1	2	0	1	0	0	0	3	0	0	0	0	0	0	0	0	0	0	0	0	0	0	0	0	0	0	1	0	1	0	0	0	1	0	0	3	0	0	0	1	0	0	0	0	0	0	1	0	0	0	1	0	1	0	0	0	0
Orygis_La3	SRR10251191	80	72	0	0	0	0	0	0	0	1	1	0	0	0	1	1	0	1	0	0	0	0	0	0	1	0	0	0	0	0	1	1	0	0	0	1	3	0	1	1	0	9	0	2	3	2	0	0	0	7	0	0	0	0	0	0	0	0	0	0	0	0	0	0	0	0	0	1	1	2	4	0	0	1	0	0	7	4	4	0	0	3	0	0	1	0	0	0	1	0	1	1	0	1	0	0	1	1	1
Orygis_La3	SRR5642713	80	31	0	0	0	0	0	0	0	0	0	0	0	0	0	1	0	1	0	0	0	0	0	0	0	1	0	0	0	0	0	0	0	1	0	0	0	0	0	1	0	3	0	0	3	2	2	0	0	2	0	0	0	0	0	0	0	0	0	0	0	0	0	0	0	0	0	0	1	1	0	0	1	0	1	0	2	2	0	1	1	0	0	0	0	0	0	0	1	1	0	0	0	0	1	0	1	0	0
Orygis_La3	ERR13291246	80	95	0	0	1	1	0	0	0	2	0	0	0	2	1	0	0	1	0	0	1	0	2	4	2	0	2	1	1	2	1	0	0	1	1	1	4	4	1	1	1	2	0	4	3	4	1	0	2	2	1	0	0	0	0	0	0	2	0	0	0	0	0	0	0	3	0	0	0	5	2	0	0	2	0	2	4	2	2	0	3	2	0	0	1	1	0	0	1	0	1	0	1	1	3	0	0	0	0
Orygis_La3	SRR28623804	80	0	0	0	0	0	0	0	0	0	0	0	0	0	0	0	0	0	0	0	0	0	0	0	0	0	0	0	0	0	0	0	0	0	0	0	0	0	0	0	0	0	0	0	0	0	0	0	0	0	0	0	0	0	0	0	0	0	0	0	0	0	0	0	0	0	0	0	0	0	0	0	0	0	0	0	0	0	0	0	0	0	0	0	0	0	0	0	0	0	0	0	0	0	0	0	0	0	0
Orygis_La3	ERR4819164	80	82	0	0	1	1	0	0	0	1	0	0	0	0	0	0	0	0	0	0	0	0	0	1	3	0	0	0	0	1	0	1	0	0	0	2	3	6	1	1	5	7	1	3	6	7	1	1	0	3	1	0	0	0	0	0	0	0	0	0	0	0	0	0	0	0	0	0	1	1	0	0	0	0	0	1	4	3	2	1	0	0	0	0	4	0	0	0	0	1	0	0	3	4	0	0	0	0	0
Orygis_La3	ERR4796505	80	19	0	0	0	0	0	0	0	1	0	0	0	2	0	0	0	0	0	0	0	0	0	0	0	0	1	0	0	1	0	0	0	1	0	1	0	1	0	0	0	1	0	1	0	0	1	0	0	1	0	0	0	0	0	0	0	0	1	0	0	0	0	0	0	0	0	0	2	0	0	0	0	0	0	0	1	1	0	0	0	0	0	0	0	0	0	2	0	0	0	0	0	0	0	0	0	0	0
Orygis_La3	SRR7131127	80	90	1	0	0	2	0	0	1	1	0	0	2	1	0	0	0	0	0	0	1	0	0	0	1	1	2	0	3	0	1	1	1	2	0	0	4	1	1	3	3	4	4	3	6	3	2	2	1	3	0	0	0	0	0	0	0	0	0	0	0	0	0	1	0	0	0	1	2	1	1	0	0	1	1	1	6	3	1	0	2	0	0	0	0	0	0	1	1	2	1	1	3	0	0	0	0	0	0
Orygis_La3	ERR11049107	80	3	0	0	0	0	0	0	0	0	0	0	0	0	0	0	0	0	0	0	0	0	0	0	0	0	0	0	0	0	0	0	0	0	0	0	0	0	0	0	0	0	0	0	1	1	0	0	0	0	0	0	0	0	0	0	0	0	0	0	0	0	0	0	0	0	0	0	0	0	0	0	0	0	0	0	0	1	0	0	0	0	0	0	0	0	0	0	0	0	0	0	0	0	0	0	0	0	0
Orygis_La3	SRR23445152	80	50	0	0	1	0	0	0	0	0	0	0	2	2	0	0	0	1	0	0	0	0	0	0	0	2	0	0	0	1	0	0	1	1	0	1	1	1	1	2	3	3	0	3	2	3	1	0	2	2	0	0	0	0	0	0	0	0	0	0	0	0	0	0	0	0	0	0	0	0	0	1	0	1	1	1	3	0	2	0	0	1	0	0	0	0	0	0	1	1	0	0	1	1	0	0	0	0	0
Orygis_La3	SRR24372790	80	0	0	0	0	0	0	0	0	0	0	0	0	0	0	0	0	0	0	0	0	0	0	0	0	0	0	0	0	0	0	0	0	0	0	0	0	0	0	0	0	0	0	0	0	0	0	0	0	0	0	0	0	0	0	0	0	0	0	0	0	0	0	0	0	0	0	0	0	0	0	0	0	0	0	0	0	0	0	0	0	0	0	0	0	0	0	0	0	0	0	0	0	0	0	0	0	0	0
Orygis_La3	SRR10251186	80	0	0	0	0	0	0	0	0	0	0	0	0	0	0	0	0	0	0	0	0	0	0	0	0	0	0	0	0	0	0	0	0	0	0	0	0	0	0	0	0	0	0	0	0	0	0	0	0	0	0	0	0	0	0	0	0	0	0	0	0	0	0	0	0	0	0	0	0	0	0	0	0	0	0	0	0	0	0	0	0	0	0	0	0	0	0	0	0	0	0	0	0	0	0	0	0	0	0
Microti	ERR027298	32	50	0	0	0	0	1	0	0	2	0	0	0	4	0	0	0	0	0	0	1	0	0	1	1	1	0	2	0	0	0	1	1	0	0	2	1	1	1	0	0	1	1	1	0	4	1	0	0	4	0	0	0	0	0	0	1	0	0	0	0	0	0	0	0	1	0	1	0	0	0	0	1	1	0	0	0	1	1	0	0	0	0	0	0	0	0	1	1	1	1	0	1	0	1	0	2	2	1
Microti	ERR2659167	32	8	0	0	0	0	0	0	0	0	0	0	1	0	0	0	0	1	0	0	0	0	0	0	0	0	0	0	0	0	0	0	0	0	0	1	0	1	0	0	1	0	0	0	0	0	0	0	0	1	0	0	0	0	0	0	0	0	0	0	0	0	0	0	0	0	0	1	0	0	0	0	0	1	0	0	0	0	0	0	0	0	0	0	0	0	0	0	0	0	0	0	0	0	0	0	0	0	0
Microti	SRR25473322	32	9	0	0	1	0	0	0	0	0	0	0	0	0	0	0	0	0	0	0	0	0	0	0	0	1	0	0	0	0	0	0	1	1	0	0	0	1	0	0	0	2	0	0	0	0	0	0	0	0	0	0	0	0	0	0	0	0	0	0	0	0	0	0	0	0	0	0	0	1	0	0	0	0	1	0	0	0	0	0	0	0	0	0	0	0	0	0	0	0	0	0	0	0	0	0	0	0	0
Microti	ERR4818896	32	3	0	0	0	0	0	0	0	0	0	0	0	0	0	0	0	0	0	0	0	0	0	0	0	0	0	0	0	0	0	0	0	0	0	0	0	0	0	0	0	1	0	0	0	1	0	0	0	0	0	0	0	0	0	0	0	0	0	0	0	0	0	0	0	0	0	0	0	0	0	0	0	0	0	0	1	0	0	0	0	0	0	0	0	0	0	0	0	0	0	0	0	0	0	0	0	0	0
Microti	ERR4817596	32	15	0	0	0	1	0	0	0	0	0	0	0	0	0	0	0	0	0	0	0	0	0	0	0	1	0	0	0	0	0	0	0	0	0	0	1	0	1	1	1	1	0	0	0	3	1	0	0	0	0	0	0	0	0	0	0	0	0	0	0	0	0	0	0	1	0	0	0	1	0	1	0	0	0	0	0	0	0	0	0	0	0	0	0	0	0	0	0	0	0	0	0	0	0	1	0	0	0
Microti	ERR2659163	32	6	0	0	0	0	0	0	0	0	0	0	0	0	0	0	0	0	0	0	0	0	0	0	0	1	0	0	0	0	0	0	0	0	0	0	0	1	0	0	0	0	0	0	0	1	0	0	0	0	0	0	1	0	0	0	0	0	0	0	0	0	0	0	0	0	0	0	1	0	0	0	0	0	0	0	0	0	0	0	0	1	0	0	0	0	0	0	0	0	0	0	0	0	0	0	0	0	0
Microti	ERR027294	32	74	0	0	2	0	1	0	2	0	0	2	2	0	2	2	0	1	0	0	2	0	0	2	0	1	0	0	1	2	2	1	1	0	0	1	3	0	0	2	1	3	1	3	1	8	4	0	2	2	0	0	0	0	0	0	0	0	1	0	0	0	0	0	1	0	0	0	2	2	0	0	1	1	1	0	1	0	0	1	0	0	0	0	1	1	0	0	1	1	0	0	1	0	0	0	0	0	1
Microti	ERR2693243	32	61	0	0	0	1	0	1	0	2	0	1	1	1	0	0	0	1	0	2	0	0	1	0	0	1	1	1	3	1	0	0	0	2	0	1	0	2	0	2	0	2	1	4	3	4	0	1	0	1	0	0	1	0	0	0	1	0	0	0	0	0	0	0	0	0	0	0	2	1	0	1	3	1	0	0	0	0	3	0	1	1	0	0	0	0	0	0	1	0	1	1	0	0	1	0	1	0	0
Microti	ERR4627396	32	202	0	1	1	5	0	1	1	3	0	3	1	2	1	0	0	1	0	1	3	2	0	2	1	2	2	2	5	0	3	0	0	0	2	1	0	6	3	5	2	7	1	1	11	12	2	4	7	3	0	0	0	0	1	0	1	0	0	0	0	0	1	0	0	0	0	2	3	5	2	3	3	9	1	1	20	11	4	0	5	3	0	0	1	2	0	0	2	2	1	0	4	1	3	0	1	0	0
Microti	ERR553377	32	0	0	0	0	0	0	0	0	0	0	0	0	0	0	0	0	0	0	0	0	0	0	0	0	0	0	0	0	0	0	0	0	0	0	0	0	0	0	0	0	0	0	0	0	0	0	0	0	0	0	0	0	0	0	0	0	0	0	0	0	0	0	0	0	0	0	0	0	0	0	0	0	0	0	0	0	0	0	0	0	0	0	0	0	0	0	0	0	0	0	0	0	0	0	0	0	0	0
Microti	ERR4816200	32	39	0	0	0	0	1	0	1	2	0	1	0	0	0	0	0	0	0	0	2	0	0	1	0	2	1	0	2	0	0	0	0	0	0	0	0	2	0	1	0	5	2	0	2	0	1	1	1	1	0	0	0	0	0	0	0	0	0	0	0	1	0	0	0	1	1	0	0	0	0	0	0	0	0	0	0	3	0	0	0	0	1	0	0	0	1	0	0	0	0	0	1	0	0	0	1	0	0
Microti	ERR4819660	32	126	0	1	2	0	1	0	0	1	0	0	5	3	0	0	1	1	1	0	3	0	0	2	0	2	1	2	7	3	3	2	0	4	1	3	1	2	1	5	4	6	1	2	8	6	2	0	4	2	0	0	1	0	0	0	0	0	2	0	0	0	0	0	0	0	0	0	4	1	2	0	0	3	1	2	4	2	0	2	0	2	0	0	1	0	0	1	1	0	1	0	2	0	0	0	0	0	1
Microti	SRR25473320	32	3	0	0	0	0	0	0	0	1	0	0	0	0	0	0	0	0	0	0	0	0	0	0	0	0	0	0	0	0	0	0	0	0	0	0	0	0	0	0	0	1	0	0	0	1	0	0	0	0	0	0	0	0	0	0	0	0	0	0	0	0	0	0	0	0	0	0	0	0	0	0	0	0	0	0	0	0	0	0	0	0	0	0	0	0	0	0	0	0	0	0	0	0	0	0	0	0	0
Microti	ERR5102812	32	7	0	0	1	0	0	0	0	0	0	1	0	0	0	0	0	0	0	0	0	0	0	0	0	0	0	0	0	0	0	0	0	0	0	0	0	0	0	1	0	1	0	0	0	1	0	0	0	0	0	0	0	0	0	0	0	0	0	0	0	0	0	0	0	0	0	0	0	0	0	0	1	1	0	0	0	0	0	0	0	0	0	0	0	0	0	0	0	0	0	0	0	0	0	0	0	0	0
Microti	ERR027297	32	74	0	0	2	1	0	0	0	1	0	1	0	6	0	0	1	5	0	0	0	0	0	2	0	1	0	1	0	1	0	4	1	0	0	3	1	0	2	3	2	6	0	2	3	0	1	1	1	1	0	0	0	0	0	0	1	0	0	0	0	0	0	0	0	0	0	0	0	3	0	0	0	2	1	0	1	0	0	0	0	0	1	0	1	0	0	0	0	2	2	0	0	0	2	0	3	1	1
Microti	ERR4821993	32	0	0	0	0	0	0	0	0	0	0	0	0	0	0	0	0	0	0	0	0	0	0	0	0	0	0	0	0	0	0	0	0	0	0	0	0	0	0	0	0	0	0	0	0	0	0	0	0	0	0	0	0	0	0	0	0	0	0	0	0	0	0	0	0	0	0	0	0	0	0	0	0	0	0	0	0	0	0	0	0	0	0	0	0	0	0	0	0	0	0	0	0	0	0	0	0	0	0
Microti	ERR2200122	32	0	0	0	0	0	0	0	0	0	0	0	0	0	0	0	0	0	0	0	0	0	0	0	0	0	0	0	0	0	0	0	0	0	0	0	0	0	0	0	0	0	0	0	0	0	0	0	0	0	0	0	0	0	0	0	0	0	0	0	0	0	0	0	0	0	0	0	0	0	0	0	0	0	0	0	0	0	0	0	0	0	0	0	0	0	0	0	0	0	0	0	0	0	0	0	0	0	0
Microti	ERR553376	32	7	0	0	0	0	0	0	1	1	0	0	1	0	0	0	0	0	0	0	0	0	0	0	0	0	0	0	1	0	0	0	0	0	0	0	0	0	0	0	0	0	0	0	1	1	0	0	0	0	0	0	0	0	0	0	0	0	0	0	0	0	0	0	0	0	0	0	0	0	0	0	0	1	0	0	0	0	0	0	0	0	0	0	0	0	0	0	0	0	0	0	0	0	0	0	0	0	0
Microti	ERR2659166	32	160	1	2	2	0	2	0	0	3	1	1	1	4	2	1	1	1	1	0	6	0	1	3	1	3	1	0	2	0	1	3	3	1	1	2	4	5	1	8	2	10	1	9	2	8	4	4	2	7	0	0	1	0	0	0	2	2	0	0	1	0	0	0	0	1	0	0	4	8	0	0	1	3	0	1	4	4	1	0	0	3	0	0	1	0	1	0	1	0	2	0	0	0	0	0	0	2	0
Microti	ERR4816690	32	1	0	0	0	0	0	0	0	0	0	0	0	0	0	0	0	0	0	0	0	0	0	0	0	0	0	0	0	0	0	0	0	0	0	0	0	0	0	0	0	0	0	0	0	1	0	0	0	0	0	0	0	0	0	0	0	0	0	0	0	0	0	0	0	0	0	0	0	0	0	0	0	0	0	0	0	0	0	0	0	0	0	0	0	0	0	0	0	0	0	0	0	0	0	0	0	0	0
Microti	ERR3283039	32	30	0	0	0	1	1	0	0	1	0	0	0	2	0	0	0	2	0	0	0	1	0	0	1	0	0	0	1	0	0	0	0	0	1	0	0	0	0	0	1	1	0	1	0	3	1	1	0	0	0	0	0	0	0	0	0	0	0	0	0	0	0	0	0	0	0	0	1	0	0	0	0	0	0	0	0	0	0	0	1	1	0	0	0	0	1	2	1	0	1	0	0	1	1	0	0	0	1
Microti	SRR3647357	32	1	0	0	0	0	0	0	0	0	0	0	0	0	0	0	0	0	0	0	0	0	0	0	0	0	0	0	0	0	0	0	0	0	0	0	0	0	0	0	0	0	0	0	0	1	0	0	0	0	0	0	0	0	0	0	0	0	0	0	0	0	0	0	0	0	0	0	0	0	0	0	0	0	0	0	0	0	0	0	0	0	0	0	0	0	0	0	0	0	0	0	0	0	0	0	0	0	0
Microti	ERR2659170	32	0	0	0	0	0	0	0	0	0	0	0	0	0	0	0	0	0	0	0	0	0	0	0	0	0	0	0	0	0	0	0	0	0	0	0	0	0	0	0	0	0	0	0	0	0	0	0	0	0	0	0	0	0	0	0	0	0	0	0	0	0	0	0	0	0	0	0	0	0	0	0	0	0	0	0	0	0	0	0	0	0	0	0	0	0	0	0	0	0	0	0	0	0	0	0	0	0	0
Microti	ERR4618952	32	44	0	0	0	1	0	1	0	0	1	0	0	0	0	1	0	0	0	0	0	0	0	1	1	1	0	0	2	1	0	0	0	0	0	1	0	0	0	0	2	0	0	0	4	2	0	2	0	1	0	0	1	0	0	0	0	0	0	0	1	0	0	0	0	0	0	1	2	3	0	0	3	1	0	0	1	0	0	0	0	0	1	0	0	0	0	1	0	3	1	0	2	0	0	0	1	0	0
Microti	ERR4815315	32	21	0	1	0	0	1	0	0	1	0	0	0	0	1	0	0	1	1	1	0	0	0	0	0	1	0	0	1	0	0	1	0	0	0	0	0	0	1	0	0	1	0	0	0	1	0	0	0	0	0	0	1	0	0	0	0	0	0	0	0	0	0	0	0	1	0	0	0	1	0	0	0	0	0	0	0	1	0	0	0	0	0	0	0	0	0	1	1	0	0	0	1	0	0	0	1	0	0
Microti	ERR4816083	32	128	0	0	2	1	1	1	1	2	0	0	2	0	2	0	0	2	0	0	0	1	2	2	3	2	1	2	4	2	1	2	2	1	0	1	2	3	0	0	1	8	0	1	6	6	4	3	0	7	1	1	0	0	0	0	0	2	0	0	0	0	2	0	0	0	0	2	5	5	0	0	0	4	1	3	3	4	0	0	2	2	0	0	2	0	0	0	3	0	1	0	1	0	2	0	1	0	0
Microti	ERR2659168	32	6	0	0	0	0	0	1	0	0	0	0	0	0	0	0	0	0	0	1	0	0	0	0	0	1	0	0	0	0	0	0	0	0	0	0	0	0	0	0	0	0	0	0	1	0	0	0	0	0	0	0	0	0	0	0	0	0	0	0	0	0	0	0	0	0	0	0	1	0	0	0	0	1	0	0	0	0	0	0	0	0	0	0	0	0	0	0	0	0	0	0	0	0	0	0	0	0	0
Microti	ERR027295	32	0	0	0	0	0	0	0	0	0	0	0	0	0	0	0	0	0	0	0	0	0	0	0	0	0	0	0	0	0	0	0	0	0	0	0	0	0	0	0	0	0	0	0	0	0	0	0	0	0	0	0	0	0	0	0	0	0	0	0	0	0	0	0	0	0	0	0	0	0	0	0	0	0	0	0	0	0	0	0	0	0	0	0	0	0	0	0	0	0	0	0	0	0	0	0	0	0	0
Microti	ERR4627394	32	12	0	0	1	0	0	0	0	0	0	0	0	1	0	0	0	0	0	0	1	0	0	0	0	0	0	0	1	0	0	0	0	0	0	0	0	0	0	0	0	0	0	2	0	0	0	1	0	1	1	0	0	0	0	0	0	0	0	0	0	0	0	0	0	0	0	0	1	0	0	0	0	0	0	0	0	1	0	0	0	0	0	1	0	0	0	0	0	0	0	0	0	0	0	0	0	0	0
Microti	SRR25473321	32	3	0	0	0	0	0	0	0	0	0	0	0	0	0	0	0	0	0	0	0	0	0	0	0	0	0	0	0	0	0	0	0	0	0	0	0	0	0	0	0	0	0	1	1	0	0	0	0	0	0	0	0	0	0	0	0	0	0	0	0	0	0	0	0	0	0	0	0	0	0	0	0	0	0	0	0	0	0	0	0	0	0	0	0	0	0	0	0	0	0	0	0	0	0	0	0	0	1
Microti	SRR5007159	32	29	0	0	0	0	1	0	0	0	0	0	0	0	1	0	0	0	0	0	0	0	0	0	0	0	1	2	1	0	0	0	0	0	0	0	1	1	0	1	0	0	0	0	1	2	0	0	0	0	0	0	0	0	0	0	0	0	0	0	0	0	0	0	0	0	0	0	0	2	0	0	2	1	0	0	2	4	1	1	0	1	1	0	0	0	0	0	0	0	0	0	1	0	1	0	0	0	0
Microti	ERR551111	32	0	0	0	0	0	0	0	0	0	0	0	0	0	0	0	0	0	0	0	0	0	0	0	0	0	0	0	0	0	0	0	0	0	0	0	0	0	0	0	0	0	0	0	0	0	0	0	0	0	0	0	0	0	0	0	0	0	0	0	0	0	0	0	0	0	0	0	0	0	0	0	0	0	0	0	0	0	0	0	0	0	0	0	0	0	0	0	0	0	0	0	0	0	0	0	0	0	0
Pinnipedii	ERR4143898	15	0	0	0	0	0	0	0	0	0	0	0	0	0	0	0	0	0	0	0	0	0	0	0	0	0	0	0	0	0	0	0	0	0	0	0	0	0	0	0	0	0	0	0	0	0	0	0	0	0	0	0	0	0	0	0	0	0	0	0	0	0	0	0	0	0	0	0	0	0	0	0	0	0	0	0	0	0	0	0	0	0	0	0	0	0	0	0	0	0	0	0	0	0	0	0	0	0	0
Pinnipedii	ERR552769	15	0	0	0	0	0	0	0	0	0	0	0	0	0	0	0	0	0	0	0	0	0	0	0	0	0	0	0	0	0	0	0	0	0	0	0	0	0	0	0	0	0	0	0	0	0	0	0	0	0	0	0	0	0	0	0	0	0	0	0	0	0	0	0	0	0	0	0	0	0	0	0	0	0	0	0	0	0	0	0	0	0	0	0	0	0	0	0	0	0	0	0	0	0	0	0	0	0	0
Pinnipedii	ERR552768	15	0	0	0	0	0	0	0	0	0	0	0	0	0	0	0	0	0	0	0	0	0	0	0	0	0	0	0	0	0	0	0	0	0	0	0	0	0	0	0	0	0	0	0	0	0	0	0	0	0	0	0	0	0	0	0	0	0	0	0	0	0	0	0	0	0	0	0	0	0	0	0	0	0	0	0	0	0	0	0	0	0	0	0	0	0	0	0	0	0	0	0	0	0	0	0	0	0	0
Pinnipedii	ERR12075278	15	1	0	0	0	0	0	0	0	0	0	0	0	0	0	0	0	0	0	0	0	0	0	0	0	0	0	0	0	0	0	0	0	0	0	0	0	0	0	0	0	0	0	0	0	1	0	0	0	0	0	0	0	0	0	0	0	0	0	0	0	0	0	0	0	0	0	0	0	0	0	0	0	0	0	0	0	0	0	0	0	0	0	0	0	0	0	0	0	0	0	0	0	0	0	0	0	0	0
Pinnipedii	SRR1239336	15	30	0	0	1	0	0	0	0	0	0	1	0	1	1	1	0	0	0	0	0	0	0	0	0	0	2	0	0	1	0	0	0	0	0	0	1	2	0	1	2	0	2	0	0	5	1	0	1	2	0	0	0	0	0	0	0	0	0	0	0	0	0	0	0	0	0	0	1	1	0	0	0	0	0	2	0	1	0	0	0	0	0	0	0	0	0	0	0	0	0	0	0	0	0	0	0	0	0
Pinnipedii	SRR1239337	15	12	0	0	0	0	0	0	0	0	0	0	0	0	0	0	0	0	0	0	0	0	0	0	0	0	0	1	0	0	0	0	0	0	0	0	0	1	1	0	0	1	0	1	1	2	0	0	0	0	0	0	0	0	0	0	0	0	0	0	0	0	0	0	0	0	0	0	0	0	0	0	1	0	0	2	0	0	0	0	1	0	0	0	0	0	0	0	0	0	0	0	0	0	0	0	0	0	0
Pinnipedii	SRR1239338	15	44	0	0	0	0	0	0	0	0	1	0	0	0	0	0	0	0	0	0	0	1	0	1	1	0	1	0	1	2	0	0	0	0	0	0	3	1	1	1	1	3	1	2	2	4	0	3	2	3	2	0	0	0	0	0	0	0	0	0	0	0	0	0	0	0	0	0	1	0	0	0	0	1	0	0	0	3	0	0	0	0	0	0	0	0	0	0	1	0	0	1	0	0	0	0	0	0	0
Pinnipedii	ERR551134	15	0	0	0	0	0	0	0	0	0	0	0	0	0	0	0	0	0	0	0	0	0	0	0	0	0	0	0	0	0	0	0	0	0	0	0	0	0	0	0	0	0	0	0	0	0	0	0	0	0	0	0	0	0	0	0	0	0	0	0	0	0	0	0	0	0	0	0	0	0	0	0	0	0	0	0	0	0	0	0	0	0	0	0	0	0	0	0	0	0	0	0	0	0	0	0	0	0	0
Pinnipedii	ERR551136	15	0	0	0	0	0	0	0	0	0	0	0	0	0	0	0	0	0	0	0	0	0	0	0	0	0	0	0	0	0	0	0	0	0	0	0	0	0	0	0	0	0	0	0	0	0	0	0	0	0	0	0	0	0	0	0	0	0	0	0	0	0	0	0	0	0	0	0	0	0	0	0	0	0	0	0	0	0	0	0	0	0	0	0	0	0	0	0	0	0	0	0	0	0	0	0	0	0	0
Pinnipedii	SRR1239339	15	0	0	0	0	0	0	0	0	0	0	0	0	0	0	0	0	0	0	0	0	0	0	0	0	0	0	0	0	0	0	0	0	0	0	0	0	0	0	0	0	0	0	0	0	0	0	0	0	0	0	0	0	0	0	0	0	0	0	0	0	0	0	0	0	0	0	0	0	0	0	0	0	0	0	0	0	0	0	0	0	0	0	0	0	0	0	0	0	0	0	0	0	0	0	0	0	0	0
Pinnipedii	ERR4143897	15	3	0	0	0	0	0	0	0	0	0	0	0	0	0	0	0	0	0	0	0	0	0	0	0	0	0	0	0	0	0	0	0	1	0	0	1	0	0	0	0	0	0	0	0	0	0	0	0	1	0	0	0	0	0	0	0	0	0	0	0	0	0	0	0	0	0	0	0	0	0	0	0	0	0	0	0	0	0	0	0	0	0	0	0	0	0	0	0	0	0	0	0	0	0	0	0	0	0
Pinnipedii	SRR7693584	15	9	0	0	0	0	0	0	0	0	0	0	0	0	0	0	0	0	0	0	0	0	0	0	0	0	0	0	0	0	0	0	0	0	0	0	0	1	0	1	0	1	0	1	1	0	0	0	0	0	0	0	0	0	0	0	0	0	1	0	0	0	0	0	0	0	0	1	0	0	0	0	0	0	0	0	0	0	0	0	1	0	0	0	1	0	0	0	0	0	0	0	0	0	0	0	0	0	0
Pinnipedii	SRR29055367	15	13	0	0	0	0	0	0	0	0	0	0	0	2	1	0	0	1	0	0	0	0	0	0	0	0	0	0	1	0	0	0	0	0	0	0	0	0	0	1	1	1	0	0	0	1	1	0	1	0	0	0	0	0	0	0	0	0	0	0	0	0	0	0	0	0	0	0	0	0	0	0	0	0	0	0	2	0	0	0	0	0	0	0	0	0	0	0	0	0	0	0	0	0	0	0	0	0	0
Pinnipedii	ERR4817032	15	0	0	0	0	0	0	0	0	0	0	0	0	0	0	0	0	0	0	0	0	0	0	0	0	0	0	0	0	0	0	0	0	0	0	0	0	0	0	0	0	0	0	0	0	0	0	0	0	0	0	0	0	0	0	0	0	0	0	0	0	0	0	0	0	0	0	0	0	0	0	0	0	0	0	0	0	0	0	0	0	0	0	0	0	0	0	0	0	0	0	0	0	0	0	0	0	0	0
Pinnipedii	SRR7693090	15	16	0	1	0	0	0	1	0	0	0	0	0	0	0	0	0	0	0	0	0	0	0	0	0	0	0	0	0	0	0	1	1	0	0	0	0	0	0	0	3	0	0	0	0	0	1	0	0	1	0	0	0	0	0	0	0	0	0	0	0	0	0	0	0	0	0	0	1	0	0	0	0	0	0	1	0	1	0	0	0	0	0	0	0	0	0	0	1	0	0	0	2	1	0	0	0	0	0
La4	SRR27836870	21	0	0	0	0	0	0	0	0	0	0	0	0	0	0	0	0	0	0	0	0	0	0	0	0	0	0	0	0	0	0	0	0	0	0	0	0	0	0	0	0	0	0	0	0	0	0	0	0	0	0	0	0	0	0	0	0	0	0	0	0	0	0	0	0	0	0	0	0	0	0	0	0	0	0	0	0	0	0	0	0	0	0	0	0	0	0	0	0	0	0	0	0	0	0	0	0	0	0
La4	SRR31884848	21	101	0	1	0	0	0	0	1	1	0	0	1	2	1	1	0	0	0	0	1	0	2	3	0	1	0	0	2	1	1	2	0	2	1	2	0	4	2	4	3	5	0	3	2	7	3	2	0	4	0	0	1	0	0	0	1	0	0	0	0	0	0	0	0	0	0	0	3	2	1	1	0	1	0	0	7	3	5	0	2	0	0	0	1	1	0	0	1	0	0	0	2	1	1	0	1	1	0
La4	SRR27836877	21	0	0	0	0	0	0	0	0	0	0	0	0	0	0	0	0	0	0	0	0	0	0	0	0	0	0	0	0	0	0	0	0	0	0	0	0	0	0	0	0	0	0	0	0	0	0	0	0	0	0	0	0	0	0	0	0	0	0	0	0	0	0	0	0	0	0	0	0	0	0	0	0	0	0	0	0	0	0	0	0	0	0	0	0	0	0	0	0	0	0	0	0	0	0	0	0	0	0
La4	SRR27836874	21	0	0	0	0	0	0	0	0	0	0	0	0	0	0	0	0	0	0	0	0	0	0	0	0	0	0	0	0	0	0	0	0	0	0	0	0	0	0	0	0	0	0	0	0	0	0	0	0	0	0	0	0	0	0	0	0	0	0	0	0	0	0	0	0	0	0	0	0	0	0	0	0	0	0	0	0	0	0	0	0	0	0	0	0	0	0	0	0	0	0	0	0	0	0	0	0	0	0
La4	DRR120408	21	111	0	0	2	0	0	0	0	2	0	0	0	1	0	0	0	0	0	0	0	0	0	0	2	4	0	0	0	0	0	0	1	1	0	0	1	5	2	4	4	8	1	4	6	10	2	2	1	4	2	0	0	0	0	0	0	0	0	0	0	0	0	0	0	1	0	2	6	2	1	1	1	1	2	1	13	2	3	0	1	1	0	0	1	0	0	0	0	1	0	0	2	0	0	0	0	0	0
La4	SRR3135069	21	1	0	0	0	0	0	0	0	0	0	0	0	0	0	0	0	0	0	0	0	0	0	0	0	0	0	0	0	0	0	0	0	0	0	0	0	0	0	0	0	0	0	0	0	0	0	0	0	1	0	0	0	0	0	0	0	0	0	0	0	0	0	0	0	0	0	0	0	0	0	0	0	0	0	0	0	0	0	0	0	0	0	0	0	0	0	0	0	0	0	0	0	0	0	0	0	0	0
La4	SRR27836871	21	1	0	0	0	0	0	0	0	0	0	0	0	0	0	0	0	0	0	0	0	0	0	0	0	0	0	0	0	0	0	0	0	0	0	0	0	0	0	0	0	0	0	0	0	0	0	0	0	0	0	0	0	0	0	0	0	0	0	0	0	0	0	0	0	0	0	0	0	0	0	0	0	1	0	0	0	0	0	0	0	0	0	0	0	0	0	0	0	0	0	0	0	0	0	0	0	0	0
La4	SRR35773085	21	113	0	0	2	0	1	0	1	2	1	1	0	0	1	0	0	0	0	0	0	0	0	0	2	1	0	2	0	4	0	0	1	2	0	3	3	2	0	3	6	7	1	3	7	4	3	3	3	4	1	0	0	0	0	0	0	0	0	1	0	0	0	0	2	0	0	3	1	2	1	1	3	0	0	2	6	5	3	0	0	2	0	0	1	0	0	0	1	0	0	0	1	2	1	0	0	0	1
La4	ERR13149107	21	0	0	0	0	0	0	0	0	0	0	0	0	0	0	0	0	0	0	0	0	0	0	0	0	0	0	0	0	0	0	0	0	0	0	0	0	0	0	0	0	0	0	0	0	0	0	0	0	0	0	0	0	0	0	0	0	0	0	0	0	0	0	0	0	0	0	0	0	0	0	0	0	0	0	0	0	0	0	0	0	0	0	0	0	0	0	0	0	0	0	0	0	0	0	0	0	0	0
La4	SRR27836869	21	0	0	0	0	0	0	0	0	0	0	0	0	0	0	0	0	0	0	0	0	0	0	0	0	0	0	0	0	0	0	0	0	0	0	0	0	0	0	0	0	0	0	0	0	0	0	0	0	0	0	0	0	0	0	0	0	0	0	0	0	0	0	0	0	0	0	0	0	0	0	0	0	0	0	0	0	0	0	0	0	0	0	0	0	0	0	0	0	0	0	0	0	0	0	0	0	0	0
La4	SRR1792164	21	0	0	0	0	0	0	0	0	0	0	0	0	0	0	0	0	0	0	0	0	0	0	0	0	0	0	0	0	0	0	0	0	0	0	0	0	0	0	0	0	0	0	0	0	0	0	0	0	0	0	0	0	0	0	0	0	0	0	0	0	0	0	0	0	0	0	0	0	0	0	0	0	0	0	0	0	0	0	0	0	0	0	0	0	0	0	0	0	0	0	0	0	0	0	0	0	0	0
La4	SRR18914189	21	0	0	0	0	0	0	0	0	0	0	0	0	0	0	0	0	0	0	0	0	0	0	0	0	0	0	0	0	0	0	0	0	0	0	0	0	0	0	0	0	0	0	0	0	0	0	0	0	0	0	0	0	0	0	0	0	0	0	0	0	0	0	0	0	0	0	0	0	0	0	0	0	0	0	0	0	0	0	0	0	0	0	0	0	0	0	0	0	0	0	0	0	0	0	0	0	0	0
La4	SRR16503843	21	0	0	0	0	0	0	0	0	0	0	0	0	0	0	0	0	0	0	0	0	0	0	0	0	0	0	0	0	0	0	0	0	0	0	0	0	0	0	0	0	0	0	0	0	0	0	0	0	0	0	0	0	0	0	0	0	0	0	0	0	0	0	0	0	0	0	0	0	0	0	0	0	0	0	0	0	0	0	0	0	0	0	0	0	0	0	0	0	0	0	0	0	0	0	0	0	0	0
La4	SRR7617662	21	0	0	0	0	0	0	0	0	0	0	0	0	0	0	0	0	0	0	0	0	0	0	0	0	0	0	0	0	0	0	0	0	0	0	0	0	0	0	0	0	0	0	0	0	0	0	0	0	0	0	0	0	0	0	0	0	0	0	0	0	0	0	0	0	0	0	0	0	0	0	0	0	0	0	0	0	0	0	0	0	0	0	0	0	0	0	0	0	0	0	0	0	0	0	0	0	0	0
La4	SRR1792165	21	1	0	0	0	0	0	0	0	0	0	0	0	1	0	0	0	0	0	0	0	0	0	0	0	0	0	0	0	0	0	0	0	0	0	0	0	0	0	0	0	0	0	0	0	0	0	0	0	0	0	0	0	0	0	0	0	0	0	0	0	0	0	0	0	0	0	0	0	0	0	0	0	0	0	0	0	0	0	0	0	0	0	0	0	0	0	0	0	0	0	0	0	0	0	0	0	0	0
La4	SRR27836875	21	0	0	0	0	0	0	0	0	0	0	0	0	0	0	0	0	0	0	0	0	0	0	0	0	0	0	0	0	0	0	0	0	0	0	0	0	0	0	0	0	0	0	0	0	0	0	0	0	0	0	0	0	0	0	0	0	0	0	0	0	0	0	0	0	0	0	0	0	0	0	0	0	0	0	0	0	0	0	0	0	0	0	0	0	0	0	0	0	0	0	0	0	0	0	0	0	0	0
La4	SRR27836876	21	1	0	0	0	0	0	0	0	0	0	0	0	0	0	0	0	0	0	0	0	0	0	0	0	0	0	0	0	0	0	0	0	0	0	0	0	0	0	0	0	0	0	1	0	0	0	0	0	0	0	0	0	0	0	0	0	0	0	0	0	0	0	0	0	0	0	0	0	0	0	0	0	0	0	0	0	0	0	0	0	0	0	0	0	0	0	0	0	0	0	0	0	0	0	0	0	0	0
La4	SRR27836868	21	1	0	0	0	0	0	0	0	0	0	0	0	0	0	0	0	0	0	0	0	0	0	0	0	0	0	0	0	0	0	0	0	0	0	0	0	0	0	0	0	0	0	0	0	0	0	0	0	0	0	0	0	0	0	0	0	0	0	0	0	0	0	0	0	0	0	0	0	0	0	0	0	0	0	0	0	0	0	0	0	0	0	0	0	0	0	0	0	0	0	0	0	1	0	0	0	0	0
La4	ERR11068622	21	277	0	2	1	5	0	0	2	0	1	1	1	8	1	1	0	3	0	0	3	2	1	1	3	0	1	4	5	3	2	0	1	1	0	7	4	7	0	16	5	18	6	6	11	13	5	5	5	9	2	0	2	1	0	1	1	0	2	0	0	0	0	0	0	0	0	2	6	6	1	0	3	3	1	2	17	12	7	0	7	4	1	0	1	1	0	0	6	1	2	0	6	2	2	0	3	2	0
La4	SRR27836873	21	0	0	0	0	0	0	0	0	0	0	0	0	0	0	0	0	0	0	0	0	0	0	0	0	0	0	0	0	0	0	0	0	0	0	0	0	0	0	0	0	0	0	0	0	0	0	0	0	0	0	0	0	0	0	0	0	0	0	0	0	0	0	0	0	0	0	0	0	0	0	0	0	0	0	0	0	0	0	0	0	0	0	0	0	0	0	0	0	0	0	0	0	0	0	0	0	0	0
La4	SRR27836872	21	1	0	0	0	0	0	0	0	0	0	0	0	0	0	0	0	0	0	0	0	0	0	0	0	0	0	0	0	0	0	0	0	0	0	0	0	0	0	0	0	1	0	0	0	0	0	0	0	0	0	0	0	0	0	0	0	0	0	0	0	0	0	0	0	0	0	0	0	0	0	0	0	0	0	0	0	0	0	0	0	0	0	0	0	0	0	0	0	0	0	0	0	0	0	0	0	0	0
Dassie	SRR3745455	6	70	0	0	3	6	0	0	0	1	0	2	2	2	1	1	1	0	0	0	0	0	0	4	1	2	0	0	1	0	1	2	0	1	0	0	2	2	0	0	2	2	2	4	2	5	2	1	1	2	0	0	0	0	0	0	1	0	1	0	0	0	0	0	0	0	0	0	1	1	1	0	0	2	0	2	0	1	0	0	0	0	0	0	0	0	1	0	0	0	1	0	0	0	0	0	0	0	0
Dassie	SRR3745457	6	0	0	0	0	0	0	0	0	0	0	0	0	0	0	0	0	0	0	0	0	0	0	0	0	0	0	0	0	0	0	0	0	0	0	0	0	0	0	0	0	0	0	0	0	0	0	0	0	0	0	0	0	0	0	0	0	0	0	0	0	0	0	0	0	0	0	0	0	0	0	0	0	0	0	0	0	0	0	0	0	0	0	0	0	0	0	0	0	0	0	0	0	0	0	0	0	0	0
Dassie	ERR2659158	6	6	0	0	0	0	0	0	0	0	0	0	0	0	1	0	0	0	0	0	0	0	0	1	0	0	0	0	1	0	0	0	0	0	0	0	0	0	0	0	0	0	0	1	0	0	0	0	0	0	0	0	0	0	0	0	0	0	0	0	0	0	0	0	0	0	0	0	0	0	0	0	0	0	0	0	0	0	1	0	0	0	0	0	0	0	0	0	0	0	0	0	0	0	1	0	0	0	0
Dassie	ERR2659157	6	0	0	0	0	0	0	0	0	0	0	0	0	0	0	0	0	0	0	0	0	0	0	0	0	0	0	0	0	0	0	0	0	0	0	0	0	0	0	0	0	0	0	0	0	0	0	0	0	0	0	0	0	0	0	0	0	0	0	0	0	0	0	0	0	0	0	0	0	0	0	0	0	0	0	0	0	0	0	0	0	0	0	0	0	0	0	0	0	0	0	0	0	0	0	0	0	0	0
Dassie	SRR3745456	6	68	0	0	2	1	3	0	2	2	0	3	0	1	0	0	1	0	0	2	0	0	0	2	0	2	3	0	1	1	2	1	1	1	0	0	1	2	0	0	0	2	1	3	1	3	1	0	2	4	1	0	0	1	0	0	0	0	0	0	0	0	0	0	0	0	1	0	2	2	0	0	1	2	1	0	1	1	0	0	0	1	0	0	0	0	0	0	2	0	0	0	0	0	0	0	1	0	0
Dassie	SRR3745458	6	11	0	0	0	0	0	0	0	0	0	1	0	1	0	0	0	0	0	0	0	0	0	1	0	0	0	0	0	0	0	0	0	0	0	1	0	1	0	0	0	1	0	1	0	1	0	0	1	0	0	0	0	0	0	0	0	0	0	0	0	0	0	0	0	0	0	0	1	0	0	0	0	0	0	0	0	0	0	0	0	0	0	0	0	1	0	0	0	0	0	0	0	0	0	0	0	0	0
Suricattae	SRR29093838	5	3	0	0	0	0	0	0	0	0	0	0	0	0	0	0	0	0	0	0	0	0	0	0	0	0	0	0	0	0	0	0	0	0	0	0	0	0	0	0	0	0	0	0	0	0	0	0	0	0	0	0	0	0	0	0	0	0	0	0	0	0	0	0	0	0	0	0	0	0	0	0	2	1	0	0	0	0	0	0	0	0	0	0	0	0	0	0	0	0	0	0	0	0	0	0	0	0	0
Suricattae	SRR29093504	5	48	0	5	2	0	0	1	0	2	0	0	1	2	2	0	0	0	0	0	0	0	1	1	0	0	1	1	0	0	0	0	0	2	1	2	2	1	0	2	2	3	0	0	0	1	2	1	1	1	0	0	0	0	0	0	0	0	0	0	0	0	0	0	0	0	1	1	0	0	0	0	0	0	0	1	0	0	0	0	2	0	0	0	1	0	0	0	1	1	0	0	0	0	0	0	0	0	0
Suricattae	ERR970409	5	2	0	0	0	0	0	0	0	0	0	0	0	0	0	0	0	0	0	0	0	0	0	0	0	0	0	0	0	0	0	0	0	0	0	0	0	0	0	0	0	1	0	0	0	0	0	0	0	0	1	0	0	0	0	0	0	0	0	0	0	0	0	0	0	0	0	0	0	0	0	0	0	0	0	0	0	0	0	0	0	0	0	0	0	0	0	0	0	0	0	0	0	0	0	0	0	0	0
Suricattae	SRR29096559	5	1	0	0	0	0	0	0	0	0	0	0	0	0	0	0	0	0	0	0	0	0	0	0	0	0	0	0	0	0	0	0	0	0	0	0	0	0	0	0	0	1	0	0	0	0	0	0	0	0	0	0	0	0	0	0	0	0	0	0	0	0	0	0	0	0	0	0	0	0	0	0	0	0	0	0	0	0	0	0	0	0	0	0	0	0	0	0	0	0	0	0	0	0	0	0	0	0	0
Suricattae	SRR29096255	5	62	0	3	3	2	1	0	2	1	0	1	0	1	2	1	1	1	0	0	2	0	0	2	0	1	0	0	1	1	0	1	1	0	0	0	2	1	1	1	4	1	2	2	3	2	2	1	0	1	0	0	0	1	0	0	0	0	0	0	0	0	0	0	0	0	0	0	1	1	0	1	0	1	0	1	0	1	0	2	0	1	0	0	1	0	0	0	0	0	0	0	0	0	0	0	0	0	0
