lignee	canal	classe	contexte	n	part	taux_par_site	taux_relatif	flancs_gc
L1	C>A@A.A	C>A	A.A	19	0.00376984126984127	0.00024565259551360784	4.874059434793806e-08	0
L1	C>A@A.C	C>A	A.C	57	0.01130952380952381	0.0003211792349172541	6.372603867405835e-08	1
L1	C>A@A.G	C>A	A.G	53	0.010515873015873017	0.00035085861059990203	6.961480369045675e-08	1
L1	C>A@A.T	C>A	A.T	17	0.003373015873015873	0.0003055191129162698	6.061887161037099e-08	0
L1	C>A@C.A	C>A	C.A	31	0.006150793650793651	0.00019366164187589413	3.842492894362979e-08	1
L1	C>A@C.C	C>A	C.C	35	0.006944444444444444	0.00023969975893052816	4.75594759782794e-08	2
L1	C>A@C.G	C>A	C.G	154	0.030555555555555555	0.0004960333437478863	9.841931423569173e-08	2
L1	C>A@C.T	C>A	C.T	31	0.006150793650793651	0.00033200531208499334	6.58740698581336e-08	1
L1	C>A@G.A	C>A	G.A	37	0.007341269841269841	0.00023313107637248044	4.625616594692072e-08	1
L1	C>A@G.C	C>A	G.C	55	0.010912698412698412	0.0001966533180778032	3.901851549162762e-08	2
L1	C>A@G.G	C>A	G.G	86	0.017063492063492062	0.0002873630431077979	5.7016476807102754e-08	2
L1	C>A@G.T	C>A	G.T	27	0.005357142857142857	0.0001850392351711613	3.6714133962532004e-08	1
L1	C>A@T.A	C>A	T.A	15	0.002976190476190476	0.00016026154684445015	3.1797925961200426e-08	0
L1	C>A@T.C	C>A	T.C	18	0.0035714285714285713	0.00016858194487370402	3.344879858605239e-08	1
L1	C>A@T.G	C>A	T.G	63	0.0125	0.0002794448362586329	5.5445404019570016e-08	1
L1	C>A@T.T	C>A	T.T	7	0.001388888888888889	0.00012280486307257767	2.4366044260432077e-08	0
L1	C>G@A.A	C>G	A.A	9	0.0017857142857142857	0.00011636175576960373	2.3087649954286455e-08	0
L1	C>G@A.C	C>G	A.C	29	0.005753968253968254	0.00016340697916842752	3.24220196762753e-08	1
L1	C>G@A.G	C>G	A.G	24	0.004761904761904762	0.00015887937083769148	3.152368469001815e-08	1
L1	C>G@A.T	C>G	A.T	16	0.0031746031746031746	0.00028754740039178334	5.7053055633290346e-08	0
L1	C>G@C.A	C>G	C.A	43	0.008531746031746031	0.00026862743873107893	5.329909498632518e-08	1
L1	C>G@C.C	C>G	C.C	38	0.00753968253968254	0.00026024545255314485	5.163600249070334e-08	2
L1	C>G@C.G	C>G	C.G	70	0.013888888888888888	0.00022546970170358465	4.473605192531441e-08	2
L1	C>G@C.T	C>G	C.T	24	0.004761904761904762	0.00025703637064644646	5.0999279890167946e-08	1
L1	C>G@G.A	C>G	G.A	28	0.005555555555555556	0.00017642351725485008	3.500466612199406e-08	1
L1	C>G@G.C	C>G	G.C	55	0.010912698412698412	0.0001966533180778032	3.901851549162762e-08	2
L1	C>G@G.G	C>G	G.G	54	0.010714285714285714	0.0001804372596258266	3.5801043576552895e-08	2
L1	C>G@G.T	C>G	G.T	20	0.003968253968253968	0.00013706610012678615	2.7195654787060744e-08	1
L1	C>G@T.A	C>G	T.A	15	0.002976190476190476	0.00016026154684445015	3.1797925961200426e-08	0
L1	C>G@T.C	C>G	T.C	23	0.004563492063492064	0.00021541026289417737	4.2740131526622495e-08	1
L1	C>G@T.G	C>G	T.G	28	0.005555555555555556	0.00012419770500383682	2.464240178647556e-08	1
L1	C>G@T.T	C>G	T.T	15	0.002976190476190476	0.00026315327801266646	5.221295198664017e-08	0
L1	C>T@A.A	C>T	A.A	113	0.02242063492063492	0.0014609864891072467	2.8987827164826325e-07	0
L1	C>T@A.C	C>T	A.C	166	0.03293650793650794	0.0009353640876537576	1.855881126297138e-07	1
L1	C>T@A.G	C>T	A.G	228	0.04523809523809524	0.0015093540229580691	2.9947500455517246e-07	1
L1	C>T@A.T	C>T	A.T	57	0.01130952380952381	0.0010243876138957282	2.0325151069359687e-07	0
L1	C>T@C.A	C>T	C.A	229	0.045436507936507935	0.0014305972899864437	2.838486686481039e-07	1
L1	C>T@C.C	C>T	C.C	118	0.023412698412698413	0.0008081306158229235	1.6034337615534196e-07	2
L1	C>T@C.G	C>T	C.G	433	0.08591269841269841	0.0013946911548236023	2.7672443548087347e-07	2
L1	C>T@C.T	C>T	C.T	122	0.024206349206349207	0.0013066015507861028	2.592463394416871e-07	1
L1	C>T@G.A	C>T	G.A	178	0.03531746031746032	0.0011215495025486898	2.2252966320410513e-07	1
L1	C>T@G.C	C>T	G.C	252	0.05	0.0009010297482837529	1.7877574370709382e-07	2
L1	C>T@G.G	C>T	G.G	352	0.06984126984126984	0.0011761836183016845	2.333697655360485e-07	2
L1	C>T@G.T	C>T	G.T	121	0.02400793650793651	0.0008292499057670562	1.645337114617175e-07	1
L1	C>T@T.A	C>T	T.A	88	0.01746031746031746	0.0009402010748207741	1.8654783230570916e-07	0
L1	C>T@T.C	C>T	T.C	82	0.01626984126984127	0.0007679844155357628	1.5237786022534977e-07	1
L1	C>T@T.G	C>T	T.G	261	0.05178571428571429	0.0011577000359286218	2.2970238808107578e-07	1
L1	C>T@T.T	C>T	T.T	58	0.011507936507936509	0.0010175260083156437	2.0189008101500868e-07	0
L1	T>A@A.A	T>A	A.A	5	0.000992063492063492	0.00017963641589423008	3.5642146010759935e-08	0
L1	T>A@A.C	T>A	A.C	11	0.0021825396825396826	8.500444341408755e-05	1.686596099485864e-08	1
L1	T>A@A.G	T>A	A.G	3	0.0005952380952380953	3.3224798989966113e-05	6.592222021818673e-09	1
L1	T>A@A.T	T>A	A.T	3	0.0005952380952380953	6.973014434139879e-05	1.3835346099483886e-08	0
L1	T>A@C.A	T>A	C.A	2	0.0003968253968253968	5.47855147099107e-05	1.0870141807521963e-08	1
L1	T>A@C.C	T>A	C.C	10	0.001984126984126984	0.00010009008107296567	1.985914307003287e-08	2
L1	T>A@C.G	T>A	C.G	8	0.0015873015873015873	5.337282922696128e-05	1.0589847068841524e-08	2
L1	T>A@C.T	T>A	C.T	5	0.000992063492063492	7.617886798202179e-05	1.5114854758337656e-08	1
L1	T>A@G.A	T>A	G.A	3	0.0005952380952380953	5.863726984871584e-05	1.1634378938237271e-08	1
L1	T>A@G.C	T>A	G.C	2	0.0003968253968253968	1.2224789428002103e-05	2.425553457936925e-09	2
L1	T>A@G.G	T>A	G.G	3	0.0005952380952380953	1.932641018372974e-05	3.834605195184472e-09	2
L1	T>A@G.T	T>A	G.T	1	0.0001984126984126984	1.0925618390000874e-05	2.167781426587475e-09	1
L1	T>A@T.A	T>A	T.A	2	0.0003968253968253968	0.00012519561815336463	2.4840400427254888e-08	0
L1	T>A@T.C	T>A	T.C	4	0.0007936507936507937	4.449239736160084e-05	8.827856619365246e-09	1
L1	T>A@T.G	T>A	T.G	3	0.0005952380952380953	3.180492976411344e-05	6.310501937324095e-09	1
L1	T>A@T.T	T>A	T.T	2	0.0003968253968253968	5.0394335676669944e-05	9.998876126323401e-09	0
L1	T>C@A.A	T>C	A.A	24	0.004761904761904762	0.0008622547962923044	1.710823008516477e-07	0
L1	T>C@A.C	T>C	A.C	83	0.01646825396825397	0.0006413971639426606	1.272613420521152e-07	1
L1	T>C@A.G	T>C	A.G	73	0.014484126984126985	0.000808470108755842	1.6041073586425438e-07	1
L1	T>C@A.T	T>C	A.T	22	0.004365079365079365	0.0005113543918369244	1.014592047295485e-07	0
L1	T>C@C.A	T>C	C.A	14	0.002777777777777778	0.0003834986029693749	7.609099265265375e-08	1
L1	T>C@C.C	T>C	C.C	19	0.00376984126984127	0.00019017115403863476	3.7732371833062455e-08	2
L1	T>C@C.G	T>C	C.G	67	0.013293650793650793	0.00044699744477580075	8.868996920154777e-08	2
L1	T>C@C.T	T>C	C.T	16	0.0031746031746031746	0.0002437723775424697	4.8367535226680496e-08	1
L1	T>C@G.A	T>C	G.A	35	0.006944444444444444	0.0006841014815683515	1.3573442094610148e-07	1
L1	T>C@G.C	T>C	G.C	74	0.014682539682539682	0.0004523172088360778	8.974547794366623e-08	2
L1	T>C@G.G	T>C	G.G	114	0.02261904761904762	0.00073440358698173	1.4571499741700993e-07	2
L1	T>C@G.T	T>C	G.T	57	0.01130952380952381	0.0006227602482300498	1.2356354131548606e-07	1
L1	T>C@T.A	T>C	T.A	7	0.001388888888888889	0.0004381846635367762	8.69414014953921e-08	0
L1	T>C@T.C	T>C	T.C	22	0.004365079365079365	0.0002447081854888046	4.855321140650885e-08	1
L1	T>C@T.G	T>C	T.G	31	0.006150793650793651	0.0003286509408958389	6.520852001901566e-08	1
L1	T>C@T.T	T>C	T.T	7	0.001388888888888889	0.0001763801748683448	3.499606644213191e-08	0
L1	T>G@A.A	T>G	A.A	1	0.0001984126984126984	3.592728317884602e-05	7.128429202151988e-09	0
L1	T>G@A.C	T>G	A.C	14	0.002777777777777778	0.00010818747343611143	2.1465768538911e-08	1
L1	T>G@A.G	T>G	A.G	9	0.0017857142857142857	9.967439696989833e-05	1.9776666065456018e-08	1
L1	T>G@A.T	T>G	A.T	5	0.000992063492063492	0.00011621690723566465	2.3058910165806477e-08	0
L1	T>G@C.A	T>G	C.A	14	0.002777777777777778	0.0003834986029693749	7.609099265265375e-08	1
L1	T>G@C.C	T>G	C.C	33	0.006547619047619048	0.0003302972675407867	6.553517213110847e-08	2
L1	T>G@C.G	T>G	C.G	55	0.010912698412698412	0.0003669382009353588	7.280519859828548e-08	2
L1	T>G@C.T	T>G	C.T	25	0.00496031746031746	0.00038089433991010896	7.557427379168829e-08	1
L1	T>G@G.A	T>G	G.A	4	0.0007936507936507937	7.818302646495446e-05	1.5512505250983028e-08	1
L1	T>G@G.C	T>G	G.C	34	0.006746031746031746	0.00020782142027603575	4.1234408784927725e-08	2
L1	T>G@G.G	T>G	G.G	26	0.005158730158730159	0.00016749555492565773	3.323324502493209e-08	2
L1	T>G@G.T	T>G	G.T	14	0.002777777777777778	0.00015295865746001224	3.034893997222465e-08	1
L1	T>G@T.A	T>G	T.A	0	0.0	0.0	0.0	0
L1	T>G@T.C	T>G	T.C	7	0.001388888888888889	7.786169538280146e-05	1.5448749083889178e-08	1
L1	T>G@T.G	T>G	T.G	11	0.0021825396825396826	0.00011661807580174928	2.313850710352168e-08	1
L1	T>G@T.T	T>G	T.T	2	0.0003968253968253968	5.0394335676669944e-05	9.998876126323401e-09	0
L2	C>A@A.A	C>A	A.A	12	0.0046875	0.00015514900769280496	6.060508113000194e-08	0
L2	C>A@A.C	C>A	A.C	17	0.006640625	9.579029813321613e-05	3.741808520828755e-08	1
L2	C>A@A.G	C>A	A.G	25	0.009765625	0.0001654993446225953	6.464818149320128e-08	1
L2	C>A@A.T	C>A	A.T	3	0.001171875	5.3915137573459374e-05	2.1060600614632568e-08	0
L2	C>A@C.A	C>A	C.A	11	0.004296875	6.871864711725276e-05	2.684322153017686e-08	1
L2	C>A@C.C	C>A	C.C	16	0.00625	0.00010957703265395574	4.280352838045146e-08	2
L2	C>A@C.G	C>A	C.G	47	0.018359375	0.00015138679971526397	5.913546863877499e-08	2
L2	C>A@C.T	C>A	C.T	3	0.001171875	3.212954633080581e-05	1.2550604035471019e-08	1
L2	C>A@G.A	C>A	G.A	16	0.00625	0.00010081343843134289	3.9380249387243316e-08	1
L2	C>A@G.C	C>A	G.C	24	0.009375	8.581235697940503e-05	3.352045194508009e-08	2
L2	C>A@G.G	C>A	G.G	57	0.022265625	0.0001904615518272614	7.439904368252398e-08	2
L2	C>A@G.T	C>A	G.T	9	0.003515625	6.167974505705376e-05	2.4093650412911626e-08	1
L2	C>A@T.A	C>A	T.A	10	0.00390625	0.00010684103122963342	4.1734777824075556e-08	0
L2	C>A@T.C	C>A	T.C	8	0.003125	7.492530883275735e-05	2.926769876279584e-08	1
L2	C>A@T.G	C>A	T.G	25	0.009765625	0.00011089080803914002	4.331672189028907e-08	1
L2	C>A@T.T	C>A	T.T	6	0.00234375	0.00010526131120506658	4.111769968947913e-08	0
L2	C>G@A.A	C>G	A.A	9	0.003515625	0.00011636175576960373	4.545381084750145e-08	0
L2	C>G@A.C	C>G	A.C	22	0.00859375	0.00012396391523122088	4.8423404387195654e-08	1
L2	C>G@A.G	C>G	A.G	10	0.00390625	6.619973784903812e-05	2.5859272597280512e-08	1
L2	C>G@A.T	C>G	A.T	8	0.003125	0.00014377370019589167	5.616160163902018e-08	0
L2	C>G@C.A	C>G	C.A	18	0.00703125	0.00011244869528277724	4.392527159483486e-08	1
L2	C>G@C.C	C>G	C.C	24	0.009375	0.0001643655489809336	6.420529257067718e-08	2
L2	C>G@C.G	C>G	C.G	50	0.01953125	0.00016104978693113188	6.291007301997339e-08	2
L2	C>G@C.T	C>G	C.T	23	0.008984375	0.0002463265218695112	9.622129760527781e-08	1
L2	C>G@G.A	C>G	G.A	7	0.002734375	4.410587931371252e-05	1.7228859106918954e-08	1
L2	C>G@G.C	C>G	G.C	34	0.01328125	0.0001215675057208238	4.74873069221968e-08	2
L2	C>G@G.G	C>G	G.G	32	0.0125	0.00010692578348197131	4.1767884172645045e-08	2
L2	C>G@G.T	C>G	G.T	13	0.005078125	8.909296508241099e-05	3.480193948531679e-08	1
L2	C>G@T.A	C>G	T.A	13	0.005078125	0.00013889334059852347	5.425521117129823e-08	0
L2	C>G@T.C	C>G	T.C	18	0.00703125	0.00016858194487370402	6.585232221629063e-08	1
L2	C>G@T.G	C>G	T.G	18	0.00703125	7.984138178818082e-05	3.118803976100813e-08	1
L2	C>G@T.T	C>G	T.T	7	0.002734375	0.00012280486307257767	4.797064963772565e-08	0
L2	C>T@A.A	C>T	A.A	43	0.016796875	0.0005559506108992178	2.1716820738250694e-07	0
L2	C>T@A.C	C>T	A.C	62	0.02421875	0.00034935285201525884	1.364659578184605e-07	1
L2	C>T@A.G	C>T	A.G	63	0.024609375	0.00041705834844894016	1.6291341736286725e-07	1
L2	C>T@A.T	C>T	A.T	22	0.00859375	0.0003953776755387021	1.5444440450730551e-07	0
L2	C>T@C.A	C>T	C.A	64	0.025	0.0003998175832276524	1.5617874344830172e-07	1
L2	C>T@C.C	C>T	C.C	65	0.025390625	0.00044515669515669517	1.7388933404558405e-07	2
L2	C>T@C.G	C>T	C.G	161	0.062890625	0.0005185803139182447	2.0257043512431435e-07	2
L2	C>T@C.T	C>T	C.T	43	0.016796875	0.0004605234974082166	1.7989199117508462e-07	1
L2	C>T@G.A	C>T	G.A	60	0.0234375	0.00037805039411753586	1.4767593520216245e-07	1
L2	C>T@G.C	C>T	G.C	143	0.055859375	0.0005112986270022883	1.9972602617276887e-07	2
L2	C>T@G.G	C>T	G.G	158	0.06171875	0.0005279460559422333	2.062289281024349e-07	2
L2	C>T@G.T	C>T	G.T	67	0.026171875	0.00045917143542473357	1.7936384196278656e-07	1
L2	C>T@T.A	C>T	T.A	39	0.015234375	0.0004166800217955704	1.6276563351389469e-07	0
L2	C>T@T.C	C>T	T.C	46	0.01796875	0.00043082052578835475	1.6828926788607608e-07	1
L2	C>T@T.G	C>T	T.G	91	0.035546875	0.0004036425412624697	1.5767286768065223e-07	1
L2	C>T@T.T	C>T	T.T	22	0.00859375	0.0003859581410852441	1.507648988614235e-07	0
L2	T>A@A.A	T>A	A.A	0	0.0	0.0	0.0	0
L2	T>A@A.C	T>A	A.C	3	0.001171875	2.318303002202388e-05	9.055871102353078e-09	1
L2	T>A@A.G	T>A	A.G	2	0.00078125	2.214986599331074e-05	8.652291403637008e-09	1
L2	T>A@A.T	T>A	A.T	2	0.00078125	4.6486762894265855e-05	1.81588917555726e-08	0
L2	T>A@C.A	T>A	C.A	2	0.00078125	5.47855147099107e-05	2.1400591683558867e-08	1
L2	T>A@C.C	T>A	C.C	3	0.001171875	3.00270243218897e-05	1.1729306375738164e-08	2
L2	T>A@C.G	T>A	C.G	3	0.001171875	2.001481096011048e-05	7.818285531293157e-09	2
L2	T>A@C.T	T>A	C.T	0	0.0	0.0	0.0	1
L2	T>A@G.A	T>A	G.A	0	0.0	0.0	0.0	1
L2	T>A@G.C	T>A	G.C	3	0.001171875	1.8337184142003153e-05	7.1629625554699814e-09	2
L2	T>A@G.G	T>A	G.G	2	0.00078125	1.2884273455819826e-05	5.0329193186796195e-09	2
L2	T>A@G.T	T>A	G.T	2	0.00078125	2.185123678000175e-05	8.535639367188182e-09	1
L2	T>A@T.A	T>A	T.A	1	0.000390625	6.259780907668232e-05	2.445226917057903e-08	0
L2	T>A@T.C	T>A	T.C	6	0.00234375	6.673859604240125e-05	2.6069764079062987e-08	1
L2	T>A@T.G	T>A	T.G	3	0.001171875	3.180492976411344e-05	1.2423800689106812e-08	1
L2	T>A@T.T	T>A	T.T	4	0.0015625	0.00010078867135333989	3.937057474739839e-08	0
L2	T>C@A.A	T>C	A.A	8	0.003125	0.00028741826543076814	1.1227275993389381e-07	0
L2	T>C@A.C	T>C	A.C	56	0.021875	0.0004327498937444457	1.6904292724392411e-07	1
L2	T>C@A.G	T>C	A.G	43	0.016796875	0.0004762221188561809	1.8602426517819568e-07	1
L2	T>C@A.T	T>C	A.T	24	0.009375	0.0005578411547311903	2.179067010668712e-07	0
L2	T>C@C.A	T>C	C.A	8	0.003125	0.0002191420588396428	8.560236673423547e-08	1
L2	T>C@C.C	T>C	C.C	43	0.016796875	0.00043038734861375235	1.68120058052247e-07	2
L2	T>C@C.G	T>C	C.G	53	0.020703125	0.0003535949936286185	1.381230443861791e-07	2
L2	T>C@C.T	T>C	C.T	13	0.005078125	0.00019806505675325664	7.736916279424088e-08	1
L2	T>C@G.A	T>C	G.A	19	0.007421875	0.0003713693757085337	1.4506616238614598e-07	1
L2	T>C@G.C	T>C	G.C	80	0.03125	0.0004889915771200841	1.9101233481253283e-07	2
L2	T>C@G.G	T>C	G.G	94	0.03671875	0.0006055608524235318	2.3654720797794212e-07	2
L2	T>C@G.T	T>C	G.T	31	0.012109375	0.0003386941700900271	1.3230241019141684e-07	1
L2	T>C@T.A	T>C	T.A	7	0.002734375	0.0004381846635367762	1.711658841940532e-07	0
L2	T>C@T.C	T>C	T.C	13	0.005078125	0.00014460029142520273	5.6484488837969815e-08	1
L2	T>C@T.G	T>C	T.G	31	0.012109375	0.0003286509408958389	1.2837927378743706e-07	1
L2	T>C@T.T	T>C	T.T	5	0.001953125	0.00012598583919167484	4.9213218434247986e-08	0
L2	T>G@A.A	T>G	A.A	2	0.00078125	7.185456635769203e-05	2.8068189983473452e-08	0
L2	T>G@A.C	T>G	A.C	6	0.00234375	4.636606004404776e-05	1.8111742204706156e-08	1
L2	T>G@A.G	T>G	A.G	4	0.0015625	4.429973198662148e-05	1.7304582807274016e-08	1
L2	T>G@A.T	T>G	A.T	4	0.0015625	9.297352578853171e-05	3.63177835111452e-08	0
L2	T>G@C.A	T>G	C.A	5	0.001953125	0.00013696378677477674	5.3501479208897166e-08	1
L2	T>G@C.C	T>G	C.C	36	0.0140625	0.0003603242918626764	1.4075167650885799e-07	2
L2	T>G@C.G	T>G	C.G	43	0.016796875	0.0002868789570949169	1.1206209261520191e-07	2
L2	T>G@C.T	T>G	C.T	14	0.00546875	0.000213300830349661	8.332063685533633e-08	1
L2	T>G@G.A	T>G	G.A	11	0.004296875	0.00021500332277862475	8.39856729604003e-08	1
L2	T>G@G.C	T>G	G.C	45	0.017578125	0.0002750577621300473	1.0744443833204973e-07	2
L2	T>G@G.G	T>G	G.G	34	0.01328125	0.00021903264874893706	8.555962841755354e-08	2
L2	T>G@G.T	T>G	G.T	21	0.008203125	0.00022943798619001835	8.962421335547592e-08	1
L2	T>G@T.A	T>G	T.A	4	0.0015625	0.00025039123630672927	9.780907668231612e-08	0
L2	T>G@T.C	T>G	T.C	10	0.00390625	0.00011123099340400209	4.344960679843832e-08	1
L2	T>G@T.G	T>G	T.G	11	0.004296875	0.00011661807580174928	4.555393586005831e-08	1
L2	T>G@T.T	T>G	T.T	2	0.00078125	5.0394335676669944e-05	1.9685287373699196e-08	0
L3	C>A@A.A	C>A	A.A	16	0.004093118444614991	0.00020686534359040662	5.292027208759443e-08	0
L3	C>A@A.C	C>A	A.C	34	0.008697876694806856	0.00019158059626643226	4.9010129513029484e-08	1
L3	C>A@A.G	C>A	A.G	49	0.01253517523663341	0.0003243787154602868	8.298253145568861e-08	1
L3	C>A@A.T	C>A	A.T	7	0.0017907393195190585	0.0001258019876714052	3.2182652256691024e-08	0
L3	C>A@C.A	C>A	C.A	24	0.0061396776669224865	0.00014993159371036964	3.8355485727902184e-08	1
L3	C>A@C.C	C>A	C.C	21	0.005372217958557176	0.0001438198553583169	3.679198141681169e-08	2
L3	C>A@C.G	C>A	C.G	78	0.019953952417498082	0.00025123766761256573	6.42715957054402e-08	2
L3	C>A@C.T	C>A	C.T	11	0.0028140189306728063	0.00011780833654628797	3.013771720293885e-08	1
L3	C>A@G.A	C>A	G.A	31	0.007930416986441546	0.00019532603696072686	4.996828778734378e-08	1
L3	C>A@G.C	C>A	G.C	41	0.010488616014325915	0.00014659610983981693	3.7502202568384994e-08	2
L3	C>A@G.G	C>A	G.G	83	0.021233051931440265	0.0002773387509063631	7.094877229633233e-08	2
L3	C>A@G.T	C>A	G.T	18	0.004604758250191865	0.00012335949011410752	3.1557812769022136e-08	1
L3	C>A@T.A	C>A	T.A	20	0.005116398055768739	0.00021368206245926685	5.4664124445962356e-08	0
L3	C>A@T.C	C>A	T.C	15	0.003837298541826554	0.00014048495406142003	3.5938847291230503e-08	1
L3	C>A@T.G	C>A	T.G	48	0.012279355333844973	0.00021291035143514882	5.446670540679172e-08	1
L3	C>A@T.T	C>A	T.T	13	0.00332565873624968	0.00022806617427764426	5.8343866533037675e-08	0
L3	C>G@A.A	C>G	A.A	9	0.0023023791250959325	0.00011636175576960373	2.9767653049271868e-08	0
L3	C>G@A.C	C>G	A.C	50	0.012790995139421847	0.00028173617098004744	7.207371987210218e-08	1
L3	C>G@A.G	C>G	A.G	21	0.005372217958557176	0.00013901944948298004	3.556394205243797e-08	1
L3	C>G@A.T	C>G	A.T	14	0.003581478639038117	0.0002516039753428104	6.436530451338205e-08	0
L3	C>G@C.A	C>G	C.A	52	0.01330263494499872	0.00032485178637246755	8.310355241045473e-08	1
L3	C>G@C.C	C>G	C.C	43	0.011000255819902788	0.000294488275257506	7.533596194870964e-08	2
L3	C>G@C.G	C>G	C.G	77	0.019698132514709643	0.00024801667187394314	6.34476008887038e-08	2
L3	C>G@C.T	C>G	C.T	31	0.007930416986441546	0.00033200531208499334	8.493356666282766e-08	1
L3	C>G@G.A	C>G	G.A	34	0.008697876694806856	0.00021422855666660366	5.480392854095771e-08	1
L3	C>G@G.C	C>G	G.C	62	0.01586083397288309	0.00022168192219679635	5.6710647786338286e-08	2
L3	C>G@G.G	C>G	G.G	48	0.012279355333844973	0.00016038867522295697	4.103061530390304e-08	2
L3	C>G@G.T	C>G	G.T	24	0.0061396776669224865	0.00016447932015214338	4.2077083692029515e-08	1
L3	C>G@T.A	C>G	T.A	13	0.00332565873624968	0.00013889334059852347	3.553168088987554e-08	0
L3	C>G@T.C	C>G	T.C	17	0.004348938347403428	0.00015921628126960936	4.0730693596727896e-08	1
L3	C>G@T.G	C>G	T.G	36	0.00920951650038373	0.00015968276357636164	4.0850029055093793e-08	1
L3	C>G@T.T	C>G	T.T	17	0.004348938347403428	0.00029824038174768865	7.629582546628003e-08	0
L3	C>T@A.A	C>T	A.A	75	0.01918649270913277	0.000969681298080031	2.480637754105989e-07	0
L3	C>T@A.C	C>T	A.C	115	0.02941928882067025	0.0006479931932541091	1.6576955570583503e-07	1
L3	C>T@A.G	C>T	A.G	148	0.03786134561268867	0.000979756120165764	2.5064111541718193e-07	1
L3	C>T@A.T	C>T	A.T	53	0.013558454847787157	0.0009525007637977823	2.436686528006606e-07	0
L3	C>T@C.A	C>T	C.A	120	0.03069838833461243	0.0007496579685518482	1.9177742863951094e-07	1
L3	C>T@C.C	C>T	C.C	114	0.02916346891788181	0.0007807363576594346	1.997278991198349e-07	2
L3	C>T@C.G	C>T	C.G	288	0.07367613200306984	0.0009276467727233196	2.3731050722008689e-07	2
L3	C>T@C.T	C>T	C.T	72	0.01841903300076746	0.0007711091119393394	1.9726505805559973e-07	1
L3	C>T@G.A	C>T	G.A	96	0.024558710667689946	0.0006048806305880574	1.5474050411564527e-07	1
L3	C>T@G.C	C>T	G.C	198	0.05065234075211052	0.0007079519450800915	1.8110819776927385e-07	2
L3	C>T@G.G	C>T	G.G	234	0.059861857252494245	0.0007818947917119152	2.000242496065273e-07	2
L3	C>T@G.T	C>T	G.T	116	0.029675108723458684	0.0007949833807353597	2.0337257117814266e-07	1
L3	C>T@T.A	C>T	T.A	77	0.019698132514709643	0.0008226759404681774	2.1045687911695508e-07	0
L3	C>T@T.C	C>T	T.C	60	0.015349194167306216	0.0005619398162456801	1.4375538916492201e-07	1
L3	C>T@T.G	C>T	T.G	147	0.03760552570990023	0.0006520379512701433	1.6680428530829965e-07	1
L3	C>T@T.T	C>T	T.T	36	0.00920951650038373	0.0006315678672303995	1.6156763039918123e-07	0
L3	T>A@A.A	T>A	A.A	2	0.0005116398055768739	7.185456635769203e-05	1.8381828180530068e-08	0
L3	T>A@A.C	T>A	A.C	5	0.0012790995139421847	3.86383833700398e-05	9.88446747762594e-09	1
L3	T>A@A.G	T>A	A.G	5	0.0012790995139421847	5.5374664983276854e-05	1.4165941412964147e-08	1
L3	T>A@A.T	T>A	A.T	1	0.00025581990278843696	2.3243381447132928e-05	5.946119582280105e-09	0
L3	T>A@C.A	T>A	C.A	2	0.0005116398055768739	5.47855147099107e-05	1.4015225047303836e-08	1
L3	T>A@C.C	T>A	C.C	7	0.0017907393195190585	7.006305675107596e-05	1.7923524367120993e-08	2
L3	T>A@C.G	T>A	C.G	12	0.0030698388334612432	8.005924384044192e-05	2.0480747976577622e-08	2
L3	T>A@C.T	T>A	C.T	6	0.0015349194167306216	9.141464157842614e-05	2.338568472203278e-08	1
L3	T>A@G.A	T>A	G.A	1	0.00025581990278843696	1.9545756616238615e-05	5.000193557492611e-09	1
L3	T>A@G.C	T>A	G.C	3	0.0007674597083653108	1.8337184142003153e-05	4.6910166646209144e-09	2
L3	T>A@G.G	T>A	G.G	4	0.0010232796111537478	2.576854691163965e-05	6.592107165934933e-09	2
L3	T>A@G.T	T>A	G.T	1	0.00025581990278843696	1.0925618390000874e-05	2.7949906344335824e-09	1
L3	T>A@T.A	T>A	T.A	2	0.0005116398055768739	0.00012519561815336463	3.202753086553201e-08	0
L3	T>A@T.C	T>A	T.C	5	0.0012790995139421847	5.5615496702001044e-05	1.4227550959836542e-08	1
L3	T>A@T.G	T>A	T.G	5	0.0012790995139421847	5.30082162735224e-05	1.356055673408094e-08	1
L3	T>A@T.T	T>A	T.T	2	0.0005116398055768739	5.0394335676669944e-05	1.2891874053893565e-08	0
L3	T>C@A.A	T>C	A.A	12	0.0030698388334612432	0.0004311273981461522	1.102909690831804e-07	0
L3	T>C@A.C	T>C	A.C	50	0.012790995139421847	0.00038638383370039796	9.884467477625939e-08	1
L3	T>C@A.G	T>C	A.G	46	0.0117677155282681	0.0005094469178461471	1.3032666099927016e-07	1
L3	T>C@A.T	T>C	A.T	16	0.004093118444614991	0.00037189410315412684	9.513791331648167e-08	0
L3	T>C@C.A	T>C	C.A	10	0.0025581990278843694	0.0002739275735495535	7.007612523651918e-08	1
L3	T>C@C.C	T>C	C.C	17	0.004348938347403428	0.00017015313782404163	4.352855917729384e-08	2
L3	T>C@C.G	T>C	C.G	40	0.010232796111537478	0.0002668641461348064	6.826915992192541e-08	2
L3	T>C@C.T	T>C	C.T	19	0.004860578152980302	0.0002894796983316828	7.405466828643713e-08	1
L3	T>C@G.A	T>C	G.A	37	0.009465336403172167	0.0007231929948008287	1.8500716162722659e-07	1
L3	T>C@G.C	T>C	G.C	71	0.01816321309797902	0.00043398002469407463	1.1102072772936164e-07	2
L3	T>C@G.G	T>C	G.G	115	0.02941928882067025	0.00074084572370964	1.8952308102062933e-07	2
L3	T>C@G.T	T>C	G.T	34	0.008697876694806856	0.0003714710252600297	9.50296815707418e-08	1
L3	T>C@T.A	T>C	T.A	7	0.0017907393195190585	0.0004381846635367762	1.1209635802936203e-07	0
L3	T>C@T.C	T>C	T.C	19	0.004860578152980302	0.00021133888746760398	5.4064693647378864e-08	1
L3	T>C@T.G	T>C	T.G	38	0.009721156305960604	0.0004028624436787702	1.0306023117901515e-07	1
L3	T>C@T.T	T>C	T.T	6	0.0015349194167306216	0.00015118300703000984	3.8675622161680696e-08	0
L3	T>G@A.A	T>G	A.A	1	0.00025581990278843696	3.592728317884602e-05	9.190914090265034e-09	0
L3	T>G@A.C	T>G	A.C	5	0.0012790995139421847	3.86383833700398e-05	9.88446747762594e-09	1
L3	T>G@A.G	T>G	A.G	10	0.0025581990278843694	0.00011074932996655371	2.8331882825928295e-08	1
L3	T>G@A.T	T>G	A.T	4	0.0010232796111537478	9.297352578853171e-05	2.378447832912042e-08	0
L3	T>G@C.A	T>G	C.A	12	0.0030698388334612432	0.0003287130882594642	8.409135028382303e-08	1
L3	T>G@C.C	T>G	C.C	46	0.0117677155282681	0.0004604143729356421	1.1778316012679512e-07	2
L3	T>G@C.G	T>G	C.G	69	0.017651573292402148	0.00046034065208254107	1.1776430086532133e-07	2
L3	T>G@C.T	T>G	C.T	29	0.007418777180864671	0.0004418374342957264	1.1303080948982512e-07	1
L3	T>G@G.A	T>G	G.A	9	0.0023023791250959325	0.00017591180954614754	4.50017420174335e-08	1
L3	T>G@G.C	T>G	G.C	45	0.011511895625479662	0.0002750577621300473	7.036524996931372e-08	2
L3	T>G@G.G	T>G	G.G	17	0.004348938347403428	0.00010951632437446853	2.8016455455223465e-08	2
L3	T>G@G.T	T>G	G.T	29	0.007418777180864671	0.00031684293331002536	8.10547283985739e-08	1
L3	T>G@T.A	T>G	T.A	0	0.0	0.0	0.0	0
L3	T>G@T.C	T>G	T.C	15	0.003837298541826554	0.00016684649010600313	4.268265287950963e-08	1
L3	T>G@T.G	T>G	T.G	7	0.0017907393195190585	7.421150278293135e-05	1.8984779427713313e-08	1
L3	T>G@T.T	T>G	T.T	5	0.0012790995139421847	0.00012598583919167484	3.2229685134733905e-08	0
L4	C>A@A.A	C>A	A.A	11	0.002460299709237307	0.00014221992371840454	3.180942154292206e-08	0
L4	C>A@A.C	C>A	A.C	28	0.0062625810780586	0.00015777225574882656	3.528791226768655e-08	1
L4	C>A@A.G	C>A	A.G	30	0.006709908297919929	0.00019859921354711436	4.4419417031338485e-08	1
L4	C>A@A.T	C>A	A.T	20	0.004473272198613286	0.00035943425048972917	8.039236199725547e-08	0
L4	C>A@C.A	C>A	C.A	28	0.0062625810780586	0.00017492019266209793	3.9123281740572115e-08	1
L4	C>A@C.C	C>A	C.C	36	0.008051889957503914	0.0002465483234714004	5.5143888049966544e-08	2
L4	C>A@C.G	C>A	C.G	85	0.019011406844106463	0.0002737846377829242	6.123566043008817e-08	2
L4	C>A@C.T	C>A	C.T	16	0.0035786177588906284	0.00017135758043096433	3.832645502817364e-08	1
L4	C>A@G.A	C>A	G.A	38	0.008499217177365242	0.00023943191627443937	5.355220672655768e-08	1
L4	C>A@G.C	C>A	G.C	47	0.010512189666741221	0.0001680491990846682	3.758649051323377e-08	2
L4	C>A@G.G	C>A	G.G	72	0.01610377991500783	0.00024058301283443544	5.380966513854517e-08	2
L4	C>A@G.T	C>A	G.T	30	0.006709908297919929	0.00020559915019017922	4.5985048130212304e-08	1
L4	C>A@T.A	C>A	T.A	11	0.002460299709237307	0.00011752513435259677	2.6286095806888117e-08	0
L4	C>A@T.C	C>A	T.C	21	0.00469693580854395	0.00019667893568598804	4.398992075284904e-08	1
L4	C>A@T.G	C>A	T.G	30	0.006709908297919929	0.00013306896964696802	2.976268612099486e-08	1
L4	C>A@T.T	C>A	T.T	8	0.0017893088794453142	0.00014034841494008876	3.139083313354703e-08	0
L4	C>G@A.A	C>G	A.A	8	0.0017893088794453142	0.00010343267179520331	2.3134124758488775e-08	0
L4	C>G@A.C	C>G	A.C	40	0.008946544397226572	0.00022538893678403796	5.0411303239552215e-08	1
L4	C>G@A.G	C>G	A.G	29	0.006486244687989264	0.00019197923976221055	4.2938769796960536e-08	1
L4	C>G@A.T	C>G	A.T	13	0.0029076269290986357	0.00023363226281832396	5.225503529821605e-08	0
L4	C>G@C.A	C>G	C.A	44	0.009841198836949228	0.000274874588469011	6.147944273518475e-08	1
L4	C>G@C.C	C>G	C.C	66	0.014761798255423843	0.0004520052596975674	1.0109712809160533e-07	2
L4	C>G@C.G	C>G	C.G	77	0.01722209796466115	0.00024801667187394314	5.5472304154315175e-08	2
L4	C>G@C.T	C>G	C.T	40	0.008946544397226572	0.0004283939510774108	9.581613757043408e-08	1
L4	C>G@G.A	C>G	G.A	35	0.00782822634757325	0.0002205293965685626	4.9324400932355755e-08	1
L4	C>G@G.C	C>G	G.C	58	0.012972489375978528	0.00020737986270022882	4.63833287184587e-08	2
L4	C>G@G.G	C>G	G.G	48	0.010735853276671885	0.00016038867522295697	3.5873110092363445e-08	2
L4	C>G@G.T	C>G	G.T	34	0.0076045627376425855	0.00023301237021553645	5.211638788090728e-08	1
L4	C>G@T.A	C>G	T.A	19	0.004249608588682621	0.00020299795933630352	4.540325639371584e-08	0
L4	C>G@T.C	C>G	T.C	24	0.0053679266383359426	0.00022477592649827204	5.027419514611318e-08	1
L4	C>G@T.G	C>G	T.G	45	0.010064862446879893	0.00019960345447045204	4.464402918149229e-08	1
L4	C>G@T.T	C>G	T.T	14	0.0031312905390293	0.00024560972614515533	5.4933957983707295e-08	0
L4	C>T@A.A	C>T	A.A	93	0.02080071572355178	0.0012024048096192384	2.68934200317432e-07	0
L4	C>T@A.C	C>T	A.C	149	0.03332587787966898	0.0008395737895205414	1.8778210456733201e-07	1
L4	C>T@A.G	C>T	A.G	163	0.036457168418698276	0.0010790557269393212	2.413454992036057e-07	1
L4	C>T@A.T	C>T	A.T	51	0.011406844106463879	0.0009165573387488094	2.0500052309300143e-07	0
L4	C>T@C.A	C>T	C.A	143	0.03198389622008499	0.0008933424125242858	1.9980818888935043e-07	1
L4	C>T@C.C	C>T	C.C	123	0.027510624021471707	0.0008423734385272847	1.8840828417071901e-07	2
L4	C>T@C.G	C>T	C.G	306	0.06844106463878327	0.0009856246960185272	2.2044837754831742e-07	2
L4	C>T@C.T	C>T	C.T	83	0.018564079624245135	0.0008889174484856274	1.9881848545865073e-07	1
L4	C>T@G.A	C>T	G.A	139	0.031089241780362334	0.0008758167463722914	1.958883351313557e-07	1
L4	C>T@G.C	C>T	G.C	215	0.04808767613509282	0.0007687356979405035	1.7193820128394172e-07	2
L4	C>T@G.G	C>T	G.G	265	0.05927085663162603	0.0008854791444600749	1.9804946196825652e-07	2
L4	C>T@G.T	C>T	G.T	107	0.023932006262581077	0.0007333036356783058	1.6401333833109055e-07	1
L4	C>T@T.A	C>T	T.A	73	0.016327443524938492	0.000779939527976324	1.7444409035480294e-07	0
L4	C>T@T.C	C>T	T.C	76	0.016998434354730484	0.0007117904339111947	1.5920161796269173e-07	1
L4	C>T@T.G	C>T	T.G	172	0.038470140908074255	0.0007629287593092834	1.706394004270372e-07	1
L4	C>T@T.T	C>T	T.T	39	0.008722880787295906	0.0006841985228329328	1.5303031152604177e-07	0
L4	T>A@A.A	T>A	A.A	1	0.00022366360993066427	3.592728317884602e-05	8.035625850781931e-09	0
L4	T>A@A.C	T>A	A.C	6	0.0013419816595839856	4.636606004404776e-05	1.0370400367713657e-08	1
L4	T>A@A.G	T>A	A.G	4	0.0008946544397226571	4.429973198662148e-05	9.908237975088678e-09	1
L4	T>A@A.T	T>A	A.T	5	0.0011183180496533215	0.00011621690723566465	2.5993493007305892e-08	0
L4	T>A@C.A	T>A	C.A	0	0.0	0.0	0.0	1
L4	T>A@C.C	T>A	C.C	9	0.0020129724893759786	9.00810729656691e-05	2.0147857965929123e-08	2
L4	T>A@C.G	T>A	C.G	10	0.002236636099306643	6.67160365337016e-05	1.492194957139378e-08	2
L4	T>A@C.T	T>A	C.T	5	0.0011183180496533215	7.617886798202179e-05	1.703844061329049e-08	1
L4	T>A@G.A	T>A	G.A	4	0.0008946544397226571	7.818302646495446e-05	1.7486697934456378e-08	1
L4	T>A@G.C	T>A	G.C	6	0.0013419816595839856	3.667436828400631e-05	8.202721602327512e-09	2
L4	T>A@G.G	T>A	G.G	6	0.0013419816595839856	3.865282036745948e-05	8.645229337387493e-09	2
L4	T>A@G.T	T>A	G.T	2	0.00044732721986132855	2.185123678000175e-05	4.887326499664896e-09	1
L4	T>A@T.A	T>A	T.A	2	0.00044732721986132855	0.00012519561815336463	2.800170390368254e-08	0
L4	T>A@T.C	T>A	T.C	3	0.0006709908297919928	3.3369298021200625e-05	7.463497656273905e-09	1
L4	T>A@T.G	T>A	T.G	2	0.00044732721986132855	2.1203286509408958e-05	4.742403603088562e-09	1
L4	T>A@T.T	T>A	T.T	2	0.00044732721986132855	5.0394335676669944e-05	1.1271379037501665e-08	0
L4	T>C@A.A	T>C	A.A	23	0.005144263028405279	0.0008263275131134584	1.8481939456798444e-07	0
L4	T>C@A.C	T>C	A.C	62	0.013867143815701186	0.0004791159537884935	1.0716080379970779e-07	1
L4	T>C@A.G	T>C	A.G	62	0.013867143815701186	0.0006866458457926329	1.535776886138745e-07	1
L4	T>C@A.T	T>C	A.T	18	0.004025944978751957	0.0004183808660483927	9.357657482630121e-08	0
L4	T>C@C.A	T>C	C.A	12	0.0026839633191679713	0.0003287130882594642	7.352115595156882e-08	1
L4	T>C@C.C	T>C	C.C	24	0.0053679266383359426	0.0002402161945751176	5.372762124247765e-08	2
L4	T>C@C.G	T>C	C.G	58	0.012972489375978528	0.0003869530118954693	8.654730751408394e-08	2
L4	T>C@C.T	T>C	C.T	17	0.0038022813688212928	0.00025900815113887406	5.7930698085187666e-08	1
L4	T>C@G.A	T>C	G.A	48	0.010735853276671885	0.0009381963175794535	2.098403752134765e-07	1
L4	T>C@G.C	T>C	G.C	97	0.021695370163274434	0.0005929022872581019	1.3261066590429478e-07	2
L4	T>C@G.G	T>C	G.G	124	0.02773428763140237	0.0007988249542608293	1.7866807297267485e-07	2
L4	T>C@G.T	T>C	G.T	34	0.0076045627376425855	0.0003714710252600297	8.308455049430322e-08	1
L4	T>C@T.A	T>C	T.A	8	0.0017893088794453142	0.0005007824726134585	1.1200681561473016e-07	0
L4	T>C@T.C	T>C	T.C	24	0.0053679266383359426	0.000266954384169605	5.970798125019124e-08	1
L4	T>C@T.G	T>C	T.G	48	0.010735853276671885	0.000508878876225815	1.1381768647412548e-07	1
L4	T>C@T.T	T>C	T.T	16	0.0035786177588906284	0.00040315468541335956	9.017103230001332e-08	0
L4	T>G@A.A	T>G	A.A	6	0.0013419816595839856	0.0002155636990730761	4.821375510469159e-08	0
L4	T>G@A.C	T>G	A.C	31	0.006933571907850593	0.00023955797689424675	5.3580401899853895e-08	1
L4	T>G@A.G	T>G	A.G	7	0.00156564526951465	7.75245309765876e-05	1.733941645640519e-08	1
L4	T>G@A.T	T>G	A.T	12	0.0026839633191679713	0.00027892057736559516	6.238438321753414e-08	0
L4	T>G@C.A	T>G	C.A	13	0.0029076269290986357	0.00035610584561441953	7.964791894753288e-08	1
L4	T>G@C.C	T>G	C.C	54	0.01207783493625587	0.0005404864377940147	1.2088714779557474e-07	2
L4	T>G@C.G	T>G	C.G	83	0.018564079624245135	0.0005537431032297234	1.238521814425684e-07	2
L4	T>G@C.T	T>G	C.T	45	0.010064862446879893	0.0006856098118381961	1.533459655196144e-07	1
L4	T>G@G.A	T>G	G.A	9	0.0020129724893759786	0.00017591180954614754	3.934507035252685e-08	1
L4	T>G@G.C	T>G	G.C	47	0.010512189666741221	0.00028728255155804943	6.425465255156551e-08	2
L4	T>G@G.G	T>G	G.G	54	0.01207783493625587	0.0003478753833071353	7.780706403648744e-08	2
L4	T>G@G.T	T>G	G.T	28	0.0062625810780586	0.00030591731492002447	6.842257099530853e-08	1
L4	T>G@T.A	T>G	T.A	1	0.00022366360993066427	6.259780907668232e-05	1.400085195184127e-08	0
L4	T>G@T.C	T>G	T.C	17	0.0038022813688212928	0.00018909268878680355	4.2293153385552125e-08	1
L4	T>G@T.G	T>G	T.G	13	0.0029076269290986357	0.00013782136231115823	3.082562342007565e-08	1
L4	T>G@T.T	T>G	T.T	7	0.00156564526951465	0.0001763801748683448	3.944982663125583e-08	0
L5	C>A@A.A	C>A	A.A	12	0.0038119440914866584	0.00015514900769280496	4.92849452645505e-08	0
L5	C>A@A.C	C>A	A.C	28	0.008894536213468869	0.00015777225574882656	5.011825150852178e-08	1
L5	C>A@A.G	C>A	A.G	32	0.010165184243964422	0.00021183916111692198	6.729325321376174e-08	1
L5	C>A@A.T	C>A	A.T	9	0.0028589580686149934	0.00016174541272037811	5.1380372528709694e-08	0
L5	C>A@C.A	C>A	C.A	16	0.005082592121982211	9.99543958069131e-05	3.1751714042856764e-08	1
L5	C>A@C.C	C>A	C.C	22	0.00698856416772554	0.00015066841989918914	4.786163275069541e-08	2
L5	C>A@C.G	C>A	C.G	58	0.018424396442185513	0.000186817752840113	5.934490242697363e-08	2
L5	C>A@C.T	C>A	C.T	8	0.0025412960609911056	8.567879021548216e-05	2.721689651063601e-08	1
L5	C>A@G.A	C>A	G.A	32	0.010165184243964422	0.00020162687686268578	6.404919849513525e-08	1
L5	C>A@G.C	C>A	G.C	46	0.014612452350698857	0.0001644736842105263	5.2247040727613184e-08	2
L5	C>A@G.G	C>A	G.G	65	0.020648030495552732	0.00021719299769775422	6.899396369051913e-08	2
L5	C>A@G.T	C>A	G.T	19	0.006035578144853875	0.00013021279512044683	4.136365791627917e-08	1
L5	C>A@T.A	C>A	T.A	17	0.0054002541296060995	0.00018162975309037684	5.7696872010920216e-08	0
L5	C>A@T.C	C>A	T.C	14	0.0044472681067344345	0.00013111929045732536	4.16516170448937e-08	1
L5	C>A@T.G	C>A	T.G	30	0.009529860228716646	0.00013306896964696802	4.22709560504981e-08	1
L5	C>A@T.T	C>A	T.T	11	0.00349428208386277	0.00019297907054262206	6.130211897796126e-08	0
L5	C>G@A.A	C>G	A.A	7	0.0022236340533672173	9.05035878208029e-05	2.8749551404321124e-08	0
L5	C>G@A.C	C>G	A.C	20	0.0063532401524777635	0.00011269446839201898	3.579875107751556e-08	1
L5	C>G@A.G	C>G	A.G	16	0.005082592121982211	0.00010591958055846099	3.364662660688087e-08	1
L5	C>G@A.T	C>G	A.T	7	0.0022236340533672173	0.0001258019876714052	3.996251196677421e-08	0
L5	C>G@C.A	C>G	C.A	29	0.009212198221092757	0.00018116734240003	5.7549981702677886e-08	1
L5	C>G@C.C	C>G	C.C	25	0.007941550190597205	0.00017121411352180582	5.438821903488114e-08	2
L5	C>G@C.G	C>G	C.G	55	0.01747141041931385	0.00017715476562424508	5.6275338508337064e-08	2
L5	C>G@C.T	C>G	C.T	25	0.007941550190597205	0.0002677462194233817	8.505280159573752e-08	1
L5	C>G@G.A	C>G	G.A	17	0.0054002541296060995	0.00010711427833330183	3.4026136700540604e-08	1
L5	C>G@G.C	C>G	G.C	54	0.017153748411689963	0.00019307780320366132	6.133348259328505e-08	2
L5	C>G@G.G	C>G	G.G	30	0.009529860228716646	0.00010024292201434811	3.184336785716268e-08	2
L5	C>G@G.T	C>G	G.T	18	0.005717916137229987	0.00012335949011410752	3.9186623289106587e-08	1
L5	C>G@T.A	C>G	T.A	14	0.0044472681067344345	0.0001495774437214868	4.7515071067816646e-08	0
L5	C>G@T.C	C>G	T.C	15	0.004764930114358323	0.00014048495406142003	4.462673254810039e-08	1
L5	C>G@T.G	C>G	T.G	28	0.008894536213468869	0.00012419770500383682	3.9452892313798226e-08	1
L5	C>G@T.T	C>G	T.T	9	0.0028589580686149934	0.00015789196680759986	5.015627916378649e-08	0
L5	C>T@A.A	C>T	A.A	73	0.02318932655654384	0.0009438231301312302	2.9981675035934887e-07	0
L5	C>T@A.C	C>T	A.C	88	0.02795425667090216	0.0004958556609248835	1.5751450474106846e-07	1
L5	C>T@A.G	C>T	A.G	136	0.043202033036848796	0.0009003164347469184	2.8599632615848744e-07	1
L5	C>T@A.T	C>T	A.T	34	0.010800508259212199	0.0006110382258325396	1.941036295529033e-07	0
L5	C>T@C.A	C>T	C.A	126	0.040025412960609914	0.0007871408669794406	2.50044748087497e-07	1
L5	C>T@C.C	C>T	C.C	108	0.03430749682337993	0.0007396449704142012	2.3495710623068653e-07	2
L5	C>T@C.G	C>T	C.G	228	0.0724269377382465	0.0007343870284059614	2.332868578163791e-07	2
L5	C>T@C.T	C>T	C.T	70	0.022236340533672173	0.0007496894143854689	2.3814784446806507e-07	1
L5	C>T@G.A	C>T	G.A	89	0.028271918678526048	0.0005607747512743449	1.7813683331459495e-07	1
L5	C>T@G.C	C>T	G.C	148	0.04701397712833545	0.0005291762013729977	1.6809917451492938e-07	2
L5	C>T@G.G	C>T	G.G	183	0.058132147395171536	0.0006114818242875234	1.942445439286923e-07	2
L5	C>T@G.T	C>T	G.T	94	0.02986022871664549	0.0006442106705958949	2.0464125495422328e-07	1
L5	C>T@T.A	C>T	T.A	65	0.020648030495552732	0.0006944667029926173	2.206056871005773e-07	0
L5	C>T@T.C	C>T	T.C	58	0.018424396442185513	0.0005432084890374907	1.7255669918598815e-07	1
L5	C>T@T.G	C>T	T.G	133	0.04224904701397713	0.0005899390987682249	1.8740123849054157e-07	1
L5	C>T@T.T	C>T	T.T	26	0.008259212198221092	0.0004561323485552885	1.4489591758427207e-07	0
L5	T>A@A.A	T>A	A.A	0	0.0	0.0	0.0	0
L5	T>A@A.C	T>A	A.C	3	0.0009529860228716646	2.318303002202388e-05	7.364367859600978e-09	1
L5	T>A@A.G	T>A	A.G	0	0.0	0.0	0.0	1
L5	T>A@A.T	T>A	A.T	2	0.0006353240152477764	4.6486762894265855e-05	1.4767078428928163e-08	0
L5	T>A@C.A	T>A	C.A	1	0.0003176620076238882	2.739275735495535e-05	8.701638295729145e-09	1
L5	T>A@C.C	T>A	C.C	5	0.0015883100381194409	5.0045040536482834e-05	1.5897408048438004e-08	2
L5	T>A@C.G	T>A	C.G	11	0.00349428208386277	7.338764018707176e-05	2.3312465116604752e-08	2
L5	T>A@C.T	T>A	C.T	1	0.0003176620076238882	1.5235773596404357e-05	4.839826428336835e-09	1
L5	T>A@G.A	T>A	G.A	0	0.0	0.0	0.0	1
L5	T>A@G.C	T>A	G.C	4	0.0012706480304955528	2.4449578856004206e-05	7.766702304956864e-09	2
L5	T>A@G.G	T>A	G.G	2	0.0006353240152477764	1.2884273455819826e-05	4.092844172750898e-09	2
L5	T>A@G.T	T>A	G.T	1	0.0003176620076238882	1.0925618390000874e-05	3.4706538723001505e-09	1
L5	T>A@T.A	T>A	T.A	2	0.0006353240152477764	0.00012519561815336463	3.976989140831151e-08	0
L5	T>A@T.C	T>A	T.C	2	0.0006353240152477764	2.224619868080042e-05	7.0667721349429536e-09	1
L5	T>A@T.G	T>A	T.G	2	0.0006353240152477764	2.1203286509408958e-05	6.7354785608033535e-09	1
L5	T>A@T.T	T>A	T.T	1	0.0003176620076238882	2.5197167838334972e-05	8.004182921961555e-09	0
L5	T>C@A.A	T>C	A.A	12	0.0038119440914866584	0.0004311273981461522	1.3695279483677007e-07	0
L5	T>C@A.C	T>C	A.C	44	0.01397712833545108	0.0003400177736563502	1.0801072860748101e-07	1
L5	T>C@A.G	T>C	A.G	59	0.018742058449809404	0.0006534210468026668	2.0756704155103775e-07	1
L5	T>C@A.T	T>C	A.T	11	0.00349428208386277	0.0002556771959184622	8.12189313591049e-08	0
L5	T>C@C.A	T>C	C.A	4	0.0012706480304955528	0.0001095710294198214	3.480655318291658e-08	1
L5	T>C@C.C	T>C	C.C	21	0.006670902160101652	0.00021018917025322791	6.676911380343962e-08	2
L5	T>C@C.G	T>C	C.G	41	0.013024142312579416	0.0002735357497881766	8.689191543461772e-08	2
L5	T>C@C.T	T>C	C.T	11	0.00349428208386277	0.00016759350956044793	5.3238090711705185e-08	1
L5	T>C@G.A	T>C	G.A	19	0.006035578144853875	0.0003713693757085337	1.1796994145760283e-07	1
L5	T>C@G.C	T>C	G.C	48	0.015247776365946633	0.00029339494627205045	9.320042765948236e-08	2
L5	T>C@G.G	T>C	G.G	66	0.02096569250317662	0.00042518102404205427	1.3506385770077964e-07	2
L5	T>C@G.T	T>C	G.T	35	0.011118170266836086	0.0003823966436500306	1.2147288553050526e-07	1
L5	T>C@T.A	T>C	T.A	7	0.0022236340533672173	0.0004381846635367762	1.391946199290903e-07	0
L5	T>C@T.C	T>C	T.C	13	0.004129606099110546	0.00014460029142520273	4.5934018877129204e-08	1
L5	T>C@T.G	T>C	T.G	30	0.009529860228716646	0.0003180492976411344	1.0103217841205032e-07	1
L5	T>C@T.T	T>C	T.T	12	0.0038119440914866584	0.0003023660140600197	9.605019506353865e-08	0
L5	T>G@A.A	T>G	A.A	3	0.0009529860228716646	0.00010778184953653804	3.423819870919252e-08	0
L5	T>G@A.C	T>G	A.C	15	0.004764930114358323	0.0001159151501101194	3.682183929800489e-08	1
L5	T>G@A.G	T>G	A.G	9	0.0028589580686149934	9.967439696989833e-05	3.16627690501583e-08	1
L5	T>G@A.T	T>G	A.T	3	0.0009529860228716646	6.973014434139879e-05	2.2150617643392245e-08	0
L5	T>G@C.A	T>G	C.A	14	0.0044472681067344345	0.0003834986029693749	1.2182293614020804e-07	1
L5	T>G@C.C	T>G	C.C	36	0.011435832274459974	0.0003603242918626764	1.1446133794875362e-07	2
L5	T>G@C.G	T>G	C.G	31	0.009847522236340533	0.00020681971325447497	6.56987653286134e-08	2
L5	T>G@C.T	T>G	C.T	20	0.0063532401524777635	0.00030471547192808716	9.679652856673671e-08	1
L5	T>G@G.A	T>G	G.A	5	0.0015883100381194409	9.772878308119307e-05	3.1044721436211266e-08	1
L5	T>G@G.C	T>G	G.C	32	0.010165184243964422	0.00019559663084803364	6.213361843965491e-08	2
L5	T>G@G.G	T>G	G.G	18	0.005717916137229987	0.00011595846110237844	3.683559755475808e-08	2
L5	T>G@G.T	T>G	G.T	13	0.004129606099110546	0.00014203303907001137	4.511850033990196e-08	1
L5	T>G@T.A	T>G	T.A	1	0.0003176620076238882	6.259780907668232e-05	1.9884945704155755e-08	0
L5	T>G@T.C	T>G	T.C	11	0.00349428208386277	0.0001223540927444023	3.886724674218625e-08	1
L5	T>G@T.G	T>G	T.G	17	0.0054002541296060995	0.00018022793532997616	5.7251567766828516e-08	1
L5	T>G@T.T	T>G	T.T	3	0.0009529860228716646	7.559150351500492e-05	2.4012548765884663e-08	0
L6	C>A@A.A	C>A	A.A	16	0.004317323259579061	0.00020686534359040662	5.58190349677298e-08	0
L6	C>A@A.C	C>A	A.C	46	0.0124123043712898	0.00025919727730164363	6.993990213212187e-08	1
L6	C>A@A.G	C>A	A.G	47	0.012682137075013492	0.00031113876789047915	8.395541497314602e-08	1
L6	C>A@A.T	C>A	A.T	17	0.0045871559633027525	0.0003055191129162698	8.243904827746081e-08	0
L6	C>A@C.A	C>A	C.A	29	0.007825148407987047	0.00018116734240003	4.888487382623583e-08	1
L6	C>A@C.C	C>A	C.C	24	0.0064759848893685915	0.0001643655489809336	4.435120048055413e-08	2
L6	C>A@C.G	C>A	C.G	91	0.02455477603885591	0.00029311061221466006	7.909082898398814e-08	2
L6	C>A@C.T	C>A	C.T	14	0.0037776578521316784	0.00014993788287709378	4.045814432733237e-08	1
L6	C>A@G.A	C>A	G.A	45	0.012142471667566108	0.0002835377955881519	7.650776999140633e-08	1
L6	C>A@G.C	C>A	G.C	51	0.013761467889908258	0.0001823512585812357	4.920433313039279e-08	2
L6	C>A@G.G	C>A	G.G	90	0.024284943335132217	0.0003007287660430443	8.114645602888405e-08	2
L6	C>A@G.T	C>A	G.T	28	0.007555315704263357	0.0001918925401775006	5.1778882940502046e-08	1
L6	C>A@T.A	C>A	T.A	16	0.004317323259579061	0.00017094564996741348	4.6126726920510923e-08	0
L6	C>A@T.C	C>A	T.C	14	0.0037776578521316784	0.00013111929045732536	3.53802726544321e-08	1
L6	C>A@T.G	C>A	T.G	36	0.009713977334052886	0.00015968276357636164	4.3087631833880636e-08	1
L6	C>A@T.T	C>A	T.T	16	0.004317323259579061	0.00028069682988017753	7.574118453323733e-08	0
L6	C>G@A.A	C>G	A.A	11	0.0029681597409606042	0.00014221992371840454	3.837558654031423e-08	0
L6	C>G@A.C	C>G	A.C	30	0.008094981111710739	0.00016904170258802846	4.5612979651383824e-08	1
L6	C>G@A.G	C>G	A.G	16	0.004317323259579061	0.00010591958055846099	2.858056679936886e-08	1
L6	C>G@A.T	C>G	A.T	10	0.002698327037236913	0.00017971712524486458	4.849355781027107e-08	0
L6	C>G@C.A	C>G	C.A	30	0.008094981111710739	0.00018741449213796206	5.057055913058879e-08	1
L6	C>G@C.C	C>G	C.C	27	0.007285483000539665	0.0001849112426035503	4.9895100540623394e-08	2
L6	C>G@C.G	C>G	C.G	35	0.009444144630329197	0.00011273485085179232	3.0419549609226206e-08	2
L6	C>G@C.T	C>G	C.T	13	0.003507825148407987	0.00013922803410015852	3.756827687538006e-08	1
L6	C>G@G.A	C>G	G.A	17	0.0045871559633027525	0.00010711427833330183	2.890293533008684e-08	1
L6	C>G@G.C	C>G	G.C	33	0.008904479222881814	0.00011799199084668193	3.183809790790122e-08	2
L6	C>G@G.G	C>G	G.G	31	0.00836481381543443	0.0001035843527481597	2.795044596550451e-08	2
L6	C>G@G.T	C>G	G.T	16	0.004317323259579061	0.00010965288010142891	2.9587933108858314e-08	1
L6	C>G@T.A	C>G	T.A	5	0.0013491635186184566	5.342051561481671e-05	1.4414602162659664e-08	0
L6	C>G@T.C	C>G	T.C	16	0.004317323259579061	0.0001498506176655147	4.043459731935097e-08	1
L6	C>G@T.G	C>G	T.G	23	0.0062061521856449	0.00010201954339600881	2.7528209227201514e-08	1
L6	C>G@T.T	C>G	T.T	3	0.0008094981111710739	5.263065560253329e-05	1.4201472099982e-08	0
L6	C>T@A.A	C>T	A.A	102	0.027522935779816515	0.0013187665653888422	3.5584634791927743e-07	0
L6	C>T@A.C	C>T	A.C	122	0.03291958985429034	0.0006874362571913158	1.8549278391562757e-07	1
L6	C>T@A.G	C>T	A.G	176	0.04749055585536967	0.0011651153861430708	3.143862347930574e-07	1
L6	C>T@A.T	C>T	A.T	38	0.01025364274150027	0.0006829250759304854	1.8427551967903008e-07	0
L6	C>T@C.A	C>T	C.A	138	0.0372369131138694	0.0008621066638346255	2.3262457200070843e-07	1
L6	C>T@C.C	C>T	C.C	81	0.021856449001618997	0.0005547337278106509	1.496853016218702e-07	2
L6	C>T@C.G	C>T	C.G	264	0.07123583378305451	0.0008503428749963764	2.294503170524491e-07	2
L6	C>T@C.T	C>T	C.T	91	0.02455477603885591	0.0009745962387011095	2.6297793812766044e-07	1
L6	C>T@G.A	C>T	G.A	122	0.03291958985429034	0.0007687024680389896	2.0742106531003498e-07	1
L6	C>T@G.C	C>T	G.C	152	0.04101457096600108	0.0005434782608695652	1.4664820854548442e-07	2
L6	C>T@G.G	C>T	G.G	253	0.0682676740420939	0.0008453819756543357	2.281117041700852e-07	2
L6	C>T@G.T	C>T	G.T	82	0.022126281705342688	0.0005619710105198232	1.5163815718289886e-07	1
L6	C>T@T.A	C>T	T.A	73	0.019697787371829464	0.000779939527976324	2.104531915748311e-07	0
L6	C>T@T.C	C>T	T.C	60	0.016189962223421478	0.0005619398162456801	1.5162973994756614e-07	1
L6	C>T@T.G	C>T	T.G	190	0.05126821370750135	0.0008427701410974642	2.2740694578992557e-07	1
L6	C>T@T.T	C>T	T.T	37	0.009983810037776578	0.0006491114190979105	1.751514892331113e-07	0
L6	T>A@A.A	T>A	A.A	3	0.0008094981111710739	0.00010778184953653804	2.9083067872784146e-08	0
L6	T>A@A.C	T>A	A.C	5	0.0013491635186184566	3.86383833700398e-05	1.042589945225035e-08	1
L6	T>A@A.G	T>A	A.G	3	0.0008094981111710739	3.3224798989966113e-05	8.965137342138725e-09	1
L6	T>A@A.T	T>A	A.T	2	0.0005396654074473826	4.6486762894265855e-05	1.2543648919121925e-08	0
L6	T>A@C.A	T>A	C.A	1	0.0002698327037236913	2.739275735495535e-05	7.3914617795346324e-09	1
L6	T>A@C.C	T>A	C.C	5	0.0013491635186184566	5.0045040536482834e-05	1.3503788595920895e-08	2
L6	T>A@C.G	T>A	C.G	6	0.0016189962223421479	4.002962192022096e-05	1.0801301111770362e-08	2
L6	T>A@C.T	T>A	C.T	9	0.0024284943335132216	0.00013712196236763922	3.699998984555834e-08	1
L6	T>A@G.A	T>A	G.A	3	0.0008094981111710739	5.863726984871584e-05	1.582225306225468e-08	1
L6	T>A@G.C	T>A	G.C	4	0.0010793308148947653	2.4449578856004206e-05	6.5972959676212105e-09	2
L6	T>A@G.G	T>A	G.G	1	0.0002698327037236913	6.442136727909913e-06	1.7382991710496257e-09	2
L6	T>A@G.T	T>A	G.T	4	0.0010793308148947653	4.37024735600035e-05	1.1792356600108877e-08	1
L6	T>A@T.A	T>A	T.A	1	0.0002698327037236913	6.259780907668232e-05	1.6890936070340615e-08	0
L6	T>A@T.C	T>A	T.C	5	0.0013491635186184566	5.5615496702001044e-05	1.500687984403698e-08	1
L6	T>A@T.G	T>A	T.G	6	0.0016189962223421479	6.360985952822688e-05	1.7164020379985668e-08	1
L6	T>A@T.T	T>A	T.T	3	0.0008094981111710739	7.559150351500492e-05	2.0397059771992693e-08	0
L6	T>C@A.A	T>C	A.A	18	0.004856988667026443	0.0006466910972192282	1.7449840723670487e-07	0
L6	T>C@A.C	T>C	A.C	41	0.011063140852671344	0.0003168347436343263	8.549237550845287e-08	1
L6	T>C@A.G	T>C	A.G	45	0.012142471667566108	0.0004983719848494916	1.3447706013208084e-07	1
L6	T>C@A.T	T>C	A.T	24	0.0064759848893685915	0.0005578411547311903	1.5052378702946311e-07	0
L6	T>C@C.A	T>C	C.A	10	0.002698327037236913	0.0002739275735495535	7.391461779534632e-08	1
L6	T>C@C.C	T>C	C.C	22	0.0059363194819212085	0.00022019817836052446	5.941666982205193e-08	2
L6	T>C@C.G	T>C	C.G	45	0.012142471667566108	0.0003002221644016572	8.100975833827771e-08	2
L6	T>C@C.T	T>C	C.T	23	0.0062061521856449	0.0003504227927173002	9.455552960531575e-08	1
L6	T>C@G.A	T>C	G.A	32	0.008634646519158122	0.0006254642117196357	1.687706993307166e-07	1
L6	T>C@G.C	T>C	G.C	64	0.017269293038316244	0.0003911932616960673	1.0555673548193937e-07	2
L6	T>C@G.G	T>C	G.G	100	0.026983270372369132	0.0006442136727909914	1.7382991710496258e-07	2
L6	T>C@G.T	T>C	G.T	58	0.015650296815974095	0.0006336858666200507	1.709891707015787e-07	1
L6	T>C@T.A	T>C	T.A	8	0.0021586616297895305	0.0005007824726134585	1.3512748856272492e-07	0
L6	T>C@T.C	T>C	T.C	30	0.008094981111710739	0.00033369298021200625	9.004127906422186e-08	1
L6	T>C@T.G	T>C	T.G	30	0.008094981111710739	0.0003180492976411344	8.582010189992833e-08	1
L6	T>C@T.T	T>C	T.T	15	0.0040474905558553695	0.00037795751757502456	1.0198529885996345e-07	0
L6	T>G@A.A	T>G	A.A	4	0.0010793308148947653	0.00014370913271538407	3.8777423830378866e-08	0
L6	T>G@A.C	T>G	A.C	12	0.0032379924446842958	9.273212008809552e-05	2.502215868540084e-08	1
L6	T>G@A.G	T>G	A.G	8	0.0021586616297895305	8.859946397324296e-05	2.390703291236993e-08	1
L6	T>G@A.T	T>G	A.T	7	0.0018888289260658392	0.00016270367012993051	4.390277121692674e-08	0
L6	T>G@C.A	T>G	C.A	6	0.0016189962223421479	0.0001643565441297321	4.43487706772078e-08	1
L6	T>G@C.C	T>G	C.C	28	0.007555315704263357	0.00028025222700430385	7.5621216137157e-08	2
L6	T>G@C.G	T>G	C.G	18	0.004856988667026443	0.00012008886576066289	3.2403903335311084e-08	2
L6	T>G@C.T	T>G	C.T	12	0.0032379924446842958	0.0001828292831568523	4.933331979407779e-08	1
L6	T>G@G.A	T>G	G.A	5	0.0013491635186184566	9.772878308119307e-05	2.6370421770424464e-08	1
L6	T>G@G.C	T>G	G.C	41	0.011063140852671344	0.0002506081832740431	6.762228366811741e-08	2
L6	T>G@G.G	T>G	G.G	23	0.0062061521856449	0.000148169144741928	3.998088093414139e-08	2
L6	T>G@G.T	T>G	G.T	11	0.0029681597409606042	0.00012018180229000962	3.242898065029941e-08	1
L6	T>G@T.A	T>G	T.A	2	0.0005396654074473826	0.00012519561815336463	3.378187214068123e-08	0
L6	T>G@T.C	T>G	T.C	12	0.0032379924446842958	0.0001334771920848025	3.601651162568875e-08	1
L6	T>G@T.G	T>G	T.G	11	0.0029681597409606042	0.00011661807580174928	3.1467370696640387e-08	1
L6	T>G@T.T	T>G	T.T	3	0.0008094981111710739	7.559150351500492e-05	2.0397059771992693e-08	0
L7	C>A@A.A	C>A	A.A	10	0.007535795026375283	0.00012929083974400413	9.7430926709875e-08	0
L7	C>A@A.C	C>A	A.C	8	0.006028636021100226	4.507778735680759e-05	3.396969657634332e-08	1
L7	C>A@A.G	C>A	A.G	16	0.012057272042200452	0.00010591958055846099	7.981882483682065e-08	1
L7	C>A@A.T	C>A	A.T	4	0.003014318010550113	7.188685009794584e-05	5.417245674298857e-08	0
L7	C>A@C.A	C>A	C.A	9	0.006782215523737754	5.622434764138862e-05	4.236951593171712e-08	1
L7	C>A@C.C	C>A	C.C	17	0.01281085154483798	0.00011642559719482797	8.773594362835567e-08	2
L7	C>A@C.G	C>A	C.G	34	0.02562170308967596	0.00010951385511316968	8.252739646810074e-08	2
L7	C>A@C.T	C>A	C.T	6	0.00452147701582517	6.425909266161162e-05	4.842433508787612e-08	1
L7	C>A@G.A	C>A	G.A	17	0.01281085154483798	0.00010711427833330183	8.071912459178736e-08	1
L7	C>A@G.C	C>A	G.C	23	0.01733232856066315	8.223684210526316e-05	6.197199857216516e-08	2
L7	C>A@G.G	C>A	G.G	36	0.027128862094951016	0.00012029150641721772	9.064921357740597e-08	2
L7	C>A@G.T	C>A	G.T	8	0.006028636021100226	5.4826440050714455e-05	4.131608142480366e-08	1
L7	C>A@T.A	C>A	T.A	6	0.00452147701582517	6.410461873778005e-05	4.830792670518467e-08	0
L7	C>A@T.C	C>A	T.C	5	0.0037678975131876413	4.682831802047334e-05	3.52888606032203e-08	1
L7	C>A@T.G	C>A	T.G	18	0.013564431047475508	7.984138178818082e-05	6.016682877783031e-08	1
L7	C>A@T.T	C>A	T.T	4	0.003014318010550113	7.017420747004438e-05	5.288184436325877e-08	0
L7	C>G@A.A	C>G	A.A	2	0.0015071590052750565	2.5858167948800828e-05	1.9486185341975003e-08	0
L7	C>G@A.C	C>G	A.C	14	0.010550113036925395	7.888612787441328e-05	5.9446969008600815e-08	1
L7	C>G@A.G	C>G	A.G	5	0.0037678975131876413	3.309986892451906e-05	2.494338276150645e-08	1
L7	C>G@A.T	C>G	A.T	4	0.003014318010550113	7.188685009794584e-05	5.417245674298857e-08	0
L7	C>G@C.A	C>G	C.A	11	0.008289374529012811	6.871864711725276e-05	5.1784963916543146e-08	1
L7	C>G@C.C	C>G	C.C	3	0.002260738507912585	2.05456936226167e-05	1.548281358147453e-08	2
L7	C>G@C.G	C>G	C.G	11	0.008289374529012811	3.5430953124849016e-05	2.67000400337973e-08	2
L7	C>G@C.T	C>G	C.T	2	0.0015071590052750565	2.141969755387054e-05	1.6141445029292042e-08	1
L7	C>G@G.A	C>G	G.A	7	0.0052750565184626974	4.410587931371252e-05	3.3237286596618324e-08	1
L7	C>G@G.C	C>G	G.C	9	0.006782215523737754	3.217963386727689e-05	2.4249912484760278e-08	2
L7	C>G@G.G	C>G	G.G	10	0.007535795026375283	3.341430733811603e-05	2.518033710483499e-08	2
L7	C>G@G.T	C>G	G.T	8	0.006028636021100226	5.4826440050714455e-05	4.131608142480366e-08	1
L7	C>G@T.A	C>G	T.A	4	0.003014318010550113	4.273641249185337e-05	3.220528447012311e-08	0
L7	C>G@T.C	C>G	T.C	7	0.0052750565184626974	6.555964522866268e-05	4.9404404844508425e-08	1
L7	C>G@T.G	C>G	T.G	7	0.0052750565184626974	3.1049426250959205e-05	2.3398211191378452e-08	1
L7	C>G@T.T	C>G	T.T	3	0.002260738507912585	5.263065560253329e-05	3.966138327244408e-08	0
L7	C>T@A.A	C>T	A.A	25	0.018839487565938208	0.00032322709936001033	2.435773167746875e-07	0
L7	C>T@A.C	C>T	A.C	37	0.027882441597588545	0.00020848476652523512	1.5710984666558788e-07	1
L7	C>T@A.G	C>T	A.G	49	0.03692539562923888	0.0003243787154602868	2.444451510627632e-07	1
L7	C>T@A.T	C>T	A.T	12	0.00904295403165034	0.0002156605502938375	1.625173702289657e-07	0
L7	C>T@C.A	C>T	C.A	45	0.03391107761868877	0.00028112173820694306	2.1184757965858557e-07	1
L7	C>T@C.C	C>T	C.C	29	0.02185380557648832	0.00019860837168529476	1.4966719795425378e-07	2
L7	C>T@C.G	C>T	C.G	81	0.06103993971363979	0.00026090065482843366	1.9660938570341648e-07	2
L7	C>T@C.T	C>T	C.T	24	0.01808590806330068	0.00025703637064644646	1.936973403515045e-07	1
L7	C>T@G.A	C>T	G.A	40	0.03014318010550113	0.0002520335960783572	1.8992735198067612e-07	1
L7	C>T@G.C	C>T	G.C	63	0.04747550866616428	0.00022525743707093823	1.6974938739332194e-07	2
L7	C>T@G.G	C>T	G.G	85	0.0640542577241899	0.0002840216123739863	2.1403286539109743e-07	2
L7	C>T@G.T	C>T	G.T	24	0.01808590806330068	0.00016447932015214338	1.23948244274411e-07	1
L7	C>T@T.A	C>T	T.A	20	0.015071590052750565	0.00021368206245926685	1.6102642235061555e-07	0
L7	C>T@T.C	C>T	T.C	25	0.018839487565938208	0.0002341415901023667	1.7644430301610152e-07	1
L7	C>T@T.G	C>T	T.G	42	0.031650339110776186	0.00018629655750575523	1.403892671482707e-07	1
L7	C>T@T.T	C>T	T.T	9	0.006782215523737754	0.00015789196680759986	1.1898414981733223e-07	0
L7	T>A@A.A	T>A	A.A	0	0.0	0.0	0.0	0
L7	T>A@A.C	T>A	A.C	5	0.0037678975131876413	3.86383833700398e-05	2.9117093722712736e-08	1
L7	T>A@A.G	T>A	A.G	0	0.0	0.0	0.0	1
L7	T>A@A.T	T>A	A.T	0	0.0	0.0	0.0	0
L7	T>A@C.A	T>A	C.A	1	0.0007535795026375283	2.739275735495535e-05	2.0642620463417747e-08	1
L7	T>A@C.C	T>A	C.C	0	0.0	0.0	0.0	2
L7	T>A@C.G	T>A	C.G	1	0.0007535795026375283	6.67160365337016e-06	5.027583762901402e-09	2
L7	T>A@C.T	T>A	C.T	0	0.0	0.0	0.0	1
L7	T>A@G.A	T>A	G.A	1	0.0007535795026375283	1.9545756616238615e-05	1.4729281549539272e-08	1
L7	T>A@G.C	T>A	G.C	1	0.0007535795026375283	6.112394714001051e-06	4.606175368501169e-09	2
L7	T>A@G.G	T>A	G.G	0	0.0	0.0	0.0	2
L7	T>A@G.T	T>A	G.T	0	0.0	0.0	0.0	1
L7	T>A@T.A	T>A	T.A	0	0.0	0.0	0.0	0
L7	T>A@T.C	T>A	T.C	1	0.0007535795026375283	1.112309934040021e-05	8.382139668726609e-09	1
L7	T>A@T.G	T>A	T.G	2	0.0015071590052750565	2.1203286509408958e-05	1.5978362102041416e-08	1
L7	T>A@T.T	T>A	T.T	2	0.0015071590052750565	5.0394335676669944e-05	3.7976138414973584e-08	0
L7	T>C@A.A	T>C	A.A	1	0.0007535795026375283	3.592728317884602e-05	2.7074064189032418e-08	0
L7	T>C@A.C	T>C	A.C	13	0.009796533534287867	0.00010045979676210347	7.570444367905311e-08	1
L7	T>C@A.G	T>C	A.G	18	0.013564431047475508	0.00019934879393979665	1.5022516498854306e-07	1
L7	T>C@A.T	T>C	A.T	7	0.0052750565184626974	0.00016270367012993051	1.226101508138135e-07	0
L7	T>C@C.A	T>C	C.A	2	0.0015071590052750565	5.47855147099107e-05	4.1285240926835494e-08	1
L7	T>C@C.C	T>C	C.C	3	0.002260738507912585	3.00270243218897e-05	2.2627750054174605e-08	2
L7	T>C@C.G	T>C	C.G	10	0.007535795026375283	6.67160365337016e-05	5.027583762901402e-08	2
L7	T>C@C.T	T>C	C.T	6	0.00452147701582517	9.141464157842614e-05	6.888820013445829e-08	1
L7	T>C@G.A	T>C	G.A	11	0.008289374529012811	0.00021500332277862475	1.62022097044932e-07	1
L7	T>C@G.C	T>C	G.C	23	0.01733232856066315	0.00014058507842202417	1.0594203347552689e-07	2
L7	T>C@G.G	T>C	G.G	50	0.037678975131876416	0.0003221068363954957	2.427331095670653e-07	2
L7	T>C@G.T	T>C	G.T	13	0.009796533534287867	0.00014203303907001137	1.0703318694047579e-07	1
L7	T>C@T.A	T>C	T.A	4	0.003014318010550113	0.00025039123630672927	1.8868970332082086e-07	0
L7	T>C@T.C	T>C	T.C	9	0.006782215523737754	0.00010010789406360188	7.543925701853947e-08	1
L7	T>C@T.G	T>C	T.G	15	0.011303692539562924	0.0001590246488205672	1.1983771576531062e-07	1
L7	T>C@T.T	T>C	T.T	1	0.0007535795026375283	2.5197167838334972e-05	1.8988069207486792e-08	0
L7	T>G@A.A	T>G	A.A	1	0.0007535795026375283	3.592728317884602e-05	2.7074064189032418e-08	0
L7	T>G@A.C	T>G	A.C	10	0.007535795026375283	7.72767667400796e-05	5.823418744542547e-08	1
L7	T>G@A.G	T>G	A.G	8	0.006028636021100226	8.859946397324296e-05	6.676673999490804e-08	1
L7	T>G@A.T	T>G	A.T	3	0.002260738507912585	6.973014434139879e-05	5.254720749163436e-08	0
L7	T>G@C.A	T>G	C.A	6	0.00452147701582517	0.0001643565441297321	1.2385572278050647e-07	1
L7	T>G@C.C	T>G	C.C	24	0.01808590806330068	0.0002402161945751176	1.8102200043339684e-07	2
L7	T>G@C.G	T>G	C.G	16	0.012057272042200452	0.00010674565845392257	8.044134020642243e-08	2
L7	T>G@C.T	T>G	C.T	13	0.009796533534287867	0.00019806505675325664	1.4925776695799294e-07	1
L7	T>G@G.A	T>G	G.A	6	0.00452147701582517	0.00011727453969743169	8.837568929723563e-08	1
L7	T>G@G.C	T>G	G.C	33	0.024868123587038434	0.0002017090255620347	1.520037871605386e-07	2
L7	T>G@G.G	T>G	G.G	15	0.011303692539562924	9.66320509186487e-05	7.281993287011959e-08	2
L7	T>G@G.T	T>G	G.T	9	0.006782215523737754	9.833056551000787e-05	7.409989865109862e-08	1
L7	T>G@T.A	T>G	T.A	3	0.002260738507912585	0.00018779342723004695	1.4151727749061563e-07	0
L7	T>G@T.C	T>G	T.C	27	0.020346646571213264	0.00030032368219080565	2.2631777105561843e-07	1
L7	T>G@T.G	T>G	T.G	11	0.008289374529012811	0.00011661807580174928	8.788099156122779e-08	1
L7	T>G@T.T	T>G	T.T	4	0.003014318010550113	0.00010078867135333989	7.595227682994717e-08	0
L8	C>A@A.A	C>A	A.A	0	0.0	0.0	0.0	0
L8	C>A@A.C	C>A	A.C	0	0.0	0.0	0.0	1
L8	C>A@A.G	C>A	A.G	0	0.0	0.0	0.0	1
L8	C>A@A.T	C>A	A.T	0	0.0	0.0	0.0	0
L8	C>A@C.A	C>A	C.A	0	0.0	0.0	0.0	1
L8	C>A@C.C	C>A	C.C	0	0.0	0.0	0.0	2
L8	C>A@C.G	C>A	C.G	0	0.0	0.0	0.0	2
L8	C>A@C.T	C>A	C.T	0	0.0	0.0	0.0	1
L8	C>A@G.A	C>A	G.A	1	0.07142857142857142	6.300839901958931e-06	4.500599929970665e-07	1
L8	C>A@G.C	C>A	G.C	0	0.0	0.0	0.0	2
L8	C>A@G.G	C>A	G.G	0	0.0	0.0	0.0	2
L8	C>A@G.T	C>A	G.T	0	0.0	0.0	0.0	1
L8	C>A@T.A	C>A	T.A	0	0.0	0.0	0.0	0
L8	C>A@T.C	C>A	T.C	1	0.07142857142857142	9.365663604094668e-06	6.689759717210477e-07	1
L8	C>A@T.G	C>A	T.G	1	0.07142857142857142	4.4356323215656005e-06	3.168308801118286e-07	1
L8	C>A@T.T	C>A	T.T	0	0.0	0.0	0.0	0
L8	C>G@A.A	C>G	A.A	0	0.0	0.0	0.0	0
L8	C>G@A.C	C>G	A.C	0	0.0	0.0	0.0	1
L8	C>G@A.G	C>G	A.G	0	0.0	0.0	0.0	1
L8	C>G@A.T	C>G	A.T	0	0.0	0.0	0.0	0
L8	C>G@C.A	C>G	C.A	0	0.0	0.0	0.0	1
L8	C>G@C.C	C>G	C.C	0	0.0	0.0	0.0	2
L8	C>G@C.G	C>G	C.G	0	0.0	0.0	0.0	2
L8	C>G@C.T	C>G	C.T	0	0.0	0.0	0.0	1
L8	C>G@G.A	C>G	G.A	0	0.0	0.0	0.0	1
L8	C>G@G.C	C>G	G.C	0	0.0	0.0	0.0	2
L8	C>G@G.G	C>G	G.G	0	0.0	0.0	0.0	2
L8	C>G@G.T	C>G	G.T	0	0.0	0.0	0.0	1
L8	C>G@T.A	C>G	T.A	0	0.0	0.0	0.0	0
L8	C>G@T.C	C>G	T.C	0	0.0	0.0	0.0	1
L8	C>G@T.G	C>G	T.G	0	0.0	0.0	0.0	1
L8	C>G@T.T	C>G	T.T	0	0.0	0.0	0.0	0
L8	C>T@A.A	C>T	A.A	0	0.0	0.0	0.0	0
L8	C>T@A.C	C>T	A.C	1	0.07142857142857142	5.634723419600949e-06	4.0248024425721063e-07	1
L8	C>T@A.G	C>T	A.G	0	0.0	0.0	0.0	1
L8	C>T@A.T	C>T	A.T	0	0.0	0.0	0.0	0
L8	C>T@C.A	C>T	C.A	0	0.0	0.0	0.0	1
L8	C>T@C.C	C>T	C.C	0	0.0	0.0	0.0	2
L8	C>T@C.G	C>T	C.G	0	0.0	0.0	0.0	2
L8	C>T@C.T	C>T	C.T	2	0.14285714285714285	2.141969755387054e-05	1.5299783967050386e-06	1
L8	C>T@G.A	C>T	G.A	1	0.07142857142857142	6.300839901958931e-06	4.500599929970665e-07	1
L8	C>T@G.C	C>T	G.C	1	0.07142857142857142	3.5755148741418766e-06	2.553939195815626e-07	2
L8	C>T@G.G	C>T	G.G	1	0.07142857142857142	3.3414307338116036e-06	2.3867362384368597e-07	2
L8	C>T@G.T	C>T	G.T	0	0.0	0.0	0.0	1
L8	C>T@T.A	C>T	T.A	1	0.07142857142857142	1.0684103122963342e-05	7.631502230688102e-07	0
L8	C>T@T.C	C>T	T.C	0	0.0	0.0	0.0	1
L8	C>T@T.G	C>T	T.G	0	0.0	0.0	0.0	1
L8	C>T@T.T	C>T	T.T	0	0.0	0.0	0.0	0
L8	T>A@A.A	T>A	A.A	0	0.0	0.0	0.0	0
L8	T>A@A.C	T>A	A.C	0	0.0	0.0	0.0	1
L8	T>A@A.G	T>A	A.G	0	0.0	0.0	0.0	1
L8	T>A@A.T	T>A	A.T	0	0.0	0.0	0.0	0
L8	T>A@C.A	T>A	C.A	0	0.0	0.0	0.0	1
L8	T>A@C.C	T>A	C.C	0	0.0	0.0	0.0	2
L8	T>A@C.G	T>A	C.G	0	0.0	0.0	0.0	2
L8	T>A@C.T	T>A	C.T	0	0.0	0.0	0.0	1
L8	T>A@G.A	T>A	G.A	0	0.0	0.0	0.0	1
L8	T>A@G.C	T>A	G.C	0	0.0	0.0	0.0	2
L8	T>A@G.G	T>A	G.G	0	0.0	0.0	0.0	2
L8	T>A@G.T	T>A	G.T	0	0.0	0.0	0.0	1
L8	T>A@T.A	T>A	T.A	0	0.0	0.0	0.0	0
L8	T>A@T.C	T>A	T.C	0	0.0	0.0	0.0	1
L8	T>A@T.G	T>A	T.G	0	0.0	0.0	0.0	1
L8	T>A@T.T	T>A	T.T	0	0.0	0.0	0.0	0
L8	T>C@A.A	T>C	A.A	0	0.0	0.0	0.0	0
L8	T>C@A.C	T>C	A.C	0	0.0	0.0	0.0	1
L8	T>C@A.G	T>C	A.G	0	0.0	0.0	0.0	1
L8	T>C@A.T	T>C	A.T	0	0.0	0.0	0.0	0
L8	T>C@C.A	T>C	C.A	1	0.07142857142857142	2.739275735495535e-05	1.9566255253539537e-06	1
L8	T>C@C.C	T>C	C.C	0	0.0	0.0	0.0	2
L8	T>C@C.G	T>C	C.G	0	0.0	0.0	0.0	2
L8	T>C@C.T	T>C	C.T	0	0.0	0.0	0.0	1
L8	T>C@G.A	T>C	G.A	0	0.0	0.0	0.0	1
L8	T>C@G.C	T>C	G.C	0	0.0	0.0	0.0	2
L8	T>C@G.G	T>C	G.G	0	0.0	0.0	0.0	2
L8	T>C@G.T	T>C	G.T	0	0.0	0.0	0.0	1
L8	T>C@T.A	T>C	T.A	0	0.0	0.0	0.0	0
L8	T>C@T.C	T>C	T.C	0	0.0	0.0	0.0	1
L8	T>C@T.G	T>C	T.G	1	0.07142857142857142	1.0601643254704479e-05	7.572602324788913e-07	1
L8	T>C@T.T	T>C	T.T	0	0.0	0.0	0.0	0
L8	T>G@A.A	T>G	A.A	0	0.0	0.0	0.0	0
L8	T>G@A.C	T>G	A.C	0	0.0	0.0	0.0	1
L8	T>G@A.G	T>G	A.G	0	0.0	0.0	0.0	1
L8	T>G@A.T	T>G	A.T	0	0.0	0.0	0.0	0
L8	T>G@C.A	T>G	C.A	0	0.0	0.0	0.0	1
L8	T>G@C.C	T>G	C.C	0	0.0	0.0	0.0	2
L8	T>G@C.G	T>G	C.G	0	0.0	0.0	0.0	2
L8	T>G@C.T	T>G	C.T	0	0.0	0.0	0.0	1
L8	T>G@G.A	T>G	G.A	0	0.0	0.0	0.0	1
L8	T>G@G.C	T>G	G.C	1	0.07142857142857142	6.112394714001051e-06	4.365996224286465e-07	2
L8	T>G@G.G	T>G	G.G	1	0.07142857142857142	6.442136727909913e-06	4.6015262342213664e-07	2
L8	T>G@G.T	T>G	G.T	0	0.0	0.0	0.0	1
L8	T>G@T.A	T>G	T.A	0	0.0	0.0	0.0	0
L8	T>G@T.C	T>G	T.C	0	0.0	0.0	0.0	1
L8	T>G@T.G	T>G	T.G	0	0.0	0.0	0.0	1
L8	T>G@T.T	T>G	T.T	0	0.0	0.0	0.0	0
L9	C>A@A.A	C>A	A.A	11	0.006610576923076923	0.00014221992371840454	8.546870415769504e-08	0
L9	C>A@A.C	C>A	A.C	23	0.013822115384615384	0.00012959863865082182	7.788379726611888e-08	1
L9	C>A@A.G	C>A	A.G	18	0.010817307692307692	0.00011915952812826862	7.161029334631528e-08	1
L9	C>A@A.T	C>A	A.T	4	0.002403846153846154	7.188685009794584e-05	4.3201232030015524e-08	0
L9	C>A@C.A	C>A	C.A	11	0.006610576923076923	6.871864711725276e-05	4.129726389257978e-08	1
L9	C>A@C.C	C>A	C.C	11	0.006610576923076923	7.533420994959457e-05	4.527296271009289e-08	2
L9	C>A@C.G	C>A	C.G	36	0.021634615384615384	0.00011595584659041496	6.968500396058591e-08	2
L9	C>A@C.T	C>A	C.T	1	0.0006009615384615385	1.070984877693527e-05	6.436207197677446e-09	1
L9	C>A@G.A	C>A	G.A	18	0.010817307692307692	0.00011341511823526076	6.815812393945958e-08	1
L9	C>A@G.C	C>A	G.C	27	0.01622596153846154	9.653890160183066e-05	5.801616682802323e-08	2
L9	C>A@G.G	C>A	G.G	36	0.021634615384615384	0.00012029150641721772	7.229056876034719e-08	2
L9	C>A@G.T	C>A	G.T	9	0.005408653846153846	6.167974505705376e-05	3.70671544814025e-08	1
L9	C>A@T.A	C>A	T.A	9	0.005408653846153846	9.615692810667008e-05	5.778661544872e-08	0
L9	C>A@T.C	C>A	T.C	3	0.0018028846153846155	2.8096990812284005e-05	1.6885210824689908e-08	1
L9	C>A@T.G	C>A	T.G	14	0.008413461538461538	6.209885250191841e-05	3.731902193624904e-08	1
L9	C>A@T.T	C>A	T.T	2	0.001201923076923077	3.508710373502219e-05	2.1085999840758528e-08	0
L9	C>G@A.A	C>G	A.A	5	0.0030048076923076925	6.464541987200206e-05	3.8849410980770474e-08	0
L9	C>G@A.C	C>G	A.C	5	0.0030048076923076925	2.8173617098004745e-05	1.6931260275243235e-08	1
L9	C>G@A.G	C>G	A.G	5	0.0030048076923076925	3.309986892451906e-05	1.989174815175424e-08	1
L9	C>G@A.T	C>G	A.T	3	0.0018028846153846155	5.3915137573459374e-05	3.240092402251164e-08	0
L9	C>G@C.A	C>G	C.A	5	0.0030048076923076925	3.1235748689660346e-05	1.8771483587536266e-08	1
L9	C>G@C.C	C>G	C.C	11	0.006610576923076923	7.533420994959457e-05	4.527296271009289e-08	2
L9	C>G@C.G	C>G	C.G	13	0.0078125	4.187294460209429e-05	2.516402920798936e-08	2
L9	C>G@C.T	C>G	C.T	8	0.004807692307692308	8.567879021548216e-05	5.148965758141957e-08	1
L9	C>G@G.A	C>G	G.A	7	0.004206730769230769	4.410587931371252e-05	2.650593708756762e-08	1
L9	C>G@G.C	C>G	G.C	14	0.008413461538461538	5.005720823798627e-05	3.008245687378982e-08	2
L9	C>G@G.G	C>G	G.G	17	0.010216346153846154	5.680432247479726e-05	3.413721302571951e-08	2
L9	C>G@G.T	C>G	G.T	6	0.003605769230769231	4.1119830038035846e-05	2.4711436320935002e-08	1
L9	C>G@T.A	C>G	T.A	6	0.003605769230769231	6.410461873778005e-05	3.8524410299146665e-08	0
L9	C>G@T.C	C>G	T.C	4	0.002403846153846154	3.746265441637867e-05	2.2513614432919874e-08	1
L9	C>G@T.G	C>G	T.G	14	0.008413461538461538	6.209885250191841e-05	3.731902193624904e-08	1
L9	C>G@T.T	C>G	T.T	5	0.0030048076923076925	8.771775933755548e-05	5.271499960189632e-08	0
L9	C>T@A.A	C>T	A.A	32	0.019230769230769232	0.00041373068718081324	2.4863623027693103e-07	0
L9	C>T@A.C	C>T	A.C	71	0.04266826923076923	0.0004000653627916674	2.40423895908454e-07	1
L9	C>T@A.G	C>T	A.G	97	0.05829326923076923	0.0006421374571356698	3.8589991414403233e-07	1
L9	C>T@A.T	C>T	A.T	17	0.010216346153846154	0.0003055191129162698	1.8360523612756599e-07	0
L9	C>T@C.A	C>T	C.A	62	0.037259615384615384	0.00038732328375178825	2.3276639648544966e-07	1
L9	C>T@C.C	C>T	C.C	51	0.03064903846153846	0.00034927679158448387	2.0990191801952156e-07	2
L9	C>T@C.G	C>T	C.G	133	0.07992788461538461	0.00042839243323681083	2.574473757432757e-07	2
L9	C>T@C.T	C>T	C.T	40	0.02403846153846154	0.0004283939510774108	2.5744828790709785e-07	1
L9	C>T@G.A	C>T	G.A	57	0.034254807692307696	0.00035914787441165906	2.1583405914162203e-07	1
L9	C>T@G.C	C>T	G.C	87	0.05228365384615385	0.00031106979405034325	1.869409820014082e-07	2
L9	C>T@G.G	C>T	G.G	117	0.0703125	0.0003909473958559576	2.3494434847112836e-07	2
L9	C>T@G.T	C>T	G.T	39	0.0234375	0.000267278895247233	1.6062433608607752e-07	1
L9	C>T@T.A	C>T	T.A	34	0.020432692307692308	0.00036325950618075367	2.1830499169516446e-07	0
L9	C>T@T.C	C>T	T.C	30	0.018028846153846152	0.00028096990812284006	1.6885210824689907e-07	1
L9	C>T@T.G	C>T	T.G	87	0.05228365384615385	0.00038590001197620725	2.3191106488954763e-07	1
L9	C>T@T.T	C>T	T.T	23	0.013822115384615384	0.0004035016929527552	2.4248899816872305e-07	0
L9	T>A@A.A	T>A	A.A	0	0.0	0.0	0.0	0
L9	T>A@A.C	T>A	A.C	3	0.0018028846153846155	2.318303002202388e-05	1.3932109388235505e-08	1
L9	T>A@A.G	T>A	A.G	0	0.0	0.0	0.0	1
L9	T>A@A.T	T>A	A.T	0	0.0	0.0	0.0	0
L9	T>A@C.A	T>A	C.A	1	0.0006009615384615385	2.739275735495535e-05	1.646199360273759e-08	1
L9	T>A@C.C	T>A	C.C	1	0.0006009615384615385	1.0009008107296568e-05	6.015028910634957e-09	2
L9	T>A@C.G	T>A	C.G	6	0.003605769230769231	4.002962192022096e-05	2.4056263173209713e-08	2
L9	T>A@C.T	T>A	C.T	4	0.002403846153846154	6.094309438561743e-05	3.66244557605874e-08	1
L9	T>A@G.A	T>A	G.A	0	0.0	0.0	0.0	1
L9	T>A@G.C	T>A	G.C	0	0.0	0.0	0.0	2
L9	T>A@G.G	T>A	G.G	3	0.0018028846153846155	1.932641018372974e-05	1.1614429196952968e-08	2
L9	T>A@G.T	T>A	G.T	1	0.0006009615384615385	1.0925618390000874e-05	6.565876436298602e-09	1
L9	T>A@T.A	T>A	T.A	0	0.0	0.0	0.0	0
L9	T>A@T.C	T>A	T.C	1	0.0006009615384615385	1.112309934040021e-05	6.6845548920674334e-09	1
L9	T>A@T.G	T>A	T.G	3	0.0018028846153846155	3.180492976411344e-05	1.911353952170279e-08	1
L9	T>A@T.T	T>A	T.T	0	0.0	0.0	0.0	0
L9	T>C@A.A	T>C	A.A	7	0.004206730769230769	0.0002514909822519221	1.5113640760331857e-07	0
L9	T>C@A.C	T>C	A.C	21	0.012620192307692308	0.00016228121015416714	9.752476571764852e-08	1
L9	T>C@A.G	T>C	A.G	15	0.009014423076923076	0.00016612399494983054	9.9834131580427e-08	1
L9	T>C@A.T	T>C	A.T	3	0.0018028846153846155	6.973014434139879e-05	4.1905134820552156e-08	0
L9	T>C@C.A	T>C	C.A	4	0.002403846153846154	0.0001095710294198214	6.584797441095036e-08	1
L9	T>C@C.C	T>C	C.C	12	0.007211538461538462	0.0001201080972875588	7.218034692761946e-08	2
L9	T>C@C.G	T>C	C.G	14	0.008413461538461538	9.340245114718225e-05	5.613128073748933e-08	2
L9	T>C@C.T	T>C	C.T	7	0.004206730769230769	0.0001066504151748305	6.409279758102795e-08	1
L9	T>C@G.A	T>C	G.A	22	0.013221153846153846	0.0004300066455572495	2.5841745526277015e-07	1
L9	T>C@G.C	T>C	G.C	30	0.018028846153846152	0.00018337184142003154	1.1019942393030742e-07	2
L9	T>C@G.G	T>C	G.G	35	0.021033653846153848	0.00022547478547684695	1.355016739644513e-07	2
L9	T>C@G.T	T>C	G.T	17	0.010216346153846154	0.00018573551263001485	1.1161989941707624e-07	1
L9	T>C@T.A	T>C	T.A	3	0.0018028846153846155	0.00018779342723004695	1.1285662694113399e-07	0
L9	T>C@T.C	T>C	T.C	8	0.004807692307692308	8.898479472320168e-05	5.347643913653947e-08	1
L9	T>C@T.G	T>C	T.G	14	0.008413461538461538	0.0001484230055658627	8.919651776794634e-08	1
L9	T>C@T.T	T>C	T.T	1	0.0006009615384615385	2.5197167838334972e-05	1.5142528748999383e-08	0
L9	T>G@A.A	T>G	A.A	1	0.0006009615384615385	3.592728317884602e-05	2.1590915371902654e-08	0
L9	T>G@A.C	T>G	A.C	1	0.0006009615384615385	7.72767667400796e-06	4.644036462745168e-09	1
L9	T>G@A.G	T>G	A.G	3	0.0018028846153846155	3.3224798989966113e-05	1.9966826316085406e-08	1
L9	T>G@A.T	T>G	A.T	2	0.001201923076923077	4.6486762894265855e-05	2.7936756547034768e-08	0
L9	T>G@C.A	T>G	C.A	4	0.002403846153846154	0.0001095710294198214	6.584797441095036e-08	1
L9	T>G@C.C	T>G	C.C	10	0.006009615384615385	0.00010009008107296567	6.015028910634956e-08	2
L9	T>G@C.G	T>G	C.G	12	0.007211538461538462	8.005924384044192e-05	4.8112526346419425e-08	2
L9	T>G@C.T	T>G	C.T	5	0.0030048076923076925	7.617886798202179e-05	4.578056970073425e-08	1
L9	T>G@G.A	T>G	G.A	2	0.001201923076923077	3.909151323247723e-05	2.3492495932979106e-08	1
L9	T>G@G.C	T>G	G.C	18	0.010817307692307692	0.00011002310485201893	6.611965435818445e-08	2
L9	T>G@G.G	T>G	G.G	15	0.009014423076923076	9.66320509186487e-05	5.807214598476484e-08	2
L9	T>G@G.T	T>G	G.T	7	0.004206730769230769	7.647932873000612e-05	4.596113505409022e-08	1
L9	T>G@T.A	T>G	T.A	0	0.0	0.0	0.0	0
L9	T>G@T.C	T>G	T.C	4	0.002403846153846154	4.449239736160084e-05	2.6738219568269734e-08	1
L9	T>G@T.G	T>G	T.G	5	0.0030048076923076925	5.30082162735224e-05	3.185589920283798e-08	1
L9	T>G@T.T	T>G	T.T	1	0.0006009615384615385	2.5197167838334972e-05	1.5142528748999383e-08	0
Bovis	C>A@A.A	C>A	A.A	4	0.0023781212841854932	5.1716335897601655e-05	3.0746929784543195e-08	0
Bovis	C>A@A.C	C>A	A.C	9	0.00535077288941736	5.071251077640854e-05	3.0150125312965835e-08	1
Bovis	C>A@A.G	C>A	A.G	11	0.006539833531510107	7.281971163394193e-05	4.329352653623182e-08	1
Bovis	C>A@A.T	C>A	A.T	5	0.002972651605231867	8.985856262243229e-05	5.342364008468032e-08	0
Bovis	C>A@C.A	C>A	C.A	8	0.0047562425683709865	4.997719790345655e-05	2.971295951454016e-08	1
Bovis	C>A@C.C	C>A	C.C	5	0.002972651605231867	3.424282270436117e-05	2.035839637595789e-08	2
Bovis	C>A@C.G	C>A	C.G	14	0.008323424494649227	4.509394034071693e-05	2.6809714828012443e-08	2
Bovis	C>A@C.T	C>A	C.T	1	0.0005945303210463733	1.070984877693527e-05	6.367329831709435e-09	1
Bovis	C>A@G.A	C>A	G.A	4	0.0023781212841854932	2.5203359607835723e-05	1.498416147909377e-08	1
Bovis	C>A@G.C	C>A	G.C	7	0.004161712247324614	2.5028604118993134e-05	1.488026404220757e-08	2
Bovis	C>A@G.G	C>A	G.G	23	0.013674197384066587	7.685290687766688e-05	4.5691383399326326e-08	2
Bovis	C>A@G.T	C>A	G.T	5	0.002972651605231867	3.426652503169654e-05	2.0372488128238133e-08	1
Bovis	C>A@T.A	C>A	T.A	2	0.0011890606420927466	2.1368206245926685e-05	1.2704046519575913e-08	0
Bovis	C>A@T.C	C>A	T.C	5	0.002972651605231867	4.682831802047334e-05	2.7840854946773685e-08	1
Bovis	C>A@T.G	C>A	T.G	10	0.005945303210463734	4.435632321565601e-05	2.637117908184067e-08	1
Bovis	C>A@T.T	C>A	T.T	4	0.0023781212841854932	7.017420747004438e-05	4.17206940963403e-08	0
Bovis	C>G@A.A	C>G	A.A	4	0.0023781212841854932	5.1716335897601655e-05	3.0746929784543195e-08	0
Bovis	C>G@A.C	C>G	A.C	11	0.006539833531510107	6.198195761561044e-05	3.6850153160291583e-08	1
Bovis	C>G@A.G	C>G	A.G	12	0.007134363852556481	7.943968541884574e-05	4.7229301675889264e-08	1
Bovis	C>G@A.T	C>G	A.T	0	0.0	0.0	0.0	0
Bovis	C>G@C.A	C>G	C.A	11	0.006539833531510107	6.871864711725276e-05	4.085531933249272e-08	1
Bovis	C>G@C.C	C>G	C.C	14	0.008323424494649227	9.587990357221127e-05	5.7003509852682086e-08	2
Bovis	C>G@C.G	C>G	C.G	21	0.01248513674197384	6.76409105110754e-05	4.021457224201867e-08	2
Bovis	C>G@C.T	C>G	C.T	3	0.0017835909631391202	3.212954633080581e-05	1.9101989495128303e-08	1
Bovis	C>G@G.A	C>G	G.A	5	0.002972651605231867	3.150419950979465e-05	1.8730201848867214e-08	1
Bovis	C>G@G.C	C>G	G.C	19	0.011296076099881093	6.793478260869565e-05	4.038928811456341e-08	2
Bovis	C>G@G.G	C>G	G.G	14	0.008323424494649227	4.6780030273362446e-05	2.7812146416981242e-08	2
Bovis	C>G@G.T	C>G	G.T	5	0.002972651605231867	3.426652503169654e-05	2.0372488128238133e-08	1
Bovis	C>G@T.A	C>G	T.A	6	0.0035671819262782403	6.410461873778005e-05	3.811213955872774e-08	0
Bovis	C>G@T.C	C>G	T.C	4	0.0023781212841854932	3.746265441637867e-05	2.227268395741895e-08	1
Bovis	C>G@T.G	C>G	T.G	11	0.006539833531510107	4.879195553722161e-05	2.9008296990024737e-08	1
Bovis	C>G@T.T	C>G	T.T	6	0.0035671819262782403	0.00010526131120506658	6.258104114451045e-08	0
Bovis	C>T@A.A	C>T	A.A	26	0.015457788347205707	0.00033615618333441075	1.9985504359953078e-07	0
Bovis	C>T@A.C	C>T	A.C	47	0.02794292508917955	0.00026483200072124457	1.5745065441215492e-07	1
Bovis	C>T@A.G	C>T	A.G	53	0.03151010701545779	0.00035085861059990203	2.0859608240184424e-07	1
Bovis	C>T@A.T	C>T	A.T	22	0.013079667063020214	0.0003953776755387021	2.350640163725934e-07	0
Bovis	C>T@C.A	C>T	C.A	58	0.034482758620689655	0.00036233468480006	2.1541895648041615e-07	1
Bovis	C>T@C.C	C>T	C.C	40	0.023781212841854936	0.00027394258163488934	1.6286717100766312e-07	2
Bovis	C>T@C.G	C>T	C.G	126	0.07491082045184304	0.00040584546306645237	2.41287433452112e-07	2
Bovis	C>T@C.T	C>T	C.T	30	0.0178359096313912	0.0003212954633080581	1.9101989495128305e-07	1
Bovis	C>T@G.A	C>T	G.A	63	0.03745541022592152	0.00039695291382341267	2.3600054329572692e-07	1
Bovis	C>T@G.C	C>T	G.C	71	0.04221165279429251	0.00025386155606407323	1.5092839242810536e-07	2
Bovis	C>T@G.G	C>T	G.G	127	0.07550535077288942	0.00042436170319407366	2.5229589963975843e-07	2
Bovis	C>T@G.T	C>T	G.T	42	0.02497027348394768	0.0002878388102662509	1.711289002772003e-07	1
Bovis	C>T@T.A	C>T	T.A	25	0.014863258026159334	0.0002671025780740836	1.588005814946989e-07	0
Bovis	C>T@T.C	C>T	T.C	19	0.011296076099881093	0.0001779476084777987	1.0579524879774e-07	1
Bovis	C>T@T.G	C>T	T.G	76	0.04518430439952437	0.00033710805643898567	2.004209610219891e-07	1
Bovis	C>T@T.T	C>T	T.T	20	0.011890606420927468	0.0003508710373502219	2.086034704817015e-07	0
Bovis	T>A@A.A	T>A	A.A	0	0.0	0.0	0.0	0
Bovis	T>A@A.C	T>A	A.C	3	0.0017835909631391202	2.318303002202388e-05	1.3783014281821569e-08	1
Bovis	T>A@A.G	T>A	A.G	2	0.0011890606420927466	2.214986599331074e-05	1.3168766940137183e-08	1
Bovis	T>A@A.T	T>A	A.T	1	0.0005945303210463733	2.3243381447132928e-05	1.3818895033967258e-08	0
Bovis	T>A@C.A	T>A	C.A	1	0.0005945303210463733	2.739275735495535e-05	1.628582482458701e-08	1
Bovis	T>A@C.C	T>A	C.C	2	0.0011890606420927466	2.0018016214593135e-05	1.1901317606773564e-08	2
Bovis	T>A@C.G	T>A	C.G	1	0.0005945303210463733	6.67160365337016e-06	3.966470661932319e-09	2
Bovis	T>A@C.T	T>A	C.T	4	0.0023781212841854932	6.094309438561743e-05	3.623251747064056e-08	1
Bovis	T>A@G.A	T>A	G.A	1	0.0005945303210463733	1.9545756616238615e-05	1.162054495614662e-08	1
Bovis	T>A@G.C	T>A	G.C	3	0.0017835909631391202	1.8337184142003153e-05	1.09020119750316e-08	2
Bovis	T>A@G.G	T>A	G.G	1	0.0005945303210463733	6.442136727909913e-06	3.830045617068914e-09	2
Bovis	T>A@G.T	T>A	G.T	1	0.0005945303210463733	1.0925618390000874e-05	6.495611409037381e-09	1
Bovis	T>A@T.A	T>A	T.A	1	0.0005945303210463733	6.259780907668232e-05	3.721629552715952e-08	0
Bovis	T>A@T.C	T>A	T.C	0	0.0	0.0	0.0	1
Bovis	T>A@T.G	T>A	T.G	2	0.0011890606420927466	2.1203286509408958e-05	1.2605996735677145e-08	1
Bovis	T>A@T.T	T>A	T.T	0	0.0	0.0	0.0	0
Bovis	T>C@A.A	T>C	A.A	9	0.00535077288941736	0.0003233455486096141	1.922387328237896e-07	0
Bovis	T>C@A.C	T>C	A.C	29	0.017241379310344827	0.00022410262354623082	1.3323580472427516e-07	1
Bovis	T>C@A.G	T>C	A.G	23	0.013674197384066587	0.00025472345892307353	1.514408198115776e-07	1
Bovis	T>C@A.T	T>C	A.T	9	0.00535077288941736	0.00020919043302419636	1.2437005530570532e-07	0
Bovis	T>C@C.A	T>C	C.A	6	0.0035671819262782403	0.0001643565441297321	9.771494894752206e-08	1
Bovis	T>C@C.C	T>C	C.C	20	0.011890606420927468	0.00020018016214593134	1.1901317606773563e-07	2
Bovis	T>C@C.G	T>C	C.G	19	0.011296076099881093	0.00012676046941403305	7.536294257671405e-08	2
Bovis	T>C@C.T	T>C	C.T	10	0.005945303210463734	0.00015235773596404358	9.058129367660141e-08	1
Bovis	T>C@G.A	T>C	G.A	22	0.013079667063020214	0.0004300066455572495	2.556519890352256e-07	1
Bovis	T>C@G.C	T>C	G.C	92	0.054696789536266346	0.0005623403136880967	3.3432836723430245e-07	2
Bovis	T>C@G.G	T>C	G.G	97	0.05766944114149822	0.0006248872626072615	3.715144248556846e-07	2
Bovis	T>C@G.T	T>C	G.T	36	0.02140309155766944	0.0003933222620400315	2.338420107253457e-07	1
Bovis	T>C@T.A	T>C	T.A	7	0.004161712247324614	0.0004381846635367762	2.6051406869011663e-07	0
Bovis	T>C@T.C	T>C	T.C	22	0.013079667063020214	0.0002447081854888046	1.454864360813345e-07	1
Bovis	T>C@T.G	T>C	T.G	18	0.01070154577883472	0.00019082957858468063	1.1345397062109431e-07	1
Bovis	T>C@T.T	T>C	T.T	6	0.0035671819262782403	0.00015118300703000984	8.988288170630788e-08	0
Bovis	T>G@A.A	T>G	A.A	0	0.0	0.0	0.0	0
Bovis	T>G@A.C	T>G	A.C	11	0.006539833531510107	8.500444341408755e-05	5.0537719033345754e-08	1
Bovis	T>G@A.G	T>G	A.G	2	0.0011890606420927466	2.214986599331074e-05	1.3168766940137183e-08	1
Bovis	T>G@A.T	T>G	A.T	5	0.002972651605231867	0.00011621690723566465	6.90944751698363e-08	0
Bovis	T>G@C.A	T>G	C.A	2	0.0011890606420927466	5.47855147099107e-05	3.257164964917402e-08	1
Bovis	T>G@C.C	T>G	C.C	10	0.005945303210463734	0.00010009008107296567	5.950658803386782e-08	2
Bovis	T>G@C.G	T>G	C.G	11	0.006539833531510107	7.338764018707176e-05	4.3631177281255506e-08	2
Bovis	T>G@C.T	T>G	C.T	6	0.0035671819262782403	9.141464157842614e-05	5.4348776205960846e-08	1
Bovis	T>G@G.A	T>G	G.A	2	0.0011890606420927466	3.909151323247723e-05	2.324108991229324e-08	1
Bovis	T>G@G.C	T>G	G.C	36	0.02140309155766944	0.00022004620970403785	1.3082414370037922e-07	2
Bovis	T>G@G.G	T>G	G.G	16	0.009512485136741973	0.0001030741876465586	6.128072987310262e-08	2
Bovis	T>G@G.T	T>G	G.T	14	0.008323424494649227	0.00015295865746001224	9.093855972652333e-08	1
Bovis	T>G@T.A	T>G	T.A	0	0.0	0.0	0.0	0
Bovis	T>G@T.C	T>G	T.C	7	0.004161712247324614	7.786169538280146e-05	4.6291138753151884e-08	1
Bovis	T>G@T.G	T>G	T.G	3	0.0017835909631391202	3.180492976411344e-05	1.890899510351572e-08	1
Bovis	T>G@T.T	T>G	T.T	1	0.0005945303210463733	2.5197167838334972e-05	1.4980480284384645e-08	0
Caprae_La2	C>A@A.A	C>A	A.A	1	0.0012195121951219512	1.2929083974400414e-05	1.576717557853709e-08	0
Caprae_La2	C>A@A.C	C>A	A.C	7	0.00853658536585366	3.944306393720664e-05	4.810129748439834e-08	1
Caprae_La2	C>A@A.G	C>A	A.G	8	0.00975609756097561	5.2959790279230496e-05	6.458511009662255e-08	1
Caprae_La2	C>A@A.T	C>A	A.T	3	0.003658536585365854	5.3915137573459374e-05	6.575016777251143e-08	0
Caprae_La2	C>A@C.A	C>A	C.A	0	0.0	0.0	0.0	1
Caprae_La2	C>A@C.C	C>A	C.C	2	0.0024390243902439024	1.3697129081744467e-05	1.670381595334691e-08	2
Caprae_La2	C>A@C.G	C>A	C.G	5	0.006097560975609756	1.610497869311319e-05	1.9640217918430716e-08	2
Caprae_La2	C>A@C.T	C>A	C.T	1	0.0012195121951219512	1.070984877693527e-05	1.3060791191384475e-08	1
Caprae_La2	C>A@G.A	C>A	G.A	6	0.007317073170731708	3.7805039411753586e-05	4.61037065996995e-08	1
Caprae_La2	C>A@G.C	C>A	G.C	10	0.012195121951219513	3.5755148741418764e-05	4.360383992855947e-08	2
Caprae_La2	C>A@G.G	C>A	G.G	12	0.014634146341463415	4.009716880573924e-05	4.8898986348462494e-08	2
Caprae_La2	C>A@G.T	C>A	G.T	0	0.0	0.0	0.0	1
Caprae_La2	C>A@T.A	C>A	T.A	2	0.0024390243902439024	2.1368206245926685e-05	2.605878810478864e-08	0
Caprae_La2	C>A@T.C	C>A	T.C	2	0.0024390243902439024	1.8731327208189337e-05	2.2843081961206508e-08	1
Caprae_La2	C>A@T.G	C>A	T.G	5	0.006097560975609756	2.2178161607828004e-05	2.704653854613171e-08	1
Caprae_La2	C>A@T.T	C>A	T.T	3	0.003658536585365854	5.263065560253329e-05	6.418372634455279e-08	0
Caprae_La2	C>G@A.A	C>G	A.A	0	0.0	0.0	0.0	0
Caprae_La2	C>G@A.C	C>G	A.C	2	0.0024390243902439024	1.1269446839201897e-05	1.374322785268524e-08	1
Caprae_La2	C>G@A.G	C>G	A.G	3	0.003658536585365854	1.9859921354711435e-05	2.4219416286233457e-08	1
Caprae_La2	C>G@A.T	C>G	A.T	3	0.003658536585365854	5.3915137573459374e-05	6.575016777251143e-08	0
Caprae_La2	C>G@C.A	C>G	C.A	8	0.00975609756097561	4.997719790345655e-05	6.094780232128847e-08	1
Caprae_La2	C>G@C.C	C>G	C.C	11	0.013414634146341463	7.533420994959457e-05	9.187098774340802e-08	2
Caprae_La2	C>G@C.G	C>G	C.G	10	0.012195121951219513	3.220995738622638e-05	3.928043583686143e-08	2
Caprae_La2	C>G@C.T	C>G	C.T	0	0.0	0.0	0.0	1
Caprae_La2	C>G@G.A	C>G	G.A	2	0.0024390243902439024	1.2601679803917862e-05	1.5367902199899833e-08	1
Caprae_La2	C>G@G.C	C>G	G.C	10	0.012195121951219513	3.5755148741418764e-05	4.360383992855947e-08	2
Caprae_La2	C>G@G.G	C>G	G.G	10	0.012195121951219513	3.341430733811603e-05	4.07491552903854e-08	2
Caprae_La2	C>G@G.T	C>G	G.T	5	0.006097560975609756	3.426652503169654e-05	4.1788445160605536e-08	1
Caprae_La2	C>G@T.A	C>G	T.A	2	0.0024390243902439024	2.1368206245926685e-05	2.605878810478864e-08	0
Caprae_La2	C>G@T.C	C>G	T.C	1	0.0012195121951219512	9.365663604094668e-06	1.1421540980603254e-08	1
Caprae_La2	C>G@T.G	C>G	T.G	6	0.007317073170731708	2.6613793929393603e-05	3.2455846255358054e-08	1
Caprae_La2	C>G@T.T	C>G	T.T	3	0.003658536585365854	5.263065560253329e-05	6.418372634455279e-08	0
Caprae_La2	C>T@A.A	C>T	A.A	16	0.01951219512195122	0.00020686534359040662	2.5227480925659343e-07	0
Caprae_La2	C>T@A.C	C>T	A.C	24	0.02926829268292683	0.00013523336207042278	1.649187342322229e-07	1
Caprae_La2	C>T@A.G	C>T	A.G	26	0.03170731707317073	0.0001721193184074991	2.099016078140233e-07	1
Caprae_La2	C>T@A.T	C>T	A.T	6	0.007317073170731708	0.00010783027514691875	1.3150033554502285e-07	0
Caprae_La2	C>T@C.A	C>T	C.A	24	0.02926829268292683	0.00014993159371036964	1.8284340696386543e-07	1
Caprae_La2	C>T@C.C	C>T	C.C	25	0.03048780487804878	0.00017121411352180582	2.0879769941683638e-07	2
Caprae_La2	C>T@C.G	C>T	C.G	55	0.06707317073170732	0.00017715476562424508	2.160423971027379e-07	2
Caprae_La2	C>T@C.T	C>T	C.T	12	0.014634146341463415	0.00012851818532322323	1.567294942966137e-07	1
Caprae_La2	C>T@G.A	C>T	G.A	30	0.036585365853658534	0.00018902519705876793	2.3051853299849747e-07	1
Caprae_La2	C>T@G.C	C>T	G.C	40	0.04878048780487805	0.00014302059496567506	1.7441535971423787e-07	2
Caprae_La2	C>T@G.G	C>T	G.G	62	0.07560975609756097	0.0002071687054963194	2.526447628003895e-07	2
Caprae_La2	C>T@G.T	C>T	G.T	25	0.03048780487804878	0.00017133262515848269	2.0894222580302767e-07	1
Caprae_La2	C>T@T.A	C>T	T.A	9	0.01097560975609756	9.615692810667008e-05	1.1726454647154889e-07	0
Caprae_La2	C>T@T.C	C>T	T.C	16	0.01951219512195122	0.0001498506176655147	1.8274465568965206e-07	1
Caprae_La2	C>T@T.G	C>T	T.G	28	0.03414634146341464	0.00012419770500383682	1.514606158583376e-07	1
Caprae_La2	C>T@T.T	C>T	T.T	7	0.00853658536585366	0.00012280486307257767	1.4976202813728984e-07	0
Caprae_La2	T>A@A.A	T>A	A.A	0	0.0	0.0	0.0	0
Caprae_La2	T>A@A.C	T>A	A.C	1	0.0012195121951219512	7.72767667400796e-06	9.423995943912146e-09	1
Caprae_La2	T>A@A.G	T>A	A.G	1	0.0012195121951219512	1.107493299665537e-05	1.3506015849579719e-08	1
Caprae_La2	T>A@A.T	T>A	A.T	1	0.0012195121951219512	2.3243381447132928e-05	2.834558713064991e-08	0
Caprae_La2	T>A@C.A	T>A	C.A	0	0.0	0.0	0.0	1
Caprae_La2	T>A@C.C	T>A	C.C	0	0.0	0.0	0.0	2
Caprae_La2	T>A@C.G	T>A	C.G	0	0.0	0.0	0.0	2
Caprae_La2	T>A@C.T	T>A	C.T	2	0.0024390243902439024	3.0471547192808714e-05	3.716042340586428e-08	1
Caprae_La2	T>A@G.A	T>A	G.A	0	0.0	0.0	0.0	1
Caprae_La2	T>A@G.C	T>A	G.C	0	0.0	0.0	0.0	2
Caprae_La2	T>A@G.G	T>A	G.G	0	0.0	0.0	0.0	2
Caprae_La2	T>A@G.T	T>A	G.T	0	0.0	0.0	0.0	1
Caprae_La2	T>A@T.A	T>A	T.A	0	0.0	0.0	0.0	0
Caprae_La2	T>A@T.C	T>A	T.C	1	0.0012195121951219512	1.112309934040021e-05	1.3564755293170988e-08	1
Caprae_La2	T>A@T.G	T>A	T.G	1	0.0012195121951219512	1.0601643254704479e-05	1.2928833237444487e-08	1
Caprae_La2	T>A@T.T	T>A	T.T	1	0.0012195121951219512	2.5197167838334972e-05	3.0728253461384114e-08	0
Caprae_La2	T>C@A.A	T>C	A.A	2	0.0024390243902439024	7.185456635769203e-05	8.762751994840492e-08	0
Caprae_La2	T>C@A.C	T>C	A.C	30	0.036585365853658534	0.0002318303002202388	2.8271987831736436e-07	1
Caprae_La2	T>C@A.G	T>C	A.G	11	0.013414634146341463	0.00012182426296320907	1.4856617434537692e-07	1
Caprae_La2	T>C@A.T	T>C	A.T	7	0.00853658536585366	0.00016270367012993051	1.984191099145494e-07	0
Caprae_La2	T>C@C.A	T>C	C.A	3	0.003658536585365854	8.217827206486605e-05	1.0021740495715372e-07	1
Caprae_La2	T>C@C.C	T>C	C.C	10	0.012195121951219513	0.00010009008107296567	1.2206107447922641e-07	2
Caprae_La2	T>C@C.G	T>C	C.G	11	0.013414634146341463	7.338764018707176e-05	8.949712217935582e-08	2
Caprae_La2	T>C@C.T	T>C	C.T	10	0.012195121951219513	0.00015235773596404358	1.8580211702932143e-07	1
Caprae_La2	T>C@G.A	T>C	G.A	9	0.01097560975609756	0.00017591180954614754	2.14526597007497e-07	1
Caprae_La2	T>C@G.C	T>C	G.C	39	0.0475609756097561	0.000238383393846041	2.907114559098061e-07	2
Caprae_La2	T>C@G.G	T>C	G.G	33	0.04024390243902439	0.00021259051202102714	2.5925672197686237e-07	2
Caprae_La2	T>C@G.T	T>C	G.T	22	0.026829268292682926	0.00024036360458001924	2.9312634704880394e-07	1
Caprae_La2	T>C@T.A	T>C	T.A	2	0.0024390243902439024	0.00012519561815336463	1.5267758311385932e-07	0
Caprae_La2	T>C@T.C	T>C	T.C	10	0.012195121951219513	0.00011123099340400209	1.3564755293170987e-07	1
Caprae_La2	T>C@T.G	T>C	T.G	11	0.013414634146341463	0.00011661807580174928	1.4221716561188937e-07	1
Caprae_La2	T>C@T.T	T>C	T.T	1	0.0012195121951219512	2.5197167838334972e-05	3.0728253461384114e-08	0
Caprae_La2	T>G@A.A	T>G	A.A	0	0.0	0.0	0.0	0
Caprae_La2	T>G@A.C	T>G	A.C	5	0.006097560975609756	3.86383833700398e-05	4.711997971956073e-08	1
Caprae_La2	T>G@A.G	T>G	A.G	1	0.0012195121951219512	1.107493299665537e-05	1.3506015849579719e-08	1
Caprae_La2	T>G@A.T	T>G	A.T	3	0.003658536585365854	6.973014434139879e-05	8.503676139194974e-08	0
Caprae_La2	T>G@C.A	T>G	C.A	1	0.0012195121951219512	2.739275735495535e-05	3.340580165238457e-08	1
Caprae_La2	T>G@C.C	T>G	C.C	13	0.015853658536585366	0.00013011710539485537	1.5867939682299436e-07	2
Caprae_La2	T>G@C.G	T>G	C.G	2	0.0024390243902439024	1.334320730674032e-05	1.6272204032610147e-08	2
Caprae_La2	T>G@C.T	T>G	C.T	3	0.003658536585365854	4.570732078921307e-05	5.574063510879643e-08	1
Caprae_La2	T>G@G.A	T>G	G.A	2	0.0024390243902439024	3.909151323247723e-05	4.767257711277711e-08	1
Caprae_La2	T>G@G.C	T>G	G.C	7	0.00853658536585366	4.278676299800736e-05	5.2178979265862635e-08	2
Caprae_La2	T>G@G.G	T>G	G.G	2	0.0024390243902439024	1.2884273455819826e-05	1.5712528604658326e-08	2
Caprae_La2	T>G@G.T	T>G	G.T	8	0.00975609756097561	8.7404947120007e-05	1.065913989268378e-07	1
Caprae_La2	T>G@T.A	T>G	T.A	0	0.0	0.0	0.0	0
Caprae_La2	T>G@T.C	T>G	T.C	4	0.004878048780487805	4.449239736160084e-05	5.425902117268395e-08	1
Caprae_La2	T>G@T.G	T>G	T.G	2	0.0024390243902439024	2.1203286509408958e-05	2.5857666474888974e-08	1
Caprae_La2	T>G@T.T	T>G	T.T	0	0.0	0.0	0.0	0
Orygis_La3	C>A@A.A	C>A	A.A	7	0.003176043557168784	9.05035878208029e-05	4.106333385698861e-08	0
Orygis_La3	C>A@A.C	C>A	A.C	11	0.004990925589836661	6.198195761561044e-05	2.8122485306538313e-08	1
Orygis_La3	C>A@A.G	C>A	A.G	17	0.007713248638838476	0.0001125395543433648	5.106150378555572e-08	1
Orygis_La3	C>A@A.T	C>A	A.T	2	0.0009074410163339383	3.594342504897292e-05	1.630826907848136e-08	0
Orygis_La3	C>A@C.A	C>A	C.A	10	0.004537205081669692	6.247149737932069e-05	2.8344599536896864e-08	1
Orygis_La3	C>A@C.C	C>A	C.C	12	0.0054446460980036296	8.21827744904668e-05	3.7288010204386025e-08	2
Orygis_La3	C>A@C.G	C>A	C.G	27	0.012250453720508167	8.696688494281122e-05	3.945865922995064e-08	2
Orygis_La3	C>A@C.T	C>A	C.T	10	0.004537205081669692	0.0001070984877693527	4.8592780294624634e-08	1
Orygis_La3	C>A@G.A	C>A	G.A	13	0.005898366606170599	8.19109187254661e-05	3.716466366854179e-08	1
Orygis_La3	C>A@G.C	C>A	G.C	30	0.013611615245009074	0.00010726544622425629	4.8668532769626266e-08	2
Orygis_La3	C>A@G.G	C>A	G.G	42	0.019056261343012703	0.00014034009082008735	6.367517732308863e-08	2
Orygis_La3	C>A@G.T	C>A	G.T	8	0.003629764065335753	5.4826440050714455e-05	2.4875880240796034e-08	1
Orygis_La3	C>A@T.A	C>A	T.A	0	0.0	0.0	0.0	0
Orygis_La3	C>A@T.C	C>A	T.C	3	0.0013611615245009074	2.8096990812284005e-05	1.2748180949312161e-08	1
Orygis_La3	C>A@T.G	C>A	T.G	24	0.010889292196007259	0.00010645517571757441	4.830089642358186e-08	1
Orygis_La3	C>A@T.T	C>A	T.T	4	0.0018148820326678765	7.017420747004438e-05	3.183947707352286e-08	0
Orygis_La3	C>G@A.A	C>G	A.A	3	0.0013611615245009074	3.878725192320124e-05	1.759857165299512e-08	0
Orygis_La3	C>G@A.C	C>G	A.C	21	0.009528130671506351	0.00011832919181161993	5.368838103975496e-08	1
Orygis_La3	C>G@A.G	C>G	A.G	13	0.005898366606170599	8.605965920374955e-05	3.904703230660143e-08	1
Orygis_La3	C>G@A.T	C>G	A.T	5	0.002268602540834846	8.985856262243229e-05	4.07706726962034e-08	0
Orygis_La3	C>G@C.A	C>G	C.A	21	0.009528130671506351	0.00013119014449657345	5.952365902748342e-08	1
Orygis_La3	C>G@C.C	C>G	C.C	20	0.009074410163339383	0.00013697129081744467	6.214668367397671e-08	2
Orygis_La3	C>G@C.G	C>G	C.G	27	0.012250453720508167	8.696688494281122e-05	3.945865922995064e-08	2
Orygis_La3	C>G@C.T	C>G	C.T	21	0.009528130671506351	0.00022490682431564065	1.0204483861871173e-07	1
Orygis_La3	C>G@G.A	C>G	G.A	16	0.007259528130671506	0.00010081343843134289	4.574112451512835e-08	1
Orygis_La3	C>G@G.C	C>G	G.C	23	0.010435571687840291	8.223684210526316e-05	3.73125417900468e-08	2
Orygis_La3	C>G@G.G	C>G	G.G	14	0.006352087114337568	4.6780030273362446e-05	2.122505910769621e-08	2
Orygis_La3	C>G@G.T	C>G	G.T	12	0.0054446460980036296	8.223966007607169e-05	3.7313820361194054e-08	1
Orygis_La3	C>G@T.A	C>G	T.A	7	0.003176043557168784	7.47887218607434e-05	3.3933176887814606e-08	0
Orygis_La3	C>G@T.C	C>G	T.C	12	0.0054446460980036296	0.00011238796324913602	5.0992723797248645e-08	1
Orygis_La3	C>G@T.G	C>G	T.G	20	0.009074410163339383	8.871264643131202e-05	4.025074701965155e-08	1
Orygis_La3	C>G@T.T	C>G	T.T	9	0.004083484573502722	0.00015789196680759986	7.163882341542644e-08	0
Orygis_La3	C>T@A.A	C>T	A.A	32	0.014519056261343012	0.00041373068718081324	1.8771809763194793e-07	0
Orygis_La3	C>T@A.C	C>T	A.C	48	0.021778584392014518	0.00027046672414084556	1.227162995194399e-07	1
Orygis_La3	C>T@A.G	C>T	A.G	62	0.028130671506352088	0.00041043837466403634	1.8622430792379143e-07	1
Orygis_La3	C>T@A.T	C>T	A.T	19	0.008620689655172414	0.0003414625379652427	1.5492855624557293e-07	0
Orygis_La3	C>T@C.A	C>T	C.A	71	0.03221415607985481	0.00044354763139317686	2.0124665671196772e-07	1
Orygis_La3	C>T@C.C	C>T	C.C	50	0.022686025408348458	0.00034242822704361165	1.5536670918494178e-07	2
Orygis_La3	C>T@C.G	C>T	C.G	133	0.0603448275862069	0.00042839243323681083	1.943704325030902e-07	2
Orygis_La3	C>T@C.T	C>T	C.T	32	0.014519056261343012	0.00034271516086192865	1.5549689694279884e-07	1
Orygis_La3	C>T@G.A	C>T	G.A	52	0.023593466424682397	0.0003276436749018644	1.4865865467416715e-07	1
Orygis_La3	C>T@G.C	C>T	G.C	101	0.04582577132486389	0.0003611270022883295	1.638507269910751e-07	2
Orygis_La3	C>T@G.G	C>T	G.G	165	0.07486388384754991	0.0005513360710789146	2.5015248234070535e-07	2
Orygis_La3	C>T@G.T	C>T	G.T	49	0.02223230490018149	0.00033581194531062604	1.523647664748757e-07	1
Orygis_La3	C>T@T.A	C>T	T.A	29	0.013157894736842105	0.00030983899056593694	1.4058030424951767e-07	0
Orygis_La3	C>T@T.C	C>T	T.C	24	0.010889292196007259	0.00022477592649827204	1.0198544759449729e-07	1
Orygis_La3	C>T@T.G	C>T	T.G	99	0.044918330308529944	0.0004391275998349945	1.9924119774727518e-07	1
Orygis_La3	C>T@T.T	C>T	T.T	20	0.009074410163339383	0.0003508710373502219	1.591973853676143e-07	0
Orygis_La3	T>A@A.A	T>A	A.A	3	0.0013611615245009074	0.00010778184953653804	4.890283554289385e-08	0
Orygis_La3	T>A@A.C	T>A	A.C	10	0.004537205081669692	7.72767667400796e-05	3.5062053874809256e-08	1
Orygis_La3	T>A@A.G	T>A	A.G	4	0.0018148820326678765	4.429973198662148e-05	2.0099696908630434e-08	1
Orygis_La3	T>A@A.T	T>A	A.T	4	0.0018148820326678765	9.297352578853171e-05	4.218399536684742e-08	0
Orygis_La3	T>A@C.A	T>A	C.A	2	0.0009074410163339383	5.47855147099107e-05	2.4857311574369646e-08	1
Orygis_La3	T>A@C.C	T>A	C.C	9	0.004083484573502722	9.00810729656691e-05	4.0871630202209216e-08	2
Orygis_La3	T>A@C.G	T>A	C.G	6	0.0027223230490018148	4.002962192022096e-05	1.8162260399374302e-08	2
Orygis_La3	T>A@C.T	T>A	C.T	9	0.004083484573502722	0.00013712196236763922	6.221504644629729e-08	1
Orygis_La3	T>A@G.A	T>A	G.A	3	0.0013611615245009074	5.863726984871584e-05	2.660493187328305e-08	1
Orygis_La3	T>A@G.C	T>A	G.C	5	0.002268602540834846	3.0561973570005254e-05	1.3866594178768265e-08	2
Orygis_La3	T>A@G.G	T>A	G.G	7	0.003176043557168784	4.5094957095369395e-05	2.0460506849078673e-08	2
Orygis_La3	T>A@G.T	T>A	G.T	3	0.0013611615245009074	3.277685517000262e-05	1.487153138384874e-08	1
Orygis_La3	T>A@T.A	T>A	T.A	1	0.00045372050816696913	6.259780907668232e-05	2.8401909744411216e-08	0
Orygis_La3	T>A@T.C	T>A	T.C	4	0.0018148820326678765	4.449239736160084e-05	2.018711314047225e-08	1
Orygis_La3	T>A@T.G	T>A	T.G	4	0.0018148820326678765	4.2406573018817915e-05	1.924073185971775e-08	1
Orygis_La3	T>A@T.T	T>A	T.T	4	0.0018148820326678765	0.00010078867135333989	4.572988718391102e-08	0
Orygis_La3	T>C@A.A	T>C	A.A	12	0.0054446460980036296	0.0004311273981461522	1.956113421715754e-07	0
Orygis_La3	T>C@A.C	T>C	A.C	51	0.023139745916515426	0.0003941115103744059	1.788164747615272e-07	1
Orygis_La3	T>C@A.G	T>C	A.G	34	0.015426497277676952	0.0003765477218862826	1.7084742372335872e-07	1
Orygis_La3	T>C@A.T	T>C	A.T	14	0.006352087114337568	0.00032540734025986103	1.4764398378396598e-07	0
Orygis_La3	T>C@C.A	T>C	C.A	5	0.002268602540834846	0.00013696378677477674	6.214327893592411e-08	1
Orygis_La3	T>C@C.C	T>C	C.C	19	0.008620689655172414	0.00019017115403863476	8.628455264910833e-08	2
Orygis_La3	T>C@C.G	T>C	C.G	34	0.015426497277676952	0.00022683452421458545	1.0291947559645438e-07	2
Orygis_La3	T>C@C.T	T>C	C.T	11	0.004990925589836661	0.00016759350956044793	7.604061232325224e-08	1
Orygis_La3	T>C@G.A	T>C	G.A	25	0.011343012704174229	0.0004886439154059654	2.217077656106921e-07	1
Orygis_La3	T>C@G.C	T>C	G.C	98	0.04446460980036298	0.0005990146819721031	2.71785245903858e-07	2
Orygis_La3	T>C@G.G	T>C	G.G	66	0.029945553539019964	0.00042518102404205427	1.9291335029131319e-07	2
Orygis_La3	T>C@G.T	T>C	G.T	57	0.02586206896551724	0.0006227602482300498	2.8255909629312603e-07	1
Orygis_La3	T>C@T.A	T>C	T.A	4	0.0018148820326678765	0.00025039123630672927	1.1360763897764486e-07	0
Orygis_La3	T>C@T.C	T>C	T.C	22	0.009981851179673321	0.0002447081854888046	1.1102912227259737e-07	1
Orygis_La3	T>C@T.G	T>C	T.G	20	0.009074410163339383	0.0002120328650940896	9.620365929858875e-08	1
Orygis_La3	T>C@T.T	T>C	T.T	7	0.003176043557168784	0.0001763801748683448	8.00273025718443e-08	0
Orygis_La3	T>G@A.A	T>G	A.A	1	0.00045372050816696913	3.592728317884602e-05	1.6300945180964616e-08	0
Orygis_La3	T>G@A.C	T>G	A.C	14	0.006352087114337568	0.00010818747343611143	4.908687542473295e-08	1
Orygis_La3	T>G@A.G	T>G	A.G	5	0.002268602540834846	5.5374664983276854e-05	2.5124621135788047e-08	1
Orygis_La3	T>G@A.T	T>G	A.T	4	0.0018148820326678765	9.297352578853171e-05	4.218399536684742e-08	0
Orygis_La3	T>G@C.A	T>G	C.A	4	0.0018148820326678765	0.0001095710294198214	4.971462314873929e-08	1
Orygis_La3	T>G@C.C	T>G	C.C	27	0.012250453720508167	0.0002702432188970073	1.2261489060662765e-07	2
Orygis_La3	T>G@C.G	T>G	C.G	13	0.005898366606170599	8.673084749381209e-05	3.935156419864432e-08	2
Orygis_La3	T>G@C.T	T>G	C.T	20	0.009074410163339383	0.00030471547192808716	1.3825565876954952e-07	1
Orygis_La3	T>G@G.A	T>G	G.A	2	0.0009074410163339383	3.909151323247723e-05	1.773662124885537e-08	1
Orygis_La3	T>G@G.C	T>G	G.C	50	0.022686025408348458	0.00030561973570005256	1.3866594178768265e-07	2
Orygis_La3	T>G@G.G	T>G	G.G	12	0.0054446460980036296	7.730564073491896e-05	3.507515459842058e-08	2
Orygis_La3	T>G@G.T	T>G	G.T	17	0.007713248638838476	0.00018573551263001485	8.427201117514286e-08	1
Orygis_La3	T>G@T.A	T>G	T.A	1	0.00045372050816696913	6.259780907668232e-05	2.8401909744411216e-08	0
Orygis_La3	T>G@T.C	T>G	T.C	13	0.005898366606170599	0.00014460029142520273	6.560811770653481e-08	1
Orygis_La3	T>G@T.G	T>G	T.G	10	0.004537205081669692	0.0001060164325470448	4.8101829649294374e-08	1
Orygis_La3	T>G@T.T	T>G	T.T	4	0.0018148820326678765	0.00010078867135333989	4.572988718391102e-08	0
Microti	C>A@A.A	C>A	A.A	5	0.004468275245755138	6.464541987200206e-05	5.7770705873102825e-08	0
Microti	C>A@A.C	C>A	A.C	14	0.012511170688114389	7.888612787441328e-05	7.049698648294305e-08	1
Microti	C>A@A.G	C>A	A.G	11	0.009830205540661306	7.281971163394193e-05	6.507570297939403e-08	1
Microti	C>A@A.T	C>A	A.T	10	0.008936550491510277	0.00017971712524486458	1.6060511639398086e-07	0
Microti	C>A@C.A	C>A	C.A	5	0.004468275245755138	3.1235748689660346e-05	2.7913984530527565e-08	1
Microti	C>A@C.C	C>A	C.C	6	0.005361930294906166	4.10913872452334e-05	3.672152568832297e-08	2
Microti	C>A@C.G	C>A	C.G	20	0.017873100983020553	6.441991477245275e-05	5.756918210228128e-08	2
Microti	C>A@C.T	C>A	C.T	2	0.0017873100983020554	2.141969755387054e-05	1.9141820870304326e-08	1
Microti	C>A@G.A	C>A	G.A	10	0.008936550491510277	6.30083990195893e-05	5.6307773922778644e-08	1
Microti	C>A@G.C	C>A	G.C	14	0.012511170688114389	5.005720823798627e-05	4.473387688828085e-08	2
Microti	C>A@G.G	C>A	G.G	23	0.020554066130473638	7.685290687766688e-05	6.867998827316075e-08	2
Microti	C>A@G.T	C>A	G.T	9	0.00804289544235925	6.167974505705376e-05	5.512041560058424e-08	1
Microti	C>A@T.A	C>A	T.A	4	0.0035746201966041107	4.273641249185337e-05	3.819161080594582e-08	0
Microti	C>A@T.C	C>A	T.C	3	0.002680965147453083	2.8096990812284005e-05	2.5109017705347637e-08	1
Microti	C>A@T.G	C>A	T.G	16	0.014298480786416443	7.097011714504961e-05	6.34228035255135e-08	1
Microti	C>A@T.T	C>A	T.T	3	0.002680965147453083	5.263065560253329e-05	4.7033651119332696e-08	0
Microti	C>G@A.A	C>G	A.A	5	0.004468275245755138	6.464541987200206e-05	5.7770705873102825e-08	0
Microti	C>G@A.C	C>G	A.C	18	0.0160857908847185	0.00010142502155281708	9.063898262092679e-08	1
Microti	C>G@A.G	C>G	A.G	4	0.0035746201966041107	2.6479895139615248e-05	2.3663891992506923e-08	1
Microti	C>G@A.T	C>G	A.T	4	0.0035746201966041107	7.188685009794584e-05	6.424204655759235e-08	0
Microti	C>G@C.A	C>G	C.A	16	0.014298480786416443	9.99543958069131e-05	8.93247504976882e-08	1
Microti	C>G@C.C	C>G	C.C	8	0.0071492403932082215	5.478851632697787e-05	4.896203425109729e-08	2
Microti	C>G@C.G	C>G	C.G	21	0.01876675603217158	6.76409105110754e-05	6.044764120739535e-08	2
Microti	C>G@C.T	C>G	C.T	8	0.0071492403932082215	8.567879021548216e-05	7.65672834812173e-08	1
Microti	C>G@G.A	C>G	G.A	12	0.010723860589812333	7.561007882350717e-05	6.756932870733438e-08	1
Microti	C>G@G.C	C>G	G.C	31	0.02770330652368186	0.00011084096109839818	9.905358453833616e-08	2
Microti	C>G@G.G	C>G	G.G	10	0.008936550491510277	3.341430733811603e-05	2.986086446659163e-08	2
Microti	C>G@G.T	C>G	G.T	10	0.008936550491510277	6.853305006339308e-05	6.124490622287138e-08	1
Microti	C>G@T.A	C>G	T.A	14	0.012511170688114389	0.0001495774437214868	1.3367063782081036e-07	0
Microti	C>G@T.C	C>G	T.C	9	0.00804289544235925	8.429097243685201e-05	7.532705311604291e-08	1
Microti	C>G@T.G	C>G	T.G	9	0.00804289544235925	3.992069089409041e-05	3.567532698310135e-08	1
Microti	C>G@T.T	C>G	T.T	5	0.004468275245755138	8.771775933755548e-05	7.838941853222116e-08	0
Microti	C>T@A.A	C>T	A.A	16	0.014298480786416443	0.00020686534359040662	1.8486625879392906e-07	0
Microti	C>T@A.C	C>T	A.C	14	0.012511170688114389	7.888612787441328e-05	7.049698648294305e-08	1
Microti	C>T@A.G	C>T	A.G	25	0.022341376228775692	0.0001654993446225953	1.4789932495316827e-07	1
Microti	C>T@A.T	C>T	A.T	10	0.008936550491510277	0.00017971712524486458	1.6060511639398086e-07	0
Microti	C>T@C.A	C>T	C.A	29	0.025915996425379804	0.00018116734240003	1.6190111027705986e-07	1
Microti	C>T@C.C	C>T	C.C	17	0.01519213583556747	0.00011642559719482797	1.0404432278358174e-07	2
Microti	C>T@C.G	C>T	C.G	56	0.050044682752457555	0.00018037576136286772	1.611937098863876e-07	2
Microti	C>T@C.T	C>T	C.T	8	0.0071492403932082215	8.567879021548216e-05	7.65672834812173e-08	1
Microti	C>T@G.A	C>T	G.A	27	0.024128686327077747	0.00017012267735289115	1.5203098959150236e-07	1
Microti	C>T@G.C	C>T	G.C	44	0.03932082216264522	0.00015732265446224256	1.4059218450602553e-07	2
Microti	C>T@G.G	C>T	G.G	66	0.058981233243967826	0.00022053442843156582	1.9708170547950475e-07	2
Microti	C>T@G.T	C>T	G.T	21	0.01876675603217158	0.00014391940513312545	1.286143030680299e-07	1
Microti	C>T@T.A	C>T	T.A	18	0.0160857908847185	0.00019231385621334016	1.7186224862675619e-07	0
Microti	C>T@T.C	C>T	T.C	17	0.01519213583556747	0.00015921628126960936	1.422844336636366e-07	1
Microti	C>T@T.G	C>T	T.G	31	0.02770330652368186	0.00013750460196853363	1.2288168183068241e-07	1
Microti	C>T@T.T	C>T	T.T	2	0.0017873100983020554	3.508710373502219e-05	3.135576741288846e-08	0
Microti	T>A@A.A	T>A	A.A	1	0.0008936550491510277	3.592728317884602e-05	3.210659801505453e-08	0
Microti	T>A@A.C	T>A	A.C	6	0.005361930294906166	4.636606004404776e-05	4.1435263667603e-08	1
Microti	T>A@A.G	T>A	A.G	0	0.0	0.0	0.0	1
Microti	T>A@A.T	T>A	A.T	1	0.0008936550491510277	2.3243381447132928e-05	2.0771565189573662e-08	0
Microti	T>A@C.A	T>A	C.A	0	0.0	0.0	0.0	1
Microti	T>A@C.C	T>A	C.C	6	0.005361930294906166	6.00540486437794e-05	5.3667603792474884e-08	2
Microti	T>A@C.G	T>A	C.G	4	0.0035746201966041107	2.668641461348064e-05	2.3848449163074747e-08	2
Microti	T>A@C.T	T>A	C.T	3	0.002680965147453083	4.570732078921307e-05	4.0846578006446e-08	1
Microti	T>A@G.A	T>A	G.A	0	0.0	0.0	0.0	1
Microti	T>A@G.C	T>A	G.C	2	0.0017873100983020554	1.2224789428002103e-05	1.0924744797142184e-08	2
Microti	T>A@G.G	T>A	G.G	1	0.0008936550491510277	6.442136727909913e-06	5.757048014217974e-09	2
Microti	T>A@G.T	T>A	G.T	3	0.002680965147453083	3.277685517000262e-05	2.929120211796481e-08	1
Microti	T>A@T.A	T>A	T.A	0	0.0	0.0	0.0	0
Microti	T>A@T.C	T>A	T.C	1	0.0008936550491510277	1.112309934040021e-05	9.940213887757114e-09	1
Microti	T>A@T.G	T>A	T.G	5	0.004468275245755138	5.30082162735224e-05	4.737106011932297e-08	1
Microti	T>A@T.T	T>A	T.T	1	0.0008936550491510277	2.5197167838334972e-05	2.2517576263033933e-08	0
Microti	T>C@A.A	T>C	A.A	7	0.006255585344057194	0.0002514909822519221	2.2474618610538168e-07	0
Microti	T>C@A.C	T>C	A.C	26	0.02323503127792672	0.00020091959352420695	1.7955280922627968e-07	1
Microti	T>C@A.G	T>C	A.G	33	0.029490616621983913	0.0003654727888896272	3.26606603118523e-07	1
Microti	T>C@A.T	T>C	A.T	4	0.0035746201966041107	9.297352578853171e-05	8.308626075829465e-08	0
Microti	T>C@C.A	T>C	C.A	5	0.004468275245755138	0.00013696378677477674	1.22398379602124e-07	1
Microti	T>C@C.C	T>C	C.C	15	0.013404825737265416	0.0001501351216094485	1.3416900948118724e-07	2
Microti	T>C@C.G	T>C	C.G	30	0.02680965147453083	0.0002001481096011048	1.788633687230606e-07	2
Microti	T>C@C.T	T>C	C.T	6	0.005361930294906166	9.141464157842614e-05	8.1693156012892e-08	1
Microti	T>C@G.A	T>C	G.A	7	0.006255585344057194	0.0001368202963136703	1.2227014862705121e-07	1
Microti	T>C@G.C	T>C	G.C	37	0.03306523681858802	0.0002261586044180389	2.021077787471304e-07	2
Microti	T>C@G.G	T>C	G.G	31	0.02770330652368186	0.00019970623856520732	1.784684884407572e-07	2
Microti	T>C@G.T	T>C	G.T	10	0.008936550491510277	0.00010925618390000875	9.763734039321603e-08	1
Microti	T>C@T.A	T>C	T.A	4	0.0035746201966041107	0.00025039123630672927	2.2376339258867674e-07	0
Microti	T>C@T.C	T>C	T.C	9	0.00804289544235925	0.00010010789406360188	8.946192498981401e-08	1
Microti	T>C@T.G	T>C	T.G	14	0.012511170688114389	0.0001484230055658627	1.3263896833410428e-07	1
Microti	T>C@T.T	T>C	T.T	4	0.0035746201966041107	0.00010078867135333989	9.007030505213573e-08	0
Microti	T>G@A.A	T>G	A.A	1	0.0008936550491510277	3.592728317884602e-05	3.210659801505453e-08	0
Microti	T>G@A.C	T>G	A.C	7	0.006255585344057194	5.409373671805571e-05	4.834114094553683e-08	1
Microti	T>G@A.G	T>G	A.G	3	0.002680965147453083	3.3224798989966113e-05	2.9691509374411182e-08	1
Microti	T>G@A.T	T>G	A.T	3	0.002680965147453083	6.973014434139879e-05	6.2314695568721e-08	0
Microti	T>G@C.A	T>G	C.A	6	0.005361930294906166	0.0001643565441297321	1.468780555225488e-07	1
Microti	T>G@C.C	T>G	C.C	12	0.010723860589812333	0.0001201080972875588	1.0733520758494977e-07	2
Microti	T>G@C.G	T>G	C.G	9	0.00804289544235925	6.0044432880331444e-05	5.365901061691818e-08	2
Microti	T>G@C.T	T>G	C.T	11	0.009830205540661306	0.00016759350956044793	1.4977078602363533e-07	1
Microti	T>G@G.A	T>G	G.A	1	0.0008936550491510277	1.9545756616238615e-05	1.7467164089578746e-08	1
Microti	T>G@G.C	T>G	G.C	14	0.012511170688114389	8.557352599601472e-05	7.647321357999528e-08	2
Microti	T>G@G.G	T>G	G.G	2	0.0017873100983020554	1.2884273455819826e-05	1.1514096028435949e-08	2
Microti	T>G@G.T	T>G	G.T	11	0.009830205540661306	0.00012018180229000962	1.0740107443253764e-07	1
Microti	T>G@T.A	T>G	T.A	1	0.0008936550491510277	6.259780907668232e-05	5.5940848147169184e-08	0
Microti	T>G@T.C	T>G	T.C	11	0.009830205540661306	0.0001223540927444023	1.0934235276532824e-07	1
Microti	T>G@T.G	T>G	T.G	5	0.004468275245755138	5.30082162735224e-05	4.737106011932297e-08	1
Microti	T>G@T.T	T>G	T.T	6	0.005361930294906166	0.00015118300703000984	1.3510545757820362e-07	0
Pinnipedii	C>A@A.A	C>A	A.A	1	0.0078125	1.2929083974400414e-05	1.0100846855000323e-07	0
Pinnipedii	C>A@A.C	C>A	A.C	1	0.0078125	5.634723419600949e-06	4.402127671563241e-08	1
Pinnipedii	C>A@A.G	C>A	A.G	0	0.0	0.0	0.0	1
Pinnipedii	C>A@A.T	C>A	A.T	0	0.0	0.0	0.0	0
Pinnipedii	C>A@C.A	C>A	C.A	1	0.0078125	6.2471497379320685e-06	4.8805857327594285e-08	1
Pinnipedii	C>A@C.C	C>A	C.C	0	0.0	0.0	0.0	2
Pinnipedii	C>A@C.G	C>A	C.G	0	0.0	0.0	0.0	2
Pinnipedii	C>A@C.T	C>A	C.T	1	0.0078125	1.070984877693527e-05	8.36706935698068e-08	1
Pinnipedii	C>A@G.A	C>A	G.A	1	0.0078125	6.300839901958931e-06	4.9225311734054147e-08	1
Pinnipedii	C>A@G.C	C>A	G.C	0	0.0	0.0	0.0	2
Pinnipedii	C>A@G.G	C>A	G.G	3	0.0234375	1.002429220143481e-05	7.831478282370946e-08	2
Pinnipedii	C>A@G.T	C>A	G.T	2	0.015625	1.3706610012678614e-05	1.0708289072405167e-07	1
Pinnipedii	C>A@T.A	C>A	T.A	1	0.0078125	1.0684103122963342e-05	8.346955564815111e-08	0
Pinnipedii	C>A@T.C	C>A	T.C	0	0.0	0.0	0.0	1
Pinnipedii	C>A@T.G	C>A	T.G	1	0.0078125	4.4356323215656005e-06	3.4653377512231254e-08	1
Pinnipedii	C>A@T.T	C>A	T.T	0	0.0	0.0	0.0	0
Pinnipedii	C>G@A.A	C>G	A.A	0	0.0	0.0	0.0	0
Pinnipedii	C>G@A.C	C>G	A.C	0	0.0	0.0	0.0	1
Pinnipedii	C>G@A.G	C>G	A.G	1	0.0078125	6.619973784903812e-06	5.171854519456103e-08	1
Pinnipedii	C>G@A.T	C>G	A.T	0	0.0	0.0	0.0	0
Pinnipedii	C>G@C.A	C>G	C.A	1	0.0078125	6.2471497379320685e-06	4.8805857327594285e-08	1
Pinnipedii	C>G@C.C	C>G	C.C	1	0.0078125	6.8485645408722335e-06	5.3504410475564324e-08	2
Pinnipedii	C>G@C.G	C>G	C.G	0	0.0	0.0	0.0	2
Pinnipedii	C>G@C.T	C>G	C.T	3	0.0234375	3.212954633080581e-05	2.5101208070942037e-07	1
Pinnipedii	C>G@G.A	C>G	G.A	1	0.0078125	6.300839901958931e-06	4.9225311734054147e-08	1
Pinnipedii	C>G@G.C	C>G	G.C	2	0.015625	7.151029748283753e-06	5.586741990846682e-08	2
Pinnipedii	C>G@G.G	C>G	G.G	3	0.0234375	1.002429220143481e-05	7.831478282370946e-08	2
Pinnipedii	C>G@G.T	C>G	G.T	0	0.0	0.0	0.0	1
Pinnipedii	C>G@T.A	C>G	T.A	1	0.0078125	1.0684103122963342e-05	8.346955564815111e-08	0
Pinnipedii	C>G@T.C	C>G	T.C	1	0.0078125	9.365663604094668e-06	7.31692469069896e-08	1
Pinnipedii	C>G@T.G	C>G	T.G	1	0.0078125	4.4356323215656005e-06	3.4653377512231254e-08	1
Pinnipedii	C>G@T.T	C>G	T.T	0	0.0	0.0	0.0	0
Pinnipedii	C>T@A.A	C>T	A.A	0	0.0	0.0	0.0	0
Pinnipedii	C>T@A.C	C>T	A.C	5	0.0390625	2.8173617098004745e-05	2.2010638357816207e-07	1
Pinnipedii	C>T@A.G	C>T	A.G	5	0.0390625	3.309986892451906e-05	2.5859272597280514e-07	1
Pinnipedii	C>T@A.T	C>T	A.T	2	0.015625	3.594342504897292e-05	2.808080081951009e-07	0
Pinnipedii	C>T@C.A	C>T	C.A	4	0.03125	2.4988598951728274e-05	1.9522342931037714e-07	1
Pinnipedii	C>T@C.C	C>T	C.C	7	0.0546875	4.7939951786105635e-05	3.7453087332895027e-07	2
Pinnipedii	C>T@C.G	C>T	C.G	6	0.046875	1.9325974431735827e-05	1.5098417524793615e-07	2
Pinnipedii	C>T@C.T	C>T	C.T	3	0.0234375	3.212954633080581e-05	2.5101208070942037e-07	1
Pinnipedii	C>T@G.A	C>T	G.A	4	0.03125	2.5203359607835723e-05	1.9690124693621659e-07	1
Pinnipedii	C>T@G.C	C>T	G.C	4	0.03125	1.4302059496567506e-05	1.1173483981693364e-07	2
Pinnipedii	C>T@G.G	C>T	G.G	13	0.1015625	4.3438599539550845e-05	3.3936405890274097e-07	2
Pinnipedii	C>T@G.T	C>T	G.T	3	0.0234375	2.0559915019017923e-05	1.6062433608607752e-07	1
Pinnipedii	C>T@T.A	C>T	T.A	3	0.0234375	3.205230936889003e-05	2.5040866694445334e-07	0
Pinnipedii	C>T@T.C	C>T	T.C	4	0.03125	3.746265441637867e-05	2.926769876279584e-07	1
Pinnipedii	C>T@T.G	C>T	T.G	7	0.0546875	3.1049426250959205e-05	2.425736425856188e-07	1
Pinnipedii	C>T@T.T	C>T	T.T	2	0.015625	3.508710373502219e-05	2.7411799792986087e-07	0
Pinnipedii	T>A@A.A	T>A	A.A	0	0.0	0.0	0.0	0
Pinnipedii	T>A@A.C	T>A	A.C	0	0.0	0.0	0.0	1
Pinnipedii	T>A@A.G	T>A	A.G	0	0.0	0.0	0.0	1
Pinnipedii	T>A@A.T	T>A	A.T	0	0.0	0.0	0.0	0
Pinnipedii	T>A@C.A	T>A	C.A	0	0.0	0.0	0.0	1
Pinnipedii	T>A@C.C	T>A	C.C	0	0.0	0.0	0.0	2
Pinnipedii	T>A@C.G	T>A	C.G	0	0.0	0.0	0.0	2
Pinnipedii	T>A@C.T	T>A	C.T	1	0.0078125	1.5235773596404357e-05	1.1902948122190904e-07	1
Pinnipedii	T>A@G.A	T>A	G.A	0	0.0	0.0	0.0	1
Pinnipedii	T>A@G.C	T>A	G.C	0	0.0	0.0	0.0	2
Pinnipedii	T>A@G.G	T>A	G.G	0	0.0	0.0	0.0	2
Pinnipedii	T>A@G.T	T>A	G.T	0	0.0	0.0	0.0	1
Pinnipedii	T>A@T.A	T>A	T.A	0	0.0	0.0	0.0	0
Pinnipedii	T>A@T.C	T>A	T.C	0	0.0	0.0	0.0	1
Pinnipedii	T>A@T.G	T>A	T.G	0	0.0	0.0	0.0	1
Pinnipedii	T>A@T.T	T>A	T.T	0	0.0	0.0	0.0	0
Pinnipedii	T>C@A.A	T>C	A.A	1	0.0078125	3.592728317884602e-05	2.806818998347345e-07	0
Pinnipedii	T>C@A.C	T>C	A.C	3	0.0234375	2.318303002202388e-05	1.8111742204706156e-07	1
Pinnipedii	T>C@A.G	T>C	A.G	1	0.0078125	1.107493299665537e-05	8.652291403637008e-08	1
Pinnipedii	T>C@A.T	T>C	A.T	0	0.0	0.0	0.0	0
Pinnipedii	T>C@C.A	T>C	C.A	0	0.0	0.0	0.0	1
Pinnipedii	T>C@C.C	T>C	C.C	1	0.0078125	1.0009008107296568e-05	7.819537583825443e-08	2
Pinnipedii	T>C@C.G	T>C	C.G	1	0.0078125	6.67160365337016e-06	5.212190354195438e-08	2
Pinnipedii	T>C@C.T	T>C	C.T	0	0.0	0.0	0.0	1
Pinnipedii	T>C@G.A	T>C	G.A	5	0.0390625	9.772878308119307e-05	7.635061178218208e-07	1
Pinnipedii	T>C@G.C	T>C	G.C	2	0.015625	1.2224789428002103e-05	9.550616740626643e-08	2
Pinnipedii	T>C@G.G	T>C	G.G	5	0.0390625	3.2210683639549564e-05	2.5164596593398097e-07	2
Pinnipedii	T>C@G.T	T>C	G.T	0	0.0	0.0	0.0	1
Pinnipedii	T>C@T.A	T>C	T.A	0	0.0	0.0	0.0	0
Pinnipedii	T>C@T.C	T>C	T.C	2	0.015625	2.224619868080042e-05	1.7379842719375327e-07	1
Pinnipedii	T>C@T.G	T>C	T.G	0	0.0	0.0	0.0	1
Pinnipedii	T>C@T.T	T>C	T.T	0	0.0	0.0	0.0	0
Pinnipedii	T>G@A.A	T>G	A.A	0	0.0	0.0	0.0	0
Pinnipedii	T>G@A.C	T>G	A.C	1	0.0078125	7.72767667400796e-06	6.037247401568719e-08	1
Pinnipedii	T>G@A.G	T>G	A.G	0	0.0	0.0	0.0	1
Pinnipedii	T>G@A.T	T>G	A.T	0	0.0	0.0	0.0	0
Pinnipedii	T>G@C.A	T>G	C.A	0	0.0	0.0	0.0	1
Pinnipedii	T>G@C.C	T>G	C.C	2	0.015625	2.0018016214593135e-05	1.5639075167650887e-07	2
Pinnipedii	T>G@C.G	T>G	C.G	0	0.0	0.0	0.0	2
Pinnipedii	T>G@C.T	T>G	C.T	0	0.0	0.0	0.0	1
Pinnipedii	T>G@G.A	T>G	G.A	1	0.0078125	1.9545756616238615e-05	1.5270122356436418e-07	1
Pinnipedii	T>G@G.C	T>G	G.C	2	0.015625	1.2224789428002103e-05	9.550616740626643e-08	2
Pinnipedii	T>G@G.G	T>G	G.G	1	0.0078125	6.442136727909913e-06	5.0329193186796195e-08	2
Pinnipedii	T>G@G.T	T>G	G.T	0	0.0	0.0	0.0	1
Pinnipedii	T>G@T.A	T>G	T.A	0	0.0	0.0	0.0	0
Pinnipedii	T>G@T.C	T>G	T.C	0	0.0	0.0	0.0	1
Pinnipedii	T>G@T.G	T>G	T.G	0	0.0	0.0	0.0	1
Pinnipedii	T>G@T.T	T>G	T.T	0	0.0	0.0	0.0	0
La4	C>A@A.A	C>A	A.A	3	0.004934210526315789	3.878725192320124e-05	6.379482224210731e-08	0
La4	C>A@A.C	C>A	A.C	5	0.008223684210526315	2.8173617098004745e-05	4.633818601645517e-08	1
La4	C>A@A.G	C>A	A.G	5	0.008223684210526315	3.309986892451906e-05	5.4440573889011606e-08	1
La4	C>A@A.T	C>A	A.T	1	0.001644736842105263	1.797171252448646e-05	2.9558737704747465e-08	0
La4	C>A@C.A	C>A	C.A	0	0.0	0.0	0.0	1
La4	C>A@C.C	C>A	C.C	4	0.006578947368421052	2.7394258163488934e-05	4.505634566363311e-08	2
La4	C>A@C.G	C>A	C.G	5	0.008223684210526315	1.610497869311319e-05	2.6488451797883533e-08	2
La4	C>A@C.T	C>A	C.T	2	0.003289473684210526	2.141969755387054e-05	3.5229765713602864e-08	1
La4	C>A@G.A	C>A	G.A	2	0.003289473684210526	1.2601679803917862e-05	2.0726447045917537e-08	1
La4	C>A@G.C	C>A	G.C	2	0.003289473684210526	7.151029748283753e-06	1.1761562085993016e-08	2
La4	C>A@G.G	C>A	G.G	12	0.019736842105263157	4.009716880573924e-05	6.594929079891323e-08	2
La4	C>A@G.T	C>A	G.T	3	0.004934210526315789	2.0559915019017923e-05	3.381564970233211e-08	1
La4	C>A@T.A	C>A	T.A	2	0.003289473684210526	2.1368206245926685e-05	3.5145076062379416e-08	0
La4	C>A@T.C	C>A	T.C	0	0.0	0.0	0.0	1
La4	C>A@T.G	C>A	T.G	3	0.004934210526315789	1.3306896964696802e-05	2.188634369193553e-08	1
La4	C>A@T.T	C>A	T.T	0	0.0	0.0	0.0	0
La4	C>G@A.A	C>G	A.A	0	0.0	0.0	0.0	0
La4	C>G@A.C	C>G	A.C	4	0.006578947368421052	2.2538893678403795e-05	3.707054881316413e-08	1
La4	C>G@A.G	C>G	A.G	2	0.003289473684210526	1.3239947569807624e-05	2.1776229555604644e-08	1
La4	C>G@A.T	C>G	A.T	3	0.004934210526315789	5.3915137573459374e-05	8.867621311424239e-08	0
La4	C>G@C.A	C>G	C.A	4	0.006578947368421052	2.4988598951728274e-05	4.109966932850045e-08	1
La4	C>G@C.C	C>G	C.C	7	0.011513157894736841	4.7939951786105635e-05	7.884860491135795e-08	2
La4	C>G@C.G	C>G	C.G	6	0.009868421052631578	1.9325974431735827e-05	3.1786142157460245e-08	2
La4	C>G@C.T	C>G	C.T	1	0.001644736842105263	1.070984877693527e-05	1.7614882856801432e-08	1
La4	C>G@G.A	C>G	G.A	6	0.009868421052631578	3.7805039411753586e-05	6.217934113775261e-08	1
La4	C>G@G.C	C>G	G.C	7	0.011513157894736841	2.5028604118993134e-05	4.116546730097555e-08	2
La4	C>G@G.G	C>G	G.G	8	0.013157894736842105	2.673144587049283e-05	4.3966193865942154e-08	2
La4	C>G@G.T	C>G	G.T	3	0.004934210526315789	2.0559915019017923e-05	3.381564970233211e-08	1
La4	C>G@T.A	C>G	T.A	2	0.003289473684210526	2.1368206245926685e-05	3.5145076062379416e-08	0
La4	C>G@T.C	C>G	T.C	3	0.004934210526315789	2.8096990812284005e-05	4.6212155941256585e-08	1
La4	C>G@T.G	C>G	T.G	6	0.009868421052631578	2.6613793929393603e-05	4.377268738387106e-08	1
La4	C>G@T.T	C>G	T.T	1	0.001644736842105263	1.7543551867511095e-05	2.885452609788009e-08	0
La4	C>T@A.A	C>T	A.A	12	0.019736842105263157	0.00015514900769280496	2.5517928896842923e-07	0
La4	C>T@A.C	C>T	A.C	8	0.013157894736842105	4.507778735680759e-05	7.414109762632827e-08	1
La4	C>T@A.G	C>T	A.G	18	0.029605263157894735	0.00011915952812826862	1.959860660004418e-07	1
La4	C>T@A.T	C>T	A.T	4	0.006578947368421052	7.188685009794584e-05	1.1823495081898986e-07	0
La4	C>T@C.A	C>T	C.A	27	0.044407894736842105	0.00016867304292416584	2.7742276796737805e-07	1
La4	C>T@C.C	C>T	C.C	18	0.029605263157894735	0.0001232741617357002	2.0275355548634902e-07	2
La4	C>T@C.G	C>T	C.G	39	0.06414473684210527	0.00012561883380628286	2.0660992402349154e-07	2
La4	C>T@C.T	C>T	C.T	8	0.013157894736842105	8.567879021548216e-05	1.4091906285441146e-07	1
La4	C>T@G.A	C>T	G.A	17	0.027960526315789474	0.00010711427833330183	1.7617479989029906e-07	1
La4	C>T@G.C	C>T	G.C	26	0.04276315789473684	9.296338672768878e-05	1.5290030711790918e-07	2
La4	C>T@G.G	C>T	G.G	34	0.05592105263157895	0.00011360864494959452	1.8685632393025414e-07	2
La4	C>T@G.T	C>T	G.T	13	0.02138157894736842	8.909296508241099e-05	1.4653448204343914e-07	1
La4	C>T@T.A	C>T	T.A	12	0.019736842105263157	0.0001282092374755601	2.1087045637427648e-07	0
La4	C>T@T.C	C>T	T.C	9	0.014802631578947368	8.429097243685201e-05	1.3863646782376977e-07	1
La4	C>T@T.G	C>T	T.G	22	0.03618421052631579	9.758391107444321e-05	1.6049985374086055e-07	1
La4	C>T@T.T	C>T	T.T	5	0.008223684210526315	8.771775933755548e-05	1.4427263048940046e-07	0
La4	T>A@A.A	T>A	A.A	0	0.0	0.0	0.0	0
La4	T>A@A.C	T>A	A.C	3	0.004934210526315789	2.318303002202388e-05	3.8129983588855064e-08	1
La4	T>A@A.G	T>A	A.G	1	0.001644736842105263	1.107493299665537e-05	1.821535032344633e-08	1
La4	T>A@A.T	T>A	A.T	0	0.0	0.0	0.0	0
La4	T>A@C.A	T>A	C.A	1	0.001644736842105263	2.739275735495535e-05	4.505387722854498e-08	1
La4	T>A@C.C	T>A	C.C	2	0.003289473684210526	2.0018016214593135e-05	3.292436877400187e-08	2
La4	T>A@C.G	T>A	C.G	0	0.0	0.0	0.0	2
La4	T>A@C.T	T>A	C.T	2	0.003289473684210526	3.0471547192808714e-05	5.01176763039617e-08	1
La4	T>A@G.A	T>A	G.A	1	0.001644736842105263	1.9545756616238615e-05	3.2147626013550354e-08	1
La4	T>A@G.C	T>A	G.C	0	0.0	0.0	0.0	2
La4	T>A@G.G	T>A	G.G	0	0.0	0.0	0.0	2
La4	T>A@G.T	T>A	G.T	0	0.0	0.0	0.0	1
La4	T>A@T.A	T>A	T.A	0	0.0	0.0	0.0	0
La4	T>A@T.C	T>A	T.C	2	0.003289473684210526	2.224619868080042e-05	3.658914256710595e-08	1
La4	T>A@T.G	T>A	T.G	1	0.001644736842105263	1.0601643254704479e-05	1.7436913247869208e-08	1
La4	T>A@T.T	T>A	T.T	0	0.0	0.0	0.0	0
La4	T>C@A.A	T>C	A.A	7	0.011513157894736841	0.0002514909822519221	4.1363648396697714e-07	0
La4	T>C@A.C	T>C	A.C	16	0.02631578947368421	0.00012364282678412736	2.033599124738937e-07	1
La4	T>C@A.G	T>C	A.G	12	0.019736842105263157	0.00013289919595986445	2.18584203881356e-07	1
La4	T>C@A.T	T>C	A.T	4	0.006578947368421052	9.297352578853171e-05	1.529169832048219e-07	0
La4	T>C@C.A	T>C	C.A	3	0.004934210526315789	8.217827206486605e-05	1.3516163168563496e-07	1
La4	T>C@C.C	T>C	C.C	7	0.011513157894736841	7.006305675107596e-05	1.1523529070900651e-07	2
La4	T>C@C.G	T>C	C.G	6	0.009868421052631578	4.002962192022096e-05	6.583819394773185e-08	2
La4	T>C@C.T	T>C	C.T	3	0.004934210526315789	4.570732078921307e-05	7.517651445594256e-08	1
La4	T>C@G.A	T>C	G.A	5	0.008223684210526315	9.772878308119307e-05	1.6073813006775174e-07	1
La4	T>C@G.C	T>C	G.C	43	0.07072368421052631	0.0002628329727020452	4.322910735231007e-07	2
La4	T>C@G.G	T>C	G.G	22	0.03618421052631579	0.0001417270080140181	2.3310363160200345e-07	2
La4	T>C@G.T	T>C	G.T	18	0.029605263157894735	0.00019666113102001574	3.234558075987101e-07	1
La4	T>C@T.A	T>C	T.A	0	0.0	0.0	0.0	0
La4	T>C@T.C	T>C	T.C	10	0.01644736842105263	0.00011123099340400209	1.8294571283552975e-07	1
La4	T>C@T.G	T>C	T.G	7	0.011513157894736841	7.421150278293135e-05	1.2205839273508445e-07	1
La4	T>C@T.T	T>C	T.T	1	0.001644736842105263	2.5197167838334972e-05	4.144271026041936e-08	0
La4	T>G@A.A	T>G	A.A	0	0.0	0.0	0.0	0
La4	T>G@A.C	T>G	A.C	4	0.006578947368421052	3.091070669603184e-05	5.083997811847342e-08	1
La4	T>G@A.G	T>G	A.G	2	0.003289473684210526	2.214986599331074e-05	3.643070064689266e-08	1
La4	T>G@A.T	T>G	A.T	0	0.0	0.0	0.0	0
La4	T>G@C.A	T>G	C.A	0	0.0	0.0	0.0	1
La4	T>G@C.C	T>G	C.C	8	0.013157894736842105	8.007206485837254e-05	1.3169747509600747e-07	2
La4	T>G@C.G	T>G	C.G	2	0.003289473684210526	1.334320730674032e-05	2.194606464924395e-08	2
La4	T>G@C.T	T>G	C.T	2	0.003289473684210526	3.0471547192808714e-05	5.01176763039617e-08	1
La4	T>G@G.A	T>G	G.A	0	0.0	0.0	0.0	1
La4	T>G@G.C	T>G	G.C	11	0.018092105263157895	6.723634185401156e-05	1.1058608857567691e-07	2
La4	T>G@G.G	T>G	G.G	6	0.009868421052631578	3.865282036745948e-05	6.35737177096373e-08	2
La4	T>G@G.T	T>G	G.T	4	0.006578947368421052	4.37024735600035e-05	7.187906835526891e-08	1
La4	T>G@T.A	T>G	T.A	0	0.0	0.0	0.0	0
La4	T>G@T.C	T>G	T.C	4	0.006578947368421052	4.449239736160084e-05	7.31782851342119e-08	1
La4	T>G@T.G	T>G	T.G	3	0.004934210526315789	3.180492976411344e-05	5.2310739743607634e-08	1
La4	T>G@T.T	T>G	T.T	1	0.001644736842105263	2.5197167838334972e-05	4.144271026041936e-08	0
Dassie	C>A@A.A	C>A	A.A	0	0.0	0.0	0.0	0
Dassie	C>A@A.C	C>A	A.C	5	0.03225806451612903	2.8173617098004745e-05	1.817652716000306e-07	1
Dassie	C>A@A.G	C>A	A.G	7	0.04516129032258064	4.633981649432668e-05	2.9896655802791407e-07	1
Dassie	C>A@A.T	C>A	A.T	3	0.01935483870967742	5.3915137573459374e-05	3.47839597248125e-07	0
Dassie	C>A@C.A	C>A	C.A	0	0.0	0.0	0.0	1
Dassie	C>A@C.C	C>A	C.C	2	0.012903225806451613	1.3697129081744467e-05	8.836857472093205e-08	2
Dassie	C>A@C.G	C>A	C.G	3	0.01935483870967742	9.662987215867914e-06	6.234185300559944e-08	2
Dassie	C>A@C.T	C>A	C.T	0	0.0	0.0	0.0	1
Dassie	C>A@G.A	C>A	G.A	6	0.03870967741935484	3.7805039411753586e-05	2.439034800758296e-07	1
Dassie	C>A@G.C	C>A	G.C	2	0.012903225806451613	7.151029748283753e-06	4.6135675795379054e-08	2
Dassie	C>A@G.G	C>A	G.G	4	0.025806451612903226	1.3365722935246414e-05	8.623047054997686e-08	2
Dassie	C>A@G.T	C>A	G.T	2	0.012903225806451613	1.3706610012678614e-05	8.842974201728137e-08	1
Dassie	C>A@T.A	C>A	T.A	1	0.0064516129032258064	1.0684103122963342e-05	6.892969756750544e-08	0
Dassie	C>A@T.C	C>A	T.C	2	0.012903225806451613	1.8731327208189337e-05	1.2084727231089895e-07	1
Dassie	C>A@T.G	C>A	T.G	0	0.0	0.0	0.0	1
Dassie	C>A@T.T	C>A	T.T	0	0.0	0.0	0.0	0
Dassie	C>G@A.A	C>G	A.A	2	0.012903225806451613	2.5858167948800828e-05	1.668268899922634e-07	0
Dassie	C>G@A.C	C>G	A.C	0	0.0	0.0	0.0	1
Dassie	C>G@A.G	C>G	A.G	0	0.0	0.0	0.0	1
Dassie	C>G@A.T	C>G	A.T	0	0.0	0.0	0.0	0
Dassie	C>G@C.A	C>G	C.A	8	0.05161290322580645	4.997719790345655e-05	3.2243353486100996e-07	1
Dassie	C>G@C.C	C>G	C.C	1	0.0064516129032258064	6.8485645408722335e-06	4.4184287360466024e-08	2
Dassie	C>G@C.G	C>G	C.G	4	0.025806451612903226	1.2883982954490552e-05	8.312247067413259e-08	2
Dassie	C>G@C.T	C>G	C.T	3	0.01935483870967742	3.212954633080581e-05	2.072873956826181e-07	1
Dassie	C>G@G.A	C>G	G.A	0	0.0	0.0	0.0	1
Dassie	C>G@G.C	C>G	G.C	3	0.01935483870967742	1.0726544622425629e-05	6.920351369306857e-08	2
Dassie	C>G@G.G	C>G	G.G	1	0.0064516129032258064	3.3414307338116036e-06	2.1557617637494215e-08	2
Dassie	C>G@G.T	C>G	G.T	3	0.01935483870967742	2.0559915019017923e-05	1.3264461302592207e-07	1
Dassie	C>G@T.A	C>G	T.A	3	0.01935483870967742	3.205230936889003e-05	2.0678909270251632e-07	0
Dassie	C>G@T.C	C>G	T.C	1	0.0064516129032258064	9.365663604094668e-06	6.042363615544947e-08	1
Dassie	C>G@T.G	C>G	T.G	2	0.012903225806451613	8.871264643131201e-06	5.7233965439556135e-08	1
Dassie	C>G@T.T	C>G	T.T	0	0.0	0.0	0.0	0
Dassie	C>T@A.A	C>T	A.A	1	0.0064516129032258064	1.2929083974400414e-05	8.34134449961317e-08	0
Dassie	C>T@A.C	C>T	A.C	3	0.01935483870967742	1.6904170258802848e-05	1.0905916296001837e-07	1
Dassie	C>T@A.G	C>T	A.G	5	0.03225806451612903	3.309986892451906e-05	2.1354754144851004e-07	1
Dassie	C>T@A.T	C>T	A.T	0	0.0	0.0	0.0	0
Dassie	C>T@C.A	C>T	C.A	0	0.0	0.0	0.0	1
Dassie	C>T@C.C	C>T	C.C	2	0.012903225806451613	1.3697129081744467e-05	8.836857472093205e-08	2
Dassie	C>T@C.G	C>T	C.G	5	0.03225806451612903	1.610497869311319e-05	1.0390308834266574e-07	2
Dassie	C>T@C.T	C>T	C.T	3	0.01935483870967742	3.212954633080581e-05	2.072873956826181e-07	1
Dassie	C>T@G.A	C>T	G.A	9	0.05806451612903226	5.670755911763038e-05	3.658552201137444e-07	1
Dassie	C>T@G.C	C>T	G.C	3	0.01935483870967742	1.0726544622425629e-05	6.920351369306857e-08	2
Dassie	C>T@G.G	C>T	G.G	9	0.05806451612903226	3.007287660430443e-05	1.9401855873744795e-07	2
Dassie	C>T@G.T	C>T	G.T	3	0.01935483870967742	2.0559915019017923e-05	1.3264461302592207e-07	1
Dassie	C>T@T.A	C>T	T.A	1	0.0064516129032258064	1.0684103122963342e-05	6.892969756750544e-08	0
Dassie	C>T@T.C	C>T	T.C	4	0.025806451612903226	3.746265441637867e-05	2.416945446217979e-07	1
Dassie	C>T@T.G	C>T	T.G	6	0.03870967741935484	2.6613793929393603e-05	1.717018963186684e-07	1
Dassie	C>T@T.T	C>T	T.T	1	0.0064516129032258064	1.7543551867511095e-05	1.1318420559684578e-07	0
Dassie	T>A@A.A	T>A	A.A	0	0.0	0.0	0.0	0
Dassie	T>A@A.C	T>A	A.C	0	0.0	0.0	0.0	1
Dassie	T>A@A.G	T>A	A.G	1	0.0064516129032258064	1.107493299665537e-05	7.145118062358304e-08	1
Dassie	T>A@A.T	T>A	A.T	0	0.0	0.0	0.0	0
Dassie	T>A@C.A	T>A	C.A	0	0.0	0.0	0.0	1
Dassie	T>A@C.C	T>A	C.C	1	0.0064516129032258064	1.0009008107296568e-05	6.457424585352624e-08	2
Dassie	T>A@C.G	T>A	C.G	0	0.0	0.0	0.0	2
Dassie	T>A@C.T	T>A	C.T	1	0.0064516129032258064	1.5235773596404357e-05	9.82953135251894e-08	1
Dassie	T>A@G.A	T>A	G.A	0	0.0	0.0	0.0	1
Dassie	T>A@G.C	T>A	G.C	0	0.0	0.0	0.0	2
Dassie	T>A@G.G	T>A	G.G	0	0.0	0.0	0.0	2
Dassie	T>A@G.T	T>A	G.T	0	0.0	0.0	0.0	1
Dassie	T>A@T.A	T>A	T.A	0	0.0	0.0	0.0	0
Dassie	T>A@T.C	T>A	T.C	0	0.0	0.0	0.0	1
Dassie	T>A@T.G	T>A	T.G	0	0.0	0.0	0.0	1
Dassie	T>A@T.T	T>A	T.T	1	0.0064516129032258064	2.5197167838334972e-05	1.625623731505482e-07	0
Dassie	T>C@A.A	T>C	A.A	0	0.0	0.0	0.0	0
Dassie	T>C@A.C	T>C	A.C	4	0.025806451612903226	3.091070669603184e-05	1.9942391416794734e-07	1
Dassie	T>C@A.G	T>C	A.G	3	0.01935483870967742	3.3224798989966113e-05	2.1435354187074912e-07	1
Dassie	T>C@A.T	T>C	A.T	1	0.0064516129032258064	2.3243381447132928e-05	1.4995729965892212e-07	0
Dassie	T>C@C.A	T>C	C.A	0	0.0	0.0	0.0	1
Dassie	T>C@C.C	T>C	C.C	1	0.0064516129032258064	1.0009008107296568e-05	6.457424585352624e-08	2
Dassie	T>C@C.G	T>C	C.G	4	0.025806451612903226	2.668641461348064e-05	1.7217041686116544e-07	2
Dassie	T>C@C.T	T>C	C.T	1	0.0064516129032258064	1.5235773596404357e-05	9.82953135251894e-08	1
Dassie	T>C@G.A	T>C	G.A	2	0.012903225806451613	3.909151323247723e-05	2.5220331117727244e-07	1
Dassie	T>C@G.C	T>C	G.C	1	0.0064516129032258064	6.112394714001051e-06	3.94348046064584e-08	2
Dassie	T>C@G.G	T>C	G.G	2	0.012903225806451613	1.2884273455819826e-05	8.312434487625693e-08	2
Dassie	T>C@G.T	T>C	G.T	1	0.0064516129032258064	1.0925618390000874e-05	7.04878605806508e-08	1
Dassie	T>C@T.A	T>C	T.A	0	0.0	0.0	0.0	0
Dassie	T>C@T.C	T>C	T.C	0	0.0	0.0	0.0	1
Dassie	T>C@T.G	T>C	T.G	1	0.0064516129032258064	1.0601643254704479e-05	6.839769841744825e-08	1
Dassie	T>C@T.T	T>C	T.T	0	0.0	0.0	0.0	0
Dassie	T>G@A.A	T>G	A.A	0	0.0	0.0	0.0	0
Dassie	T>G@A.C	T>G	A.C	0	0.0	0.0	0.0	1
Dassie	T>G@A.G	T>G	A.G	1	0.0064516129032258064	1.107493299665537e-05	7.145118062358304e-08	1
Dassie	T>G@A.T	T>G	A.T	1	0.0064516129032258064	2.3243381447132928e-05	1.4995729965892212e-07	0
Dassie	T>G@C.A	T>G	C.A	0	0.0	0.0	0.0	1
Dassie	T>G@C.C	T>G	C.C	2	0.012903225806451613	2.0018016214593135e-05	1.291484917070525e-07	2
Dassie	T>G@C.G	T>G	C.G	0	0.0	0.0	0.0	2
Dassie	T>G@C.T	T>G	C.T	1	0.0064516129032258064	1.5235773596404357e-05	9.82953135251894e-08	1
Dassie	T>G@G.A	T>G	G.A	0	0.0	0.0	0.0	1
Dassie	T>G@G.C	T>G	G.C	0	0.0	0.0	0.0	2
Dassie	T>G@G.G	T>G	G.G	0	0.0	0.0	0.0	2
Dassie	T>G@G.T	T>G	G.T	1	0.0064516129032258064	1.0925618390000874e-05	7.04878605806508e-08	1
Dassie	T>G@T.A	T>G	T.A	0	0.0	0.0	0.0	0
Dassie	T>G@T.C	T>G	T.C	1	0.0064516129032258064	1.112309934040021e-05	7.176193122838845e-08	1
Dassie	T>G@T.G	T>G	T.G	0	0.0	0.0	0.0	1
Dassie	T>G@T.T	T>G	T.T	0	0.0	0.0	0.0	0
Suricattae	C>A@A.A	C>A	A.A	8	0.06896551724137931	0.00010343267179520331	8.916609637517527e-07	0
Suricattae	C>A@A.C	C>A	A.C	5	0.04310344827586207	2.8173617098004745e-05	2.4287600946555815e-07	1
Suricattae	C>A@A.G	C>A	A.G	2	0.017241379310344827	1.3239947569807624e-05	1.1413747905006572e-07	1
Suricattae	C>A@A.T	C>A	A.T	1	0.008620689655172414	1.797171252448646e-05	1.5492855624557293e-07	0
Suricattae	C>A@C.A	C>A	C.A	1	0.008620689655172414	6.2471497379320685e-06	5.385473912010404e-08	1
Suricattae	C>A@C.C	C>A	C.C	2	0.017241379310344827	1.3697129081744467e-05	1.1807869898055575e-07	2
Suricattae	C>A@C.G	C>A	C.G	3	0.02586206896551724	9.662987215867914e-06	8.330161392989581e-08	2
Suricattae	C>A@C.T	C>A	C.T	0	0.0	0.0	0.0	1
Suricattae	C>A@G.A	C>A	G.A	1	0.008620689655172414	6.300839901958931e-06	5.431758536171492e-08	1
Suricattae	C>A@G.C	C>A	G.C	1	0.008620689655172414	3.5755148741418766e-06	3.0823404087429974e-08	2
Suricattae	C>A@G.G	C>A	G.G	3	0.02586206896551724	1.002429220143481e-05	8.641631208133457e-08	2
Suricattae	C>A@G.T	C>A	G.T	4	0.034482758620689655	2.7413220025357227e-05	2.363208622875623e-07	1
Suricattae	C>A@T.A	C>A	T.A	1	0.008620689655172414	1.0684103122963342e-05	9.210433726692537e-08	0
Suricattae	C>A@T.C	C>A	T.C	1	0.008620689655172414	9.365663604094668e-06	8.073847934564369e-08	1
Suricattae	C>A@T.G	C>A	T.G	1	0.008620689655172414	4.4356323215656005e-06	3.823820966866897e-08	1
Suricattae	C>A@T.T	C>A	T.T	0	0.0	0.0	0.0	0
Suricattae	C>G@A.A	C>G	A.A	0	0.0	0.0	0.0	0
Suricattae	C>G@A.C	C>G	A.C	2	0.017241379310344827	1.1269446839201897e-05	9.715040378622325e-08	1
Suricattae	C>G@A.G	C>G	A.G	0	0.0	0.0	0.0	1
Suricattae	C>G@A.T	C>G	A.T	1	0.008620689655172414	1.797171252448646e-05	1.5492855624557293e-07	0
Suricattae	C>G@C.A	C>G	C.A	3	0.02586206896551724	1.8741449213796205e-05	1.6156421736031212e-07	1
Suricattae	C>G@C.C	C>G	C.C	0	0.0	0.0	0.0	2
Suricattae	C>G@C.G	C>G	C.G	1	0.008620689655172414	3.220995738622638e-06	2.7767204643298603e-08	2
Suricattae	C>G@C.T	C>G	C.T	1	0.008620689655172414	1.070984877693527e-05	9.232628255978681e-08	1
Suricattae	C>G@G.A	C>G	G.A	1	0.008620689655172414	6.300839901958931e-06	5.431758536171492e-08	1
Suricattae	C>G@G.C	C>G	G.C	1	0.008620689655172414	3.5755148741418766e-06	3.0823404087429974e-08	2
Suricattae	C>G@G.G	C>G	G.G	1	0.008620689655172414	3.3414307338116036e-06	2.8805437360444858e-08	2
Suricattae	C>G@G.T	C>G	G.T	0	0.0	0.0	0.0	1
Suricattae	C>G@T.A	C>G	T.A	1	0.008620689655172414	1.0684103122963342e-05	9.210433726692537e-08	0
Suricattae	C>G@T.C	C>G	T.C	1	0.008620689655172414	9.365663604094668e-06	8.073847934564369e-08	1
Suricattae	C>G@T.G	C>G	T.G	2	0.017241379310344827	8.871264643131201e-06	7.647641933733794e-08	1
Suricattae	C>G@T.T	C>G	T.T	1	0.008620689655172414	1.7543551867511095e-05	1.5123751609923357e-07	0
Suricattae	C>T@A.A	C>T	A.A	2	0.017241379310344827	2.5858167948800828e-05	2.2291524093793817e-07	0
Suricattae	C>T@A.C	C>T	A.C	4	0.034482758620689655	2.2538893678403795e-05	1.943008075724465e-07	1
Suricattae	C>T@A.G	C>T	A.G	2	0.017241379310344827	1.3239947569807624e-05	1.1413747905006572e-07	1
Suricattae	C>T@A.T	C>T	A.T	1	0.008620689655172414	1.797171252448646e-05	1.5492855624557293e-07	0
Suricattae	C>T@C.A	C>T	C.A	3	0.02586206896551724	1.8741449213796205e-05	1.6156421736031212e-07	1
Suricattae	C>T@C.C	C>T	C.C	6	0.05172413793103448	4.10913872452334e-05	3.5423609694166723e-07	2
Suricattae	C>T@C.G	C>T	C.G	6	0.05172413793103448	1.9325974431735827e-05	1.6660322785979162e-07	2
Suricattae	C>T@C.T	C>T	C.T	2	0.017241379310344827	2.141969755387054e-05	1.8465256511957362e-07	1
Suricattae	C>T@G.A	C>T	G.A	2	0.017241379310344827	1.2601679803917862e-05	1.0863517072342984e-07	1
Suricattae	C>T@G.C	C>T	G.C	3	0.02586206896551724	1.0726544622425629e-05	9.24702122622899e-08	2
Suricattae	C>T@G.G	C>T	G.G	3	0.02586206896551724	1.002429220143481e-05	8.641631208133457e-08	2
Suricattae	C>T@G.T	C>T	G.T	4	0.034482758620689655	2.7413220025357227e-05	2.363208622875623e-07	1
Suricattae	C>T@T.A	C>T	T.A	2	0.017241379310344827	2.1368206245926685e-05	1.8420867453385073e-07	0
Suricattae	C>T@T.C	C>T	T.C	1	0.008620689655172414	9.365663604094668e-06	8.073847934564369e-08	1
Suricattae	C>T@T.G	C>T	T.G	2	0.017241379310344827	8.871264643131201e-06	7.647641933733794e-08	1
Suricattae	C>T@T.T	C>T	T.T	1	0.008620689655172414	1.7543551867511095e-05	1.5123751609923357e-07	0
Suricattae	T>A@A.A	T>A	A.A	0	0.0	0.0	0.0	0
Suricattae	T>A@A.C	T>A	A.C	0	0.0	0.0	0.0	1
Suricattae	T>A@A.G	T>A	A.G	1	0.008620689655172414	1.107493299665537e-05	9.547356031599457e-08	1
Suricattae	T>A@A.T	T>A	A.T	0	0.0	0.0	0.0	0
Suricattae	T>A@C.A	T>A	C.A	0	0.0	0.0	0.0	1
Suricattae	T>A@C.C	T>A	C.C	0	0.0	0.0	0.0	2
Suricattae	T>A@C.G	T>A	C.G	0	0.0	0.0	0.0	2
Suricattae	T>A@C.T	T>A	C.T	0	0.0	0.0	0.0	1
Suricattae	T>A@G.A	T>A	G.A	0	0.0	0.0	0.0	1
Suricattae	T>A@G.C	T>A	G.C	0	0.0	0.0	0.0	2
Suricattae	T>A@G.G	T>A	G.G	0	0.0	0.0	0.0	2
Suricattae	T>A@G.T	T>A	G.T	0	0.0	0.0	0.0	1
Suricattae	T>A@T.A	T>A	T.A	0	0.0	0.0	0.0	0
Suricattae	T>A@T.C	T>A	T.C	0	0.0	0.0	0.0	1
Suricattae	T>A@T.G	T>A	T.G	0	0.0	0.0	0.0	1
Suricattae	T>A@T.T	T>A	T.T	1	0.008620689655172414	2.5197167838334972e-05	2.1721696412357735e-07	0
Suricattae	T>C@A.A	T>C	A.A	1	0.008620689655172414	3.592728317884602e-05	3.0971795843832775e-07	0
Suricattae	T>C@A.C	T>C	A.C	1	0.008620689655172414	7.72767667400796e-06	6.661790236213759e-08	1
Suricattae	T>C@A.G	T>C	A.G	1	0.008620689655172414	1.107493299665537e-05	9.547356031599457e-08	1
Suricattae	T>C@A.T	T>C	A.T	0	0.0	0.0	0.0	0
Suricattae	T>C@C.A	T>C	C.A	1	0.008620689655172414	2.739275735495535e-05	2.3614445995651164e-07	1
Suricattae	T>C@C.C	T>C	C.C	2	0.017241379310344827	2.0018016214593135e-05	1.725691052982167e-07	2
Suricattae	T>C@C.G	T>C	C.G	2	0.017241379310344827	1.334320730674032e-05	1.1502764919603725e-07	2
Suricattae	T>C@C.T	T>C	C.T	0	0.0	0.0	0.0	1
Suricattae	T>C@G.A	T>C	G.A	2	0.017241379310344827	3.909151323247723e-05	3.3699580372825196e-07	1
Suricattae	T>C@G.C	T>C	G.C	0	0.0	0.0	0.0	2
Suricattae	T>C@G.G	T>C	G.G	1	0.008620689655172414	6.442136727909913e-06	5.553566144749925e-08	2
Suricattae	T>C@G.T	T>C	G.T	0	0.0	0.0	0.0	1
Suricattae	T>C@T.A	T>C	T.A	2	0.017241379310344827	0.00012519561815336463	1.0792725702876261e-06	0
Suricattae	T>C@T.C	T>C	T.C	2	0.017241379310344827	2.224619868080042e-05	1.9177757483448638e-07	1
Suricattae	T>C@T.G	T>C	T.G	1	0.008620689655172414	1.0601643254704479e-05	9.13934763336593e-08	1
Suricattae	T>C@T.T	T>C	T.T	0	0.0	0.0	0.0	0
Suricattae	T>G@A.A	T>G	A.A	0	0.0	0.0	0.0	0
Suricattae	T>G@A.C	T>G	A.C	2	0.017241379310344827	1.545535334801592e-05	1.3323580472427518e-07	1
Suricattae	T>G@A.G	T>G	A.G	0	0.0	0.0	0.0	1
Suricattae	T>G@A.T	T>G	A.T	0	0.0	0.0	0.0	0
Suricattae	T>G@C.A	T>G	C.A	0	0.0	0.0	0.0	1
Suricattae	T>G@C.C	T>G	C.C	1	0.008620689655172414	1.0009008107296568e-05	8.628455264910834e-08	2
Suricattae	T>G@C.G	T>G	C.G	1	0.008620689655172414	6.67160365337016e-06	5.7513824598018626e-08	2
Suricattae	T>G@C.T	T>G	C.T	0	0.0	0.0	0.0	1
Suricattae	T>G@G.A	T>G	G.A	0	0.0	0.0	0.0	1
Suricattae	T>G@G.C	T>G	G.C	0	0.0	0.0	0.0	2
Suricattae	T>G@G.G	T>G	G.G	0	0.0	0.0	0.0	2
Suricattae	T>G@G.T	T>G	G.T	0	0.0	0.0	0.0	1
Suricattae	T>G@T.A	T>G	T.A	0	0.0	0.0	0.0	0
Suricattae	T>G@T.C	T>G	T.C	0	0.0	0.0	0.0	1
Suricattae	T>G@T.G	T>G	T.G	0	0.0	0.0	0.0	1
Suricattae	T>G@T.T	T>G	T.T	0	0.0	0.0	0.0	0
